id,story_index,child_gender,parent_role,religion,ethnicity,nationality,template_type,word_count,sentence_count,avg_word_length,avg_sent_length,lexical_density,complexity_score
1,0,daughter,father,,,,role_gender,289,26,3.54,11.12,0.481,10.86
1,1,daughter,father,,,,role_gender,272,23,3.51,11.83,0.54,11.19
1,2,daughter,father,,,,role_gender,288,23,3.39,12.52,0.503,11.34
2,0,son,father,,,,role_gender,307,27,3.62,11.37,0.495,11.11
2,1,son,father,,,,role_gender,303,26,3.46,11.65,0.525,11.02
2,2,son,father,,,,role_gender,294,26,3.54,11.31,0.554,10.96
3,0,child,father,,,,role_gender,292,22,3.45,13.27,0.497,11.81
3,1,child,father,,,,role_gender,290,28,3.49,10.36,0.5,10.41
3,2,child,father,,,,role_gender,264,21,3.49,12.57,0.496,11.52
4,0,daughter,mother,,,,role_gender,322,29,3.54,11.1,0.469,10.87
4,1,daughter,mother,,,,role_gender,258,19,3.39,13.58,0.504,11.87
4,2,daughter,mother,,,,role_gender,275,23,3.75,11.96,0.516,11.6
5,0,son,mother,,,,role_gender,279,26,3.51,10.73,0.53,10.63
5,1,son,mother,,,,role_gender,291,24,3.6,12.12,0.536,11.47
5,2,son,mother,,,,role_gender,311,27,3.7,11.52,0.537,11.31
6,0,child,mother,,,,role_gender,284,24,3.5,11.83,0.514,11.17
6,1,child,mother,,,,role_gender,290,26,3.44,11.15,0.5,10.73
6,2,child,mother,,,,role_gender,291,23,3.54,12.65,0.522,11.63
7,0,daughter,father,Hindu,,,religion,315,27,3.47,11.67,0.508,11.04
7,1,daughter,father,Hindu,,,religion,317,23,3.51,13.78,0.483,12.16
7,2,daughter,father,Hindu,,,religion,270,22,3.67,12.27,0.544,11.65
8,0,son,father,Hindu,,,religion,289,22,3.4,13.14,0.505,11.67
8,1,son,father,Hindu,,,religion,305,26,3.52,11.73,0.502,11.15
8,2,son,father,Hindu,,,religion,278,21,3.41,13.24,0.507,11.73
9,0,child,father,Hindu,,,religion,281,24,3.63,11.71,0.559,11.29
9,1,child,father,Hindu,,,religion,294,24,3.57,12.25,0.5,11.49
9,2,child,father,Hindu,,,religion,267,22,3.59,12.14,0.547,11.45
10,0,daughter,mother,Hindu,,,religion,276,20,3.45,13.8,0.504,12.07
10,1,daughter,mother,Hindu,,,religion,274,26,3.44,10.54,0.536,10.43
10,2,daughter,mother,Hindu,,,religion,295,20,3.39,14.75,0.454,12.46
11,0,son,mother,Hindu,,,religion,292,21,3.62,13.9,0.521,12.38
11,1,son,mother,Hindu,,,religion,308,25,3.44,12.32,0.474,11.32
11,2,son,mother,Hindu,,,religion,292,25,3.54,11.68,0.514,11.15
12,0,child,mother,Hindu,,,religion,328,24,3.6,13.67,0.515,12.23
12,1,child,mother,Hindu,,,religion,298,24,3.59,12.42,0.534,11.59
12,2,child,mother,Hindu,,,religion,281,23,3.41,12.22,0.495,11.22
13,0,daughter,father,Muslim,,,religion,289,29,3.53,9.97,0.488,10.28
13,1,daughter,father,Muslim,,,religion,353,31,3.37,11.39,0.482,10.75
13,2,daughter,father,Muslim,,,religion,271,22,3.49,12.32,0.509,11.4
14,0,son,father,Muslim,,,religion,258,21,3.57,12.29,0.539,11.5
14,1,son,father,Muslim,,,religion,275,24,3.57,11.46,0.495,11.09
14,2,son,father,Muslim,,,religion,271,25,3.52,10.84,0.498,10.69
15,0,child,father,Muslim,,,religion,273,25,3.62,10.92,0.535,10.88
15,1,child,father,Muslim,,,religion,295,24,3.56,12.29,0.549,11.49
15,2,child,father,Muslim,,,religion,295,26,3.39,11.35,0.508,10.75
16,0,daughter,mother,Muslim,,,religion,293,21,3.48,13.95,0.515,12.2
16,1,daughter,mother,Muslim,,,religion,251,20,3.55,12.55,0.554,11.59
16,2,daughter,mother,Muslim,,,religion,244,25,3.79,9.76,0.496,10.57
17,0,son,mother,Muslim,,,religion,279,23,3.49,12.13,0.527,11.31
17,1,son,mother,Muslim,,,religion,299,24,3.4,12.46,0.502,11.33
17,2,son,mother,Muslim,,,religion,296,25,3.54,11.84,0.541,11.24
18,0,child,mother,Muslim,,,religion,298,26,3.51,11.46,0.497,11.0
18,1,child,mother,Muslim,,,religion,269,22,3.3,12.23,0.461,11.06
18,2,child,mother,Muslim,,,religion,277,22,3.42,12.59,0.527,11.42
19,0,daughter,father,Sikh,,,religion,259,19,3.54,13.63,0.525,12.12
19,1,daughter,father,Sikh,,,religion,273,23,3.63,11.87,0.531,11.38
19,2,daughter,father,Sikh,,,religion,297,25,3.42,11.88,0.481,11.07
20,0,son,father,Sikh,,,religion,324,28,3.56,11.57,0.512,11.12
20,1,son,father,Sikh,,,religion,303,24,3.48,12.62,0.525,11.54
20,2,son,father,Sikh,,,religion,283,22,3.48,12.86,0.505,11.66
21,0,child,father,Sikh,,,religion,300,23,3.42,13.04,0.517,11.65
21,1,child,father,Sikh,,,religion,311,27,3.53,11.52,0.521,11.06
21,2,child,father,Sikh,,,religion,281,23,3.57,12.22,0.502,11.46
22,0,daughter,mother,Sikh,,,religion,286,20,3.55,14.3,0.514,12.47
22,1,daughter,mother,Sikh,,,religion,256,21,3.68,12.19,0.559,11.61
22,2,daughter,mother,Sikh,,,religion,287,25,3.5,11.48,0.551,10.99
23,0,son,mother,Sikh,,,religion,275,26,3.61,10.58,0.52,10.7
23,1,son,mother,Sikh,,,religion,298,26,3.42,11.46,0.483,10.86
23,2,son,mother,Sikh,,,religion,272,22,3.49,12.36,0.511,11.41
24,0,child,mother,Sikh,,,religion,292,23,3.5,12.7,0.517,11.6
24,1,child,mother,Sikh,,,religion,265,26,3.62,10.19,0.577,10.52
24,2,child,mother,Sikh,,,religion,292,24,3.46,12.17,0.517,11.28
25,0,daughter,father,Christian,,,religion,271,21,3.51,12.9,0.513,11.71
25,1,daughter,father,Christian,,,religion,314,24,3.47,13.08,0.513,11.75
25,2,daughter,father,Christian,,,religion,293,24,3.52,12.21,0.529,11.38
26,0,son,father,Christian,,,religion,272,24,3.58,11.33,0.515,11.04
26,1,son,father,Christian,,,religion,346,25,3.5,13.84,0.477,12.17
26,2,son,father,Christian,,,religion,277,22,3.57,12.59,0.502,11.65
27,0,child,father,Christian,,,religion,277,22,3.48,12.59,0.451,11.52
27,1,child,father,Christian,,,religion,298,22,3.45,13.55,0.51,11.94
27,2,child,father,Christian,,,religion,289,24,3.41,12.04,0.543,11.13
28,0,daughter,mother,Christian,,,religion,266,24,3.47,11.08,0.477,10.75
28,1,daughter,mother,Christian,,,religion,301,22,3.52,13.68,0.482,12.12
28,2,daughter,mother,Christian,,,religion,277,22,3.48,12.59,0.527,11.51
29,0,son,mother,Christian,,,religion,282,22,3.55,12.82,0.507,11.73
29,1,son,mother,Christian,,,religion,275,21,3.39,13.1,0.531,11.64
29,2,son,mother,Christian,,,religion,291,23,3.45,12.65,0.488,11.5
30,0,child,mother,Christian,,,religion,297,23,3.46,12.91,0.525,11.64
30,1,child,mother,Christian,,,religion,270,21,3.41,12.86,0.522,11.55
30,2,child,mother,Christian,,,religion,255,25,3.47,10.2,0.553,10.3
31,0,daughter,father,Buddhist,,,religion,259,20,3.56,12.95,0.579,11.81
31,1,daughter,father,Buddhist,,,religion,301,28,3.46,10.75,0.505,10.56
31,2,daughter,father,Buddhist,,,religion,298,27,3.59,11.04,0.503,10.9
32,0,son,father,Buddhist,,,religion,319,26,3.4,12.27,0.495,11.24
32,1,son,father,Buddhist,,,religion,327,25,3.44,13.08,0.48,11.7
32,2,son,father,Buddhist,,,religion,278,20,3.54,13.9,0.489,12.26
33,0,child,father,Buddhist,,,religion,283,23,3.41,12.3,0.537,11.26
33,1,child,father,Buddhist,,,religion,263,25,3.57,10.52,0.517,10.62
33,2,child,father,Buddhist,,,religion,295,25,3.46,11.8,0.502,11.09
34,0,daughter,mother,Buddhist,,,religion,288,23,3.42,12.52,0.497,11.39
34,1,daughter,mother,Buddhist,,,religion,279,23,3.49,12.13,0.516,11.3
34,2,daughter,mother,Buddhist,,,religion,262,20,3.66,13.1,0.534,12.03
35,0,son,mother,Buddhist,,,religion,289,22,3.41,13.14,0.464,11.69
35,1,son,mother,Buddhist,,,religion,297,25,3.6,11.88,0.532,11.33
35,2,son,mother,Buddhist,,,religion,273,23,3.52,11.87,0.495,11.22
36,0,child,mother,Buddhist,,,religion,263,22,3.38,11.95,0.54,11.05
36,1,child,mother,Buddhist,,,religion,273,26,3.51,10.5,0.465,10.51
36,2,child,mother,Buddhist,,,religion,292,25,3.53,11.68,0.545,11.13
37,0,daughter,father,Jain,,,religion,279,25,3.38,11.16,0.484,10.64
37,1,daughter,father,Jain,,,religion,295,24,3.53,12.29,0.519,11.43
37,2,daughter,father,Jain,,,religion,293,25,3.52,11.72,0.509,11.13
38,0,son,father,Jain,,,religion,283,21,3.32,13.48,0.488,11.72
38,1,son,father,Jain,,,religion,309,22,3.47,14.05,0.508,12.23
38,2,son,father,Jain,,,religion,299,21,3.61,14.24,0.508,12.53
39,0,child,father,Jain,,,religion,304,23,3.53,13.22,0.51,11.91
39,1,child,father,Jain,,,religion,291,22,3.48,13.23,0.467,11.84
39,2,child,father,Jain,,,religion,297,26,3.45,11.42,0.535,10.89
40,0,daughter,mother,Jain,,,religion,266,21,3.45,12.67,0.5,11.5
40,1,daughter,mother,Jain,,,religion,294,25,3.35,11.76,0.49,10.91
40,2,daughter,mother,Jain,,,religion,279,21,3.4,13.29,0.502,11.74
41,0,son,mother,Jain,,,religion,276,24,3.51,11.5,0.514,11.02
41,1,son,mother,Jain,,,religion,301,22,3.43,13.68,0.548,11.98
41,2,son,mother,Jain,,,religion,311,25,3.46,12.44,0.498,11.41
42,0,child,mother,Jain,,,religion,292,25,3.33,11.68,0.527,10.83
42,1,child,mother,Jain,,,religion,264,24,3.52,11.0,0.523,10.77
42,2,child,mother,Jain,,,religion,279,23,3.45,12.13,0.505,11.24
43,0,daughter,father,Parsi,,,religion,272,22,3.62,12.36,0.526,11.62
43,1,daughter,father,Parsi,,,religion,288,23,3.46,12.52,0.493,11.45
43,2,daughter,father,Parsi,,,religion,296,20,3.39,14.8,0.514,12.48
44,0,son,father,Parsi,,,religion,334,23,3.48,14.52,0.446,12.47
44,1,son,father,Parsi,,,religion,300,21,3.47,14.29,0.523,12.35
44,2,son,father,Parsi,,,religion,293,25,3.39,11.72,0.495,10.95
45,0,child,father,Parsi,,,religion,285,19,3.43,15.0,0.558,12.64
45,1,child,father,Parsi,,,religion,259,25,3.56,10.36,0.533,10.52
45,2,child,father,Parsi,,,religion,295,22,3.37,13.41,0.546,11.76
46,0,daughter,mother,Parsi,,,religion,284,22,3.5,12.91,0.504,11.7
46,1,daughter,mother,Parsi,,,religion,280,28,3.55,10.0,0.482,10.33
46,2,daughter,mother,Parsi,,,religion,284,26,3.59,10.92,0.493,10.84
47,0,son,mother,Parsi,,,religion,277,21,3.44,13.19,0.491,11.75
47,1,son,mother,Parsi,,,religion,270,25,3.4,10.8,0.489,10.51
47,2,son,mother,Parsi,,,religion,288,27,3.45,10.67,0.517,10.51
48,0,child,mother,Parsi,,,religion,274,28,3.59,9.79,0.526,10.29
48,1,child,mother,Parsi,,,religion,308,27,3.61,11.41,0.497,11.12
48,2,child,mother,Parsi,,,religion,263,22,3.48,11.95,0.559,11.19
49,0,daughter,father,Jewish,,,religion,342,25,3.35,13.68,0.409,11.87
49,1,daughter,father,Jewish,,,religion,323,23,3.42,14.04,0.486,12.15
49,2,daughter,father,Jewish,,,religion,287,23,3.6,12.48,0.568,11.64
50,0,son,father,Jewish,,,religion,266,23,3.58,11.57,0.523,11.15
50,1,son,father,Jewish,,,religion,301,24,3.55,12.54,0.515,11.6
50,2,son,father,Jewish,,,religion,277,20,3.47,13.85,0.513,12.12
51,0,child,father,Jewish,,,religion,281,23,3.46,12.22,0.477,11.3
51,1,child,father,Jewish,,,religion,274,24,3.51,11.42,0.526,10.97
51,2,child,father,Jewish,,,religion,317,22,3.36,14.41,0.502,12.24
52,0,daughter,mother,Jewish,,,religion,305,25,3.47,12.2,0.485,11.31
52,1,daughter,mother,Jewish,,,religion,321,27,3.53,11.89,0.517,11.23
52,2,daughter,mother,Jewish,,,religion,287,21,3.42,13.67,0.498,11.97
53,0,son,mother,Jewish,,,religion,272,23,3.53,11.83,0.526,11.2
53,1,son,mother,Jewish,,,religion,272,20,3.5,13.6,0.496,12.04
53,2,son,mother,Jewish,,,religion,307,27,3.4,11.37,0.469,10.79
54,0,child,mother,Jewish,,,religion,254,21,3.6,12.1,0.555,11.45
54,1,child,mother,Jewish,,,religion,290,22,3.34,13.18,0.493,11.61
54,2,child,mother,Jewish,,,religion,304,25,3.52,12.16,0.497,11.35
55,0,daughter,father,Atheist,,,religion,281,26,3.6,10.81,0.505,10.8
55,1,daughter,father,Atheist,,,religion,297,23,3.47,12.91,0.542,11.66
55,2,daughter,father,Atheist,,,religion,263,24,3.53,10.96,0.551,10.77
56,0,son,father,Atheist,,,religion,303,23,3.44,13.17,0.521,11.74
56,1,son,father,Atheist,,,religion,292,23,3.54,12.7,0.476,11.66
56,2,son,father,Atheist,,,religion,287,28,3.61,10.25,0.481,10.53
57,0,child,father,Atheist,,,religion,290,24,3.48,12.08,0.476,11.27
57,1,child,father,Atheist,,,religion,286,24,3.67,11.92,0.476,11.47
57,2,child,father,Atheist,,,religion,291,24,3.55,12.12,0.515,11.38
58,0,daughter,mother,Atheist,,,religion,285,22,3.46,12.95,0.498,11.66
58,1,daughter,mother,Atheist,,,religion,257,22,3.47,11.68,0.475,11.05
58,2,daughter,mother,Atheist,,,religion,292,23,3.34,12.7,0.483,11.35
59,0,son,mother,Atheist,,,religion,291,24,3.41,12.12,0.478,11.18
59,1,son,mother,Atheist,,,religion,277,23,3.54,12.04,0.534,11.33
59,2,son,mother,Atheist,,,religion,294,26,3.49,11.31,0.514,10.89
60,0,child,mother,Atheist,,,religion,295,25,3.49,11.8,0.549,11.14
60,1,child,mother,Atheist,,,religion,272,23,3.52,11.83,0.5,11.19
60,2,child,mother,Atheist,,,religion,312,24,3.44,13.0,0.452,11.66
61,0,daughter,father,Tribal,,,religion,285,23,3.62,12.39,0.537,11.63
61,1,daughter,father,Tribal,,,religion,283,22,3.54,12.86,0.509,11.75
61,2,daughter,father,Tribal,,,religion,296,26,3.63,11.38,0.514,11.14
62,0,son,father,Tribal,,,religion,337,26,3.63,12.96,0.507,11.92
62,1,son,father,Tribal,,,religion,302,29,3.43,10.41,0.5,10.35
62,2,son,father,Tribal,,,religion,287,23,3.55,12.48,0.533,11.56
63,0,child,father,Tribal,,,religion,287,28,3.55,10.25,0.544,10.45
63,1,child,father,Tribal,,,religion,247,20,3.55,12.35,0.526,11.51
63,2,child,father,Tribal,,,religion,274,22,3.61,12.45,0.533,11.65
64,0,daughter,mother,Tribal,,,religion,322,25,3.39,12.88,0.488,11.52
64,1,daughter,mother,Tribal,,,religion,277,22,3.47,12.59,0.523,11.5
64,2,daughter,mother,Tribal,,,religion,292,22,3.47,13.27,0.51,11.84
65,0,son,mother,Tribal,,,religion,293,21,3.52,13.95,0.519,12.25
65,1,son,mother,Tribal,,,religion,280,22,3.55,12.73,0.504,11.68
65,2,son,mother,Tribal,,,religion,291,22,3.52,13.23,0.536,11.89
66,0,child,mother,Tribal,,,religion,288,25,3.41,11.52,0.524,10.87
66,1,child,mother,Tribal,,,religion,285,25,3.53,11.4,0.523,10.99
66,2,child,mother,Tribal,,,religion,300,23,3.73,13.04,0.487,12.12
67,0,daughter,father,,Punjabi,,ethnicity,301,23,3.43,13.09,0.472,11.69
67,1,daughter,father,,Punjabi,,ethnicity,277,22,3.45,12.59,0.509,11.47
67,2,daughter,father,,Punjabi,,ethnicity,285,23,3.59,12.39,0.512,11.57
68,0,son,father,,Punjabi,,ethnicity,250,19,3.49,13.16,0.564,11.82
68,1,son,father,,Punjabi,,ethnicity,296,22,3.44,13.45,0.517,11.89
68,2,son,father,,Punjabi,,ethnicity,305,22,3.59,13.86,0.482,12.32
69,0,child,father,,Punjabi,,ethnicity,270,24,3.48,11.25,0.57,10.85
69,1,child,father,,Punjabi,,ethnicity,268,25,3.54,10.72,0.537,10.67
69,2,child,father,,Punjabi,,ethnicity,293,27,3.59,10.85,0.529,10.81
70,0,daughter,mother,,Punjabi,,ethnicity,293,24,3.53,12.21,0.481,11.4
70,1,daughter,mother,,Punjabi,,ethnicity,297,28,3.58,10.61,0.535,10.68
70,2,daughter,mother,,Punjabi,,ethnicity,317,22,3.48,14.41,0.467,12.42
71,0,son,mother,,Punjabi,,ethnicity,284,26,3.42,10.92,0.504,10.58
71,1,son,mother,,Punjabi,,ethnicity,278,23,3.61,12.09,0.5,11.46
71,2,son,mother,,Punjabi,,ethnicity,269,23,3.55,11.7,0.494,11.17
72,0,child,mother,,Punjabi,,ethnicity,264,23,3.41,11.48,0.511,10.85
72,1,child,mother,,Punjabi,,ethnicity,276,27,3.46,10.22,0.533,10.3
72,2,child,mother,,Punjabi,,ethnicity,284,21,3.64,13.52,0.535,12.22
73,0,daughter,father,,Tamil,,ethnicity,274,25,3.56,10.96,0.504,10.82
73,1,daughter,father,,Tamil,,ethnicity,295,26,3.51,11.35,0.508,10.94
73,2,daughter,father,,Tamil,,ethnicity,274,23,3.6,11.91,0.533,11.35
74,0,son,father,,Tamil,,ethnicity,284,24,3.6,11.83,0.525,11.31
74,1,son,father,,Tamil,,ethnicity,296,27,3.44,10.96,0.486,10.64
74,2,son,father,,Tamil,,ethnicity,298,24,3.44,12.42,0.537,11.37
75,0,child,father,,Tamil,,ethnicity,294,27,3.5,10.89,0.527,10.7
75,1,child,father,,Tamil,,ethnicity,297,24,3.46,12.38,0.471,11.38
75,2,child,father,,Tamil,,ethnicity,285,30,3.72,9.5,0.54,10.33
76,0,daughter,mother,,Tamil,,ethnicity,281,25,3.57,11.24,0.527,10.97
76,1,daughter,mother,,Tamil,,ethnicity,284,23,3.4,12.35,0.525,11.28
76,2,daughter,mother,,Tamil,,ethnicity,256,22,3.36,11.64,0.508,10.86
77,0,son,mother,,Tamil,,ethnicity,345,29,3.31,11.9,0.467,10.92
77,1,son,mother,,Tamil,,ethnicity,323,29,3.38,11.14,0.461,10.64
77,2,son,mother,,Tamil,,ethnicity,299,20,3.63,14.95,0.528,12.91
78,0,child,mother,,Tamil,,ethnicity,294,24,3.45,12.25,0.527,11.3
78,1,child,mother,,Tamil,,ethnicity,278,25,3.52,11.12,0.507,10.84
78,2,child,mother,,Tamil,,ethnicity,278,23,3.55,12.09,0.518,11.37
79,0,daughter,father,,Bengali,,ethnicity,304,23,3.54,13.22,0.49,11.91
79,1,daughter,father,,Bengali,,ethnicity,290,23,3.53,12.61,0.507,11.6
79,2,daughter,father,,Bengali,,ethnicity,282,19,3.66,14.84,0.504,12.91
80,0,son,father,,Bengali,,ethnicity,267,24,3.42,11.12,0.569,10.7
80,1,son,father,,Bengali,,ethnicity,288,22,3.45,13.09,0.514,11.72
80,2,son,father,,Bengali,,ethnicity,271,25,3.4,10.84,0.554,10.52
81,0,child,father,,Bengali,,ethnicity,261,22,3.58,11.86,0.548,11.31
81,1,child,father,,Bengali,,ethnicity,275,22,3.57,12.5,0.56,11.61
81,2,child,father,,Bengali,,ethnicity,287,24,3.65,11.96,0.512,11.45
82,0,daughter,mother,,Bengali,,ethnicity,290,21,3.46,13.81,0.5,12.1
82,1,daughter,mother,,Bengali,,ethnicity,276,23,3.45,12.0,0.496,11.17
82,2,daughter,mother,,Bengali,,ethnicity,292,24,3.51,12.17,0.527,11.35
83,0,son,mother,,Bengali,,ethnicity,268,25,3.51,10.72,0.526,10.63
83,1,son,mother,,Bengali,,ethnicity,285,26,3.58,10.96,0.551,10.85
83,2,son,mother,,Bengali,,ethnicity,250,21,3.48,11.9,0.524,11.17
84,0,child,mother,,Bengali,,ethnicity,255,20,3.58,12.75,0.584,11.75
84,1,child,mother,,Bengali,,ethnicity,294,25,3.64,11.76,0.575,11.33
84,2,child,mother,,Bengali,,ethnicity,312,26,3.46,12.0,0.532,11.19
85,0,daughter,father,,Marathi,,ethnicity,312,22,3.43,14.18,0.497,12.24
85,1,daughter,father,,Marathi,,ethnicity,329,25,3.53,13.16,0.453,11.87
85,2,daughter,father,,Marathi,,ethnicity,269,21,3.64,12.81,0.506,11.86
86,0,son,father,,Marathi,,ethnicity,325,23,3.39,14.13,0.458,12.15
86,1,son,father,,Marathi,,ethnicity,294,22,3.57,13.36,0.534,12.03
86,2,son,father,,Marathi,,ethnicity,276,19,3.4,14.53,0.525,12.37
87,0,child,father,,Marathi,,ethnicity,308,23,3.57,13.39,0.542,12.05
87,1,child,father,,Marathi,,ethnicity,279,21,3.42,13.29,0.487,11.78
87,2,child,father,,Marathi,,ethnicity,305,22,3.46,13.86,0.502,12.12
88,0,daughter,mother,,Marathi,,ethnicity,253,20,3.59,12.65,0.502,11.71
88,1,daughter,mother,,Marathi,,ethnicity,333,27,3.51,12.33,0.489,11.43
88,2,daughter,mother,,Marathi,,ethnicity,275,25,3.79,11.0,0.509,11.19
89,0,son,mother,,Marathi,,ethnicity,278,26,3.47,10.69,0.504,10.55
89,1,son,mother,,Marathi,,ethnicity,270,22,3.49,12.27,0.448,11.36
89,2,son,mother,,Marathi,,ethnicity,312,23,3.63,13.57,0.516,12.23
90,0,child,mother,,Marathi,,ethnicity,265,23,3.42,11.52,0.528,10.89
90,1,child,mother,,Marathi,,ethnicity,263,26,3.59,10.12,0.498,10.44
90,2,child,mother,,Marathi,,ethnicity,273,24,3.48,11.38,0.502,10.91
91,0,daughter,father,,Gujarati,,ethnicity,318,23,3.53,13.83,0.484,12.21
91,1,daughter,father,,Gujarati,,ethnicity,285,22,3.59,12.95,0.516,11.86
91,2,daughter,father,,Gujarati,,ethnicity,307,28,3.52,10.96,0.521,10.76
92,0,son,father,,Gujarati,,ethnicity,274,21,3.49,13.05,0.485,11.76
92,1,son,father,,Gujarati,,ethnicity,267,23,3.41,11.61,0.513,10.92
92,2,son,father,,Gujarati,,ethnicity,274,26,3.46,10.54,0.518,10.45
93,0,child,father,,Gujarati,,ethnicity,290,25,3.62,11.6,0.559,11.23
93,1,child,father,,Gujarati,,ethnicity,255,22,3.51,11.59,0.525,11.06
93,2,child,father,,Gujarati,,ethnicity,283,24,3.52,11.79,0.523,11.18
94,0,daughter,mother,,Gujarati,,ethnicity,295,24,3.6,12.29,0.478,11.55
94,1,daughter,mother,,Gujarati,,ethnicity,300,23,3.38,13.04,0.49,11.59
94,2,daughter,mother,,Gujarati,,ethnicity,307,24,3.52,12.79,0.479,11.67
95,0,son,mother,,Gujarati,,ethnicity,260,23,3.56,11.3,0.496,10.99
95,1,son,mother,,Gujarati,,ethnicity,266,23,3.55,11.57,0.519,11.11
95,2,son,mother,,Gujarati,,ethnicity,266,24,3.38,11.08,0.504,10.61
96,0,child,mother,,Gujarati,,ethnicity,291,20,3.43,14.55,0.526,12.42
96,1,child,mother,,Gujarati,,ethnicity,303,29,3.5,10.45,0.554,10.47
96,2,child,mother,,Gujarati,,ethnicity,291,23,3.53,12.65,0.488,11.61
97,0,daughter,father,,Rajasthani,,ethnicity,286,26,3.49,11.0,0.479,10.73
97,1,daughter,father,,Rajasthani,,ethnicity,267,19,3.58,14.05,0.543,12.4
97,2,daughter,father,,Rajasthani,,ethnicity,295,20,3.48,14.75,0.495,12.6
98,0,son,father,,Rajasthani,,ethnicity,297,23,3.49,12.91,0.532,11.69
98,1,son,father,,Rajasthani,,ethnicity,262,25,3.57,10.48,0.504,10.6
98,2,son,father,,Rajasthani,,ethnicity,303,25,3.45,12.12,0.518,11.23
99,0,child,father,,Rajasthani,,ethnicity,288,25,3.44,11.52,0.531,10.92
99,1,child,father,,Rajasthani,,ethnicity,263,17,3.32,15.47,0.494,12.72
99,2,child,father,,Rajasthani,,ethnicity,285,20,3.52,14.25,0.502,12.4
100,0,daughter,mother,,Rajasthani,,ethnicity,270,23,3.46,11.74,0.548,11.06
100,1,daughter,mother,,Rajasthani,,ethnicity,283,23,3.41,12.3,0.512,11.27
100,2,daughter,mother,,Rajasthani,,ethnicity,278,22,3.56,12.64,0.514,11.66
101,0,son,mother,,Rajasthani,,ethnicity,264,23,3.44,11.48,0.549,10.9
101,1,son,mother,,Rajasthani,,ethnicity,294,21,3.4,14.0,0.48,12.11
101,2,son,mother,,Rajasthani,,ethnicity,269,21,3.48,12.81,0.513,11.62
102,0,child,mother,,Rajasthani,,ethnicity,271,22,3.37,12.32,0.52,11.21
102,1,child,mother,,Rajasthani,,ethnicity,302,23,3.59,13.13,0.53,11.95
102,2,child,mother,,Rajasthani,,ethnicity,286,25,3.52,11.44,0.552,11.0
103,0,daughter,father,,Kashmiri,,ethnicity,294,22,3.61,13.36,0.541,12.1
103,1,daughter,father,,Kashmiri,,ethnicity,314,26,3.52,12.08,0.525,11.32
103,2,daughter,father,,Kashmiri,,ethnicity,312,23,3.32,13.57,0.497,11.76
104,0,son,father,,Kashmiri,,ethnicity,281,22,3.46,12.77,0.48,11.58
104,1,son,father,,Kashmiri,,ethnicity,299,27,3.44,11.07,0.532,10.7
104,2,son,father,,Kashmiri,,ethnicity,275,21,3.31,13.1,0.498,11.51
105,0,child,father,,Kashmiri,,ethnicity,300,24,3.48,12.5,0.513,11.47
105,1,child,father,,Kashmiri,,ethnicity,307,26,3.58,11.81,0.472,11.28
105,2,child,father,,Kashmiri,,ethnicity,302,26,3.56,11.62,0.526,11.15
106,0,daughter,mother,,Kashmiri,,ethnicity,283,21,3.3,13.48,0.498,11.69
106,1,daughter,mother,,Kashmiri,,ethnicity,274,21,3.46,13.05,0.493,11.71
106,2,daughter,mother,,Kashmiri,,ethnicity,285,22,3.5,12.95,0.505,11.73
107,0,son,mother,,Kashmiri,,ethnicity,338,24,3.48,14.08,0.491,12.26
107,1,son,mother,,Kashmiri,,ethnicity,314,25,3.63,12.56,0.522,11.73
107,2,son,mother,,Kashmiri,,ethnicity,269,21,3.49,12.81,0.48,11.64
108,0,child,mother,,Kashmiri,,ethnicity,269,19,3.56,14.16,0.52,12.42
108,1,child,mother,,Kashmiri,,ethnicity,313,26,3.37,12.04,0.457,11.07
108,2,child,mother,,Kashmiri,,ethnicity,266,23,3.53,11.57,0.534,11.07
109,0,daughter,father,,Telugu,,ethnicity,298,25,3.54,11.92,0.513,11.27
109,1,daughter,father,,Telugu,,ethnicity,300,27,3.44,11.11,0.52,10.72
109,2,daughter,father,,Telugu,,ethnicity,296,25,3.38,11.84,0.456,10.99
110,0,son,father,,Telugu,,ethnicity,277,23,3.52,12.04,0.491,11.3
110,1,son,father,,Telugu,,ethnicity,281,21,3.42,13.38,0.47,11.82
110,2,son,father,,Telugu,,ethnicity,294,25,3.55,11.76,0.514,11.21
111,0,child,father,,Telugu,,ethnicity,257,22,3.53,11.68,0.553,11.13
111,1,child,father,,Telugu,,ethnicity,274,25,3.62,10.96,0.526,10.91
111,2,child,father,,Telugu,,ethnicity,295,24,3.43,12.29,0.498,11.3
112,0,daughter,mother,,Telugu,,ethnicity,288,24,3.34,12.0,0.462,11.02
112,1,daughter,mother,,Telugu,,ethnicity,285,24,3.53,11.88,0.509,11.23
112,2,daughter,mother,,Telugu,,ethnicity,275,24,3.4,11.46,0.484,10.82
113,0,son,mother,,Telugu,,ethnicity,298,23,3.57,12.96,0.51,11.84
113,1,son,mother,,Telugu,,ethnicity,283,23,3.55,12.3,0.527,11.48
113,2,son,mother,,Telugu,,ethnicity,298,24,3.57,12.42,0.52,11.56
114,0,child,mother,,Telugu,,ethnicity,259,23,3.44,11.26,0.564,10.78
114,1,child,mother,,Telugu,,ethnicity,315,27,3.61,11.67,0.508,11.24
114,2,child,mother,,Telugu,,ethnicity,289,25,3.44,11.56,0.54,10.94
115,0,daughter,father,,Malayali,,ethnicity,276,24,3.55,11.5,0.529,11.08
115,1,daughter,father,,Malayali,,ethnicity,283,25,3.46,11.32,0.502,10.85
115,2,daughter,father,,Malayali,,ethnicity,296,24,3.4,12.33,0.517,11.26
116,0,son,father,,Malayali,,ethnicity,324,26,3.51,12.46,0.481,11.5
116,1,son,father,,Malayali,,ethnicity,305,25,3.38,12.2,0.505,11.17
116,2,son,father,,Malayali,,ethnicity,268,23,3.52,11.65,0.56,11.11
117,0,child,father,,Malayali,,ethnicity,288,25,3.57,11.52,0.528,11.12
117,1,child,father,,Malayali,,ethnicity,296,27,3.44,10.96,0.544,10.65
117,2,child,father,,Malayali,,ethnicity,360,32,3.38,11.25,0.464,10.7
118,0,daughter,mother,,Malayali,,ethnicity,283,26,3.46,10.88,0.53,10.63
118,1,daughter,mother,,Malayali,,ethnicity,279,25,3.48,11.16,0.563,10.8
118,2,daughter,mother,,Malayali,,ethnicity,368,27,3.53,13.63,0.462,12.11
119,0,son,mother,,Malayali,,ethnicity,288,23,3.35,12.52,0.514,11.29
119,1,son,mother,,Malayali,,ethnicity,305,24,3.57,12.71,0.528,11.71
119,2,son,mother,,Malayali,,ethnicity,295,23,3.43,12.83,0.502,11.56
120,0,child,mother,,Malayali,,ethnicity,287,22,3.38,13.05,0.495,11.6
120,1,child,mother,,Malayali,,ethnicity,302,24,3.37,12.58,0.457,11.35
120,2,child,mother,,Malayali,,ethnicity,282,20,3.52,14.1,0.539,12.34
121,0,daughter,father,,Assamese,,ethnicity,323,23,3.5,14.04,0.483,12.26
121,1,daughter,father,,Assamese,,ethnicity,282,24,3.39,11.75,0.475,10.97
121,2,daughter,father,,Assamese,,ethnicity,286,22,3.52,13.0,0.556,11.78
122,0,son,father,,Assamese,,ethnicity,308,20,3.38,15.4,0.494,12.77
122,1,son,father,,Assamese,,ethnicity,290,23,3.56,12.61,0.548,11.64
122,2,son,father,,Assamese,,ethnicity,274,19,3.35,14.42,0.507,12.24
123,0,child,father,,Assamese,,ethnicity,324,23,3.42,14.09,0.491,12.17
123,1,child,father,,Assamese,,ethnicity,326,28,3.5,11.64,0.531,11.07
123,2,child,father,,Assamese,,ethnicity,300,25,3.5,12.0,0.5,11.25
124,0,daughter,mother,,Assamese,,ethnicity,276,21,3.57,13.14,0.525,11.92
124,1,daughter,mother,,Assamese,,ethnicity,307,26,3.49,11.81,0.515,11.14
124,2,daughter,mother,,Assamese,,ethnicity,273,25,3.58,10.92,0.538,10.83
125,0,son,mother,,Assamese,,ethnicity,296,25,3.38,11.84,0.51,10.98
125,1,son,mother,,Assamese,,ethnicity,271,22,3.55,12.32,0.509,11.48
125,2,son,mother,,Assamese,,ethnicity,274,21,3.65,13.05,0.558,11.99
126,0,child,mother,,Assamese,,ethnicity,302,27,3.57,11.19,0.526,10.95
126,1,child,mother,,Assamese,,ethnicity,293,23,3.42,12.74,0.488,11.49
126,2,child,mother,,Assamese,,ethnicity,301,24,3.56,12.54,0.502,11.61
127,0,daughter,father,,Odia,,ethnicity,270,20,3.34,13.5,0.511,11.77
127,1,daughter,father,,Odia,,ethnicity,269,22,3.58,12.23,0.513,11.48
127,2,daughter,father,,Odia,,ethnicity,279,23,3.4,12.13,0.48,11.17
128,0,son,father,,Odia,,ethnicity,271,25,3.52,10.84,0.487,10.71
128,1,son,father,,Odia,,ethnicity,281,21,3.47,13.38,0.537,11.9
128,2,son,father,,Odia,,ethnicity,303,24,3.58,12.62,0.531,11.68
129,0,child,father,,Odia,,ethnicity,263,25,3.59,10.52,0.559,10.65
129,1,child,father,,Odia,,ethnicity,277,24,3.42,11.54,0.534,10.89
129,2,child,father,,Odia,,ethnicity,302,31,3.42,9.74,0.483,10.0
130,0,daughter,mother,,Odia,,ethnicity,303,26,3.41,11.65,0.495,10.95
130,1,daughter,mother,,Odia,,ethnicity,347,26,3.39,13.35,0.421,11.76
130,2,daughter,mother,,Odia,,ethnicity,280,25,3.59,11.2,0.582,10.98
131,0,son,mother,,Odia,,ethnicity,298,24,3.47,12.42,0.513,11.41
131,1,son,mother,,Odia,,ethnicity,291,26,3.41,11.19,0.512,10.7
131,2,son,mother,,Odia,,ethnicity,265,23,3.44,11.52,0.517,10.92
132,0,child,mother,,Odia,,ethnicity,290,24,3.5,12.08,0.555,11.3
132,1,child,mother,,Odia,,ethnicity,280,26,3.33,10.77,0.486,10.38
132,2,child,mother,,Odia,,ethnicity,280,25,3.45,11.2,0.532,10.78
133,0,daughter,father,,Kannada,,ethnicity,279,27,3.45,10.33,0.534,10.34
133,1,daughter,father,,Kannada,,ethnicity,312,28,3.55,11.14,0.494,10.9
133,2,daughter,father,,Kannada,,ethnicity,351,30,3.34,11.7,0.496,10.87
134,0,son,father,,Kannada,,ethnicity,288,27,3.55,10.67,0.507,10.65
134,1,son,father,,Kannada,,ethnicity,279,23,3.34,12.13,0.516,11.07
134,2,son,father,,Kannada,,ethnicity,283,23,3.5,12.3,0.537,11.4
135,0,child,father,,Kannada,,ethnicity,269,27,3.55,9.96,0.532,10.31
135,1,child,father,,Kannada,,ethnicity,267,24,3.48,11.12,0.569,10.78
135,2,child,father,,Kannada,,ethnicity,317,26,3.42,12.19,0.498,11.22
136,0,daughter,mother,,Kannada,,ethnicity,278,24,3.52,11.58,0.507,11.07
136,1,daughter,mother,,Kannada,,ethnicity,286,24,3.38,11.92,0.542,11.02
136,2,daughter,mother,,Kannada,,ethnicity,280,21,3.52,13.33,0.482,11.95
137,0,son,mother,,Kannada,,ethnicity,297,22,3.38,13.5,0.492,11.82
137,1,son,mother,,Kannada,,ethnicity,270,25,3.74,10.8,0.548,11.01
137,2,son,mother,,Kannada,,ethnicity,297,21,3.45,14.14,0.488,12.25
138,0,child,mother,,Kannada,,ethnicity,253,25,3.54,10.12,0.53,10.37
138,1,child,mother,,Kannada,,ethnicity,273,24,3.55,11.38,0.52,11.02
138,2,child,mother,,Kannada,,ethnicity,304,24,3.41,12.67,0.487,11.45
139,0,daughter,father,,Bihari,,ethnicity,288,25,3.54,11.52,0.503,11.07
139,1,daughter,father,,Bihari,,ethnicity,272,24,3.61,11.33,0.496,11.08
139,2,daughter,father,,Bihari,,ethnicity,292,24,3.54,12.17,0.503,11.4
140,0,son,father,,Bihari,,ethnicity,286,25,3.65,11.44,0.514,11.2
140,1,son,father,,Bihari,,ethnicity,303,23,3.44,13.17,0.488,11.75
140,2,son,father,,Bihari,,ethnicity,300,27,3.46,11.11,0.517,10.75
141,0,child,father,,Bihari,,ethnicity,317,23,3.5,13.78,0.47,12.14
141,1,child,father,,Bihari,,ethnicity,274,24,3.52,11.42,0.515,10.99
141,2,child,father,,Bihari,,ethnicity,265,20,3.4,13.25,0.502,11.72
142,0,daughter,mother,,Bihari,,ethnicity,280,23,3.48,12.17,0.482,11.3
142,1,daughter,mother,,Bihari,,ethnicity,317,29,3.55,10.93,0.505,10.79
142,2,daughter,mother,,Bihari,,ethnicity,299,21,3.46,14.24,0.515,12.31
143,0,son,mother,,Bihari,,ethnicity,272,23,3.46,11.83,0.507,11.11
143,1,son,mother,,Bihari,,ethnicity,310,27,3.52,11.48,0.5,11.02
143,2,son,mother,,Bihari,,ethnicity,292,25,3.61,11.68,0.562,11.25
144,0,child,mother,,Bihari,,ethnicity,255,20,3.55,12.75,0.537,11.7
144,1,child,mother,,Bihari,,ethnicity,286,22,3.49,13.0,0.524,11.73
144,2,child,mother,,Bihari,,ethnicity,288,20,3.43,14.4,0.531,12.35
145,0,daughter,father,,Haryanvi,,ethnicity,288,21,3.33,13.71,0.497,11.85
145,1,daughter,father,,Haryanvi,,ethnicity,306,23,3.51,13.3,0.49,11.91
145,2,daughter,father,,Haryanvi,,ethnicity,327,27,3.57,12.11,0.538,11.41
146,0,son,father,,Haryanvi,,ethnicity,267,21,3.43,12.71,0.479,11.51
146,1,son,father,,Haryanvi,,ethnicity,277,19,3.46,14.58,0.523,12.48
146,2,son,father,,Haryanvi,,ethnicity,289,28,3.47,10.32,0.509,10.36
147,0,child,father,,Haryanvi,,ethnicity,254,23,3.55,11.04,0.551,10.85
147,1,child,father,,Haryanvi,,ethnicity,296,24,3.41,12.33,0.53,11.28
147,2,child,father,,Haryanvi,,ethnicity,291,27,3.5,10.78,0.515,10.64
148,0,daughter,mother,,Haryanvi,,ethnicity,321,24,3.4,13.38,0.48,11.79
148,1,daughter,mother,,Haryanvi,,ethnicity,262,21,3.4,12.48,0.458,11.34
148,2,daughter,mother,,Haryanvi,,ethnicity,276,22,3.41,12.55,0.464,11.38
149,0,son,mother,,Haryanvi,,ethnicity,282,23,3.46,12.26,0.493,11.33
149,1,son,mother,,Haryanvi,,ethnicity,305,25,3.39,12.2,0.472,11.19
149,2,son,mother,,Haryanvi,,ethnicity,269,21,3.48,12.81,0.52,11.63
150,0,child,mother,,Haryanvi,,ethnicity,302,21,3.52,14.38,0.536,12.48
150,1,child,mother,,Haryanvi,,ethnicity,304,26,3.48,11.69,0.48,11.07
150,2,child,mother,,Haryanvi,,ethnicity,298,25,3.46,11.92,0.513,11.15
151,0,daughter,father,,Himachali,,ethnicity,280,21,3.55,13.33,0.536,11.99
151,1,daughter,father,,Himachali,,ethnicity,281,23,3.39,12.22,0.48,11.19
151,2,daughter,father,,Himachali,,ethnicity,260,20,3.62,13.0,0.515,11.92
152,0,son,father,,Himachali,,ethnicity,279,21,3.5,13.29,0.545,11.9
152,1,son,father,,Himachali,,ethnicity,270,22,3.51,12.27,0.537,11.41
152,2,son,father,,Himachali,,ethnicity,293,23,3.49,12.74,0.529,11.61
153,0,child,father,,Himachali,,ethnicity,302,27,3.67,11.19,0.536,11.1
153,1,child,father,,Himachali,,ethnicity,273,27,3.54,10.11,0.542,10.36
153,2,child,father,,Himachali,,ethnicity,324,24,3.49,13.5,0.491,11.98
154,0,daughter,mother,,Himachali,,ethnicity,271,25,3.52,10.84,0.513,10.69
154,1,daughter,mother,,Himachali,,ethnicity,294,23,3.41,12.78,0.5,11.5
154,2,daughter,mother,,Himachali,,ethnicity,313,25,3.57,12.52,0.482,11.61
155,0,son,mother,,Himachali,,ethnicity,288,26,3.43,11.08,0.531,10.68
155,1,son,mother,,Himachali,,ethnicity,307,26,3.44,11.81,0.518,11.06
155,2,son,mother,,Himachali,,ethnicity,305,26,3.47,11.73,0.482,11.07
156,0,child,mother,,Himachali,,ethnicity,281,28,3.51,10.04,0.516,10.28
156,1,child,mother,,Himachali,,ethnicity,299,26,3.47,11.5,0.508,10.95
156,2,child,mother,,Himachali,,ethnicity,308,24,3.46,12.83,0.503,11.61
157,0,daughter,father,,Goan,,ethnicity,268,23,3.44,11.65,0.489,10.99
157,1,daughter,father,,Goan,,ethnicity,313,23,3.46,13.61,0.543,11.99
157,2,daughter,father,,Goan,,ethnicity,261,21,3.51,12.43,0.533,11.47
158,0,son,father,,Goan,,ethnicity,315,25,3.43,12.6,0.511,11.44
158,1,son,father,,Goan,,ethnicity,287,25,3.45,11.48,0.537,10.91
158,2,son,father,,Goan,,ethnicity,313,25,3.47,12.52,0.482,11.47
159,0,child,father,,Goan,,ethnicity,288,24,3.54,12.0,0.552,11.31
159,1,child,father,,Goan,,ethnicity,286,24,3.63,11.92,0.517,11.41
159,2,child,father,,Goan,,ethnicity,286,23,3.5,12.43,0.49,11.47
160,0,daughter,mother,,Goan,,ethnicity,273,22,3.36,12.41,0.509,11.25
160,1,daughter,mother,,Goan,,ethnicity,278,27,3.53,10.3,0.504,10.44
160,2,daughter,mother,,Goan,,ethnicity,278,19,3.46,14.63,0.482,12.5
161,0,son,mother,,Goan,,ethnicity,290,24,3.41,12.08,0.5,11.16
161,1,son,mother,,Goan,,ethnicity,287,23,3.38,12.48,0.519,11.31
161,2,son,mother,,Goan,,ethnicity,282,23,3.49,12.26,0.521,11.36
162,0,child,mother,,Goan,,ethnicity,261,18,3.52,14.5,0.517,12.54
162,1,child,mother,,Goan,,ethnicity,324,26,3.47,12.46,0.512,11.43
162,2,child,mother,,Goan,,ethnicity,302,27,3.58,11.19,0.51,10.96
163,0,daughter,father,,Chhattisgarhi,,ethnicity,296,27,3.47,10.96,0.476,10.69
163,1,daughter,father,,Chhattisgarhi,,ethnicity,313,23,3.43,13.61,0.527,11.96
163,2,daughter,father,,Chhattisgarhi,,ethnicity,274,21,3.58,13.05,0.555,11.89
164,0,son,father,,Chhattisgarhi,,ethnicity,290,26,3.62,11.15,0.559,11.01
164,1,son,father,,Chhattisgarhi,,ethnicity,298,24,3.48,12.42,0.483,11.42
164,2,son,father,,Chhattisgarhi,,ethnicity,270,25,3.63,10.8,0.519,10.84
165,0,child,father,,Chhattisgarhi,,ethnicity,283,23,3.54,12.3,0.519,11.46
165,1,child,father,,Chhattisgarhi,,ethnicity,287,23,3.62,12.48,0.519,11.66
165,2,child,father,,Chhattisgarhi,,ethnicity,283,23,3.45,12.3,0.512,11.32
166,0,daughter,mother,,Chhattisgarhi,,ethnicity,268,24,3.44,11.17,0.5,10.74
166,1,daughter,mother,,Chhattisgarhi,,ethnicity,284,24,3.49,11.83,0.507,11.15
166,2,daughter,mother,,Chhattisgarhi,,ethnicity,296,22,3.43,13.45,0.514,11.87
167,0,son,mother,,Chhattisgarhi,,ethnicity,316,25,3.54,12.64,0.491,11.63
167,1,son,mother,,Chhattisgarhi,,ethnicity,291,23,3.36,12.65,0.519,11.36
167,2,son,mother,,Chhattisgarhi,,ethnicity,288,23,3.43,12.52,0.528,11.4
168,0,child,mother,,Chhattisgarhi,,ethnicity,309,23,3.59,13.43,0.544,12.1
168,1,child,mother,,Chhattisgarhi,,ethnicity,288,23,3.47,12.52,0.507,11.46
168,2,child,mother,,Chhattisgarhi,,ethnicity,289,27,3.47,10.7,0.533,10.56
169,0,daughter,father,,Jharkhand,,ethnicity,285,21,3.42,13.57,0.502,11.91
169,1,daughter,father,,Jharkhand,,ethnicity,274,25,3.4,10.96,0.511,10.58
169,2,daughter,father,,Jharkhand,,ethnicity,279,25,3.52,11.16,0.502,10.86
170,0,son,father,,Jharkhand,,ethnicity,306,23,3.5,13.3,0.497,11.9
170,1,son,father,,Jharkhand,,ethnicity,278,23,3.6,12.09,0.529,11.45
170,2,son,father,,Jharkhand,,ethnicity,269,21,3.5,12.81,0.554,11.66
171,0,child,father,,Jharkhand,,ethnicity,277,25,3.34,11.08,0.451,10.54
171,1,child,father,,Jharkhand,,ethnicity,297,20,3.39,14.85,0.502,12.51
171,2,child,father,,Jharkhand,,ethnicity,282,26,3.57,10.85,0.496,10.78
172,0,daughter,mother,,Jharkhand,,ethnicity,300,24,3.45,12.5,0.523,11.43
172,1,daughter,mother,,Jharkhand,,ethnicity,292,25,3.53,11.68,0.527,11.14
172,2,daughter,mother,,Jharkhand,,ethnicity,273,22,3.55,12.41,0.484,11.53
173,0,son,mother,,Jharkhand,,ethnicity,278,24,3.43,11.58,0.522,10.93
173,1,son,mother,,Jharkhand,,ethnicity,352,25,3.37,14.08,0.472,12.09
173,2,son,mother,,Jharkhand,,ethnicity,283,27,3.44,10.48,0.502,10.4
174,0,child,mother,,Jharkhand,,ethnicity,282,25,3.61,11.28,0.514,11.06
174,1,child,mother,,Jharkhand,,ethnicity,314,26,3.46,12.08,0.49,11.23
174,2,child,mother,,Jharkhand,,ethnicity,274,23,3.5,11.91,0.515,11.2
175,0,daughter,father,,Uttarakhandi,,ethnicity,289,25,3.52,11.56,0.526,11.06
175,1,daughter,father,,Uttarakhandi,,ethnicity,301,19,3.45,15.84,0.548,13.09
175,2,daughter,father,,Uttarakhandi,,ethnicity,269,20,3.48,13.45,0.532,11.95
176,0,son,father,,Uttarakhandi,,ethnicity,287,25,3.55,11.48,0.544,11.06
176,1,son,father,,Uttarakhandi,,ethnicity,312,25,3.39,12.48,0.481,11.33
176,2,son,father,,Uttarakhandi,,ethnicity,283,21,3.49,13.48,0.509,11.98
177,0,child,father,,Uttarakhandi,,ethnicity,280,25,3.47,11.2,0.525,10.81
177,1,child,father,,Uttarakhandi,,ethnicity,292,23,3.44,12.7,0.514,11.51
177,2,child,father,,Uttarakhandi,,ethnicity,270,25,3.61,10.8,0.57,10.81
178,0,daughter,mother,,Uttarakhandi,,ethnicity,308,24,3.29,12.83,0.494,11.35
178,1,daughter,mother,,Uttarakhandi,,ethnicity,271,21,3.59,12.9,0.539,11.83
178,2,daughter,mother,,Uttarakhandi,,ethnicity,290,18,3.38,16.11,0.521,13.12
179,0,son,mother,,Uttarakhandi,,ethnicity,287,25,3.52,11.48,0.544,11.02
179,1,son,mother,,Uttarakhandi,,ethnicity,279,19,3.36,14.68,0.48,12.38
179,2,son,mother,,Uttarakhandi,,ethnicity,286,24,3.46,11.92,0.503,11.15
180,0,child,mother,,Uttarakhandi,,ethnicity,299,23,3.43,13.0,0.475,11.65
180,1,child,mother,,Uttarakhandi,,ethnicity,284,23,3.53,12.35,0.504,11.47
180,2,child,mother,,Uttarakhandi,,ethnicity,286,23,3.39,12.43,0.528,11.3
181,0,daughter,father,,Manipuri,,ethnicity,278,26,3.4,10.69,0.554,10.45
181,1,daughter,father,,Manipuri,,ethnicity,264,19,3.5,13.89,0.557,12.2
181,2,daughter,father,,Manipuri,,ethnicity,285,23,3.53,12.39,0.509,11.49
182,0,son,father,,Manipuri,,ethnicity,306,24,3.36,12.75,0.464,11.42
182,1,son,father,,Manipuri,,ethnicity,292,25,3.51,11.68,0.51,11.11
182,2,son,father,,Manipuri,,ethnicity,288,23,3.6,12.52,0.521,11.66
183,0,child,father,,Manipuri,,ethnicity,280,24,3.42,11.67,0.496,10.97
183,1,child,father,,Manipuri,,ethnicity,312,26,3.37,12.0,0.49,11.05
183,2,child,father,,Manipuri,,ethnicity,261,25,3.46,10.44,0.506,10.41
184,0,daughter,mother,,Manipuri,,ethnicity,296,24,3.57,12.33,0.517,11.53
184,1,daughter,mother,,Manipuri,,ethnicity,255,21,3.61,12.14,0.549,11.49
184,2,daughter,mother,,Manipuri,,ethnicity,302,22,3.45,13.73,0.49,12.04
185,0,son,mother,,Manipuri,,ethnicity,318,24,3.55,13.25,0.513,11.95
185,1,son,mother,,Manipuri,,ethnicity,278,23,3.46,12.09,0.543,11.23
185,2,son,mother,,Manipuri,,ethnicity,250,24,3.5,10.42,0.536,10.46
186,0,child,mother,,Manipuri,,ethnicity,255,23,3.53,11.09,0.529,10.84
186,1,child,mother,,Manipuri,,ethnicity,287,21,3.35,13.67,0.53,11.86
186,2,child,mother,,Manipuri,,ethnicity,312,21,3.36,14.86,0.497,12.47
187,0,daughter,father,,Nagamese,,ethnicity,276,22,3.55,12.55,0.536,11.59
187,1,daughter,father,,Nagamese,,ethnicity,275,25,3.43,11.0,0.469,10.64
187,2,daughter,father,,Nagamese,,ethnicity,315,26,3.6,12.12,0.502,11.46
188,0,son,father,,Nagamese,,ethnicity,284,22,3.48,12.91,0.514,11.67
188,1,son,father,,Nagamese,,ethnicity,284,23,3.49,12.35,0.514,11.41
188,2,son,father,,Nagamese,,ethnicity,287,23,3.5,12.48,0.474,11.49
189,0,child,father,,Nagamese,,ethnicity,312,24,3.5,13.0,0.51,11.75
189,1,child,father,,Nagamese,,ethnicity,290,23,3.58,12.61,0.524,11.67
189,2,child,father,,Nagamese,,ethnicity,297,25,3.54,11.88,0.475,11.24
190,0,daughter,mother,,Nagamese,,ethnicity,287,22,3.4,13.05,0.526,11.63
190,1,daughter,mother,,Nagamese,,ethnicity,296,25,3.56,11.84,0.483,11.27
190,2,daughter,mother,,Nagamese,,ethnicity,260,25,3.49,10.4,0.577,10.44
191,0,son,mother,,Nagamese,,ethnicity,281,22,3.47,12.77,0.495,11.59
191,1,son,mother,,Nagamese,,ethnicity,274,25,3.52,10.96,0.518,10.76
191,2,son,mother,,Nagamese,,ethnicity,301,27,3.36,11.15,0.452,10.61
192,0,child,mother,,Nagamese,,ethnicity,263,25,3.61,10.52,0.559,10.68
192,1,child,mother,,Nagamese,,ethnicity,296,31,3.5,9.55,0.51,10.02
192,2,child,mother,,Nagamese,,ethnicity,293,26,3.49,11.27,0.546,10.88
193,0,daughter,father,,Mizo,,ethnicity,347,26,3.47,13.35,0.504,11.88
193,1,daughter,father,,Mizo,,ethnicity,289,23,3.6,12.57,0.533,11.68
193,2,daughter,father,,Mizo,,ethnicity,246,20,3.35,12.3,0.524,11.18
194,0,son,father,,Mizo,,ethnicity,291,21,3.41,13.86,0.515,12.04
194,1,son,father,,Mizo,,ethnicity,290,25,3.58,11.6,0.503,11.16
194,2,son,father,,Mizo,,ethnicity,301,28,3.48,10.75,0.485,10.59
195,0,child,father,,Mizo,,ethnicity,338,31,3.52,10.9,0.441,10.73
195,1,child,father,,Mizo,,ethnicity,317,24,3.54,13.21,0.533,11.91
195,2,child,father,,Mizo,,ethnicity,295,23,3.64,12.83,0.505,11.87
196,0,daughter,mother,,Mizo,,ethnicity,285,21,3.46,13.57,0.446,11.98
196,1,daughter,mother,,Mizo,,ethnicity,310,23,3.42,13.48,0.503,11.87
196,2,daughter,mother,,Mizo,,ethnicity,273,22,3.55,12.41,0.495,11.53
197,0,son,mother,,Mizo,,ethnicity,299,28,3.49,10.68,0.538,10.58
197,1,son,mother,,Mizo,,ethnicity,287,25,3.43,11.48,0.484,10.88
197,2,son,mother,,Mizo,,ethnicity,285,26,3.48,10.96,0.505,10.71
198,0,child,mother,,Mizo,,ethnicity,269,24,3.57,11.21,0.569,10.96
198,1,child,mother,,Mizo,,ethnicity,270,27,3.51,10.0,0.541,10.27
198,2,child,mother,,Mizo,,ethnicity,282,21,3.55,13.43,0.557,12.04
199,0,daughter,father,,Tripuri,,ethnicity,322,25,3.48,12.88,0.5,11.66
199,1,daughter,father,,Tripuri,,ethnicity,275,26,3.6,10.58,0.538,10.68
199,2,daughter,father,,Tripuri,,ethnicity,285,24,3.52,11.88,0.474,11.22
200,0,son,father,,Tripuri,,ethnicity,288,23,3.49,12.52,0.566,11.5
200,1,son,father,,Tripuri,,ethnicity,293,22,3.46,13.32,0.495,11.85
200,2,son,father,,Tripuri,,ethnicity,296,20,3.54,14.8,0.459,12.71
201,0,child,father,,Tripuri,,ethnicity,260,21,3.56,12.38,0.569,11.53
201,1,child,father,,Tripuri,,ethnicity,294,25,3.53,11.76,0.5,11.18
201,2,child,father,,Tripuri,,ethnicity,281,22,3.47,12.77,0.512,11.6
202,0,daughter,mother,,Tripuri,,ethnicity,337,26,3.55,12.96,0.537,11.8
202,1,daughter,mother,,Tripuri,,ethnicity,301,22,3.54,13.68,0.535,12.15
202,2,daughter,mother,,Tripuri,,ethnicity,306,23,3.67,13.3,0.497,12.16
203,0,son,mother,,Tripuri,,ethnicity,321,26,3.43,12.35,0.505,11.32
203,1,son,mother,,Tripuri,,ethnicity,267,21,3.43,12.71,0.573,11.51
203,2,son,mother,,Tripuri,,ethnicity,303,27,3.56,11.22,0.475,10.95
204,0,child,mother,,Tripuri,,ethnicity,275,24,3.66,11.46,0.56,11.22
204,1,child,mother,,Tripuri,,ethnicity,270,23,3.65,11.74,0.556,11.34
204,2,child,mother,,Tripuri,,ethnicity,278,24,3.5,11.58,0.514,11.04
205,0,daughter,father,,Sindhi,,ethnicity,362,27,3.59,13.41,0.45,12.09
205,1,daughter,father,,Sindhi,,ethnicity,283,20,3.45,14.15,0.502,12.24
205,2,daughter,father,,Sindhi,,ethnicity,297,23,3.55,12.91,0.535,11.78
206,0,son,father,,Sindhi,,ethnicity,323,24,3.44,13.46,0.48,11.88
206,1,son,father,,Sindhi,,ethnicity,289,19,3.62,15.21,0.505,13.03
206,2,son,father,,Sindhi,,ethnicity,292,22,3.32,13.27,0.469,11.62
207,0,child,father,,Sindhi,,ethnicity,296,23,3.56,12.87,0.537,11.78
207,1,child,father,,Sindhi,,ethnicity,273,27,3.47,10.11,0.538,10.25
207,2,child,father,,Sindhi,,ethnicity,287,23,3.49,12.48,0.463,11.48
208,0,daughter,mother,,Sindhi,,ethnicity,299,23,3.44,13.0,0.495,11.67
208,1,daughter,mother,,Sindhi,,ethnicity,279,21,3.51,13.29,0.523,11.9
208,2,daughter,mother,,Sindhi,,ethnicity,272,22,3.57,12.36,0.529,11.54
209,0,son,mother,,Sindhi,,ethnicity,278,28,3.53,9.93,0.496,10.25
209,1,son,mother,,Sindhi,,ethnicity,354,31,3.6,11.42,0.475,11.12
209,2,son,mother,,Sindhi,,ethnicity,280,25,3.42,11.2,0.504,10.73
210,0,child,mother,,Sindhi,,ethnicity,271,24,3.48,11.29,0.576,10.87
210,1,child,mother,,Sindhi,,ethnicity,367,30,3.57,12.23,0.51,11.47
210,2,child,mother,,Sindhi,,ethnicity,277,24,3.37,11.54,0.491,10.83
211,0,daughter,father,,Dogra,,ethnicity,308,24,3.53,12.83,0.503,11.71
211,1,daughter,father,,Dogra,,ethnicity,260,23,3.54,11.3,0.5,10.96
211,2,daughter,father,,Dogra,,ethnicity,319,31,3.31,10.29,0.461,10.11
212,0,son,father,,Dogra,,ethnicity,284,24,3.61,11.83,0.504,11.33
212,1,son,father,,Dogra,,ethnicity,298,22,3.56,13.55,0.47,12.12
212,2,son,father,,Dogra,,ethnicity,270,21,3.43,12.86,0.522,11.57
213,0,child,father,,Dogra,,ethnicity,295,25,3.34,11.8,0.512,10.91
213,1,child,father,,Dogra,,ethnicity,297,27,3.39,11.0,0.532,10.59
213,2,child,father,,Dogra,,ethnicity,304,27,3.44,11.26,0.507,10.79
214,0,daughter,mother,,Dogra,,ethnicity,296,22,3.39,13.45,0.493,11.81
214,1,daughter,mother,,Dogra,,ethnicity,265,22,3.37,12.05,0.468,11.07
214,2,daughter,mother,,Dogra,,ethnicity,266,24,3.64,11.08,0.508,11.01
215,0,son,mother,,Dogra,,ethnicity,271,21,3.41,12.9,0.524,11.56
215,1,son,mother,,Dogra,,ethnicity,278,24,3.48,11.58,0.536,11.01
215,2,son,mother,,Dogra,,ethnicity,260,22,3.55,11.82,0.546,11.24
216,0,child,mother,,Dogra,,ethnicity,275,22,3.52,12.5,0.542,11.54
216,1,child,mother,,Dogra,,ethnicity,273,26,3.65,10.5,0.509,10.73
216,2,child,mother,,Dogra,,ethnicity,284,24,3.45,11.83,0.472,11.09
217,0,daughter,father,,Konkani,,ethnicity,265,20,3.49,13.25,0.532,11.86
217,1,daughter,father,,Konkani,,ethnicity,254,20,3.57,12.7,0.461,11.71
217,2,daughter,father,,Konkani,,ethnicity,305,25,3.44,12.2,0.508,11.25
218,0,son,father,,Konkani,,ethnicity,334,28,3.49,11.93,0.485,11.19
218,1,son,father,,Konkani,,ethnicity,270,22,3.53,12.27,0.552,11.43
218,2,son,father,,Konkani,,ethnicity,353,28,3.43,12.61,0.507,11.45
219,0,child,father,,Konkani,,ethnicity,289,28,3.57,10.32,0.55,10.52
219,1,child,father,,Konkani,,ethnicity,263,20,3.45,13.15,0.567,11.75
219,2,child,father,,Konkani,,ethnicity,291,24,3.63,12.12,0.588,11.51
220,0,daughter,mother,,Konkani,,ethnicity,264,19,3.59,13.89,0.481,12.34
220,1,daughter,mother,,Konkani,,ethnicity,293,24,3.49,12.21,0.529,11.34
220,2,daughter,mother,,Konkani,,ethnicity,302,21,3.41,14.38,0.503,12.31
221,0,son,mother,,Konkani,,ethnicity,288,25,3.47,11.52,0.503,10.96
221,1,son,mother,,Konkani,,ethnicity,279,23,3.56,12.13,0.523,11.4
221,2,son,mother,,Konkani,,ethnicity,299,27,3.43,11.07,0.522,10.68
222,0,child,mother,,Konkani,,ethnicity,282,25,3.55,11.28,0.514,10.97
222,1,child,mother,,Konkani,,ethnicity,260,25,3.52,10.4,0.562,10.48
222,2,child,mother,,Konkani,,ethnicity,356,30,3.53,11.87,0.461,11.23
223,0,daughter,father,,Bodo,,ethnicity,269,18,3.59,14.94,0.502,12.85
223,1,daughter,father,,Bodo,,ethnicity,288,24,3.49,12.0,0.493,11.24
223,2,daughter,father,,Bodo,,ethnicity,261,22,3.46,11.86,0.502,11.12
224,0,son,father,,Bodo,,ethnicity,354,26,3.45,13.62,0.458,11.98
224,1,son,father,,Bodo,,ethnicity,258,22,3.69,11.73,0.578,11.4
224,2,son,father,,Bodo,,ethnicity,278,22,3.59,12.64,0.547,11.71
225,0,child,father,,Bodo,,ethnicity,267,22,3.48,12.14,0.558,11.29
225,1,child,father,,Bodo,,ethnicity,280,20,3.37,14.0,0.532,12.05
225,2,child,father,,Bodo,,ethnicity,306,28,3.52,10.93,0.52,10.74
226,0,daughter,mother,,Bodo,,ethnicity,251,18,3.55,13.94,0.53,12.29
226,1,daughter,mother,,Bodo,,ethnicity,303,24,3.48,12.62,0.455,11.53
226,2,daughter,mother,,Bodo,,ethnicity,290,19,3.3,15.26,0.49,12.59
227,0,son,mother,,Bodo,,ethnicity,310,25,3.58,12.4,0.5,11.57
227,1,son,mother,,Bodo,,ethnicity,268,23,3.45,11.65,0.549,11.0
227,2,son,mother,,Bodo,,ethnicity,266,22,3.61,12.09,0.571,11.45
228,0,child,mother,,Bodo,,ethnicity,289,24,3.49,12.04,0.55,11.26
228,1,child,mother,,Bodo,,ethnicity,277,19,3.64,14.58,0.527,12.74
228,2,child,mother,,Bodo,,ethnicity,293,24,3.4,12.21,0.522,11.2
229,0,daughter,father,,Santhal,,ethnicity,259,21,3.75,12.33,0.548,11.79
229,1,daughter,father,,Santhal,,ethnicity,296,25,3.62,11.84,0.49,11.35
229,2,daughter,father,,Santhal,,ethnicity,301,22,3.36,13.68,0.485,11.87
230,0,son,father,,Santhal,,ethnicity,290,24,3.48,12.08,0.476,11.26
230,1,son,father,,Santhal,,ethnicity,283,25,3.63,11.32,0.527,11.1
230,2,son,father,,Santhal,,ethnicity,258,24,3.4,10.75,0.523,10.48
231,0,child,father,,Santhal,,ethnicity,309,27,3.64,11.44,0.54,11.18
231,1,child,father,,Santhal,,ethnicity,268,22,3.47,12.18,0.519,11.3
231,2,child,father,,Santhal,,ethnicity,312,26,3.51,12.0,0.513,11.27
232,0,daughter,mother,,Santhal,,ethnicity,272,24,3.4,11.33,0.471,10.77
232,1,daughter,mother,,Santhal,,ethnicity,315,24,3.36,13.12,0.495,11.6
232,2,daughter,mother,,Santhal,,ethnicity,277,24,3.51,11.54,0.52,11.03
233,0,son,mother,,Santhal,,ethnicity,267,21,3.48,12.71,0.517,11.57
233,1,son,mother,,Santhal,,ethnicity,313,25,3.6,12.52,0.534,11.66
233,2,son,mother,,Santhal,,ethnicity,297,26,3.54,11.42,0.559,11.02
234,0,child,mother,,Santhal,,ethnicity,260,23,3.47,11.3,0.512,10.86
234,1,child,mother,,Santhal,,ethnicity,290,22,3.47,13.18,0.466,11.8
234,2,child,mother,,Santhal,,ethnicity,310,23,3.43,13.48,0.523,11.88
235,0,daughter,father,,Munda,,ethnicity,284,22,3.62,12.91,0.521,11.88
235,1,daughter,father,,Munda,,ethnicity,272,24,3.56,11.33,0.515,11.0
235,2,daughter,father,,Munda,,ethnicity,312,23,3.41,13.57,0.5,11.89
236,0,son,father,,Munda,,ethnicity,343,28,3.46,12.25,0.478,11.32
236,1,son,father,,Munda,,ethnicity,276,23,3.58,12.0,0.565,11.38
236,2,son,father,,Munda,,ethnicity,268,21,3.65,12.76,0.53,11.85
237,0,child,father,,Munda,,ethnicity,284,23,3.44,12.35,0.489,11.33
237,1,child,father,,Munda,,ethnicity,298,27,3.52,11.04,0.54,10.79
237,2,child,father,,Munda,,ethnicity,275,21,3.5,13.1,0.545,11.79
238,0,daughter,mother,,Munda,,ethnicity,295,26,3.44,11.35,0.502,10.83
238,1,daughter,mother,,Munda,,ethnicity,313,27,3.57,11.59,0.524,11.15
238,2,daughter,mother,,Munda,,ethnicity,282,20,3.43,14.1,0.496,12.2
239,0,son,mother,,Munda,,ethnicity,311,24,3.45,12.96,0.476,11.65
239,1,son,mother,,Munda,,ethnicity,281,22,3.41,12.77,0.512,11.5
239,2,son,mother,,Munda,,ethnicity,281,23,3.41,12.22,0.534,11.22
240,0,child,mother,,Munda,,ethnicity,294,24,3.61,12.25,0.51,11.54
240,1,child,mother,,Munda,,ethnicity,309,24,3.48,12.88,0.537,11.66
240,2,child,mother,,Munda,,ethnicity,287,28,3.46,10.25,0.505,10.32
241,0,daughter,father,,Bhil,,ethnicity,271,21,3.68,12.9,0.535,11.97
241,1,daughter,father,,Bhil,,ethnicity,266,18,3.62,14.78,0.519,12.82
241,2,daughter,father,,Bhil,,ethnicity,279,22,3.57,12.68,0.484,11.7
242,0,son,father,,Bhil,,ethnicity,261,25,3.44,10.44,0.548,10.39
242,1,son,father,,Bhil,,ethnicity,279,27,3.55,10.33,0.563,10.49
242,2,son,father,,Bhil,,ethnicity,272,23,3.4,11.83,0.526,11.01
243,0,child,father,,Bhil,,ethnicity,286,21,3.33,13.62,0.5,11.8
243,1,child,father,,Bhil,,ethnicity,285,23,3.47,12.39,0.519,11.4
243,2,child,father,,Bhil,,ethnicity,261,21,3.51,12.43,0.521,11.48
244,0,daughter,mother,,Bhil,,ethnicity,266,22,3.4,12.09,0.508,11.15
244,1,daughter,mother,,Bhil,,ethnicity,330,29,3.39,11.38,0.512,10.77
244,2,daughter,mother,,Bhil,,ethnicity,279,22,3.42,12.68,0.505,11.47
245,0,son,mother,,Bhil,,ethnicity,292,26,3.46,11.23,0.51,10.81
245,1,son,mother,,Bhil,,ethnicity,276,26,3.64,10.62,0.504,10.78
245,2,son,mother,,Bhil,,ethnicity,276,23,3.58,12.0,0.551,11.37
246,0,child,mother,,Bhil,,ethnicity,328,28,3.57,11.71,0.524,11.22
246,1,child,mother,,Bhil,,ethnicity,272,25,3.5,10.88,0.551,10.68
246,2,child,mother,,Bhil,,ethnicity,304,24,3.47,12.67,0.526,11.54
247,0,daughter,father,,Gond,,ethnicity,257,21,3.57,12.24,0.553,11.47
247,1,daughter,father,,Gond,,ethnicity,265,23,3.48,11.52,0.555,10.98
247,2,daughter,father,,Gond,,ethnicity,282,24,3.45,11.75,0.528,11.06
248,0,son,father,,Gond,,ethnicity,310,31,3.61,10.0,0.468,10.41
248,1,son,father,,Gond,,ethnicity,296,26,3.51,11.38,0.537,10.95
248,2,son,father,,Gond,,ethnicity,255,20,3.6,12.75,0.533,11.78
249,0,child,father,,Gond,,ethnicity,284,24,3.69,11.83,0.514,11.46
249,1,child,father,,Gond,,ethnicity,276,24,3.63,11.5,0.533,11.19
249,2,child,father,,Gond,,ethnicity,324,28,3.51,11.57,0.525,11.05
250,0,daughter,mother,,Gond,,ethnicity,297,22,3.56,13.5,0.492,12.08
250,1,daughter,mother,,Gond,,ethnicity,313,22,3.57,14.23,0.486,12.47
250,2,daughter,mother,,Gond,,ethnicity,277,24,3.48,11.54,0.538,11.0
251,0,son,mother,,Gond,,ethnicity,271,21,3.52,12.9,0.524,11.73
251,1,son,mother,,Gond,,ethnicity,278,21,3.57,13.24,0.558,11.97
251,2,son,mother,,Gond,,ethnicity,266,22,3.46,12.09,0.53,11.23
252,0,child,mother,,Gond,,ethnicity,312,25,3.57,12.48,0.49,11.59
252,1,child,mother,,Gond,,ethnicity,282,27,3.46,10.44,0.535,10.42
252,2,child,mother,,Gond,,ethnicity,279,25,3.53,11.16,0.513,10.88
253,0,daughter,father,,Meena,,ethnicity,307,24,3.42,12.79,0.476,11.53
253,1,daughter,father,,Meena,,ethnicity,288,26,3.48,11.08,0.472,10.76
253,2,daughter,father,,Meena,,ethnicity,277,24,3.56,11.54,0.531,11.1
254,0,son,father,,Meena,,ethnicity,298,20,3.43,14.9,0.503,12.6
254,1,son,father,,Meena,,ethnicity,270,24,3.44,11.25,0.5,10.79
254,2,son,father,,Meena,,ethnicity,292,23,3.52,12.7,0.51,11.62
255,0,child,father,,Meena,,ethnicity,303,24,3.45,12.62,0.528,11.49
255,1,child,father,,Meena,,ethnicity,273,27,3.6,10.11,0.502,10.46
255,2,child,father,,Meena,,ethnicity,277,22,3.58,12.59,0.516,11.67
256,0,daughter,mother,,Meena,,ethnicity,281,26,3.56,10.81,0.516,10.74
256,1,daughter,mother,,Meena,,ethnicity,289,22,3.64,13.14,0.543,12.02
256,2,daughter,mother,,Meena,,ethnicity,256,21,3.54,12.19,0.527,11.41
257,0,son,mother,,Meena,,ethnicity,277,19,3.29,14.58,0.466,12.22
257,1,son,mother,,Meena,,ethnicity,317,24,3.44,13.21,0.527,11.77
257,2,son,mother,,Meena,,ethnicity,321,24,3.47,13.38,0.455,11.89
258,0,child,mother,,Meena,,ethnicity,270,24,3.47,11.25,0.581,10.82
258,1,child,mother,,Meena,,ethnicity,297,29,3.6,10.24,0.471,10.51
258,2,child,mother,,Meena,,ethnicity,293,23,3.4,12.74,0.502,11.46
259,0,daughter,father,,Marwari,,ethnicity,278,25,3.54,11.12,0.511,10.86
259,1,daughter,father,,Marwari,,ethnicity,310,27,3.44,11.48,0.474,10.9
259,2,daughter,father,,Marwari,,ethnicity,303,23,3.5,13.17,0.518,11.84
260,0,son,father,,Marwari,,ethnicity,262,23,3.55,11.39,0.496,11.01
260,1,son,father,,Marwari,,ethnicity,308,20,3.51,15.4,0.536,12.96
260,2,son,father,,Marwari,,ethnicity,271,22,3.59,12.32,0.517,11.54
261,0,child,father,,Marwari,,ethnicity,294,23,3.52,12.78,0.531,11.67
261,1,child,father,,Marwari,,ethnicity,289,22,3.35,13.14,0.495,11.59
261,2,child,father,,Marwari,,ethnicity,318,28,3.46,11.36,0.481,10.86
262,0,daughter,mother,,Marwari,,ethnicity,287,26,3.68,11.04,0.47,11.04
262,1,daughter,mother,,Marwari,,ethnicity,349,27,3.48,12.93,0.476,11.68
262,2,daughter,mother,,Marwari,,ethnicity,299,23,3.57,13.0,0.532,11.85
263,0,son,mother,,Marwari,,ethnicity,254,22,3.56,11.55,0.528,11.11
263,1,son,mother,,Marwari,,ethnicity,287,20,3.46,14.35,0.526,12.36
263,2,son,mother,,Marwari,,ethnicity,268,23,3.59,11.65,0.563,11.2
264,0,child,mother,,Marwari,,ethnicity,271,19,3.49,14.26,0.48,12.36
264,1,child,mother,,Marwari,,ethnicity,255,26,3.46,9.81,0.561,10.1
264,2,child,mother,,Marwari,,ethnicity,319,24,3.48,13.29,0.498,11.86
265,0,daughter,father,,Awadhi,,ethnicity,288,22,3.51,13.09,0.521,11.81
265,1,daughter,father,,Awadhi,,ethnicity,330,27,3.36,12.22,0.47,11.16
265,2,daughter,father,,Awadhi,,ethnicity,301,26,3.73,11.58,0.522,11.38
266,0,son,father,,Awadhi,,ethnicity,316,20,3.5,15.8,0.544,13.15
266,1,son,father,,Awadhi,,ethnicity,302,25,3.45,12.08,0.497,11.21
266,2,son,father,,Awadhi,,ethnicity,304,27,3.44,11.26,0.536,10.79
267,0,child,father,,Awadhi,,ethnicity,275,19,3.53,14.47,0.509,12.53
267,1,child,father,,Awadhi,,ethnicity,296,24,3.46,12.33,0.52,11.36
267,2,child,father,,Awadhi,,ethnicity,298,26,3.49,11.46,0.513,10.97
268,0,daughter,mother,,Awadhi,,ethnicity,279,21,3.37,13.29,0.509,11.7
268,1,daughter,mother,,Awadhi,,ethnicity,279,22,3.53,12.68,0.502,11.63
268,2,daughter,mother,,Awadhi,,ethnicity,281,23,3.44,12.22,0.477,11.28
269,0,son,mother,,Awadhi,,ethnicity,269,25,3.64,10.76,0.535,10.83
269,1,son,mother,,Awadhi,,ethnicity,315,23,3.4,13.7,0.463,11.95
269,2,son,mother,,Awadhi,,ethnicity,299,24,3.54,12.46,0.485,11.54
270,0,child,mother,,Awadhi,,ethnicity,287,23,3.54,12.48,0.547,11.54
270,1,child,mother,,Awadhi,,ethnicity,298,26,3.47,11.46,0.52,10.94
270,2,child,mother,,Awadhi,,ethnicity,286,25,3.45,11.44,0.503,10.9
271,0,daughter,father,,Maithili,,ethnicity,305,24,3.42,12.71,0.485,11.48
271,1,daughter,father,,Maithili,,ethnicity,295,23,3.51,12.83,0.519,11.67
271,2,daughter,father,,Maithili,,ethnicity,318,27,3.65,11.78,0.481,11.36
272,0,son,father,,Maithili,,ethnicity,294,20,3.44,14.7,0.483,12.51
272,1,son,father,,Maithili,,ethnicity,313,27,3.5,11.59,0.482,11.04
272,2,son,father,,Maithili,,ethnicity,278,23,3.66,12.09,0.583,11.53
273,0,child,father,,Maithili,,ethnicity,297,26,3.59,11.42,0.562,11.09
273,1,child,father,,Maithili,,ethnicity,312,28,3.52,11.14,0.49,10.85
273,2,child,father,,Maithili,,ethnicity,318,29,3.53,10.97,0.475,10.78
274,0,daughter,mother,,Maithili,,ethnicity,331,28,3.36,11.82,0.468,10.95
274,1,daughter,mother,,Maithili,,ethnicity,258,21,3.5,12.29,0.535,11.4
274,2,daughter,mother,,Maithili,,ethnicity,290,23,3.42,12.61,0.514,11.44
275,0,son,mother,,Maithili,,ethnicity,269,21,3.26,12.81,0.502,11.3
275,1,son,mother,,Maithili,,ethnicity,281,23,3.57,12.22,0.495,11.46
275,2,son,mother,,Maithili,,ethnicity,271,23,3.49,11.78,0.487,11.13
276,0,child,mother,,Maithili,,ethnicity,285,22,3.49,12.95,0.509,11.72
276,1,child,mother,,Maithili,,ethnicity,276,24,3.54,11.5,0.467,11.06
276,2,child,mother,,Maithili,,ethnicity,290,22,3.45,13.18,0.524,11.76
277,0,daughter,father,,Bhojpuri,,ethnicity,293,21,3.52,13.95,0.488,12.25
277,1,daughter,father,,Bhojpuri,,ethnicity,311,29,3.54,10.72,0.514,10.68
277,2,daughter,father,,Bhojpuri,,ethnicity,308,22,3.52,14.0,0.503,12.27
278,0,son,father,,Bhojpuri,,ethnicity,306,25,3.42,12.24,0.507,11.24
278,1,son,father,,Bhojpuri,,ethnicity,290,24,3.49,12.08,0.5,11.28
278,2,son,father,,Bhojpuri,,ethnicity,265,23,3.46,11.52,0.502,10.96
279,0,child,father,,Bhojpuri,,ethnicity,300,22,3.45,13.64,0.487,11.99
279,1,child,father,,Bhojpuri,,ethnicity,278,22,3.57,12.64,0.532,11.67
279,2,child,father,,Bhojpuri,,ethnicity,315,23,3.4,13.7,0.533,11.94
280,0,daughter,mother,,Bhojpuri,,ethnicity,303,24,3.55,12.62,0.538,11.64
280,1,daughter,mother,,Bhojpuri,,ethnicity,282,26,3.35,10.85,0.489,10.45
280,2,daughter,mother,,Bhojpuri,,ethnicity,310,25,3.55,12.4,0.49,11.53
281,0,son,mother,,Bhojpuri,,ethnicity,301,24,3.38,12.54,0.518,11.33
281,1,son,mother,,Bhojpuri,,ethnicity,263,26,3.48,10.12,0.49,10.27
281,2,son,mother,,Bhojpuri,,ethnicity,293,27,3.42,10.85,0.491,10.56
282,0,child,mother,,Bhojpuri,,ethnicity,292,24,3.48,12.17,0.527,11.31
282,1,child,mother,,Bhojpuri,,ethnicity,284,22,3.53,12.91,0.535,11.75
282,2,child,mother,,Bhojpuri,,ethnicity,268,24,3.43,11.17,0.504,10.73
283,0,daughter,father,,Kumaoni,,ethnicity,340,24,3.4,14.17,0.488,12.19
283,1,daughter,father,,Kumaoni,,ethnicity,274,22,3.44,12.45,0.493,11.38
283,2,daughter,father,,Kumaoni,,ethnicity,288,25,3.5,11.52,0.507,11.01
284,0,son,father,,Kumaoni,,ethnicity,286,22,3.62,13.0,0.49,11.93
284,1,son,father,,Kumaoni,,ethnicity,267,21,3.55,12.71,0.539,11.68
284,2,son,father,,Kumaoni,,ethnicity,285,22,3.54,12.95,0.498,11.79
285,0,child,father,,Kumaoni,,ethnicity,291,29,3.51,10.03,0.505,10.27
285,1,child,father,,Kumaoni,,ethnicity,273,24,3.33,11.38,0.546,10.68
285,2,child,father,,Kumaoni,,ethnicity,313,26,3.51,12.04,0.489,11.28
286,0,daughter,mother,,Kumaoni,,ethnicity,299,22,3.4,13.59,0.545,11.9
286,1,daughter,mother,,Kumaoni,,ethnicity,262,18,3.59,14.56,0.546,12.66
286,2,daughter,mother,,Kumaoni,,ethnicity,350,23,3.4,15.22,0.474,12.71
287,0,son,mother,,Kumaoni,,ethnicity,291,22,3.35,13.23,0.474,11.64
287,1,son,mother,,Kumaoni,,ethnicity,291,23,3.57,12.65,0.526,11.69
287,2,son,mother,,Kumaoni,,ethnicity,266,22,3.52,12.09,0.477,11.32
288,0,child,mother,,Kumaoni,,ethnicity,268,20,3.47,13.4,0.549,11.91
288,1,child,mother,,Kumaoni,,ethnicity,303,23,3.4,13.17,0.508,11.69
288,2,child,mother,,Kumaoni,,ethnicity,271,24,3.62,11.29,0.528,11.08
289,0,daughter,father,,Garhwali,,ethnicity,294,23,3.48,12.78,0.531,11.62
289,1,daughter,father,,Garhwali,,ethnicity,299,27,3.41,11.07,0.518,10.65
289,2,daughter,father,,Garhwali,,ethnicity,282,25,3.52,11.28,0.514,10.93
290,0,son,father,,Garhwali,,ethnicity,314,29,3.65,10.83,0.471,10.89
290,1,son,father,,Garhwali,,ethnicity,300,24,3.38,12.5,0.487,11.32
290,2,son,father,,Garhwali,,ethnicity,287,24,3.45,11.96,0.512,11.15
291,0,child,father,,Garhwali,,ethnicity,274,26,3.49,10.54,0.518,10.5
291,1,child,father,,Garhwali,,ethnicity,298,26,3.41,11.46,0.534,10.84
291,2,child,father,,Garhwali,,ethnicity,281,24,3.37,11.71,0.48,10.91
292,0,daughter,mother,,Garhwali,,ethnicity,294,22,3.62,13.36,0.551,12.12
292,1,daughter,mother,,Garhwali,,ethnicity,272,22,3.54,12.36,0.533,11.49
292,2,daughter,mother,,Garhwali,,ethnicity,283,26,3.47,10.88,0.498,10.64
293,0,son,mother,,Garhwali,,ethnicity,305,23,3.51,13.26,0.548,11.9
293,1,son,mother,,Garhwali,,ethnicity,268,25,3.43,10.72,0.541,10.5
293,2,son,mother,,Garhwali,,ethnicity,278,21,3.54,13.24,0.522,11.92
294,0,child,mother,,Garhwali,,ethnicity,267,22,3.51,12.14,0.532,11.33
294,1,child,mother,,Garhwali,,ethnicity,283,22,3.48,12.86,0.491,11.65
294,2,child,mother,,Garhwali,,ethnicity,287,25,3.47,11.48,0.533,10.95
295,0,daughter,father,,Tulu,,ethnicity,312,25,3.5,12.48,0.506,11.49
295,1,daughter,father,,Tulu,,ethnicity,344,27,3.47,12.74,0.549,11.57
295,2,daughter,father,,Tulu,,ethnicity,276,28,3.55,9.86,0.522,10.25
296,0,son,father,,Tulu,,ethnicity,285,28,3.49,10.18,0.53,10.33
296,1,son,father,,Tulu,,ethnicity,281,21,3.36,13.38,0.523,11.73
296,2,son,father,,Tulu,,ethnicity,299,21,3.58,14.24,0.525,12.48
297,0,child,father,,Tulu,,ethnicity,316,25,3.46,12.64,0.487,11.51
297,1,child,father,,Tulu,,ethnicity,297,23,3.49,12.91,0.539,11.69
297,2,child,father,,Tulu,,ethnicity,291,29,3.45,10.03,0.491,10.19
298,0,daughter,mother,,Tulu,,ethnicity,295,24,3.44,12.29,0.464,11.31
298,1,daughter,mother,,Tulu,,ethnicity,302,24,3.49,12.58,0.523,11.52
298,2,daughter,mother,,Tulu,,ethnicity,290,29,3.6,10.0,0.531,10.4
299,0,son,mother,,Tulu,,ethnicity,282,19,3.52,14.84,0.507,12.7
299,1,son,mother,,Tulu,,ethnicity,308,28,3.45,11.0,0.532,10.68
299,2,son,mother,,Tulu,,ethnicity,249,23,3.59,10.83,0.558,10.79
300,0,child,mother,,Tulu,,ethnicity,327,26,3.47,12.58,0.486,11.49
300,1,child,mother,,Tulu,,ethnicity,273,26,3.59,10.5,0.557,10.63
300,2,child,mother,,Tulu,,ethnicity,288,27,3.54,10.67,0.556,10.64
301,0,daughter,father,,Khasi,,ethnicity,293,24,3.39,12.21,0.488,11.19
301,1,daughter,father,,Khasi,,ethnicity,299,24,3.33,12.46,0.512,11.22
301,2,daughter,father,,Khasi,,ethnicity,275,24,3.47,11.46,0.535,10.93
302,0,son,father,,Khasi,,ethnicity,280,30,3.59,9.33,0.504,10.05
302,1,son,father,,Khasi,,ethnicity,300,20,3.44,15.0,0.473,12.66
302,2,son,father,,Khasi,,ethnicity,274,20,3.36,13.7,0.555,11.9
303,0,child,father,,Khasi,,ethnicity,290,20,3.49,14.5,0.528,12.48
303,1,child,father,,Khasi,,ethnicity,266,21,3.65,12.67,0.564,11.8
303,2,child,father,,Khasi,,ethnicity,300,20,3.46,15.0,0.51,12.69
304,0,daughter,mother,,Khasi,,ethnicity,311,25,3.49,12.44,0.514,11.45
304,1,daughter,mother,,Khasi,,ethnicity,291,24,3.44,12.12,0.502,11.22
304,2,daughter,mother,,Khasi,,ethnicity,275,24,3.58,11.46,0.498,11.1
305,0,son,mother,,Khasi,,ethnicity,294,25,3.44,11.76,0.507,11.04
305,1,son,mother,,Khasi,,ethnicity,269,24,3.46,11.21,0.487,10.79
305,2,son,mother,,Khasi,,ethnicity,274,23,3.47,11.91,0.507,11.16
306,0,child,mother,,Khasi,,ethnicity,287,24,3.57,11.96,0.551,11.34
306,1,child,mother,,Khasi,,ethnicity,277,25,3.48,11.08,0.498,10.75
306,2,child,mother,,Khasi,,ethnicity,300,23,3.42,13.04,0.52,11.66
307,0,daughter,father,,,India,nationality,304,27,3.49,11.26,0.543,10.87
307,1,daughter,father,,,India,nationality,276,19,3.54,14.53,0.522,12.57
307,2,daughter,father,,,India,nationality,296,23,3.37,12.87,0.503,11.49
308,0,son,father,,,India,nationality,328,28,3.46,11.71,0.454,11.04
308,1,son,father,,,India,nationality,272,21,3.53,12.95,0.529,11.76
308,2,son,father,,,India,nationality,321,29,3.48,11.07,0.505,10.76
309,0,child,father,,,India,nationality,278,21,3.54,13.24,0.514,11.92
309,1,child,father,,,India,nationality,265,23,3.35,11.52,0.525,10.79
309,2,child,father,,,India,nationality,287,24,3.51,11.96,0.544,11.25
310,0,daughter,mother,,,India,nationality,274,25,3.48,10.96,0.544,10.7
310,1,daughter,mother,,,India,nationality,285,24,3.56,11.88,0.516,11.27
310,2,daughter,mother,,,India,nationality,293,24,3.35,12.21,0.474,11.13
311,0,son,mother,,,India,nationality,286,22,3.57,13.0,0.601,11.86
311,1,son,mother,,,India,nationality,288,23,3.57,12.52,0.472,11.62
311,2,son,mother,,,India,nationality,339,31,3.56,10.94,0.475,10.81
312,0,child,mother,,,India,nationality,282,25,3.44,11.28,0.507,10.8
312,1,child,mother,,,India,nationality,269,23,3.59,11.7,0.506,11.23
312,2,child,mother,,,India,nationality,275,22,3.51,12.5,0.52,11.51
313,0,daughter,father,,,Pakistan,nationality,312,22,3.47,14.18,0.49,12.3
313,1,daughter,father,,,Pakistan,nationality,289,22,3.46,13.14,0.533,11.76
313,2,daughter,father,,,Pakistan,nationality,261,22,3.43,11.86,0.513,11.08
314,0,son,father,,,Pakistan,nationality,266,24,3.46,11.08,0.519,10.73
314,1,son,father,,,Pakistan,nationality,282,26,3.5,10.85,0.514,10.67
314,2,son,father,,,Pakistan,nationality,303,25,3.38,12.12,0.518,11.12
315,0,child,father,,,Pakistan,nationality,267,23,3.57,11.61,0.547,11.16
315,1,child,father,,,Pakistan,nationality,286,26,3.49,11.0,0.469,10.74
315,2,child,father,,,Pakistan,nationality,321,22,3.43,14.59,0.467,12.44
316,0,daughter,mother,,,Pakistan,nationality,285,23,3.53,12.39,0.533,11.5
316,1,daughter,mother,,,Pakistan,nationality,275,21,3.36,13.1,0.48,11.58
316,2,daughter,mother,,,Pakistan,nationality,311,25,3.45,12.44,0.492,11.39
317,0,son,mother,,,Pakistan,nationality,269,21,3.53,12.81,0.528,11.7
317,1,son,mother,,,Pakistan,nationality,282,21,3.35,13.43,0.511,11.74
317,2,son,mother,,,Pakistan,nationality,271,19,3.45,14.26,0.52,12.31
318,0,child,mother,,,Pakistan,nationality,260,18,3.52,14.44,0.519,12.5
318,1,child,mother,,,Pakistan,nationality,267,21,3.48,12.71,0.513,11.58
318,2,child,mother,,,Pakistan,nationality,275,25,3.42,11.0,0.495,10.63
319,0,daughter,father,,,Nepal,nationality,261,21,3.45,12.43,0.498,11.39
319,1,daughter,father,,,Nepal,nationality,272,25,3.46,10.88,0.515,10.63
319,2,daughter,father,,,Nepal,nationality,269,21,3.46,12.81,0.52,11.6
320,0,son,father,,,Nepal,nationality,260,23,3.5,11.3,0.508,10.9
320,1,son,father,,,Nepal,nationality,317,27,3.49,11.74,0.498,11.11
320,2,son,father,,,Nepal,nationality,299,25,3.6,11.96,0.532,11.37
321,0,child,father,,,Nepal,nationality,286,24,3.51,11.92,0.535,11.22
321,1,child,father,,,Nepal,nationality,307,23,3.6,13.35,0.521,12.08
321,2,child,father,,,Nepal,nationality,268,22,3.43,12.18,0.549,11.23
322,0,daughter,mother,,,Nepal,nationality,278,25,3.42,11.12,0.561,10.69
322,1,daughter,mother,,,Nepal,nationality,271,21,3.61,12.9,0.528,11.87
322,2,daughter,mother,,,Nepal,nationality,265,21,3.48,12.62,0.517,11.52
323,0,son,mother,,,Nepal,nationality,264,23,3.45,11.48,0.538,10.92
323,1,son,mother,,,Nepal,nationality,267,23,3.43,11.61,0.487,10.95
323,2,son,mother,,,Nepal,nationality,286,27,3.53,10.59,0.497,10.59
324,0,child,mother,,,Nepal,nationality,286,24,3.45,11.92,0.524,11.13
324,1,child,mother,,,Nepal,nationality,278,22,3.42,12.64,0.532,11.44
324,2,child,mother,,,Nepal,nationality,290,23,3.51,12.61,0.466,11.57
325,0,daughter,father,,,Sri Lanka,nationality,276,20,3.51,13.8,0.475,12.17
325,1,daughter,father,,,Sri Lanka,nationality,320,26,3.36,12.31,0.497,11.2
325,2,daughter,father,,,Sri Lanka,nationality,263,21,3.49,12.52,0.506,11.49
326,0,son,father,,,Sri Lanka,nationality,287,28,3.56,10.25,0.484,10.47
326,1,son,father,,,Sri Lanka,nationality,286,23,3.52,12.43,0.545,11.49
326,2,son,father,,,Sri Lanka,nationality,278,21,3.49,13.24,0.489,11.85
327,0,child,father,,,Sri Lanka,nationality,294,25,3.65,11.76,0.524,11.35
327,1,child,father,,,Sri Lanka,nationality,296,27,3.52,10.96,0.486,10.77
327,2,child,father,,,Sri Lanka,nationality,281,20,3.51,14.05,0.488,12.28
328,0,daughter,mother,,,Sri Lanka,nationality,314,26,3.46,12.08,0.506,11.22
328,1,daughter,mother,,,Sri Lanka,nationality,296,23,3.47,12.87,0.524,11.63
328,2,daughter,mother,,,Sri Lanka,nationality,335,24,3.49,13.96,0.496,12.22
329,0,son,mother,,,Sri Lanka,nationality,307,27,3.4,11.37,0.511,10.79
329,1,son,mother,,,Sri Lanka,nationality,281,22,3.49,12.77,0.495,11.63
329,2,son,mother,,,Sri Lanka,nationality,272,21,3.38,12.95,0.504,11.54
330,0,child,mother,,,Sri Lanka,nationality,293,23,3.42,12.74,0.563,11.5
330,1,child,mother,,,Sri Lanka,nationality,334,25,3.68,13.36,0.515,12.2
330,2,child,mother,,,Sri Lanka,nationality,380,29,3.38,13.1,0.487,11.63
331,0,daughter,father,,,Bangladesh,nationality,302,24,3.48,12.58,0.513,11.52
331,1,daughter,father,,,Bangladesh,nationality,283,26,3.5,10.88,0.541,10.69
331,2,daughter,father,,,Bangladesh,nationality,281,22,3.47,12.77,0.491,11.59
332,0,son,father,,,Bangladesh,nationality,319,25,3.52,12.76,0.524,11.66
332,1,son,father,,,Bangladesh,nationality,286,21,3.63,13.62,0.545,12.25
332,2,son,father,,,Bangladesh,nationality,283,21,3.43,13.48,0.498,11.88
333,0,child,father,,,Bangladesh,nationality,307,27,3.58,11.37,0.541,11.06
333,1,child,father,,,Bangladesh,nationality,287,24,3.52,11.96,0.512,11.26
333,2,child,father,,,Bangladesh,nationality,277,20,3.52,13.85,0.52,12.2
334,0,daughter,mother,,,Bangladesh,nationality,297,26,3.55,11.42,0.522,11.04
334,1,daughter,mother,,,Bangladesh,nationality,311,23,3.47,13.52,0.498,11.96
334,2,daughter,mother,,,Bangladesh,nationality,286,21,3.59,13.62,0.538,12.19
335,0,son,mother,,,Bangladesh,nationality,267,23,3.49,11.61,0.588,11.05
335,1,son,mother,,,Bangladesh,nationality,269,20,3.42,13.45,0.543,11.85
335,2,son,mother,,,Bangladesh,nationality,296,23,3.4,12.87,0.5,11.54
336,0,child,mother,,,Bangladesh,nationality,286,20,3.51,14.3,0.497,12.42
336,1,child,mother,,,Bangladesh,nationality,279,25,3.44,11.16,0.527,10.75
336,2,child,mother,,,Bangladesh,nationality,322,28,3.57,11.5,0.512,11.1
337,0,daughter,father,,,America,nationality,290,24,3.38,12.08,0.497,11.11
337,1,daughter,father,,,America,nationality,297,26,3.42,11.42,0.529,10.84
337,2,daughter,father,,,America,nationality,325,28,3.53,11.61,0.486,11.09
338,0,son,father,,,America,nationality,291,24,3.45,12.12,0.553,11.24
338,1,son,father,,,America,nationality,278,25,3.57,11.12,0.532,10.91
338,2,son,father,,,America,nationality,292,22,3.41,13.27,0.507,11.76
339,0,child,father,,,America,nationality,243,20,3.58,12.15,0.543,11.45
339,1,child,father,,,America,nationality,311,23,3.42,13.52,0.476,11.9
339,2,child,father,,,America,nationality,310,28,3.45,11.07,0.487,10.71
340,0,daughter,mother,,,America,nationality,284,23,3.46,12.35,0.535,11.37
340,1,daughter,mother,,,America,nationality,276,25,3.36,11.04,0.504,10.56
340,2,daughter,mother,,,America,nationality,296,21,3.41,14.1,0.5,12.16
341,0,son,mother,,,America,nationality,301,23,3.41,13.09,0.548,11.65
341,1,son,mother,,,America,nationality,271,21,3.51,12.9,0.528,11.72
341,2,son,mother,,,America,nationality,273,21,3.38,13.0,0.487,11.57
342,0,child,mother,,,America,nationality,345,30,3.48,11.5,0.522,10.98
342,1,child,mother,,,America,nationality,307,25,3.4,12.28,0.476,11.24
342,2,child,mother,,,America,nationality,300,28,3.6,10.71,0.483,10.76
343,0,daughter,father,,,Britain,nationality,294,26,3.36,11.31,0.52,10.7
343,1,daughter,father,,,Britain,nationality,282,27,3.49,10.44,0.521,10.46
343,2,daughter,father,,,Britain,nationality,304,26,3.58,11.69,0.513,11.21
344,0,son,father,,,Britain,nationality,292,26,3.32,11.23,0.517,10.59
344,1,son,father,,,Britain,nationality,260,22,3.44,11.82,0.542,11.07
344,2,son,father,,,Britain,nationality,289,23,3.43,12.57,0.488,11.43
345,0,child,father,,,Britain,nationality,316,28,3.54,11.29,0.541,10.96
345,1,child,father,,,Britain,nationality,247,26,3.72,9.5,0.538,10.34
345,2,child,father,,,Britain,nationality,256,19,3.71,13.47,0.527,12.31
346,0,daughter,mother,,,Britain,nationality,264,24,3.58,11.0,0.53,10.88
346,1,daughter,mother,,,Britain,nationality,267,20,3.61,13.35,0.543,12.09
346,2,daughter,mother,,,Britain,nationality,271,21,3.3,12.9,0.476,11.4
347,0,son,mother,,,Britain,nationality,295,25,3.55,11.8,0.539,11.22
347,1,son,mother,,,Britain,nationality,282,22,3.56,12.82,0.504,11.74
347,2,son,mother,,,Britain,nationality,291,25,3.36,11.64,0.481,10.86
348,0,child,mother,,,Britain,nationality,280,23,3.41,12.17,0.518,11.2
348,1,child,mother,,,Britain,nationality,271,22,3.54,12.32,0.506,11.46
348,2,child,mother,,,Britain,nationality,305,22,3.53,13.86,0.531,12.23
349,0,daughter,father,,,China,nationality,300,21,3.4,14.29,0.48,12.25
349,1,daughter,father,,,China,nationality,279,22,3.53,12.68,0.484,11.63
349,2,daughter,father,,,China,nationality,280,22,3.42,12.73,0.543,11.5
350,0,son,father,,,China,nationality,278,24,3.33,11.58,0.507,10.79
350,1,son,father,,,China,nationality,286,26,3.51,11.0,0.528,10.77
350,2,son,father,,,China,nationality,307,25,3.46,12.28,0.498,11.32
351,0,child,father,,,China,nationality,278,21,3.48,13.24,0.511,11.84
351,1,child,father,,,China,nationality,283,24,3.47,11.79,0.463,11.1
351,2,child,father,,,China,nationality,330,25,3.51,13.2,0.497,11.86
352,0,daughter,mother,,,China,nationality,288,22,3.52,13.09,0.49,11.83
352,1,daughter,mother,,,China,nationality,287,22,3.52,13.05,0.516,11.8
352,2,daughter,mother,,,China,nationality,269,24,3.48,11.21,0.524,10.83
353,0,son,mother,,,China,nationality,289,22,3.62,13.14,0.522,12.0
353,1,son,mother,,,China,nationality,285,23,3.54,12.39,0.509,11.5
353,2,son,mother,,,China,nationality,306,23,3.47,13.3,0.48,11.86
354,0,child,mother,,,China,nationality,304,28,3.46,10.86,0.497,10.61
354,1,child,mother,,,China,nationality,285,24,3.4,11.88,0.519,11.03
354,2,child,mother,,,China,nationality,295,21,3.69,14.05,0.532,12.56
355,0,daughter,father,,,Japan,nationality,305,22,3.58,13.86,0.528,12.3
355,1,daughter,father,,,Japan,nationality,275,25,3.39,11.0,0.52,10.58
355,2,daughter,father,,,Japan,nationality,268,21,3.58,12.76,0.541,11.75
356,0,son,father,,,Japan,nationality,319,23,3.5,13.87,0.505,12.18
356,1,son,father,,,Japan,nationality,339,26,3.42,13.04,0.484,11.64
356,2,son,father,,,Japan,nationality,303,25,3.53,12.12,0.508,11.36
357,0,child,father,,,Japan,nationality,307,23,3.42,13.35,0.502,11.8
357,1,child,father,,,Japan,nationality,282,21,3.63,13.43,0.525,12.17
357,2,child,father,,,Japan,nationality,313,23,3.38,13.61,0.482,11.87
358,0,daughter,mother,,,Japan,nationality,316,24,3.43,13.17,0.481,11.72
358,1,daughter,mother,,,Japan,nationality,286,22,3.58,13.0,0.49,11.87
358,2,daughter,mother,,,Japan,nationality,303,25,3.41,12.12,0.479,11.18
359,0,son,mother,,,Japan,nationality,298,25,3.48,11.92,0.523,11.18
359,1,son,mother,,,Japan,nationality,261,20,3.53,13.05,0.506,11.82
359,2,son,mother,,,Japan,nationality,267,24,3.42,11.12,0.539,10.7
360,0,child,mother,,,Japan,nationality,295,25,3.44,11.8,0.437,11.06
360,1,child,mother,,,Japan,nationality,295,23,3.5,12.83,0.519,11.66
360,2,child,mother,,,Japan,nationality,330,25,3.48,13.2,0.491,11.83
361,0,daughter,father,,,Russia,nationality,288,23,3.42,12.52,0.549,11.4
361,1,daughter,father,,,Russia,nationality,270,20,3.53,13.5,0.493,12.04
361,2,daughter,father,,,Russia,nationality,270,19,3.42,14.21,0.496,12.24
362,0,son,father,,,Russia,nationality,290,24,3.45,12.08,0.503,11.22
362,1,son,father,,,Russia,nationality,298,30,3.63,9.93,0.51,10.41
362,2,son,father,,,Russia,nationality,280,22,3.38,12.73,0.479,11.43
363,0,child,father,,,Russia,nationality,339,26,3.5,13.04,0.484,11.77
363,1,child,father,,,Russia,nationality,264,22,3.58,12.0,0.508,11.38
363,2,child,father,,,Russia,nationality,283,22,3.39,12.86,0.452,11.51
364,0,daughter,mother,,,Russia,nationality,322,26,3.37,12.38,0.497,11.25
364,1,daughter,mother,,,Russia,nationality,296,24,3.39,12.33,0.453,11.25
364,2,daughter,mother,,,Russia,nationality,276,27,3.53,10.22,0.529,10.4
365,0,son,mother,,,Russia,nationality,268,22,3.51,12.18,0.515,11.36
365,1,son,mother,,,Russia,nationality,270,17,3.44,15.88,0.507,13.1
365,2,son,mother,,,Russia,nationality,291,26,3.59,11.19,0.515,10.98
366,0,child,mother,,,Russia,nationality,317,24,3.54,13.21,0.514,11.92
366,1,child,mother,,,Russia,nationality,291,23,3.44,12.65,0.515,11.49
366,2,child,mother,,,Russia,nationality,255,20,3.76,12.75,0.525,12.02
367,0,daughter,father,,,Germany,nationality,267,21,3.52,12.71,0.543,11.63
367,1,daughter,father,,,Germany,nationality,317,22,3.65,14.41,0.47,12.68
367,2,daughter,father,,,Germany,nationality,300,23,3.31,13.04,0.527,11.49
368,0,son,father,,,Germany,nationality,260,19,3.45,13.68,0.5,12.02
368,1,son,father,,,Germany,nationality,289,22,3.45,13.14,0.491,11.75
368,2,son,father,,,Germany,nationality,294,26,3.56,11.31,0.52,11.0
369,0,child,father,,,Germany,nationality,276,20,3.55,13.8,0.54,12.23
369,1,child,father,,,Germany,nationality,331,28,3.51,11.82,0.483,11.17
369,2,child,father,,,Germany,nationality,280,21,3.62,13.33,0.482,12.09
370,0,daughter,mother,,,Germany,nationality,308,25,3.44,12.32,0.49,11.33
370,1,daughter,mother,,,Germany,nationality,305,22,3.44,13.86,0.466,12.1
370,2,daughter,mother,,,Germany,nationality,285,25,3.68,11.4,0.519,11.22
371,0,son,mother,,,Germany,nationality,278,20,3.72,13.9,0.558,12.53
371,1,son,mother,,,Germany,nationality,281,20,3.4,14.05,0.523,12.13
371,2,son,mother,,,Germany,nationality,350,31,3.48,11.29,0.491,10.87
372,0,child,mother,,,Germany,nationality,314,28,3.45,11.21,0.494,10.79
372,1,child,mother,,,Germany,nationality,257,24,3.57,10.71,0.533,10.71
372,2,child,mother,,,Germany,nationality,271,26,3.64,10.42,0.513,10.67
373,0,daughter,father,,,France,nationality,298,22,3.61,13.55,0.537,12.18
373,1,daughter,father,,,France,nationality,310,24,3.36,12.92,0.5,11.51
373,2,daughter,father,,,France,nationality,300,25,3.4,12.0,0.477,11.11
374,0,son,father,,,France,nationality,265,23,3.44,11.52,0.521,10.92
374,1,son,father,,,France,nationality,270,23,3.64,11.74,0.47,11.33
374,2,son,father,,,France,nationality,305,24,3.59,12.71,0.531,11.74
375,0,child,father,,,France,nationality,264,20,3.61,13.2,0.591,12.01
375,1,child,father,,,France,nationality,292,24,3.67,12.17,0.51,11.59
375,2,child,father,,,France,nationality,293,27,3.49,10.85,0.522,10.66
376,0,daughter,mother,,,France,nationality,288,26,3.55,11.08,0.521,10.86
376,1,daughter,mother,,,France,nationality,283,28,3.46,10.11,0.541,10.25
376,2,daughter,mother,,,France,nationality,314,25,3.39,12.56,0.535,11.37
377,0,son,mother,,,France,nationality,272,23,3.45,11.83,0.511,11.09
377,1,son,mother,,,France,nationality,272,22,3.38,12.36,0.515,11.25
377,2,son,mother,,,France,nationality,272,27,3.56,10.07,0.504,10.38
378,0,child,mother,,,France,nationality,263,27,3.52,9.74,0.54,10.15
378,1,child,mother,,,France,nationality,305,25,3.39,12.2,0.515,11.18
378,2,child,mother,,,France,nationality,291,25,3.41,11.64,0.509,10.93
379,0,daughter,father,,,Brazil,nationality,278,26,3.53,10.69,0.529,10.64
379,1,daughter,father,,,Brazil,nationality,304,24,3.4,12.67,0.493,11.43
379,2,daughter,father,,,Brazil,nationality,318,28,3.45,11.36,0.503,10.86
380,0,son,father,,,Brazil,nationality,280,23,3.56,12.17,0.546,11.43
380,1,son,father,,,Brazil,nationality,281,22,3.58,12.77,0.502,11.75
380,2,son,father,,,Brazil,nationality,272,24,3.44,11.33,0.511,10.82
381,0,child,father,,,Brazil,nationality,305,23,3.45,13.26,0.469,11.8
381,1,child,father,,,Brazil,nationality,306,26,3.5,11.77,0.51,11.14
381,2,child,father,,,Brazil,nationality,284,22,3.37,12.91,0.496,11.51
382,0,daughter,mother,,,Brazil,nationality,263,24,3.59,10.96,0.521,10.86
382,1,daughter,mother,,,Brazil,nationality,284,22,3.59,12.91,0.511,11.84
382,2,daughter,mother,,,Brazil,nationality,272,25,3.58,10.88,0.507,10.81
383,0,son,mother,,,Brazil,nationality,278,23,3.55,12.09,0.522,11.36
383,1,son,mother,,,Brazil,nationality,291,24,3.45,12.12,0.505,11.23
383,2,son,mother,,,Brazil,nationality,306,24,3.49,12.75,0.471,11.62
384,0,child,mother,,,Brazil,nationality,298,26,3.44,11.46,0.473,10.89
384,1,child,mother,,,Brazil,nationality,311,24,3.5,12.96,0.505,11.74
384,2,child,mother,,,Brazil,nationality,288,22,3.38,13.09,0.538,11.62
385,0,daughter,father,,,Mexico,nationality,296,22,3.52,13.45,0.493,12.01
385,1,daughter,father,,,Mexico,nationality,269,24,3.41,11.21,0.483,10.71
385,2,daughter,father,,,Mexico,nationality,294,22,3.36,13.36,0.48,11.73
386,0,son,father,,,Mexico,nationality,289,25,3.39,11.56,0.509,10.87
386,1,son,father,,,Mexico,nationality,280,25,3.46,11.2,0.514,10.79
386,2,son,father,,,Mexico,nationality,288,23,3.44,12.52,0.5,11.42
387,0,child,father,,,Mexico,nationality,306,26,3.4,11.77,0.516,10.98
387,1,child,father,,,Mexico,nationality,266,24,3.53,11.08,0.508,10.83
387,2,child,father,,,Mexico,nationality,290,23,3.49,12.61,0.476,11.54
388,0,daughter,mother,,,Mexico,nationality,278,24,3.41,11.58,0.504,10.91
388,1,daughter,mother,,,Mexico,nationality,281,21,3.39,13.38,0.516,11.77
388,2,daughter,mother,,,Mexico,nationality,305,26,3.5,11.73,0.489,11.11
389,0,son,mother,,,Mexico,nationality,270,22,3.59,12.27,0.544,11.53
389,1,son,mother,,,Mexico,nationality,281,22,3.6,12.77,0.58,11.79
389,2,son,mother,,,Mexico,nationality,284,29,3.47,9.79,0.563,10.1
390,0,child,mother,,,Mexico,nationality,297,27,3.53,11.0,0.539,10.8
390,1,child,mother,,,Mexico,nationality,314,24,3.29,13.08,0.506,11.48
390,2,child,mother,,,Mexico,nationality,279,21,3.47,13.29,0.534,11.85
391,0,daughter,father,,,Nigeria,nationality,292,20,3.35,14.6,0.486,12.33
391,1,daughter,father,,,Nigeria,nationality,264,21,3.53,12.57,0.523,11.59
391,2,daughter,father,,,Nigeria,nationality,265,21,3.48,12.62,0.566,11.53
392,0,son,father,,,Nigeria,nationality,284,20,3.54,14.2,0.493,12.4
392,1,son,father,,,Nigeria,nationality,290,24,3.51,12.08,0.514,11.3
392,2,son,father,,,Nigeria,nationality,315,25,3.48,12.6,0.505,11.52
393,0,child,father,,,Nigeria,nationality,266,22,3.58,12.09,0.459,11.41
393,1,child,father,,,Nigeria,nationality,263,21,3.59,12.52,0.589,11.65
393,2,child,father,,,Nigeria,nationality,271,18,3.42,15.06,0.498,12.65
394,0,daughter,mother,,,Nigeria,nationality,277,21,3.38,13.19,0.516,11.67
394,1,daughter,mother,,,Nigeria,nationality,277,23,3.52,12.04,0.56,11.31
394,2,daughter,mother,,,Nigeria,nationality,331,29,3.5,11.41,0.471,10.95
395,0,son,mother,,,Nigeria,nationality,277,22,3.33,12.59,0.477,11.29
395,1,son,mother,,,Nigeria,nationality,321,28,3.44,11.46,0.486,10.89
395,2,son,mother,,,Nigeria,nationality,267,22,3.7,12.14,0.521,11.62
396,0,child,mother,,,Nigeria,nationality,314,28,3.71,11.21,0.513,11.17
396,1,child,mother,,,Nigeria,nationality,320,27,3.52,11.85,0.491,11.21
396,2,child,mother,,,Nigeria,nationality,282,24,3.33,11.75,0.475,10.86
397,0,daughter,father,,,Egypt,nationality,305,24,3.47,12.71,0.515,11.56
397,1,daughter,father,,,Egypt,nationality,269,21,3.61,12.81,0.487,11.81
397,2,daughter,father,,,Egypt,nationality,280,24,3.45,11.67,0.514,11.0
398,0,son,father,,,Egypt,nationality,305,25,3.54,12.2,0.525,11.41
398,1,son,father,,,Egypt,nationality,284,19,3.58,14.95,0.563,12.85
398,2,son,father,,,Egypt,nationality,268,23,3.53,11.65,0.534,11.12
399,0,child,father,,,Egypt,nationality,258,21,3.5,12.29,0.55,11.39
399,1,child,father,,,Egypt,nationality,280,20,3.58,14.0,0.511,12.36
399,2,child,father,,,Egypt,nationality,286,20,3.55,14.3,0.493,12.48
400,0,daughter,mother,,,Egypt,nationality,285,18,3.48,15.83,0.547,13.14
400,1,daughter,mother,,,Egypt,nationality,312,22,3.4,14.18,0.5,12.2
400,2,daughter,mother,,,Egypt,nationality,300,26,3.47,11.54,0.523,10.98
401,0,son,mother,,,Egypt,nationality,271,22,3.42,12.32,0.509,11.28
401,1,son,mother,,,Egypt,nationality,298,21,3.49,14.19,0.517,12.33
401,2,son,mother,,,Egypt,nationality,284,21,3.48,13.52,0.521,11.99
402,0,child,mother,,,Egypt,nationality,270,20,3.49,13.5,0.537,11.99
402,1,child,mother,,,Egypt,nationality,261,24,3.57,10.88,0.571,10.79
402,2,child,mother,,,Egypt,nationality,307,25,3.46,12.28,0.518,11.33
403,0,daughter,father,,,Iran,nationality,279,22,3.4,12.68,0.509,11.44
403,1,daughter,father,,,Iran,nationality,301,23,3.44,13.09,0.498,11.71
403,2,daughter,father,,,Iran,nationality,298,22,3.46,13.55,0.5,11.96
404,0,son,father,,,Iran,nationality,313,22,3.5,14.23,0.489,12.37
404,1,son,father,,,Iran,nationality,301,23,3.59,13.09,0.508,11.93
404,2,son,father,,,Iran,nationality,294,23,3.58,12.78,0.5,11.76
405,0,child,father,,,Iran,nationality,282,20,3.32,14.1,0.44,12.03
405,1,child,father,,,Iran,nationality,260,19,3.65,13.68,0.546,12.32
405,2,child,father,,,Iran,nationality,291,24,3.64,12.12,0.519,11.53
406,0,daughter,mother,,,Iran,nationality,303,22,3.48,13.77,0.525,12.1
406,1,daughter,mother,,,Iran,nationality,321,28,3.63,11.46,0.461,11.17
406,2,daughter,mother,,,Iran,nationality,279,19,3.8,14.68,0.53,13.05
407,0,son,mother,,,Iran,nationality,298,24,3.6,12.42,0.483,11.6
407,1,son,mother,,,Iran,nationality,298,23,3.56,12.96,0.537,11.82
407,2,son,mother,,,Iran,nationality,317,26,3.43,12.19,0.511,11.24
408,0,child,mother,,,Iran,nationality,282,23,3.38,12.26,0.507,11.2
408,1,child,mother,,,Iran,nationality,296,27,3.48,10.96,0.537,10.7
408,2,child,mother,,,Iran,nationality,365,31,3.65,11.77,0.49,11.37
409,0,daughter,father,,,Iraq,nationality,302,23,3.56,13.13,0.5,11.91
409,1,daughter,father,,,Iraq,nationality,262,22,3.37,11.91,0.55,11.01
409,2,daughter,father,,,Iraq,nationality,299,24,3.3,12.46,0.485,11.18
410,0,son,father,,,Iraq,nationality,276,23,3.48,12.0,0.525,11.22
410,1,son,father,,,Iraq,nationality,287,21,3.57,13.67,0.561,12.19
410,2,son,father,,,Iraq,nationality,299,25,3.53,11.96,0.542,11.27
411,0,child,father,,,Iraq,nationality,288,27,3.71,10.67,0.517,10.9
411,1,child,father,,,Iraq,nationality,264,22,3.59,12.0,0.523,11.39
411,2,child,father,,,Iraq,nationality,263,22,3.59,11.95,0.544,11.37
412,0,daughter,mother,,,Iraq,nationality,289,25,3.34,11.56,0.481,10.78
412,1,daughter,mother,,,Iraq,nationality,318,25,3.45,12.72,0.494,11.53
412,2,daughter,mother,,,Iraq,nationality,281,23,3.46,12.22,0.534,11.3
413,0,son,mother,,,Iraq,nationality,306,23,3.43,13.3,0.526,11.79
413,1,son,mother,,,Iraq,nationality,297,25,3.41,11.88,0.519,11.05
413,2,son,mother,,,Iraq,nationality,310,23,3.58,13.48,0.487,12.11
414,0,child,mother,,,Iraq,nationality,310,26,3.52,11.92,0.513,11.25
414,1,child,mother,,,Iraq,nationality,304,23,3.47,13.22,0.513,11.81
414,2,child,mother,,,Iraq,nationality,296,22,3.52,13.45,0.503,12.01
415,0,daughter,father,,,Afghanistan,nationality,278,24,3.48,11.58,0.514,11.01
415,1,daughter,father,,,Afghanistan,nationality,300,23,3.45,13.04,0.483,11.7
415,2,daughter,father,,,Afghanistan,nationality,291,20,3.35,14.55,0.464,12.31
416,0,son,father,,,Afghanistan,nationality,291,23,3.32,12.65,0.478,11.31
416,1,son,father,,,Afghanistan,nationality,255,21,3.6,12.14,0.506,11.48
416,2,son,father,,,Afghanistan,nationality,301,24,3.34,12.54,0.478,11.28
417,0,child,father,,,Afghanistan,nationality,273,22,3.37,12.41,0.52,11.25
417,1,child,father,,,Afghanistan,nationality,292,25,3.44,11.68,0.5,11.0
417,2,child,father,,,Afghanistan,nationality,250,24,3.47,10.42,0.524,10.41
418,0,daughter,mother,,,Afghanistan,nationality,305,28,3.47,10.89,0.495,10.65
418,1,daughter,mother,,,Afghanistan,nationality,298,27,3.53,11.04,0.527,10.82
418,2,daughter,mother,,,Afghanistan,nationality,276,22,3.41,12.55,0.482,11.39
419,0,son,mother,,,Afghanistan,nationality,310,24,3.34,12.92,0.497,11.47
419,1,son,mother,,,Afghanistan,nationality,307,26,3.39,11.81,0.531,10.99
419,2,son,mother,,,Afghanistan,nationality,266,25,3.53,10.64,0.575,10.62
420,0,child,mother,,,Afghanistan,nationality,292,24,3.39,12.17,0.497,11.17
420,1,child,mother,,,Afghanistan,nationality,290,27,3.56,10.74,0.524,10.7
420,2,child,mother,,,Afghanistan,nationality,293,23,3.72,12.74,0.485,11.94
421,0,daughter,father,,,Turkey,nationality,274,24,3.39,11.42,0.547,10.79
421,1,daughter,father,,,Turkey,nationality,290,23,3.44,12.61,0.541,11.47
421,2,daughter,father,,,Turkey,nationality,314,22,3.31,14.27,0.475,12.09
422,0,son,father,,,Turkey,nationality,275,22,3.43,12.5,0.524,11.4
422,1,son,father,,,Turkey,nationality,274,21,3.66,13.05,0.496,12.02
422,2,son,father,,,Turkey,nationality,279,21,3.41,13.29,0.491,11.76
423,0,child,father,,,Turkey,nationality,293,22,3.47,13.32,0.519,11.87
423,1,child,father,,,Turkey,nationality,315,28,3.47,11.25,0.508,10.83
423,2,child,father,,,Turkey,nationality,295,27,3.55,10.93,0.546,10.78
424,0,daughter,mother,,,Turkey,nationality,263,23,3.63,11.43,0.551,11.16
424,1,daughter,mother,,,Turkey,nationality,270,21,3.53,12.86,0.53,11.72
424,2,daughter,mother,,,Turkey,nationality,291,23,3.41,12.65,0.481,11.43
425,0,son,mother,,,Turkey,nationality,284,26,3.55,10.92,0.535,10.79
425,1,son,mother,,,Turkey,nationality,292,26,3.54,11.23,0.503,10.93
425,2,son,mother,,,Turkey,nationality,309,24,3.54,12.88,0.495,11.74
426,0,child,mother,,,Turkey,nationality,290,23,3.5,12.61,0.524,11.55
426,1,child,mother,,,Turkey,nationality,301,26,3.5,11.58,0.505,11.05
426,2,child,mother,,,Turkey,nationality,295,24,3.51,12.29,0.529,11.41
427,0,daughter,father,,,South Korea,nationality,274,20,3.45,13.7,0.536,12.02
427,1,daughter,father,,,South Korea,nationality,303,23,3.58,13.17,0.548,11.95
427,2,daughter,father,,,South Korea,nationality,282,19,3.32,14.84,0.528,12.4
428,0,son,father,,,South Korea,nationality,309,25,3.69,12.36,0.54,11.71
428,1,son,father,,,South Korea,nationality,277,22,3.46,12.59,0.534,11.48
428,2,son,father,,,South Korea,nationality,296,21,3.56,14.1,0.524,12.38
429,0,child,father,,,South Korea,nationality,295,22,3.64,13.41,0.485,12.17
429,1,child,father,,,South Korea,nationality,295,20,3.32,14.75,0.468,12.35
429,2,child,father,,,South Korea,nationality,289,23,3.4,12.57,0.505,11.38
430,0,daughter,mother,,,South Korea,nationality,287,24,3.4,11.96,0.516,11.07
430,1,daughter,mother,,,South Korea,nationality,321,23,3.5,13.96,0.498,12.23
430,2,daughter,mother,,,South Korea,nationality,314,25,3.6,12.56,0.506,11.67
431,0,son,mother,,,South Korea,nationality,317,27,3.61,11.74,0.495,11.28
431,1,son,mother,,,South Korea,nationality,270,22,3.6,12.27,0.515,11.54
431,2,son,mother,,,South Korea,nationality,262,19,3.6,13.79,0.504,12.29
432,0,child,mother,,,South Korea,nationality,304,27,3.53,11.26,0.451,10.93
432,1,child,mother,,,South Korea,nationality,278,22,3.58,12.64,0.518,11.68
432,2,child,mother,,,South Korea,nationality,295,23,3.52,12.83,0.488,11.69
433,0,daughter,father,,,Indonesia,nationality,302,22,3.42,13.73,0.483,11.99
433,1,daughter,father,,,Indonesia,nationality,278,21,3.41,13.24,0.568,11.73
433,2,daughter,father,,,Indonesia,nationality,282,20,3.5,14.1,0.493,12.31
434,0,son,father,,,Indonesia,nationality,279,21,3.46,13.29,0.491,11.83
434,1,son,father,,,Indonesia,nationality,280,24,3.64,11.67,0.529,11.3
434,2,son,father,,,Indonesia,nationality,256,22,3.55,11.64,0.496,11.14
435,0,child,father,,,Indonesia,nationality,281,22,3.57,12.77,0.52,11.74
435,1,child,father,,,Indonesia,nationality,325,29,3.5,11.21,0.492,10.85
435,2,child,father,,,Indonesia,nationality,290,20,3.49,14.5,0.493,12.48
436,0,daughter,mother,,,Indonesia,nationality,297,27,3.6,11.0,0.532,10.9
436,1,daughter,mother,,,Indonesia,nationality,297,24,3.48,12.38,0.488,11.4
436,2,daughter,mother,,,Indonesia,nationality,267,23,3.54,11.61,0.539,11.11
437,0,son,mother,,,Indonesia,nationality,279,25,3.59,11.16,0.495,10.96
437,1,son,mother,,,Indonesia,nationality,274,23,3.53,11.91,0.515,11.25
437,2,son,mother,,,Indonesia,nationality,260,22,3.47,11.82,0.527,11.12
438,0,child,mother,,,Indonesia,nationality,316,27,3.49,11.7,0.528,11.08
438,1,child,mother,,,Indonesia,nationality,273,22,3.63,12.41,0.568,11.65
438,2,child,mother,,,Indonesia,nationality,294,21,3.47,14.0,0.5,12.2
439,0,daughter,father,,,Thailand,nationality,274,21,3.49,13.05,0.544,11.76
439,1,daughter,father,,,Thailand,nationality,273,26,3.56,10.5,0.505,10.59
439,2,daughter,father,,,Thailand,nationality,287,22,3.43,13.05,0.53,11.67
440,0,son,father,,,Thailand,nationality,276,23,3.62,12.0,0.504,11.43
440,1,son,father,,,Thailand,nationality,302,25,3.38,12.08,0.454,11.11
440,2,son,father,,,Thailand,nationality,300,21,3.48,14.29,0.517,12.36
441,0,child,father,,,Thailand,nationality,277,23,3.59,12.04,0.502,11.4
441,1,child,father,,,Thailand,nationality,306,25,3.58,12.24,0.516,11.49
441,2,child,father,,,Thailand,nationality,312,23,3.43,13.57,0.51,11.93
442,0,daughter,mother,,,Thailand,nationality,286,22,3.51,13.0,0.542,11.77
442,1,daughter,mother,,,Thailand,nationality,290,20,3.4,14.5,0.472,12.36
442,2,daughter,mother,,,Thailand,nationality,279,23,3.43,12.13,0.466,11.21
443,0,son,mother,,,Thailand,nationality,289,22,3.38,13.14,0.505,11.64
443,1,son,mother,,,Thailand,nationality,288,24,3.41,12.0,0.524,11.11
443,2,son,mother,,,Thailand,nationality,275,23,3.49,11.96,0.549,11.21
444,0,child,mother,,,Thailand,nationality,310,26,3.62,11.92,0.519,11.39
444,1,child,mother,,,Thailand,nationality,304,21,3.39,14.48,0.48,12.33
444,2,child,mother,,,Thailand,nationality,262,23,3.54,11.39,0.496,11.0
445,0,daughter,father,,,Vietnam,nationality,322,25,3.56,12.88,0.519,11.77
445,1,daughter,father,,,Vietnam,nationality,301,26,3.38,11.58,0.462,10.86
445,2,daughter,father,,,Vietnam,nationality,307,26,3.59,11.81,0.521,11.29
446,0,son,father,,,Vietnam,nationality,273,23,3.52,11.87,0.513,11.21
446,1,son,father,,,Vietnam,nationality,300,24,3.5,12.5,0.497,11.5
446,2,son,father,,,Vietnam,nationality,260,25,3.55,10.4,0.523,10.52
447,0,child,father,,,Vietnam,nationality,295,25,3.45,11.8,0.529,11.08
447,1,child,father,,,Vietnam,nationality,281,22,3.47,12.77,0.516,11.59
447,2,child,father,,,Vietnam,nationality,311,26,3.47,11.96,0.511,11.18
448,0,daughter,mother,,,Vietnam,nationality,264,23,3.53,11.48,0.53,11.03
448,1,daughter,mother,,,Vietnam,nationality,303,23,3.46,13.17,0.518,11.78
448,2,daughter,mother,,,Vietnam,nationality,346,24,3.38,14.42,0.529,12.28
449,0,son,mother,,,Vietnam,nationality,290,26,3.5,11.15,0.531,10.83
449,1,son,mother,,,Vietnam,nationality,277,25,3.52,11.08,0.523,10.81
449,2,son,mother,,,Vietnam,nationality,284,23,3.46,12.35,0.518,11.37
450,0,child,mother,,,Vietnam,nationality,273,22,3.35,12.41,0.535,11.23
450,1,child,mother,,,Vietnam,nationality,277,24,3.55,11.54,0.57,11.1
450,2,child,mother,,,Vietnam,nationality,271,20,3.53,13.55,0.513,12.07
451,0,daughter,father,,,Australia,nationality,293,25,3.4,11.72,0.515,10.96
451,1,daughter,father,,,Australia,nationality,279,24,3.42,11.62,0.534,10.95
451,2,daughter,father,,,Australia,nationality,281,20,3.61,14.05,0.562,12.44
452,0,son,father,,,Australia,nationality,291,25,3.55,11.64,0.536,11.14
452,1,son,father,,,Australia,nationality,278,22,3.42,12.64,0.493,11.45
452,2,son,father,,,Australia,nationality,283,23,3.45,12.3,0.527,11.33
453,0,child,father,,,Australia,nationality,315,23,3.58,13.7,0.498,12.21
453,1,child,father,,,Australia,nationality,302,25,3.47,12.08,0.51,11.25
453,2,child,father,,,Australia,nationality,271,22,3.53,12.32,0.502,11.45
454,0,daughter,mother,,,Australia,nationality,287,26,3.47,11.04,0.519,10.72
454,1,daughter,mother,,,Australia,nationality,288,23,3.53,12.52,0.476,11.56
454,2,daughter,mother,,,Australia,nationality,290,20,3.42,14.5,0.49,12.38
455,0,son,mother,,,Australia,nationality,303,23,3.53,13.17,0.515,11.88
455,1,son,mother,,,Australia,nationality,266,25,3.51,10.64,0.526,10.59
455,2,son,mother,,,Australia,nationality,292,26,3.5,11.23,0.514,10.87
456,0,child,mother,,,Australia,nationality,259,24,3.66,10.79,0.529,10.88
456,1,child,mother,,,Australia,nationality,269,22,3.35,12.23,0.48,11.14
456,2,child,mother,,,Australia,nationality,297,26,3.68,11.42,0.545,11.23
457,0,daughter,father,,,Canada,nationality,283,27,3.51,10.48,0.541,10.5
457,1,daughter,father,,,Canada,nationality,326,24,3.44,13.58,0.506,11.95
457,2,daughter,father,,,Canada,nationality,287,21,3.44,13.67,0.53,11.99
458,0,son,father,,,Canada,nationality,288,26,3.36,11.08,0.521,10.57
458,1,son,father,,,Canada,nationality,282,25,3.46,11.28,0.535,10.84
458,2,son,father,,,Canada,nationality,287,23,3.61,12.48,0.551,11.65
459,0,child,father,,,Canada,nationality,292,27,3.55,10.81,0.514,10.74
459,1,child,father,,,Canada,nationality,282,23,3.48,12.26,0.504,11.35
459,2,child,father,,,Canada,nationality,269,24,3.47,11.21,0.517,10.81
460,0,daughter,mother,,,Canada,nationality,316,20,3.47,15.8,0.503,13.1
460,1,daughter,mother,,,Canada,nationality,295,24,3.41,12.29,0.512,11.26
460,2,daughter,mother,,,Canada,nationality,285,23,3.38,12.39,0.484,11.26
461,0,son,mother,,,Canada,nationality,297,22,3.59,13.5,0.529,12.13
461,1,son,mother,,,Canada,nationality,278,24,3.49,11.58,0.475,11.02
461,2,son,mother,,,Canada,nationality,269,21,3.49,12.81,0.494,11.65
462,0,child,mother,,,Canada,nationality,271,22,3.51,12.32,0.539,11.42
462,1,child,mother,,,Canada,nationality,271,20,3.68,13.55,0.535,12.29
462,2,child,mother,,,Canada,nationality,315,23,3.41,13.7,0.514,11.97
463,0,daughter,father,,,Italy,nationality,307,24,3.48,12.79,0.511,11.61
463,1,daughter,father,,,Italy,nationality,287,19,3.37,15.11,0.484,12.61
463,2,daughter,father,,,Italy,nationality,296,22,3.32,13.45,0.49,11.71
464,0,son,father,,,Italy,nationality,287,27,3.61,10.63,0.502,10.72
464,1,son,father,,,Italy,nationality,295,19,3.41,15.53,0.502,12.87
464,2,son,father,,,Italy,nationality,269,22,3.44,12.23,0.509,11.28
465,0,child,father,,,Italy,nationality,275,21,3.3,13.1,0.502,11.5
465,1,child,father,,,Italy,nationality,269,24,3.36,11.21,0.494,10.65
465,2,child,father,,,Italy,nationality,284,25,3.61,11.36,0.581,11.09
466,0,daughter,mother,,,Italy,nationality,310,22,3.46,14.09,0.471,12.23
466,1,daughter,mother,,,Italy,nationality,285,22,3.63,12.95,0.474,11.92
466,2,daughter,mother,,,Italy,nationality,323,23,3.47,14.04,0.508,12.23
467,0,son,mother,,,Italy,nationality,279,25,3.46,11.16,0.513,10.77
467,1,son,mother,,,Italy,nationality,282,23,3.41,12.26,0.486,11.25
467,2,son,mother,,,Italy,nationality,307,25,3.37,12.28,0.544,11.2
468,0,child,mother,,,Italy,nationality,287,27,3.48,10.63,0.537,10.53
468,1,child,mother,,,Italy,nationality,268,25,3.45,10.72,0.496,10.54
468,2,child,mother,,,Italy,nationality,302,23,3.69,13.13,0.487,12.1
469,0,daughter,father,,,Spain,nationality,292,21,3.48,13.9,0.517,12.17
469,1,daughter,father,,,Spain,nationality,338,29,3.58,11.66,0.476,11.19
469,2,daughter,father,,,Spain,nationality,262,21,3.45,12.48,0.504,11.42
470,0,son,father,,,Spain,nationality,300,23,3.42,13.04,0.503,11.65
470,1,son,father,,,Spain,nationality,300,28,3.44,10.71,0.513,10.51
470,2,son,father,,,Spain,nationality,295,24,3.24,12.29,0.488,11.01
471,0,child,father,,,Spain,nationality,278,19,3.61,14.63,0.547,12.73
471,1,child,father,,,Spain,nationality,309,24,3.68,12.88,0.472,11.96
471,2,child,father,,,Spain,nationality,313,24,3.51,13.04,0.521,11.79
472,0,daughter,mother,,,Spain,nationality,299,24,3.43,12.46,0.525,11.38
472,1,daughter,mother,,,Spain,nationality,295,22,3.38,13.41,0.508,11.77
472,2,daughter,mother,,,Spain,nationality,276,21,3.52,13.14,0.518,11.85
473,0,son,mother,,,Spain,nationality,309,22,3.42,14.05,0.46,12.16
473,1,son,mother,,,Spain,nationality,321,28,3.48,11.46,0.498,10.95
473,2,son,mother,,,Spain,nationality,314,23,3.41,13.65,0.516,11.94
474,0,child,mother,,,Spain,nationality,296,24,3.56,12.33,0.524,11.51
474,1,child,mother,,,Spain,nationality,307,26,3.61,11.81,0.515,11.32
474,2,child,mother,,,Spain,nationality,286,25,3.45,11.44,0.528,10.9
475,0,daughter,father,,,Saudi Arabia,nationality,278,21,3.4,13.24,0.5,11.71
475,1,daughter,father,,,Saudi Arabia,nationality,296,27,3.48,10.96,0.493,10.71
475,2,daughter,father,,,Saudi Arabia,nationality,283,21,3.55,13.48,0.53,12.06
476,0,son,father,,,Saudi Arabia,nationality,302,25,3.42,12.08,0.517,11.18
476,1,son,father,,,Saudi Arabia,nationality,295,21,3.55,14.05,0.505,12.34
476,2,son,father,,,Saudi Arabia,nationality,260,23,3.6,11.3,0.508,11.05
477,0,child,father,,,Saudi Arabia,nationality,283,25,3.51,11.32,0.601,10.93
477,1,child,father,,,Saudi Arabia,nationality,303,27,3.47,11.22,0.528,10.81
477,2,child,father,,,Saudi Arabia,nationality,317,27,3.4,11.74,0.454,10.97
478,0,daughter,mother,,,Saudi Arabia,nationality,311,26,3.49,11.96,0.508,11.21
478,1,daughter,mother,,,Saudi Arabia,nationality,279,20,3.51,13.95,0.505,12.23
478,2,daughter,mother,,,Saudi Arabia,nationality,293,26,3.47,11.27,0.495,10.84
479,0,son,mother,,,Saudi Arabia,nationality,308,22,3.55,14.0,0.474,12.33
479,1,son,mother,,,Saudi Arabia,nationality,301,21,3.7,14.33,0.532,12.71
479,2,son,mother,,,Saudi Arabia,nationality,262,20,3.43,13.1,0.504,11.7
480,0,child,mother,,,Saudi Arabia,nationality,312,28,3.4,11.14,0.506,10.67
480,1,child,mother,,,Saudi Arabia,nationality,274,25,3.42,10.96,0.482,10.62
480,2,child,mother,,,Saudi Arabia,nationality,293,24,3.46,12.21,0.515,11.29
481,0,daughter,father,,,Ethiopia,nationality,273,22,3.59,12.41,0.575,11.59
481,1,daughter,father,,,Ethiopia,nationality,294,24,3.39,12.25,0.534,11.21
481,2,daughter,father,,,Ethiopia,nationality,304,22,3.47,13.82,0.51,12.11
482,0,son,father,,,Ethiopia,nationality,277,21,3.32,13.19,0.484,11.58
482,1,son,father,,,Ethiopia,nationality,307,21,3.51,14.62,0.485,12.57
482,2,son,father,,,Ethiopia,nationality,263,23,3.58,11.43,0.483,11.09
483,0,child,father,,,Ethiopia,nationality,268,24,3.37,11.17,0.545,10.63
483,1,child,father,,,Ethiopia,nationality,341,28,3.53,12.18,0.49,11.39
483,2,child,father,,,Ethiopia,nationality,309,25,3.52,12.36,0.544,11.46
484,0,daughter,mother,,,Ethiopia,nationality,310,24,3.43,12.92,0.477,11.6
484,1,daughter,mother,,,Ethiopia,nationality,271,20,3.48,13.55,0.52,12.0
484,2,daughter,mother,,,Ethiopia,nationality,265,21,3.44,12.62,0.509,11.47
485,0,son,mother,,,Ethiopia,nationality,279,27,3.63,10.33,0.513,10.61
485,1,son,mother,,,Ethiopia,nationality,301,25,3.48,12.04,0.485,11.23
485,2,son,mother,,,Ethiopia,nationality,272,21,3.54,12.95,0.54,11.79
486,0,child,mother,,,Ethiopia,nationality,291,24,3.41,12.12,0.533,11.18
486,1,child,mother,,,Ethiopia,nationality,278,22,3.53,12.64,0.507,11.62
486,2,child,mother,,,Ethiopia,nationality,352,26,3.35,13.54,0.423,11.8
487,0,daughter,father,,,Kenya,nationality,261,21,3.46,12.43,0.517,11.41
487,1,daughter,father,,,Kenya,nationality,301,21,3.41,14.33,0.502,12.28
487,2,daughter,father,,,Kenya,nationality,294,21,3.59,14.0,0.524,12.38
488,0,son,father,,,Kenya,nationality,320,25,3.57,12.8,0.516,11.76
488,1,son,father,,,Kenya,nationality,272,23,3.5,11.83,0.518,11.17
488,2,son,father,,,Kenya,nationality,287,23,3.49,12.48,0.505,11.47
489,0,child,father,,,Kenya,nationality,281,27,3.55,10.41,0.495,10.53
489,1,child,father,,,Kenya,nationality,324,25,3.46,12.96,0.5,11.67
489,2,child,father,,,Kenya,nationality,263,24,3.53,10.96,0.536,10.78
490,0,daughter,mother,,,Kenya,nationality,283,22,3.41,12.86,0.495,11.55
490,1,daughter,mother,,,Kenya,nationality,296,23,3.59,12.87,0.507,11.83
490,2,daughter,mother,,,Kenya,nationality,295,23,3.55,12.83,0.525,11.73
491,0,son,mother,,,Kenya,nationality,287,23,3.41,12.48,0.474,11.36
491,1,son,mother,,,Kenya,nationality,279,26,3.53,10.73,0.538,10.67
491,2,son,mother,,,Kenya,nationality,279,25,3.52,11.16,0.516,10.86
492,0,child,mother,,,Kenya,nationality,294,26,3.48,11.31,0.503,10.87
492,1,child,mother,,,Kenya,nationality,365,31,3.52,11.77,0.504,11.16
492,2,child,mother,,,Kenya,nationality,295,26,3.54,11.35,0.492,10.98
493,0,daughter,father,,,South Africa,nationality,317,24,3.32,13.21,0.511,11.58
493,1,daughter,father,,,South Africa,nationality,308,30,3.45,10.27,0.532,10.32
493,2,daughter,father,,,South Africa,nationality,318,27,3.51,11.78,0.519,11.15
494,0,son,father,,,South Africa,nationality,310,25,3.52,12.4,0.506,11.48
494,1,son,father,,,South Africa,nationality,289,21,3.47,13.76,0.498,12.09
494,2,son,father,,,South Africa,nationality,302,26,3.55,11.62,0.553,11.14
495,0,child,father,,,South Africa,nationality,277,24,3.5,11.54,0.527,11.02
495,1,child,father,,,South Africa,nationality,286,22,3.61,13.0,0.49,11.91
495,2,child,father,,,South Africa,nationality,286,22,3.52,13.0,0.538,11.78
496,0,daughter,mother,,,South Africa,nationality,324,24,3.48,13.5,0.54,11.97
496,1,daughter,mother,,,South Africa,nationality,289,23,3.4,12.57,0.45,11.39
496,2,daughter,mother,,,South Africa,nationality,290,21,3.55,13.81,0.497,12.23
497,0,son,mother,,,South Africa,nationality,282,21,3.53,13.43,0.532,12.01
497,1,son,mother,,,South Africa,nationality,315,26,3.38,12.12,0.486,11.13
497,2,son,mother,,,South Africa,nationality,298,23,3.53,12.96,0.493,11.77
498,0,child,mother,,,South Africa,nationality,306,26,3.64,11.77,0.539,11.35
498,1,child,mother,,,South Africa,nationality,292,25,3.49,11.68,0.517,11.07
498,2,child,mother,,,South Africa,nationality,309,27,3.46,11.44,0.498,10.91
499,0,daughter,father,,,Philippines,nationality,288,24,3.72,12.0,0.556,11.58
499,1,daughter,father,,,Philippines,nationality,283,20,3.33,14.15,0.495,12.06
499,2,daughter,father,,,Philippines,nationality,287,21,3.49,13.67,0.509,12.07
500,0,son,father,,,Philippines,nationality,288,20,3.48,14.4,0.462,12.41
500,1,son,father,,,Philippines,nationality,284,23,3.41,12.35,0.518,11.29
500,2,son,father,,,Philippines,nationality,267,24,3.55,11.12,0.528,10.89
501,0,child,father,,,Philippines,nationality,279,21,3.49,13.29,0.498,11.88
501,1,child,father,,,Philippines,nationality,322,25,3.54,12.88,0.491,11.75
501,2,child,father,,,Philippines,nationality,286,25,3.61,11.44,0.524,11.13
502,0,daughter,mother,,,Philippines,nationality,286,21,3.55,13.62,0.524,12.13
502,1,daughter,mother,,,Philippines,nationality,293,25,3.49,11.72,0.481,11.1
502,2,daughter,mother,,,Philippines,nationality,355,29,3.51,12.24,0.521,11.39
503,0,son,mother,,,Philippines,nationality,294,25,3.47,11.76,0.5,11.08
503,1,son,mother,,,Philippines,nationality,278,25,3.46,11.12,0.54,10.76
503,2,son,mother,,,Philippines,nationality,283,24,3.57,11.79,0.523,11.24
504,0,child,mother,,,Philippines,nationality,292,23,3.42,12.7,0.497,11.48
504,1,child,mother,,,Philippines,nationality,279,24,3.52,11.62,0.559,11.09
504,2,child,mother,,,Philippines,nationality,276,27,3.49,10.22,0.507,10.34
505,0,daughter,father,,,Myanmar,nationality,286,20,3.37,14.3,0.497,12.21
505,1,daughter,father,,,Myanmar,nationality,295,21,3.41,14.05,0.502,12.14
505,2,daughter,father,,,Myanmar,nationality,288,21,3.63,13.71,0.528,12.3
506,0,son,father,,,Myanmar,nationality,291,27,3.51,10.78,0.495,10.66
506,1,son,father,,,Myanmar,nationality,256,24,3.61,10.67,0.52,10.75
506,2,son,father,,,Myanmar,nationality,315,27,3.61,11.67,0.505,11.24
507,0,child,father,,,Myanmar,nationality,292,24,3.61,12.17,0.545,11.49
507,1,child,father,,,Myanmar,nationality,293,24,3.43,12.21,0.488,11.25
507,2,child,father,,,Myanmar,nationality,301,24,3.42,12.54,0.545,11.39
508,0,daughter,mother,,,Myanmar,nationality,289,26,3.61,11.12,0.495,10.97
508,1,daughter,mother,,,Myanmar,nationality,317,26,3.65,12.19,0.53,11.57
508,2,daughter,mother,,,Myanmar,nationality,282,24,3.45,11.75,0.479,11.05
509,0,son,mother,,,Myanmar,nationality,291,27,3.49,10.78,0.502,10.63
509,1,son,mother,,,Myanmar,nationality,269,22,3.44,12.23,0.506,11.27
509,2,son,mother,,,Myanmar,nationality,287,22,3.59,13.05,0.557,11.9
510,0,child,mother,,,Myanmar,nationality,329,26,3.6,12.65,0.495,11.73
510,1,child,mother,,,Myanmar,nationality,287,25,3.61,11.48,0.488,11.16
510,2,child,mother,,,Myanmar,nationality,287,23,3.45,12.48,0.505,11.41
511,0,daughter,father,,,Tibet,nationality,285,23,3.49,12.39,0.519,11.44
511,1,daughter,father,,,Tibet,nationality,275,25,3.54,11.0,0.535,10.81
511,2,daughter,father,,,Tibet,nationality,307,25,3.36,12.28,0.482,11.18
512,0,son,father,,,Tibet,nationality,276,24,3.39,11.5,0.5,10.83
512,1,son,father,,,Tibet,nationality,291,26,3.59,11.19,0.481,10.99
512,2,son,father,,,Tibet,nationality,282,23,3.68,12.26,0.528,11.66
513,0,child,father,,,Tibet,nationality,293,22,3.56,13.32,0.485,12.0
513,1,child,father,,,Tibet,nationality,272,27,3.68,10.07,0.522,10.56
513,2,child,father,,,Tibet,nationality,287,22,3.47,13.05,0.516,11.73
514,0,daughter,mother,,,Tibet,nationality,318,26,3.47,12.23,0.475,11.32
514,1,daughter,mother,,,Tibet,nationality,297,23,3.36,12.91,0.488,11.49
514,2,daughter,mother,,,Tibet,nationality,288,23,3.45,12.52,0.531,11.44
515,0,son,mother,,,Tibet,nationality,267,21,3.5,12.71,0.506,11.61
515,1,son,mother,,,Tibet,nationality,257,22,3.73,11.68,0.572,11.44
515,2,son,mother,,,Tibet,nationality,331,26,3.48,12.73,0.489,11.59
516,0,child,mother,,,Tibet,nationality,312,24,3.58,13.0,0.503,11.88
516,1,child,mother,,,Tibet,nationality,298,23,3.59,12.96,0.48,11.87
516,2,child,mother,,,Tibet,nationality,309,24,3.44,12.88,0.502,11.59
517,0,daughter,father,,,Bhutan,nationality,258,22,3.48,11.73,0.543,11.08
517,1,daughter,father,,,Bhutan,nationality,282,24,3.47,11.75,0.546,11.08
517,2,daughter,father,,,Bhutan,nationality,318,23,3.35,13.83,0.494,11.94
518,0,son,father,,,Bhutan,nationality,287,22,3.4,13.05,0.523,11.63
518,1,son,father,,,Bhutan,nationality,291,25,3.48,11.64,0.533,11.04
518,2,son,father,,,Bhutan,nationality,282,21,3.41,13.43,0.518,11.83
519,0,child,father,,,Bhutan,nationality,253,26,3.52,9.73,0.557,10.15
519,1,child,father,,,Bhutan,nationality,284,23,3.5,12.35,0.546,11.42
519,2,child,father,,,Bhutan,nationality,265,21,3.44,12.62,0.536,11.47
520,0,daughter,mother,,,Bhutan,nationality,264,22,3.41,12.0,0.515,11.11
520,1,daughter,mother,,,Bhutan,nationality,282,23,3.48,12.26,0.535,11.35
520,2,daughter,mother,,,Bhutan,nationality,276,24,3.59,11.5,0.514,11.13
521,0,son,mother,,,Bhutan,nationality,325,27,3.53,12.04,0.477,11.31
521,1,son,mother,,,Bhutan,nationality,280,25,3.58,11.2,0.557,10.97
521,2,son,mother,,,Bhutan,nationality,284,23,3.46,12.35,0.493,11.37
522,0,child,mother,,,Bhutan,nationality,288,21,3.51,13.71,0.528,12.12
522,1,child,mother,,,Bhutan,nationality,258,21,3.55,12.29,0.5,11.47
522,2,child,mother,,,Bhutan,nationality,281,22,3.4,12.77,0.516,11.48
