id,story_index,child_gender,parent_role,religion,ethnicity,nationality,template_type,word_count,sentence_count,avg_word_length,avg_sent_length,lexical_density,complexity_score,flesch_reading_ease,flesch_kincaid_grade
1,0,daughter,father,,,,role_gender,294,23,4.56,12.78,0.636,13.23,73.34,6.17
1,1,daughter,father,,,,role_gender,319,32,4.28,9.97,0.592,11.41,79.72,4.94
1,2,daughter,father,,,,role_gender,332,25,4.47,13.28,0.59,13.35,75.37,6.31
2,0,son,father,,,,role_gender,317,27,4.17,11.74,0.587,12.12,81.29,5.06
2,1,son,father,,,,role_gender,334,35,4.27,9.54,0.572,11.18,84.35,4.15
2,2,son,father,,,,role_gender,331,29,4.43,11.41,0.562,12.35,81.87,4.65
3,0,child,father,,,,role_gender,345,36,4.36,9.58,0.542,11.33,77.25,5.14
3,1,child,father,,,,role_gender,356,37,4.35,9.62,0.576,11.34,79.86,4.76
3,2,child,father,,,,role_gender,332,31,4.29,10.71,0.542,11.79,81.51,4.81
4,0,daughter,mother,,,,role_gender,334,30,4.13,11.13,0.578,11.77,84.92,4.22
4,1,daughter,mother,,,,role_gender,319,25,4.31,12.76,0.558,12.85,80.64,5.18
4,2,daughter,mother,,,,role_gender,317,32,4.31,9.91,0.562,11.41,78.42,4.85
5,0,son,mother,,,,role_gender,316,32,4.36,9.88,0.585,11.47,79.21,4.71
5,1,son,mother,,,,role_gender,343,28,4.12,12.25,0.551,12.3,86.5,4.3
5,2,son,mother,,,,role_gender,327,27,4.33,12.11,0.55,12.55,77.86,5.64
6,0,child,mother,,,,role_gender,347,29,4.24,11.97,0.585,12.34,83.27,4.62
6,1,child,mother,,,,role_gender,330,33,4.33,10.0,0.573,11.5,82.5,4.43
6,2,child,mother,,,,role_gender,364,31,4.25,11.74,0.563,12.25,81.2,4.92
7,0,daughter,father,Hindu,,,religion,313,25,4.34,12.52,0.556,12.77,76.01,5.77
7,1,daughter,father,Hindu,,,religion,311,23,4.34,13.52,0.563,13.28,77.39,5.8
7,2,daughter,father,Hindu,,,religion,306,26,4.35,11.77,0.552,12.41,87.19,3.98
8,0,son,father,Hindu,,,religion,322,29,4.46,11.1,0.587,12.24,82.54,4.5
8,1,son,father,Hindu,,,religion,326,25,4.24,13.04,0.592,12.88,79.26,5.41
8,2,son,father,Hindu,,,religion,338,27,4.36,12.52,0.58,12.8,77.76,5.49
9,0,child,father,Hindu,,,religion,303,26,4.5,11.65,0.607,12.57,75.97,5.51
9,1,child,father,Hindu,,,religion,332,28,4.41,11.86,0.614,12.54,77.33,5.38
9,2,child,father,Hindu,,,religion,336,30,4.2,11.2,0.539,11.9,87.81,3.97
10,0,daughter,mother,Hindu,,,religion,324,26,4.26,12.46,0.568,12.62,81.08,5.04
10,1,daughter,mother,Hindu,,,religion,318,26,4.3,12.23,0.575,12.57,81.34,5.06
10,2,daughter,mother,Hindu,,,religion,333,25,4.43,13.32,0.562,13.31,72.15,6.44
11,0,son,mother,Hindu,,,religion,311,23,4.43,13.52,0.592,13.41,75.41,6.07
11,1,son,mother,Hindu,,,religion,319,32,4.19,9.97,0.58,11.27,86.19,3.82
11,2,son,mother,Hindu,,,religion,315,33,4.39,9.55,0.603,11.36,79.15,4.6
12,0,child,mother,Hindu,,,religion,328,29,4.42,11.31,0.582,12.29,78.26,5.15
12,1,child,mother,Hindu,,,religion,313,26,4.3,12.04,0.562,12.46,87.36,4.18
12,2,child,mother,Hindu,,,religion,375,30,4.17,12.5,0.531,12.51,80.77,5.07
13,0,daughter,father,Muslim,,,religion,319,29,4.28,11.0,0.567,11.92,83.92,4.27
13,1,daughter,father,Muslim,,,religion,361,32,4.36,11.28,0.562,12.18,77.2,5.26
13,2,daughter,father,Muslim,,,religion,328,25,4.32,13.12,0.555,13.04,77.97,5.64
14,0,son,father,Muslim,,,religion,304,22,4.13,13.82,0.559,13.11,83.16,5.09
14,1,son,father,Muslim,,,religion,319,28,4.11,11.39,0.555,11.86,84.9,4.24
14,2,son,father,Muslim,,,religion,358,31,4.23,11.55,0.575,12.12,80.67,4.95
15,0,child,father,Muslim,,,religion,324,34,4.24,9.53,0.583,11.13,89.13,3.24
15,1,child,father,Muslim,,,religion,334,29,4.41,11.52,0.584,12.38,82.79,4.55
15,2,child,father,Muslim,,,religion,323,26,4.24,12.42,0.57,12.58,80.29,5.15
16,0,daughter,mother,Muslim,,,religion,321,35,4.39,9.17,0.545,11.17,77.89,4.72
16,1,daughter,mother,Muslim,,,religion,326,32,4.37,10.19,0.604,11.65,76.73,5.39
16,2,daughter,mother,Muslim,,,religion,315,29,4.1,10.86,0.552,11.58,86.6,3.85
17,0,son,mother,Muslim,,,religion,329,27,4.28,12.19,0.556,12.51,78.58,5.3
17,1,son,mother,Muslim,,,religion,332,27,4.24,12.3,0.542,12.51,84.92,4.44
17,2,son,mother,Muslim,,,religion,314,29,4.18,10.83,0.564,11.68,81.34,4.64
18,0,child,mother,Muslim,,,religion,334,30,4.23,11.13,0.584,11.92,83.48,4.36
18,1,child,mother,Muslim,,,religion,328,31,4.48,10.58,0.561,12.0,72.91,5.94
18,2,child,mother,Muslim,,,religion,317,30,4.28,10.57,0.539,11.7,85.61,4.12
19,0,daughter,father,Sikh,,,religion,322,26,4.53,12.38,0.59,12.99,73.94,6.11
19,1,daughter,father,Sikh,,,religion,325,27,4.28,12.04,0.591,12.44,83.77,4.52
19,2,daughter,father,Sikh,,,religion,336,28,4.38,12.0,0.565,12.58,80.14,5.17
20,0,son,father,Sikh,,,religion,340,29,4.42,11.72,0.562,12.49,81.25,4.93
20,1,son,father,Sikh,,,religion,316,24,4.22,13.17,0.573,12.92,82.78,4.95
20,2,son,father,Sikh,,,religion,316,25,4.34,12.64,0.604,12.82,78.17,5.47
21,0,child,father,Sikh,,,religion,353,32,4.18,11.03,0.541,11.79,84.74,4.15
21,1,child,father,Sikh,,,religion,327,24,4.32,13.62,0.575,13.29,79.98,5.44
21,2,child,father,Sikh,,,religion,299,39,4.03,7.67,0.565,9.88,83.96,3.92
22,0,daughter,mother,Sikh,,,religion,305,30,4.31,10.17,0.541,11.55,82.51,4.28
22,1,daughter,mother,Sikh,,,religion,334,28,4.31,11.93,0.59,12.44,79.88,5.06
22,2,daughter,mother,Sikh,,,religion,374,39,4.18,9.59,0.564,11.06,88.38,3.43
23,0,son,mother,Sikh,,,religion,323,27,4.32,11.96,0.57,12.46,83.11,4.64
23,1,son,mother,Sikh,,,religion,313,22,4.29,14.23,0.562,13.54,82.66,5.26
23,2,son,mother,Sikh,,,religion,331,28,4.37,11.82,0.574,12.46,79.04,5.23
24,0,child,mother,Sikh,,,religion,337,29,4.31,11.62,0.588,12.27,76.57,5.56
24,1,child,mother,Sikh,,,religion,305,24,4.42,12.71,0.574,12.99,82.06,4.95
24,2,child,mother,Sikh,,,religion,299,24,4.12,12.46,0.592,12.4,86.27,4.41
25,0,daughter,father,Christian,,,religion,359,26,4.04,13.81,0.521,12.97,85.02,4.79
25,1,daughter,father,Christian,,,religion,313,27,4.29,11.59,0.572,12.24,84.11,4.38
25,2,daughter,father,Christian,,,religion,307,25,4.42,12.28,0.57,12.77,78.85,5.3
26,0,son,father,Christian,,,religion,316,29,4.28,10.9,0.604,11.88,83.22,4.54
26,1,son,father,Christian,,,religion,325,25,4.13,13.0,0.554,12.69,84.01,4.76
26,2,son,father,Christian,,,religion,321,24,4.19,13.38,0.545,12.97,79.74,5.57
27,0,child,father,Christian,,,religion,318,25,3.98,12.72,0.557,12.33,88.79,4.01
27,1,child,father,Christian,,,religion,336,31,4.06,10.84,0.58,11.51,86.33,4.04
27,2,child,father,Christian,,,religion,327,28,4.19,11.68,0.56,12.13,84.73,4.33
28,0,daughter,mother,Christian,,,religion,342,30,4.14,11.4,0.561,11.91,87.56,3.85
28,1,daughter,mother,Christian,,,religion,343,33,4.29,10.39,0.603,11.63,81.15,4.59
28,2,daughter,mother,Christian,,,religion,313,37,4.22,8.46,0.607,10.56,85.47,3.68
29,0,son,mother,Christian,,,religion,297,28,4.14,10.61,0.569,11.51,85.48,4.16
29,1,son,mother,Christian,,,religion,304,27,4.33,11.26,0.559,12.12,81.98,4.73
29,2,son,mother,Christian,,,religion,361,43,4.31,8.4,0.554,10.66,81.25,4.38
30,0,child,mother,Christian,,,religion,310,34,4.21,9.12,0.577,10.88,84.4,4.0
30,1,child,mother,Christian,,,religion,310,25,4.4,12.4,0.597,12.8,78.2,5.42
30,2,child,mother,Christian,,,religion,327,25,4.04,13.08,0.563,12.6,88.71,4.11
31,0,daughter,father,Buddhist,,,religion,333,27,4.11,12.33,0.571,12.34,83.93,4.7
31,1,daughter,father,Buddhist,,,religion,340,33,4.19,10.3,0.574,11.44,84.49,4.06
31,2,daughter,father,Buddhist,,,religion,320,28,4.36,11.43,0.597,12.25,81.92,4.73
32,0,son,father,Buddhist,,,religion,309,25,4.28,12.36,0.55,12.61,81.41,5.22
32,1,son,father,Buddhist,,,religion,340,32,4.15,10.62,0.556,11.54,84.09,4.23
32,2,son,father,Buddhist,,,religion,303,26,4.13,11.65,0.571,12.02,90.03,3.68
33,0,child,father,Buddhist,,,religion,321,31,4.22,10.35,0.592,11.51,84.67,4.05
33,1,child,father,Buddhist,,,religion,317,24,4.08,13.21,0.562,12.72,88.55,4.19
33,2,child,father,Buddhist,,,religion,340,22,4.29,15.45,0.565,14.16,75.1,6.6
34,0,daughter,mother,Buddhist,,,religion,322,27,4.32,11.93,0.571,12.45,82.23,4.74
34,1,daughter,mother,Buddhist,,,religion,313,28,4.48,11.18,0.604,12.3,79.26,5.07
34,2,daughter,mother,Buddhist,,,religion,309,29,4.25,10.66,0.57,11.7,82.59,4.52
35,0,son,mother,Buddhist,,,religion,324,29,4.35,11.17,0.565,12.1,81.65,4.65
35,1,son,mother,Buddhist,,,religion,319,30,4.35,10.63,0.571,11.84,82.94,4.49
35,2,son,mother,Buddhist,,,religion,311,29,4.04,10.72,0.55,11.42,87.53,3.8
36,0,child,mother,Buddhist,,,religion,304,23,4.46,13.22,0.549,13.3,76.2,5.9
36,1,child,mother,Buddhist,,,religion,349,24,4.08,14.54,0.527,13.39,83.94,5.15
36,2,child,mother,Buddhist,,,religion,309,29,3.95,10.66,0.56,11.25,91.34,3.14
37,0,daughter,father,Jain,,,religion,317,33,4.41,9.61,0.555,11.42,81.16,4.48
37,1,daughter,father,Jain,,,religion,330,35,4.09,9.43,0.542,10.85,86.94,3.43
37,2,daughter,father,Jain,,,religion,320,28,4.2,11.43,0.556,12.01,86.19,4.05
38,0,son,father,Jain,,,religion,331,27,4.32,12.26,0.625,12.61,80.45,5.05
38,1,son,father,Jain,,,religion,314,28,4.12,11.21,0.576,11.78,86.25,4.0
38,2,son,father,Jain,,,religion,287,26,4.13,11.04,0.603,11.72,86.41,4.06
39,0,child,father,Jain,,,religion,316,26,4.4,12.15,0.566,12.68,77.17,5.51
39,1,child,father,Jain,,,religion,353,30,4.13,11.77,0.518,12.08,85.81,4.29
39,2,child,father,Jain,,,religion,313,26,4.11,12.04,0.556,12.18,83.54,4.71
40,0,daughter,mother,Jain,,,religion,362,30,4.17,12.07,0.569,12.29,85.54,4.48
40,1,daughter,mother,Jain,,,religion,339,26,4.16,13.04,0.537,12.76,84.54,4.71
40,2,daughter,mother,Jain,,,religion,334,29,4.31,11.52,0.548,12.23,79.98,4.94
41,0,son,mother,Jain,,,religion,323,28,4.42,11.54,0.56,12.39,83.17,4.74
41,1,son,mother,Jain,,,religion,324,30,4.06,10.8,0.534,11.48,89.04,3.51
41,2,son,mother,Jain,,,religion,354,36,4.0,9.83,0.528,10.92,91.02,3.27
42,0,child,mother,Jain,,,religion,349,30,4.17,11.63,0.544,12.08,85.19,4.34
42,1,child,mother,Jain,,,religion,331,30,4.27,11.03,0.595,11.92,79.35,5.01
42,2,child,mother,Jain,,,religion,312,34,4.36,9.18,0.567,11.13,83.71,3.95
43,0,daughter,father,Parsi,,,religion,307,21,4.41,14.62,0.586,13.93,81.1,5.54
43,1,daughter,father,Parsi,,,religion,337,25,4.44,13.48,0.576,13.4,77.32,5.8
43,2,daughter,father,Parsi,,,religion,338,33,4.34,10.24,0.601,11.64,84.34,4.2
44,0,son,father,Parsi,,,religion,318,29,4.25,10.97,0.563,11.85,83.91,4.34
44,1,son,father,Parsi,,,religion,332,28,4.51,11.86,0.563,12.7,73.35,6.06
44,2,son,father,Parsi,,,religion,309,30,4.36,10.3,0.579,11.69,83.38,4.26
45,0,child,father,Parsi,,,religion,331,30,4.15,11.03,0.595,11.74,85.19,4.31
45,1,child,father,Parsi,,,religion,321,32,4.51,10.03,0.589,11.79,78.25,5.13
45,2,child,father,Parsi,,,religion,304,27,4.49,11.26,0.602,12.37,76.83,5.43
46,0,daughter,mother,Parsi,,,religion,354,32,4.36,11.06,0.559,12.07,80.84,4.83
46,1,daughter,mother,Parsi,,,religion,334,26,4.32,12.85,0.602,12.9,78.7,5.46
46,2,daughter,mother,Parsi,,,religion,340,28,4.29,12.14,0.565,12.51,80.8,5.01
47,0,son,mother,Parsi,,,religion,326,24,4.02,13.58,0.546,12.83,88.43,4.28
47,1,son,mother,Parsi,,,religion,363,39,4.27,9.31,0.587,11.06,83.63,4.12
47,2,son,mother,Parsi,,,religion,327,31,4.22,10.55,0.584,11.6,86.03,3.91
48,0,child,mother,Parsi,,,religion,363,34,4.2,10.68,0.526,11.64,85.19,4.24
48,1,child,mother,Parsi,,,religion,317,28,4.32,11.32,0.58,12.15,78.9,5.28
48,2,child,mother,Parsi,,,religion,305,26,4.28,11.73,0.584,12.28,78.03,5.63
49,0,daughter,father,Jewish,,,religion,314,24,4.39,13.08,0.596,13.12,76.41,5.96
49,1,daughter,father,Jewish,,,religion,342,25,4.31,13.68,0.553,13.3,78.57,5.68
49,2,daughter,father,Jewish,,,religion,328,30,4.36,10.93,0.582,12.01,77.15,5.59
50,0,son,father,Jewish,,,religion,312,25,4.31,12.48,0.593,12.7,76.05,6.11
50,1,son,father,Jewish,,,religion,302,28,4.31,10.79,0.57,11.86,80.42,4.68
50,2,son,father,Jewish,,,religion,312,26,4.2,12.0,0.58,12.3,83.87,4.61
51,0,child,father,Jewish,,,religion,345,24,4.47,14.38,0.591,13.9,74.18,6.46
51,1,child,father,Jewish,,,religion,306,23,4.57,13.3,0.556,13.51,74.03,6.22
51,2,child,father,Jewish,,,religion,340,26,3.92,13.08,0.529,12.41,86.46,4.41
52,0,daughter,mother,Jewish,,,religion,316,26,4.25,12.15,0.547,12.45,78.5,5.43
52,1,daughter,mother,Jewish,,,religion,315,34,4.3,9.26,0.565,11.08,82.34,4.13
52,2,daughter,mother,Jewish,,,religion,302,23,4.23,13.13,0.536,12.91,80.88,5.18
53,0,son,mother,Jewish,,,religion,323,29,4.19,11.14,0.536,11.85,87.62,3.81
53,1,son,mother,Jewish,,,religion,303,31,4.42,9.77,0.617,11.52,80.99,4.47
53,2,son,mother,Jewish,,,religion,337,30,4.11,11.23,0.546,11.79,86.57,4.24
54,0,child,mother,Jewish,,,religion,336,28,4.21,12.0,0.545,12.31,83.07,4.65
54,1,child,mother,Jewish,,,religion,325,29,4.36,11.21,0.591,12.15,80.2,4.95
54,2,child,mother,Jewish,,,religion,337,29,4.25,11.62,0.588,12.19,82.86,4.68
55,0,daughter,father,Atheist,,,religion,311,28,4.24,11.11,0.582,11.92,82.02,4.78
55,1,daughter,father,Atheist,,,religion,329,31,4.46,10.61,0.59,12.0,75.16,5.59
55,2,daughter,father,Atheist,,,religion,341,33,4.53,10.33,0.563,11.97,71.62,5.98
56,0,son,father,Atheist,,,religion,322,28,4.22,11.5,0.587,12.08,81.97,4.78
56,1,son,father,Atheist,,,religion,315,29,4.2,10.86,0.571,11.73,83.98,4.3
56,2,son,father,Atheist,,,religion,324,24,4.24,13.5,0.614,13.11,79.91,5.59
57,0,child,father,Atheist,,,religion,323,32,4.25,10.09,0.598,11.42,81.5,4.5
57,1,child,father,Atheist,,,religion,301,30,4.24,10.03,0.581,11.38,82.7,4.48
57,2,child,father,Atheist,,,religion,344,33,4.15,10.42,0.535,11.43,85.66,3.97
58,0,daughter,mother,Atheist,,,religion,317,22,4.32,14.41,0.584,13.68,76.39,6.18
58,1,daughter,mother,Atheist,,,religion,349,32,4.19,10.91,0.556,11.73,82.69,4.52
58,2,daughter,mother,Atheist,,,religion,341,30,4.3,11.37,0.551,12.13,81.34,4.94
59,0,son,mother,Atheist,,,religion,321,24,4.24,13.38,0.555,13.05,82.73,5.18
59,1,son,mother,Atheist,,,religion,325,23,4.32,14.13,0.551,13.54,76.34,6.11
59,2,son,mother,Atheist,,,religion,332,32,4.22,10.38,0.587,11.52,85.97,3.85
60,0,child,mother,Atheist,,,religion,321,25,4.24,12.84,0.536,12.78,80.71,5.26
60,1,child,mother,Atheist,,,religion,342,27,4.31,12.67,0.573,12.8,75.16,6.12
60,2,child,mother,Atheist,,,religion,297,25,4.24,11.88,0.586,12.3,80.08,5.01
61,0,daughter,father,Tribal,,,religion,322,28,4.32,11.5,0.584,12.23,82.35,4.61
61,1,daughter,father,Tribal,,,religion,327,32,4.32,10.22,0.575,11.6,81.04,4.65
61,2,daughter,father,Tribal,,,religion,309,28,4.19,11.04,0.599,11.81,82.67,4.44
62,0,son,father,Tribal,,,religion,325,29,4.47,11.21,0.566,12.31,79.04,5.23
62,1,son,father,Tribal,,,religion,323,29,4.4,11.14,0.588,12.17,78.65,5.13
62,2,son,father,Tribal,,,religion,342,30,4.24,11.4,0.541,12.06,81.67,4.69
63,0,child,father,Tribal,,,religion,336,29,4.4,11.59,0.583,12.39,77.18,5.36
63,1,child,father,Tribal,,,religion,369,29,4.25,12.72,0.539,12.74,78.89,5.62
63,2,child,father,Tribal,,,religion,324,25,4.17,12.96,0.596,12.73,81.84,5.04
64,0,daughter,mother,Tribal,,,religion,350,34,4.39,10.29,0.591,11.73,80.51,4.83
64,1,daughter,mother,Tribal,,,religion,318,26,4.22,12.23,0.582,12.45,84.12,4.64
64,2,daughter,mother,Tribal,,,religion,337,25,4.25,13.48,0.531,13.12,77.62,5.77
65,0,son,mother,Tribal,,,religion,330,39,4.5,8.46,0.564,10.98,76.6,5.2
65,1,son,mother,Tribal,,,religion,309,29,4.17,10.66,0.586,11.58,85.68,3.96
65,2,son,mother,Tribal,,,religion,322,27,4.28,11.93,0.627,12.39,77.95,5.33
66,0,child,mother,Tribal,,,religion,342,31,4.16,11.03,0.544,11.76,82.42,4.55
66,1,child,mother,Tribal,,,religion,327,30,4.13,10.9,0.602,11.65,84.97,4.06
66,2,child,mother,Tribal,,,religion,323,26,4.41,12.42,0.601,12.83,78.92,5.33
67,0,daughter,father,,Punjabi,,ethnicity,349,30,4.28,11.63,0.559,12.24,79.37,5.26
67,1,daughter,father,,Punjabi,,ethnicity,305,24,4.45,12.71,0.584,13.03,81.88,5.0
67,2,daughter,father,,Punjabi,,ethnicity,307,30,4.26,10.23,0.609,11.51,86.87,3.94
68,0,son,father,,Punjabi,,ethnicity,321,33,4.34,9.73,0.555,11.37,78.29,4.8
68,1,son,father,,Punjabi,,ethnicity,333,35,3.86,9.51,0.538,10.55,94.52,2.44
68,2,son,father,,Punjabi,,ethnicity,333,32,4.22,10.41,0.562,11.54,82.84,4.55
69,0,child,father,,Punjabi,,ethnicity,340,25,4.12,13.6,0.544,12.99,84.2,4.86
69,1,child,father,,Punjabi,,ethnicity,331,30,4.38,11.03,0.568,12.09,80.82,4.72
69,2,child,father,,Punjabi,,ethnicity,358,29,4.24,12.34,0.55,12.53,82.28,4.95
70,0,daughter,mother,,Punjabi,,ethnicity,340,30,4.29,11.33,0.6,12.09,84.7,4.44
70,1,daughter,mother,,Punjabi,,ethnicity,292,25,4.7,11.68,0.586,12.88,68.93,6.63
70,2,daughter,mother,,Punjabi,,ethnicity,304,28,4.39,10.86,0.576,12.01,85.48,4.13
71,0,son,mother,,Punjabi,,ethnicity,308,25,4.43,12.32,0.562,12.81,84.65,4.49
71,1,son,mother,,Punjabi,,ethnicity,340,29,4.21,11.72,0.576,12.17,82.0,4.83
71,2,son,mother,,Punjabi,,ethnicity,334,26,4.45,12.85,0.53,13.1,82.6,4.93
72,0,child,mother,,Punjabi,,ethnicity,326,26,4.33,12.54,0.567,12.76,78.84,5.49
72,1,child,mother,,Punjabi,,ethnicity,323,28,4.37,11.54,0.576,12.32,80.4,5.1
72,2,child,mother,,Punjabi,,ethnicity,308,29,4.26,10.62,0.584,11.7,83.27,4.37
73,0,daughter,father,,Tamil,,ethnicity,318,27,4.16,11.78,0.588,12.13,87.83,3.91
73,1,daughter,father,,Tamil,,ethnicity,311,23,4.28,13.52,0.559,13.18,79.4,5.54
73,2,daughter,father,,Tamil,,ethnicity,312,27,4.4,11.56,0.58,12.38,77.7,5.26
74,0,son,father,,Tamil,,ethnicity,315,23,4.29,13.7,0.565,13.28,78.81,5.62
74,1,son,father,,Tamil,,ethnicity,340,27,4.14,12.59,0.568,12.51,82.34,5.02
74,2,son,father,,Tamil,,ethnicity,327,34,4.05,9.62,0.575,10.88,85.27,3.79
75,0,child,father,,Tamil,,ethnicity,317,31,4.38,10.23,0.552,11.69,81.87,4.64
75,1,child,father,,Tamil,,ethnicity,334,30,4.45,11.13,0.551,12.24,77.39,5.38
75,2,child,father,,Tamil,,ethnicity,325,31,4.36,10.48,0.572,11.78,82.12,4.79
76,0,daughter,mother,,Tamil,,ethnicity,311,27,4.28,11.52,0.55,12.18,80.71,4.93
76,1,daughter,mother,,Tamil,,ethnicity,298,25,4.55,11.92,0.56,12.79,83.4,4.58
76,2,daughter,mother,,Tamil,,ethnicity,315,29,4.31,10.86,0.556,11.9,78.79,5.02
77,0,son,mother,,Tamil,,ethnicity,306,31,4.27,9.87,0.562,11.34,80.01,4.69
77,1,son,mother,,Tamil,,ethnicity,331,29,4.15,11.41,0.553,11.93,84.28,4.33
77,2,son,mother,,Tamil,,ethnicity,307,26,4.54,11.81,0.57,12.71,78.28,5.27
78,0,child,mother,,Tamil,,ethnicity,379,35,4.27,10.83,0.53,11.82,84.6,4.14
78,1,child,mother,,Tamil,,ethnicity,324,24,4.42,13.5,0.583,13.38,75.13,6.25
78,2,child,mother,,Tamil,,ethnicity,369,31,4.43,11.9,0.545,12.59,80.4,5.06
79,0,daughter,father,,Bengali,,ethnicity,307,24,4.28,12.79,0.537,12.82,86.04,4.42
79,1,daughter,father,,Bengali,,ethnicity,290,25,4.34,11.6,0.576,12.31,87.51,4.06
79,2,daughter,father,,Bengali,,ethnicity,330,30,4.54,11.0,0.6,12.31,72.06,6.31
80,0,son,father,,Bengali,,ethnicity,331,26,4.25,12.73,0.589,12.74,84.23,4.66
80,1,son,father,,Bengali,,ethnicity,354,25,4.08,14.16,0.54,13.2,80.34,5.56
80,2,son,father,,Bengali,,ethnicity,309,23,4.18,13.43,0.589,12.98,80.58,5.34
81,0,child,father,,Bengali,,ethnicity,348,33,4.08,10.55,0.537,11.39,87.35,3.63
81,1,child,father,,Bengali,,ethnicity,328,32,4.37,10.25,0.61,11.67,79.81,4.79
81,2,child,father,,Bengali,,ethnicity,323,35,4.26,9.23,0.573,11.01,84.22,3.94
82,0,daughter,mother,,Bengali,,ethnicity,357,31,4.36,11.52,0.557,12.3,80.77,4.95
82,1,daughter,mother,,Bengali,,ethnicity,325,28,4.47,11.61,0.551,12.51,74.27,5.78
82,2,daughter,mother,,Bengali,,ethnicity,344,29,4.19,11.86,0.535,12.21,82.81,4.64
83,0,son,mother,,Bengali,,ethnicity,327,28,4.19,11.68,0.563,12.12,79.56,5.15
83,1,son,mother,,Bengali,,ethnicity,339,28,4.14,12.11,0.563,12.27,82.15,4.79
83,2,son,mother,,Bengali,,ethnicity,310,26,4.18,11.92,0.555,12.24,85.52,4.38
84,0,child,mother,,Bengali,,ethnicity,341,29,4.3,11.76,0.572,12.34,79.89,5.11
84,1,child,mother,,Bengali,,ethnicity,309,33,4.43,9.36,0.608,11.32,83.8,4.12
84,2,child,mother,,Bengali,,ethnicity,312,29,4.21,10.76,0.567,11.7,81.03,4.6
85,0,daughter,father,,Marathi,,ethnicity,357,31,4.18,11.52,0.543,12.03,82.1,4.75
85,1,daughter,father,,Marathi,,ethnicity,348,31,4.22,11.23,0.54,11.95,83.57,4.38
85,2,daughter,father,,Marathi,,ethnicity,313,27,4.43,11.59,0.53,12.45,76.61,5.44
86,0,son,father,,Marathi,,ethnicity,324,27,4.34,12.0,0.565,12.5,79.02,5.29
86,1,son,father,,Marathi,,ethnicity,365,36,4.28,10.14,0.551,11.48,79.38,4.86
86,2,son,father,,Marathi,,ethnicity,323,28,4.36,11.54,0.551,12.3,77.67,5.59
87,0,child,father,,Marathi,,ethnicity,341,31,4.5,11.0,0.575,12.25,74.65,5.72
87,1,child,father,,Marathi,,ethnicity,312,29,4.21,10.76,0.574,11.69,82.58,4.61
87,2,child,father,,Marathi,,ethnicity,330,30,4.31,11.0,0.539,11.96,79.86,4.94
88,0,daughter,mother,,Marathi,,ethnicity,337,26,4.36,12.96,0.593,13.01,77.34,5.67
88,1,daughter,mother,,Marathi,,ethnicity,331,27,4.34,12.26,0.589,12.65,78.08,5.52
88,2,daughter,mother,,Marathi,,ethnicity,328,25,4.31,13.12,0.57,13.02,80.24,5.32
89,0,son,mother,,Marathi,,ethnicity,312,32,4.47,9.75,0.615,11.58,78.37,4.8
89,1,son,mother,,Marathi,,ethnicity,320,30,4.21,10.67,0.581,11.65,79.47,4.94
89,2,son,mother,,Marathi,,ethnicity,349,46,4.62,7.59,0.579,10.72,78.58,4.51
90,0,child,mother,,Marathi,,ethnicity,326,31,4.37,10.52,0.583,11.81,81.91,4.5
90,1,child,mother,,Marathi,,ethnicity,312,28,4.48,11.14,0.593,12.3,79.47,5.03
90,2,child,mother,,Marathi,,ethnicity,321,31,4.27,10.35,0.555,11.58,79.18,4.94
91,0,daughter,father,,Gujarati,,ethnicity,326,32,4.36,10.19,0.558,11.63,82.25,4.31
91,1,daughter,father,,Gujarati,,ethnicity,349,32,4.41,10.91,0.57,12.07,74.9,5.69
91,2,daughter,father,,Gujarati,,ethnicity,310,28,4.36,11.07,0.571,12.08,81.41,4.64
92,0,son,father,,Gujarati,,ethnicity,330,30,4.11,11.0,0.542,11.66,86.53,3.95
92,1,son,father,,Gujarati,,ethnicity,348,32,4.3,10.88,0.572,11.88,80.51,4.9
92,2,son,father,,Gujarati,,ethnicity,319,31,4.14,10.29,0.589,11.36,86.9,3.66
93,0,child,father,,Gujarati,,ethnicity,314,33,4.15,9.52,0.551,10.99,87.84,3.5
93,1,child,father,,Gujarati,,ethnicity,325,29,4.3,11.21,0.569,12.06,77.92,5.24
93,2,child,father,,Gujarati,,ethnicity,304,22,4.63,13.82,0.605,13.86,69.64,6.96
94,0,daughter,mother,,Gujarati,,ethnicity,347,29,4.33,11.97,0.556,12.47,77.93,5.57
94,1,daughter,mother,,Gujarati,,ethnicity,329,32,4.15,10.28,0.556,11.37,87.47,3.68
94,2,daughter,mother,,Gujarati,,ethnicity,326,34,4.23,9.59,0.561,11.14,85.7,3.8
95,0,son,mother,,Gujarati,,ethnicity,288,28,4.26,10.29,0.604,11.53,80.81,4.53
95,1,son,mother,,Gujarati,,ethnicity,315,30,4.42,10.5,0.6,11.88,80.36,4.62
95,2,son,mother,,Gujarati,,ethnicity,316,25,4.49,12.64,0.589,13.06,79.69,5.28
96,0,child,mother,,Gujarati,,ethnicity,328,29,4.32,11.31,0.561,12.14,83.99,4.45
96,1,child,mother,,Gujarati,,ethnicity,333,22,4.33,15.14,0.502,14.07,82.74,5.48
96,2,child,mother,,Gujarati,,ethnicity,321,30,4.14,10.7,0.579,11.56,85.5,3.98
97,0,daughter,father,,Rajasthani,,ethnicity,325,26,4.34,12.5,0.551,12.75,87.13,4.2
97,1,daughter,father,,Rajasthani,,ethnicity,324,25,4.39,12.96,0.528,13.07,84.28,4.72
97,2,daughter,father,,Rajasthani,,ethnicity,340,25,4.31,13.6,0.574,13.26,80.56,5.4
98,0,son,father,,Rajasthani,,ethnicity,367,31,4.0,11.84,0.55,11.92,87.51,3.96
98,1,son,father,,Rajasthani,,ethnicity,345,28,4.16,12.32,0.58,12.4,83.37,4.67
98,2,son,father,,Rajasthani,,ethnicity,321,29,4.12,11.07,0.579,11.71,84.32,4.31
99,0,child,father,,Rajasthani,,ethnicity,324,26,4.31,12.46,0.596,12.7,78.46,5.4
99,1,child,father,,Rajasthani,,ethnicity,347,25,4.34,13.88,0.556,13.45,77.87,5.84
99,2,child,father,,Rajasthani,,ethnicity,351,36,4.09,9.75,0.533,11.01,88.52,3.3
100,0,daughter,mother,,Rajasthani,,ethnicity,302,27,4.24,11.19,0.57,11.95,86.31,4.1
100,1,daughter,mother,,Rajasthani,,ethnicity,310,29,4.29,10.69,0.616,11.78,88.82,3.6
100,2,daughter,mother,,Rajasthani,,ethnicity,340,25,4.29,13.6,0.562,13.23,81.98,5.18
101,0,son,mother,,Rajasthani,,ethnicity,326,28,4.09,11.64,0.549,11.95,87.89,4.09
101,1,son,mother,,Rajasthani,,ethnicity,302,24,4.4,12.58,0.606,12.9,76.9,5.65
101,2,son,mother,,Rajasthani,,ethnicity,299,24,4.16,12.46,0.569,12.47,86.82,4.2
102,0,child,mother,,Rajasthani,,ethnicity,328,30,4.23,10.93,0.552,11.82,80.0,4.9
102,1,child,mother,,Rajasthani,,ethnicity,309,33,4.39,9.36,0.618,11.27,84.96,3.88
102,2,child,mother,,Rajasthani,,ethnicity,327,26,4.35,12.58,0.541,12.82,82.79,4.95
103,0,daughter,father,,Kashmiri,,ethnicity,299,27,4.4,11.07,0.602,12.14,79.75,4.96
103,1,daughter,father,,Kashmiri,,ethnicity,457,37,4.28,12.35,0.536,12.59,84.67,4.46
103,2,daughter,father,,Kashmiri,,ethnicity,322,26,4.15,12.38,0.581,12.42,81.24,5.0
104,0,son,father,,Kashmiri,,ethnicity,322,22,4.43,14.64,0.543,13.96,76.85,6.16
104,1,son,father,,Kashmiri,,ethnicity,349,29,4.23,12.03,0.544,12.37,82.31,4.71
104,2,son,father,,Kashmiri,,ethnicity,318,29,4.19,10.97,0.563,11.78,89.36,3.6
105,0,child,father,,Kashmiri,,ethnicity,302,22,4.36,13.73,0.573,13.41,79.07,5.62
105,1,child,father,,Kashmiri,,ethnicity,361,29,4.18,12.45,0.568,12.49,82.08,4.83
105,2,child,father,,Kashmiri,,ethnicity,316,26,4.24,12.15,0.576,12.44,81.96,4.94
106,0,daughter,mother,,Kashmiri,,ethnicity,320,22,4.28,14.55,0.534,13.69,78.6,5.83
106,1,daughter,mother,,Kashmiri,,ethnicity,315,29,4.58,10.86,0.603,12.3,70.37,6.29
106,2,daughter,mother,,Kashmiri,,ethnicity,315,29,4.2,10.86,0.562,11.73,81.75,4.82
107,0,son,mother,,Kashmiri,,ethnicity,324,24,4.17,13.5,0.571,13.01,84.42,5.08
107,1,son,mother,,Kashmiri,,ethnicity,351,28,4.39,12.54,0.578,12.85,75.6,5.92
107,2,son,mother,,Kashmiri,,ethnicity,326,30,4.23,10.87,0.567,11.77,84.6,4.33
108,0,child,mother,,Kashmiri,,ethnicity,324,26,4.39,12.46,0.556,12.81,81.62,5.08
108,1,child,mother,,Kashmiri,,ethnicity,315,24,4.3,13.12,0.546,13.02,84.74,4.7
108,2,child,mother,,Kashmiri,,ethnicity,330,32,4.27,10.31,0.579,11.56,86.26,3.86
109,0,daughter,father,,Telugu,,ethnicity,333,34,4.21,9.79,0.562,11.21,82.15,4.38
109,1,daughter,father,,Telugu,,ethnicity,306,29,4.48,10.55,0.552,12.0,76.51,5.29
109,2,daughter,father,,Telugu,,ethnicity,331,31,4.29,10.68,0.556,11.78,80.61,4.79
110,0,son,father,,Telugu,,ethnicity,314,26,4.33,12.08,0.596,12.54,77.92,5.39
110,1,son,father,,Telugu,,ethnicity,331,32,4.2,10.34,0.553,11.47,81.89,4.47
110,2,son,father,,Telugu,,ethnicity,324,32,4.2,10.12,0.571,11.36,81.62,4.5
111,0,child,father,,Telugu,,ethnicity,323,36,4.32,8.97,0.567,10.96,80.66,4.39
111,1,child,father,,Telugu,,ethnicity,345,39,4.23,8.85,0.594,10.78,84.55,3.85
111,2,child,father,,Telugu,,ethnicity,340,31,4.21,10.97,0.547,11.81,86.52,3.99
112,0,daughter,mother,,Telugu,,ethnicity,309,36,4.25,8.58,0.531,10.66,79.15,4.6
112,1,daughter,mother,,Telugu,,ethnicity,313,32,4.22,9.78,0.569,11.22,83.43,4.37
112,2,daughter,mother,,Telugu,,ethnicity,340,30,4.33,11.33,0.521,12.17,79.42,5.09
113,0,son,mother,,Telugu,,ethnicity,334,35,4.34,9.54,0.557,11.29,80.73,4.43
113,1,son,mother,,Telugu,,ethnicity,337,35,4.35,9.63,0.579,11.34,78.56,4.85
113,2,son,mother,,Telugu,,ethnicity,328,28,4.09,11.71,0.555,11.99,86.48,4.16
114,0,child,mother,,Telugu,,ethnicity,302,30,4.2,10.07,0.586,11.33,85.24,3.85
114,1,child,mother,,Telugu,,ethnicity,327,31,4.28,10.55,0.541,11.69,83.65,4.24
114,2,child,mother,,Telugu,,ethnicity,317,32,4.36,9.91,0.571,11.49,82.59,4.26
115,0,daughter,father,,Malayali,,ethnicity,309,32,4.27,9.66,0.573,11.23,82.09,4.23
115,1,daughter,father,,Malayali,,ethnicity,335,29,4.36,11.55,0.552,12.32,82.23,4.66
115,2,daughter,father,,Malayali,,ethnicity,305,24,4.42,12.71,0.567,12.98,76.05,5.81
116,0,son,father,,Malayali,,ethnicity,335,28,4.22,11.96,0.615,12.32,83.04,4.74
116,1,son,father,,Malayali,,ethnicity,327,26,4.26,12.58,0.569,12.68,80.18,5.19
116,2,son,father,,Malayali,,ethnicity,301,31,4.16,9.71,0.608,11.1,84.5,3.92
117,0,child,father,,Malayali,,ethnicity,316,29,4.24,10.9,0.513,11.81,85.08,4.2
117,1,child,father,,Malayali,,ethnicity,318,24,4.16,13.25,0.569,12.86,82.9,4.97
117,2,child,father,,Malayali,,ethnicity,331,30,4.18,11.03,0.547,11.79,82.02,4.61
118,0,daughter,mother,,Malayali,,ethnicity,329,34,4.37,9.68,0.568,11.39,79.01,4.78
118,1,daughter,mother,,Malayali,,ethnicity,314,28,4.23,11.21,0.58,11.95,83.34,4.5
118,2,daughter,mother,,Malayali,,ethnicity,304,26,4.39,11.69,0.576,12.43,79.57,5.04
119,0,son,mother,,Malayali,,ethnicity,345,35,4.25,9.86,0.507,11.3,84.47,4.14
119,1,son,mother,,Malayali,,ethnicity,337,29,4.13,11.62,0.552,12.01,85.23,4.32
119,2,son,mother,,Malayali,,ethnicity,368,30,4.47,12.27,0.584,12.84,75.01,5.84
120,0,child,mother,,Malayali,,ethnicity,332,31,4.2,10.71,0.563,11.66,87.66,3.81
120,1,child,mother,,Malayali,,ethnicity,350,29,4.24,12.07,0.571,12.39,78.04,5.43
120,2,child,mother,,Malayali,,ethnicity,302,25,4.32,12.08,0.583,12.52,79.1,5.22
121,0,daughter,father,,Assamese,,ethnicity,322,27,4.03,11.93,0.568,12.01,88.76,3.81
121,1,daughter,father,,Assamese,,ethnicity,326,29,4.37,11.24,0.607,12.18,79.3,4.97
121,2,daughter,father,,Assamese,,ethnicity,337,25,4.34,13.48,0.576,13.25,83.16,5.0
122,0,son,father,,Assamese,,ethnicity,341,32,4.26,10.66,0.578,11.72,80.54,4.66
122,1,son,father,,Assamese,,ethnicity,331,30,4.2,11.03,0.535,11.82,83.1,4.6
122,2,son,father,,Assamese,,ethnicity,317,25,4.38,12.68,0.555,12.91,74.99,6.37
123,0,child,father,,Assamese,,ethnicity,364,32,4.55,11.38,0.563,12.52,78.14,5.23
123,1,child,father,,Assamese,,ethnicity,312,30,4.25,10.4,0.558,11.57,82.31,4.37
123,2,child,father,,Assamese,,ethnicity,334,28,4.22,11.93,0.569,12.3,82.91,4.73
124,0,daughter,mother,,Assamese,,ethnicity,358,33,4.34,10.85,0.581,11.94,81.34,4.59
124,1,daughter,mother,,Assamese,,ethnicity,350,28,4.26,12.5,0.509,12.64,85.34,4.45
124,2,daughter,mother,,Assamese,,ethnicity,321,26,4.29,12.35,0.57,12.6,86.41,4.25
125,0,son,mother,,Assamese,,ethnicity,330,27,4.42,12.22,0.57,12.74,75.99,5.7
125,1,son,mother,,Assamese,,ethnicity,327,31,4.29,10.55,0.56,11.71,82.71,4.43
125,2,son,mother,,Assamese,,ethnicity,308,32,4.31,9.62,0.568,11.28,86.07,3.77
126,0,child,mother,,Assamese,,ethnicity,319,32,4.34,9.97,0.596,11.49,80.97,4.48
126,1,child,mother,,Assamese,,ethnicity,347,32,4.25,10.84,0.559,11.8,81.9,4.48
126,2,child,mother,,Assamese,,ethnicity,311,28,4.35,11.11,0.621,12.08,79.0,4.95
127,0,daughter,father,,Odia,,ethnicity,300,26,4.44,11.54,0.613,12.42,76.7,5.65
127,1,daughter,father,,Odia,,ethnicity,365,34,3.92,10.74,0.521,11.25,88.44,3.6
127,2,daughter,father,,Odia,,ethnicity,314,24,4.45,13.08,0.576,13.22,74.4,6.12
128,0,son,father,,Odia,,ethnicity,324,31,4.11,10.45,0.571,11.39,83.49,4.28
128,1,son,father,,Odia,,ethnicity,316,27,4.06,11.7,0.557,11.95,86.34,4.24
128,2,son,father,,Odia,,ethnicity,300,25,4.32,12.0,0.61,12.47,83.45,4.58
129,0,child,father,,Odia,,ethnicity,318,28,4.23,11.36,0.569,12.02,84.76,4.23
129,1,child,father,,Odia,,ethnicity,348,29,4.13,12.0,0.529,12.19,82.3,4.75
129,2,child,father,,Odia,,ethnicity,340,36,4.13,9.44,0.568,10.92,86.85,3.7
130,0,daughter,mother,,Odia,,ethnicity,353,32,4.14,11.03,0.533,11.73,87.57,3.85
130,1,daughter,mother,,Odia,,ethnicity,309,31,4.14,9.97,0.537,11.19,84.84,3.97
130,2,daughter,mother,,Odia,,ethnicity,332,28,4.27,11.86,0.56,12.34,78.09,5.31
131,0,son,mother,,Odia,,ethnicity,327,28,4.32,11.68,0.593,12.32,78.5,5.2
131,1,son,mother,,Odia,,ethnicity,320,25,4.45,12.8,0.569,13.08,77.78,5.59
131,2,son,mother,,Odia,,ethnicity,315,30,4.28,10.5,0.6,11.66,79.33,4.98
132,0,child,mother,,Odia,,ethnicity,324,33,4.29,9.82,0.562,11.34,83.75,4.24
132,1,child,mother,,Odia,,ethnicity,294,25,4.2,11.76,0.561,12.18,86.09,4.16
132,2,child,mother,,Odia,,ethnicity,297,30,4.46,9.9,0.576,11.64,80.71,4.64
133,0,daughter,father,,Kannada,,ethnicity,303,26,4.29,11.65,0.578,12.26,83.45,4.49
133,1,daughter,father,,Kannada,,ethnicity,318,31,4.2,10.26,0.61,11.43,83.39,4.3
133,2,daughter,father,,Kannada,,ethnicity,332,27,4.33,12.3,0.569,12.64,82.52,4.92
134,0,son,father,,Kannada,,ethnicity,323,24,4.12,13.46,0.588,12.91,83.17,5.0
134,1,son,father,,Kannada,,ethnicity,316,34,4.03,9.29,0.566,10.7,89.05,3.35
134,2,son,father,,Kannada,,ethnicity,315,28,4.21,11.25,0.559,11.94,81.76,4.73
135,0,child,father,,Kannada,,ethnicity,330,24,4.44,13.75,0.567,13.53,75.35,6.14
135,1,child,father,,Kannada,,ethnicity,364,33,4.12,11.03,0.552,11.69,84.73,4.38
135,2,child,father,,Kannada,,ethnicity,349,33,4.38,10.58,0.536,11.85,80.64,4.79
136,0,daughter,mother,,Kannada,,ethnicity,317,26,4.5,12.19,0.552,12.84,77.28,5.62
136,1,daughter,mother,,Kannada,,ethnicity,327,32,4.23,10.22,0.563,11.45,82.64,4.5
136,2,daughter,mother,,Kannada,,ethnicity,312,31,4.25,10.06,0.587,11.41,84.24,4.09
137,0,son,mother,,Kannada,,ethnicity,349,33,4.51,10.58,0.564,12.05,79.97,4.89
137,1,son,mother,,Kannada,,ethnicity,311,35,4.26,8.89,0.601,10.84,82.54,3.93
137,2,son,mother,,Kannada,,ethnicity,319,33,4.15,9.67,0.58,11.05,88.52,3.53
138,0,child,mother,,Kannada,,ethnicity,333,33,4.2,10.09,0.517,11.34,83.64,4.26
138,1,child,mother,,Kannada,,ethnicity,373,35,4.43,10.66,0.571,11.97,81.32,4.54
138,2,child,mother,,Kannada,,ethnicity,305,27,4.41,11.3,0.6,12.26,79.97,5.0
139,0,daughter,father,,Bihari,,ethnicity,337,28,4.12,12.04,0.54,12.19,82.63,4.67
139,1,daughter,father,,Bihari,,ethnicity,323,24,4.16,13.46,0.526,12.97,84.97,4.74
139,2,daughter,father,,Bihari,,ethnicity,351,35,4.18,10.03,0.533,11.28,82.25,4.45
140,0,son,father,,Bihari,,ethnicity,323,25,4.25,12.92,0.585,12.84,81.87,5.12
140,1,son,father,,Bihari,,ethnicity,316,22,4.23,14.36,0.554,13.53,82.39,5.3
140,2,son,father,,Bihari,,ethnicity,333,20,4.32,16.65,0.541,14.81,77.77,6.5
141,0,child,father,,Bihari,,ethnicity,314,25,4.35,12.56,0.589,12.8,76.73,5.73
141,1,child,father,,Bihari,,ethnicity,343,30,4.07,11.43,0.545,11.82,88.59,3.95
141,2,child,father,,Bihari,,ethnicity,379,28,4.13,13.54,0.536,12.96,78.81,5.63
142,0,daughter,mother,,Bihari,,ethnicity,304,24,4.18,12.67,0.533,12.61,80.89,5.1
142,1,daughter,mother,,Bihari,,ethnicity,334,24,4.46,13.92,0.56,13.64,73.41,6.48
142,2,daughter,mother,,Bihari,,ethnicity,338,29,4.12,11.66,0.497,12.0,89.8,3.6
143,0,son,mother,,Bihari,,ethnicity,322,29,4.35,11.1,0.59,12.07,83.12,4.42
143,1,son,mother,,Bihari,,ethnicity,334,26,4.44,12.85,0.563,13.09,76.65,5.87
143,2,son,mother,,Bihari,,ethnicity,310,23,4.27,13.48,0.577,13.15,79.63,5.5
144,0,child,mother,,Bihari,,ethnicity,296,27,4.32,10.96,0.557,11.96,81.75,4.68
144,1,child,mother,,Bihari,,ethnicity,318,29,4.12,10.97,0.553,11.66,87.93,3.92
144,2,child,mother,,Bihari,,ethnicity,351,33,4.09,10.64,0.553,11.45,84.45,4.36
145,0,daughter,father,,Haryanvi,,ethnicity,329,24,4.3,13.71,0.568,13.3,78.19,5.75
145,1,daughter,father,,Haryanvi,,ethnicity,331,32,4.24,10.34,0.565,11.53,85.61,3.93
145,2,daughter,father,,Haryanvi,,ethnicity,316,26,4.42,12.15,0.589,12.71,75.34,5.88
146,0,son,father,,Haryanvi,,ethnicity,341,34,4.28,10.03,0.581,11.44,82.61,4.29
146,1,son,father,,Haryanvi,,ethnicity,323,29,4.2,11.14,0.554,11.88,84.51,4.32
146,2,son,father,,Haryanvi,,ethnicity,321,24,4.47,13.38,0.583,13.39,79.67,5.47
147,0,child,father,,Haryanvi,,ethnicity,338,31,4.14,10.9,0.544,11.66,89.23,3.48
147,1,child,father,,Haryanvi,,ethnicity,372,23,4.49,16.17,0.54,14.83,75.57,6.74
147,2,child,father,,Haryanvi,,ethnicity,312,24,4.4,13.0,0.596,13.1,79.48,5.4
148,0,daughter,mother,,Haryanvi,,ethnicity,303,28,4.43,10.82,0.604,12.05,82.09,4.6
148,1,daughter,mother,,Haryanvi,,ethnicity,317,26,4.21,12.19,0.552,12.41,84.67,4.39
148,2,daughter,mother,,Haryanvi,,ethnicity,322,30,4.52,10.73,0.593,12.15,82.93,4.54
149,0,son,mother,,Haryanvi,,ethnicity,323,27,4.11,11.96,0.536,12.15,86.71,4.12
149,1,son,mother,,Haryanvi,,ethnicity,342,29,4.18,11.79,0.529,12.17,82.76,4.64
149,2,son,mother,,Haryanvi,,ethnicity,304,24,4.28,12.67,0.543,12.75,80.94,5.11
150,0,child,mother,,Haryanvi,,ethnicity,299,25,4.33,11.96,0.595,12.48,77.63,5.37
150,1,child,mother,,Haryanvi,,ethnicity,326,26,4.23,12.54,0.549,12.62,80.88,5.2
150,2,child,mother,,Haryanvi,,ethnicity,346,28,4.5,12.36,0.581,12.93,77.09,5.67
151,0,daughter,father,,Himachali,,ethnicity,359,25,4.4,14.36,0.552,13.78,79.25,5.92
151,1,daughter,father,,Himachali,,ethnicity,302,21,4.58,14.38,0.57,14.05,74.74,6.38
151,2,daughter,father,,Himachali,,ethnicity,318,23,4.37,13.83,0.553,13.46,82.59,5.15
152,0,son,father,,Himachali,,ethnicity,336,28,4.57,12.0,0.601,12.86,75.23,5.84
152,1,son,father,,Himachali,,ethnicity,321,29,4.38,11.07,0.576,12.1,79.91,4.94
152,2,son,father,,Himachali,,ethnicity,330,32,4.42,10.31,0.555,11.79,81.89,4.47
153,0,child,father,,Himachali,,ethnicity,353,29,4.27,12.17,0.575,12.5,77.41,5.47
153,1,child,father,,Himachali,,ethnicity,336,35,4.27,9.6,0.583,11.21,81.71,4.42
153,2,child,father,,Himachali,,ethnicity,341,29,4.32,11.76,0.56,12.36,81.14,5.2
154,0,daughter,mother,,Himachali,,ethnicity,318,26,4.45,12.23,0.547,12.79,78.69,5.32
154,1,daughter,mother,,Himachali,,ethnicity,317,24,4.35,13.21,0.558,13.13,81.02,5.38
154,2,daughter,mother,,Himachali,,ethnicity,330,31,4.17,10.65,0.579,11.58,85.95,4.15
155,0,son,mother,,Himachali,,ethnicity,345,33,4.39,10.45,0.533,11.81,81.16,4.69
155,1,son,mother,,Himachali,,ethnicity,347,24,4.22,14.46,0.51,13.56,78.26,5.92
155,2,son,mother,,Himachali,,ethnicity,326,24,4.49,13.58,0.601,13.52,73.01,6.59
156,0,child,mother,,Himachali,,ethnicity,361,28,4.49,12.89,0.596,13.18,79.91,5.28
156,1,child,mother,,Himachali,,ethnicity,311,23,4.39,13.52,0.595,13.34,76.96,5.88
156,2,child,mother,,Himachali,,ethnicity,328,26,4.41,12.62,0.564,12.93,82.23,5.02
157,0,daughter,father,,Goan,,ethnicity,340,35,4.09,9.71,0.559,10.99,85.7,3.71
157,1,daughter,father,,Goan,,ethnicity,314,27,4.21,11.63,0.573,12.13,81.21,4.89
157,2,daughter,father,,Goan,,ethnicity,314,25,4.22,12.56,0.586,12.61,79.8,5.24
158,0,son,father,,Goan,,ethnicity,305,26,4.27,11.73,0.587,12.27,78.97,5.33
158,1,son,father,,Goan,,ethnicity,327,35,4.09,9.34,0.575,10.8,89.37,3.25
158,2,son,father,,Goan,,ethnicity,307,28,4.32,10.96,0.554,11.96,82.71,4.4
159,0,child,father,,Goan,,ethnicity,354,28,4.19,12.64,0.571,12.6,87.63,4.17
159,1,child,father,,Goan,,ethnicity,302,27,4.07,11.19,0.589,11.69,85.76,4.27
159,2,child,father,,Goan,,ethnicity,312,26,4.32,12.0,0.558,12.48,83.12,4.85
160,0,daughter,mother,,Goan,,ethnicity,318,29,4.13,10.97,0.563,11.67,83.93,4.23
160,1,daughter,mother,,Goan,,ethnicity,324,24,4.35,13.5,0.571,13.27,79.87,5.59
160,2,daughter,mother,,Goan,,ethnicity,314,32,4.05,9.81,0.567,10.98,86.29,3.82
161,0,son,mother,,Goan,,ethnicity,317,25,4.3,12.68,0.59,12.78,81.07,5.23
161,1,son,mother,,Goan,,ethnicity,342,30,4.13,11.4,0.541,11.9,83.82,4.59
161,2,son,mother,,Goan,,ethnicity,333,30,4.28,11.1,0.544,11.97,79.15,4.97
162,0,child,mother,,Goan,,ethnicity,316,27,4.45,11.7,0.604,12.53,79.65,5.17
162,1,child,mother,,Goan,,ethnicity,305,26,4.18,11.73,0.541,12.13,84.25,4.42
162,2,child,mother,,Goan,,ethnicity,329,37,4.01,8.89,0.553,10.46,85.28,3.83
163,0,daughter,father,,Chhattisgarhi,,ethnicity,335,27,4.32,12.41,0.558,12.69,78.38,5.57
163,1,daughter,father,,Chhattisgarhi,,ethnicity,308,25,4.34,12.32,0.539,12.67,82.43,4.92
163,2,daughter,father,,Chhattisgarhi,,ethnicity,340,30,4.16,11.33,0.597,11.9,83.65,4.44
164,0,son,father,,Chhattisgarhi,,ethnicity,297,29,4.39,10.24,0.535,11.71,80.71,4.64
164,1,son,father,,Chhattisgarhi,,ethnicity,342,33,4.12,10.36,0.553,11.37,83.03,4.31
164,2,son,father,,Chhattisgarhi,,ethnicity,376,36,4.1,10.44,0.537,11.37,86.15,3.97
165,0,child,father,,Chhattisgarhi,,ethnicity,331,32,4.26,10.34,0.562,11.56,88.14,3.62
165,1,child,father,,Chhattisgarhi,,ethnicity,324,22,4.54,14.73,0.571,14.17,72.04,6.87
165,2,child,father,,Chhattisgarhi,,ethnicity,395,28,4.0,14.11,0.511,13.06,85.82,4.78
166,0,daughter,mother,,Chhattisgarhi,,ethnicity,318,34,4.22,9.35,0.588,11.01,80.16,4.59
166,1,daughter,mother,,Chhattisgarhi,,ethnicity,340,27,4.39,12.59,0.538,12.87,75.36,5.88
166,2,daughter,mother,,Chhattisgarhi,,ethnicity,332,30,4.45,11.07,0.56,12.21,82.12,4.74
167,0,son,mother,,Chhattisgarhi,,ethnicity,351,31,4.33,11.32,0.593,12.16,77.83,5.17
167,1,son,mother,,Chhattisgarhi,,ethnicity,310,26,4.18,11.92,0.616,12.23,85.72,4.24
167,2,son,mother,,Chhattisgarhi,,ethnicity,325,26,4.29,12.5,0.551,12.69,78.42,5.52
168,0,child,mother,,Chhattisgarhi,,ethnicity,321,30,4.27,10.7,0.573,11.76,81.13,4.64
168,1,child,mother,,Chhattisgarhi,,ethnicity,324,28,4.39,11.57,0.596,12.37,77.55,5.51
168,2,child,mother,,Chhattisgarhi,,ethnicity,329,30,4.28,10.97,0.559,11.9,79.42,4.97
169,0,daughter,father,,Jharkhand,,ethnicity,359,32,4.29,11.22,0.565,12.04,83.72,4.32
169,1,daughter,father,,Jharkhand,,ethnicity,317,34,4.27,9.32,0.574,11.06,83.43,4.24
169,2,daughter,father,,Jharkhand,,ethnicity,324,26,4.38,12.46,0.552,12.8,81.81,4.92
170,0,son,father,,Jharkhand,,ethnicity,332,29,4.07,11.45,0.566,11.83,87.58,3.94
170,1,son,father,,Jharkhand,,ethnicity,316,26,4.14,12.15,0.576,12.29,81.58,4.86
170,2,son,father,,Jharkhand,,ethnicity,328,29,4.18,11.31,0.585,11.92,85.31,4.14
171,0,child,father,,Jharkhand,,ethnicity,339,30,4.18,11.3,0.575,11.92,79.12,5.27
171,1,child,father,,Jharkhand,,ethnicity,344,30,4.15,11.47,0.558,11.95,87.6,4.08
171,2,child,father,,Jharkhand,,ethnicity,309,25,4.1,12.36,0.57,12.34,85.64,4.32
172,0,daughter,mother,,Jharkhand,,ethnicity,325,29,4.22,11.21,0.597,11.94,87.65,3.75
172,1,daughter,mother,,Jharkhand,,ethnicity,354,34,4.53,10.41,0.571,12.01,78.69,5.1
172,2,daughter,mother,,Jharkhand,,ethnicity,347,29,4.65,11.97,0.576,12.96,78.18,5.54
173,0,son,mother,,Jharkhand,,ethnicity,319,26,4.32,12.27,0.577,12.62,81.3,4.95
173,1,son,mother,,Jharkhand,,ethnicity,326,27,4.06,12.07,0.549,12.13,86.21,4.29
173,2,son,mother,,Jharkhand,,ethnicity,335,26,4.26,12.88,0.531,12.83,78.04,5.57
174,0,child,mother,,Jharkhand,,ethnicity,373,40,4.3,9.32,0.55,11.11,83.64,4.02
174,1,child,mother,,Jharkhand,,ethnicity,350,33,4.23,10.61,0.523,11.65,86.88,4.02
174,2,child,mother,,Jharkhand,,ethnicity,307,32,4.48,9.59,0.596,11.52,80.57,4.55
175,0,daughter,father,,Uttarakhandi,,ethnicity,328,28,4.44,11.71,0.582,12.52,84.29,4.41
175,1,daughter,father,,Uttarakhandi,,ethnicity,319,24,4.24,13.29,0.577,13.01,84.08,4.83
175,2,daughter,father,,Uttarakhandi,,ethnicity,326,28,4.16,11.64,0.546,12.06,82.95,4.68
176,0,son,father,,Uttarakhandi,,ethnicity,305,27,4.39,11.3,0.623,12.23,78.75,5.26
176,1,son,father,,Uttarakhandi,,ethnicity,369,31,4.15,11.9,0.542,12.18,84.12,4.54
176,2,son,father,,Uttarakhandi,,ethnicity,366,40,4.18,9.15,0.546,10.85,85.8,3.74
177,0,child,father,,Uttarakhandi,,ethnicity,293,25,4.53,11.72,0.59,12.65,79.28,5.37
177,1,child,father,,Uttarakhandi,,ethnicity,308,27,4.42,11.41,0.571,12.34,75.26,5.57
177,2,child,father,,Uttarakhandi,,ethnicity,343,28,4.22,12.25,0.554,12.45,81.93,4.87
178,0,daughter,mother,,Uttarakhandi,,ethnicity,331,31,4.43,10.68,0.607,11.98,83.79,4.36
178,1,daughter,mother,,Uttarakhandi,,ethnicity,337,29,4.5,11.62,0.593,12.56,77.81,5.23
178,2,daughter,mother,,Uttarakhandi,,ethnicity,318,25,4.42,12.72,0.557,13.0,81.29,5.06
179,0,son,mother,,Uttarakhandi,,ethnicity,302,28,4.19,10.79,0.579,11.68,83.78,4.24
179,1,son,mother,,Uttarakhandi,,ethnicity,320,25,4.32,12.8,0.541,12.87,82.54,4.93
179,2,son,mother,,Uttarakhandi,,ethnicity,309,23,4.18,13.43,0.618,12.99,83.37,4.96
180,0,child,mother,,Uttarakhandi,,ethnicity,322,27,4.24,11.93,0.534,12.32,84.21,4.44
180,1,child,mother,,Uttarakhandi,,ethnicity,335,32,4.23,10.47,0.555,11.58,85.33,4.01
180,2,child,mother,,Uttarakhandi,,ethnicity,300,26,4.45,11.54,0.603,12.45,80.16,5.06
181,0,daughter,father,,Manipuri,,ethnicity,327,31,4.32,10.55,0.596,11.75,79.97,4.94
181,1,daughter,father,,Manipuri,,ethnicity,388,35,4.24,11.09,0.521,11.91,81.87,4.71
181,2,daughter,father,,Manipuri,,ethnicity,320,22,4.35,14.55,0.572,13.8,77.38,6.24
182,0,son,father,,Manipuri,,ethnicity,302,28,4.24,10.79,0.57,11.76,82.99,4.36
182,1,son,father,,Manipuri,,ethnicity,294,23,4.41,12.78,0.592,13.0,79.61,5.48
182,2,son,father,,Manipuri,,ethnicity,309,30,4.17,10.3,0.615,11.41,83.16,4.37
183,0,child,father,,Manipuri,,ethnicity,310,28,4.35,11.07,0.581,12.06,80.71,4.75
183,1,child,father,,Manipuri,,ethnicity,321,29,4.47,11.07,0.564,12.24,80.12,4.79
183,2,child,father,,Manipuri,,ethnicity,316,27,4.39,11.7,0.585,12.43,83.66,4.72
184,0,daughter,mother,,Manipuri,,ethnicity,305,26,4.27,11.73,0.584,12.27,86.12,4.14
184,1,daughter,mother,,Manipuri,,ethnicity,314,27,4.44,11.63,0.589,12.47,79.2,5.07
184,2,daughter,mother,,Manipuri,,ethnicity,324,27,4.29,12.0,0.552,12.44,83.86,4.53
185,0,son,mother,,Manipuri,,ethnicity,322,28,4.47,11.5,0.59,12.45,78.36,5.26
185,1,son,mother,,Manipuri,,ethnicity,369,29,4.31,12.72,0.553,12.83,80.81,5.24
185,2,son,mother,,Manipuri,,ethnicity,313,24,4.24,13.04,0.578,12.88,77.19,5.7
186,0,child,mother,,Manipuri,,ethnicity,352,24,4.35,14.67,0.568,13.86,79.19,5.85
186,1,child,mother,,Manipuri,,ethnicity,312,25,4.28,12.48,0.59,12.66,79.69,5.24
186,2,child,mother,,Manipuri,,ethnicity,349,34,4.29,10.26,0.533,11.57,85.23,4.1
187,0,daughter,father,,Nagamese,,ethnicity,315,30,4.11,10.5,0.562,11.42,89.37,3.53
187,1,daughter,father,,Nagamese,,ethnicity,336,31,4.09,10.84,0.53,11.55,85.21,4.05
187,2,daughter,father,,Nagamese,,ethnicity,361,25,4.26,14.44,0.54,13.61,83.15,5.23
188,0,son,father,,Nagamese,,ethnicity,333,30,4.23,11.1,0.547,11.9,85.05,4.22
188,1,son,father,,Nagamese,,ethnicity,335,27,4.3,12.41,0.522,12.66,76.05,5.73
188,2,son,father,,Nagamese,,ethnicity,291,25,4.25,11.64,0.543,12.2,82.02,4.83
189,0,child,father,,Nagamese,,ethnicity,316,26,4.12,12.15,0.582,12.26,88.69,3.89
189,1,child,father,,Nagamese,,ethnicity,345,24,4.35,14.38,0.562,13.71,76.99,6.09
189,2,child,father,,Nagamese,,ethnicity,324,23,4.59,14.09,0.602,13.92,73.08,6.54
190,0,daughter,mother,,Nagamese,,ethnicity,316,29,4.16,10.9,0.522,11.69,89.49,3.48
190,1,daughter,mother,,Nagamese,,ethnicity,301,27,4.35,11.15,0.561,12.1,82.31,4.74
190,2,daughter,mother,,Nagamese,,ethnicity,319,27,4.24,11.81,0.545,12.26,84.78,4.37
191,0,son,mother,,Nagamese,,ethnicity,312,30,4.48,10.4,0.567,11.92,77.56,5.17
191,1,son,mother,,Nagamese,,ethnicity,345,30,4.16,11.5,0.562,11.99,83.35,4.57
191,2,son,mother,,Nagamese,,ethnicity,331,30,4.22,11.03,0.547,11.84,82.79,4.55
192,0,child,mother,,Nagamese,,ethnicity,325,34,4.27,9.56,0.578,11.19,80.55,4.62
192,1,child,mother,,Nagamese,,ethnicity,314,24,4.22,13.08,0.57,12.88,75.49,6.18
192,2,child,mother,,Nagamese,,ethnicity,320,34,4.28,9.41,0.559,11.13,84.01,4.02
193,0,daughter,father,,Mizo,,ethnicity,354,35,4.22,10.11,0.576,11.39,81.5,4.53
193,1,daughter,father,,Mizo,,ethnicity,332,28,4.59,11.86,0.581,12.81,69.92,6.55
193,2,daughter,father,,Mizo,,ethnicity,361,28,4.46,12.89,0.54,13.14,75.87,5.96
194,0,son,father,,Mizo,,ethnicity,322,28,4.72,11.5,0.584,12.83,73.72,5.92
194,1,son,father,,Mizo,,ethnicity,302,25,4.52,12.08,0.593,12.82,75.29,5.88
194,2,son,father,,Mizo,,ethnicity,344,28,4.25,12.29,0.593,12.52,81.67,5.01
195,0,child,father,,Mizo,,ethnicity,356,37,4.25,9.62,0.562,11.19,82.25,4.39
195,1,child,father,,Mizo,,ethnicity,355,33,4.07,10.76,0.577,11.49,85.51,4.05
195,2,child,father,,Mizo,,ethnicity,301,33,4.28,9.12,0.568,10.98,84.58,3.8
196,0,daughter,mother,,Mizo,,ethnicity,311,20,4.3,15.55,0.524,14.23,81.58,5.69
196,1,daughter,mother,,Mizo,,ethnicity,344,30,4.33,11.47,0.602,12.23,80.68,4.83
196,2,daughter,mother,,Mizo,,ethnicity,310,26,4.13,11.92,0.568,12.15,87.76,3.98
197,0,son,mother,,Mizo,,ethnicity,388,34,4.21,11.41,0.572,12.02,79.88,4.92
197,1,son,mother,,Mizo,,ethnicity,320,26,4.28,12.31,0.572,12.57,84.55,4.51
197,2,son,mother,,Mizo,,ethnicity,370,31,4.19,11.94,0.543,12.26,83.84,4.62
198,0,child,mother,,Mizo,,ethnicity,314,26,4.41,12.08,0.548,12.65,81.15,4.94
198,1,child,mother,,Mizo,,ethnicity,317,22,4.19,14.41,0.568,13.49,80.35,5.62
198,2,child,mother,,Mizo,,ethnicity,313,31,4.15,10.1,0.601,11.28,88.36,3.52
199,0,daughter,father,,Tripuri,,ethnicity,339,30,4.13,11.3,0.563,11.84,86.37,4.05
199,1,daughter,father,,Tripuri,,ethnicity,349,27,4.34,12.93,0.556,12.97,81.84,5.03
199,2,daughter,father,,Tripuri,,ethnicity,340,29,4.49,11.72,0.574,12.59,71.94,6.22
200,0,son,father,,Tripuri,,ethnicity,315,30,4.2,10.5,0.552,11.55,85.41,3.99
200,1,son,father,,Tripuri,,ethnicity,312,27,4.19,11.56,0.593,12.06,85.17,4.31
200,2,son,father,,Tripuri,,ethnicity,306,28,4.25,10.93,0.575,11.83,84.17,4.21
201,0,child,father,,Tripuri,,ethnicity,300,27,4.6,11.11,0.577,12.45,71.52,6.11
201,1,child,father,,Tripuri,,ethnicity,324,28,4.14,11.57,0.552,11.99,86.35,4.31
201,2,child,father,,Tripuri,,ethnicity,334,29,4.33,11.52,0.554,12.25,81.06,4.8
202,0,daughter,mother,,Tripuri,,ethnicity,337,31,4.44,10.87,0.605,12.1,77.69,5.18
202,1,daughter,mother,,Tripuri,,ethnicity,335,30,4.27,11.17,0.549,11.99,76.35,5.36
202,2,daughter,mother,,Tripuri,,ethnicity,317,26,4.5,12.19,0.584,12.85,75.42,5.73
203,0,son,mother,,Tripuri,,ethnicity,333,32,4.27,10.41,0.598,11.6,83.44,4.57
203,1,son,mother,,Tripuri,,ethnicity,349,28,4.18,12.46,0.536,12.5,85.07,4.48
203,2,son,mother,,Tripuri,,ethnicity,342,28,4.27,12.21,0.558,12.51,81.34,4.94
204,0,child,mother,,Tripuri,,ethnicity,323,22,4.56,14.68,0.582,14.18,76.11,6.28
204,1,child,mother,,Tripuri,,ethnicity,376,26,4.06,14.46,0.513,13.33,83.26,5.24
204,2,child,mother,,Tripuri,,ethnicity,303,22,4.37,13.77,0.551,13.44,78.45,5.69
205,0,daughter,father,,Sindhi,,ethnicity,336,30,4.26,11.2,0.56,11.99,84.58,4.3
205,1,daughter,father,,Sindhi,,ethnicity,305,25,4.38,12.2,0.541,12.67,75.22,5.92
205,2,daughter,father,,Sindhi,,ethnicity,360,38,4.18,9.47,0.511,11.0,88.08,3.57
206,0,son,father,,Sindhi,,ethnicity,324,25,4.15,12.96,0.568,12.7,85.71,4.48
206,1,son,father,,Sindhi,,ethnicity,329,22,4.34,14.95,0.532,13.98,79.54,5.88
206,2,son,father,,Sindhi,,ethnicity,317,25,4.4,12.68,0.596,12.94,76.41,5.73
207,0,child,father,,Sindhi,,ethnicity,351,26,4.23,13.5,0.558,13.1,79.74,5.56
207,1,child,father,,Sindhi,,ethnicity,288,24,4.32,12.0,0.583,12.48,83.63,4.69
207,2,child,father,,Sindhi,,ethnicity,318,25,4.27,12.72,0.557,12.77,74.87,5.96
208,0,daughter,mother,,Sindhi,,ethnicity,364,33,4.25,11.03,0.544,11.89,78.42,5.23
208,1,daughter,mother,,Sindhi,,ethnicity,320,27,4.22,11.85,0.569,12.26,81.2,4.94
208,2,daughter,mother,,Sindhi,,ethnicity,301,23,4.26,13.09,0.508,12.93,81.28,5.3
209,0,son,mother,,Sindhi,,ethnicity,298,32,4.37,9.31,0.581,11.21,81.64,4.29
209,1,son,mother,,Sindhi,,ethnicity,316,28,4.23,11.29,0.566,11.99,79.03,5.14
209,2,son,mother,,Sindhi,,ethnicity,359,27,4.27,13.3,0.538,13.05,76.87,5.83
210,0,child,mother,,Sindhi,,ethnicity,298,27,4.32,11.04,0.57,11.99,84.02,4.5
210,1,child,mother,,Sindhi,,ethnicity,308,27,4.33,11.41,0.633,12.21,78.45,5.14
210,2,child,mother,,Sindhi,,ethnicity,321,31,4.31,10.35,0.579,11.64,79.88,4.76
211,0,daughter,father,,Dogra,,ethnicity,326,26,4.33,12.54,0.571,12.77,83.06,4.99
211,1,daughter,father,,Dogra,,ethnicity,340,30,4.55,11.33,0.603,12.49,81.92,4.74
211,2,daughter,father,,Dogra,,ethnicity,360,33,4.3,10.91,0.55,11.91,85.2,4.17
212,0,son,father,,Dogra,,ethnicity,300,24,4.43,12.5,0.577,12.89,76.92,5.61
212,1,son,father,,Dogra,,ethnicity,329,31,4.27,10.61,0.571,11.71,81.66,4.69
212,2,son,father,,Dogra,,ethnicity,318,30,4.57,10.6,0.629,12.15,76.69,5.32
213,0,child,father,,Dogra,,ethnicity,294,31,4.35,9.48,0.602,11.27,82.05,4.68
213,1,child,father,,Dogra,,ethnicity,316,28,4.31,11.29,0.598,12.11,81.58,4.86
213,2,child,father,,Dogra,,ethnicity,320,23,4.48,13.91,0.575,13.67,77.08,5.94
214,0,daughter,mother,,Dogra,,ethnicity,316,30,4.17,10.53,0.573,11.52,83.06,4.34
214,1,daughter,mother,,Dogra,,ethnicity,306,26,4.21,11.77,0.618,12.19,86.99,4.03
214,2,daughter,mother,,Dogra,,ethnicity,318,22,4.28,14.45,0.56,13.64,77.24,6.22
215,0,son,mother,,Dogra,,ethnicity,316,34,4.37,9.29,0.608,11.2,85.25,3.72
215,1,son,mother,,Dogra,,ethnicity,373,28,4.14,13.32,0.544,12.87,82.46,5.02
215,2,son,mother,,Dogra,,ethnicity,337,31,4.52,10.87,0.593,12.21,83.53,4.49
216,0,child,mother,,Dogra,,ethnicity,331,26,4.39,12.73,0.607,12.95,81.22,5.05
216,1,child,mother,,Dogra,,ethnicity,319,30,4.05,10.63,0.574,11.39,89.89,3.35
216,2,child,mother,,Dogra,,ethnicity,333,28,4.41,11.89,0.607,12.56,79.51,5.1
217,0,daughter,father,,Konkani,,ethnicity,355,31,4.12,11.45,0.561,11.9,83.56,4.5
217,1,daughter,father,,Konkani,,ethnicity,317,28,4.31,11.32,0.577,12.12,80.24,5.1
217,2,daughter,father,,Konkani,,ethnicity,315,27,4.28,11.67,0.597,12.25,86.0,4.26
218,0,son,father,,Konkani,,ethnicity,312,29,4.18,10.76,0.574,11.65,86.58,3.91
218,1,son,father,,Konkani,,ethnicity,321,26,4.23,12.35,0.573,12.52,78.55,5.36
218,2,son,father,,Konkani,,ethnicity,331,26,4.21,12.73,0.583,12.68,80.03,5.23
219,0,child,father,,Konkani,,ethnicity,331,31,4.14,10.68,0.553,11.54,85.82,4.0
219,1,child,father,,Konkani,,ethnicity,312,29,4.3,10.76,0.606,11.83,84.65,4.18
219,2,child,father,,Konkani,,ethnicity,341,27,4.31,12.63,0.587,12.78,81.09,5.2
220,0,daughter,mother,,Konkani,,ethnicity,355,29,4.26,12.24,0.541,12.51,83.76,4.6
220,1,daughter,mother,,Konkani,,ethnicity,367,31,4.29,11.84,0.534,12.35,77.26,5.58
220,2,daughter,mother,,Konkani,,ethnicity,318,32,4.06,9.94,0.569,11.05,88.19,3.67
221,0,son,mother,,Konkani,,ethnicity,307,26,4.1,11.81,0.554,12.06,85.76,4.34
221,1,son,mother,,Konkani,,ethnicity,373,29,4.29,12.86,0.544,12.87,75.91,6.09
221,2,son,mother,,Konkani,,ethnicity,327,29,4.32,11.28,0.55,12.12,80.89,4.88
222,0,child,mother,,Konkani,,ethnicity,320,29,4.26,11.03,0.594,11.91,81.78,4.57
222,1,child,mother,,Konkani,,ethnicity,304,26,4.16,11.69,0.586,12.09,84.57,4.6
222,2,child,mother,,Konkani,,ethnicity,305,34,4.09,8.97,0.577,10.62,85.12,3.8
223,0,daughter,father,,Bodo,,ethnicity,314,31,4.09,10.13,0.58,11.2,87.05,3.66
223,1,daughter,father,,Bodo,,ethnicity,353,28,4.35,12.61,0.575,12.82,79.14,5.33
223,2,daughter,father,,Bodo,,ethnicity,309,29,4.51,10.66,0.576,12.1,80.76,4.64
224,0,son,father,,Bodo,,ethnicity,315,28,4.08,11.25,0.54,11.75,85.56,4.2
224,1,son,father,,Bodo,,ethnicity,291,22,4.38,13.23,0.605,13.19,75.77,6.24
224,2,son,father,,Bodo,,ethnicity,316,25,4.29,12.64,0.576,12.76,78.89,5.4
225,0,child,father,,Bodo,,ethnicity,340,26,4.45,13.08,0.538,13.21,82.55,4.98
225,1,child,father,,Bodo,,ethnicity,330,33,4.37,10.0,0.576,11.55,81.46,4.45
225,2,child,father,,Bodo,,ethnicity,353,29,4.31,12.17,0.567,12.55,82.14,4.79
226,0,daughter,mother,,Bodo,,ethnicity,316,33,4.71,9.58,0.573,11.85,75.03,5.17
226,1,daughter,mother,,Bodo,,ethnicity,327,28,4.41,11.68,0.563,12.46,78.66,5.26
226,2,daughter,mother,,Bodo,,ethnicity,346,26,4.3,13.31,0.558,13.11,79.1,5.52
227,0,son,mother,,Bodo,,ethnicity,350,36,4.32,9.72,0.543,11.34,83.56,4.09
227,1,son,mother,,Bodo,,ethnicity,320,27,4.18,11.85,0.575,12.2,86.64,4.11
227,2,son,mother,,Bodo,,ethnicity,323,26,4.41,12.42,0.576,12.82,81.08,5.04
228,0,child,mother,,Bodo,,ethnicity,328,32,4.13,10.25,0.524,11.33,85.02,4.06
228,1,child,mother,,Bodo,,ethnicity,317,32,4.16,9.91,0.584,11.19,86.53,3.69
228,2,child,mother,,Bodo,,ethnicity,333,31,4.45,10.74,0.583,12.05,76.69,5.49
229,0,daughter,father,,Santhal,,ethnicity,308,24,4.33,12.83,0.607,12.91,79.49,5.3
229,1,daughter,father,,Santhal,,ethnicity,307,24,4.29,12.79,0.57,12.83,80.04,5.27
229,2,daughter,father,,Santhal,,ethnicity,342,31,4.56,11.03,0.594,12.35,80.13,4.9
230,0,son,father,,Santhal,,ethnicity,329,27,4.25,12.19,0.596,12.46,84.59,4.47
230,1,son,father,,Santhal,,ethnicity,342,30,4.22,11.4,0.591,12.02,83.57,4.57
230,2,son,father,,Santhal,,ethnicity,307,22,4.39,13.95,0.577,13.57,76.11,6.11
231,0,child,father,,Santhal,,ethnicity,322,27,4.34,11.93,0.612,12.47,78.34,5.4
231,1,child,father,,Santhal,,ethnicity,396,30,4.28,13.2,0.566,13.01,81.03,5.23
231,2,child,father,,Santhal,,ethnicity,338,29,4.38,11.66,0.544,12.4,80.06,4.9
232,0,daughter,mother,,Santhal,,ethnicity,335,26,4.16,12.88,0.561,12.68,85.35,4.54
232,1,daughter,mother,,Santhal,,ethnicity,341,29,4.41,11.76,0.551,12.49,81.62,4.77
232,2,daughter,mother,,Santhal,,ethnicity,317,30,4.47,10.57,0.596,11.99,84.74,4.11
233,0,son,mother,,Santhal,,ethnicity,340,34,4.17,10.0,0.55,11.26,84.75,3.98
233,1,son,mother,,Santhal,,ethnicity,302,24,4.28,12.58,0.616,12.71,84.69,4.54
233,2,son,mother,,Santhal,,ethnicity,344,34,4.27,10.12,0.573,11.46,83.62,4.19
234,0,child,mother,,Santhal,,ethnicity,318,24,4.2,13.25,0.547,12.92,80.01,5.38
234,1,child,mother,,Santhal,,ethnicity,339,29,4.28,11.69,0.563,12.27,80.71,4.87
234,2,child,mother,,Santhal,,ethnicity,316,24,4.19,13.17,0.604,12.87,83.63,4.84
235,0,daughter,father,,Munda,,ethnicity,338,28,4.11,12.07,0.541,12.2,87.24,4.31
235,1,daughter,father,,Munda,,ethnicity,336,28,4.15,12.0,0.565,12.23,86.31,4.28
235,2,daughter,father,,Munda,,ethnicity,355,28,4.34,12.68,0.521,12.84,76.39,6.26
236,0,son,father,,Munda,,ethnicity,326,27,4.44,12.07,0.583,12.7,80.39,5.15
236,1,son,father,,Munda,,ethnicity,375,29,4.53,12.93,0.528,13.26,72.66,6.32
236,2,son,father,,Munda,,ethnicity,342,25,4.15,13.68,0.567,13.07,80.48,5.39
237,0,child,father,,Munda,,ethnicity,304,25,4.47,12.16,0.595,12.78,72.01,6.35
237,1,child,father,,Munda,,ethnicity,362,36,4.16,10.06,0.572,11.27,81.98,4.46
237,2,child,father,,Munda,,ethnicity,319,24,4.28,13.29,0.571,13.06,78.25,5.65
238,0,daughter,mother,,Munda,,ethnicity,333,31,4.19,10.74,0.58,11.66,81.99,4.54
238,1,daughter,mother,,Munda,,ethnicity,346,28,4.35,12.36,0.523,12.71,85.49,4.41
238,2,daughter,mother,,Munda,,ethnicity,320,28,4.25,11.43,0.578,12.08,84.68,4.28
239,0,son,mother,,Munda,,ethnicity,349,27,4.26,12.93,0.542,12.86,76.71,5.74
239,1,son,mother,,Munda,,ethnicity,373,34,4.29,10.97,0.555,11.92,84.94,4.12
239,2,son,mother,,Munda,,ethnicity,336,32,4.31,10.5,0.551,11.71,80.31,4.79
240,0,child,mother,,Munda,,ethnicity,325,28,4.22,11.61,0.569,12.13,85.68,4.18
240,1,child,mother,,Munda,,ethnicity,328,26,4.14,12.62,0.552,12.51,86.38,4.32
240,2,child,mother,,Munda,,ethnicity,306,29,4.45,10.55,0.601,11.96,82.33,4.48
241,0,daughter,father,,Bhil,,ethnicity,333,30,4.28,11.1,0.559,11.96,83.43,4.52
241,1,daughter,father,,Bhil,,ethnicity,324,26,4.32,12.46,0.531,12.71,83.45,4.83
241,2,daughter,father,,Bhil,,ethnicity,351,29,4.36,12.1,0.578,12.59,81.08,5.18
242,0,son,father,,Bhil,,ethnicity,346,31,4.14,11.16,0.558,11.79,83.38,4.38
242,1,son,father,,Bhil,,ethnicity,326,26,4.28,12.54,0.564,12.68,78.31,5.44
242,2,son,father,,Bhil,,ethnicity,315,30,4.23,10.5,0.568,11.6,84.45,4.27
243,0,child,father,,Bhil,,ethnicity,325,27,4.35,12.04,0.575,12.54,80.81,4.97
243,1,child,father,,Bhil,,ethnicity,291,22,4.41,13.23,0.577,13.23,80.27,5.34
243,2,child,father,,Bhil,,ethnicity,343,23,4.55,14.91,0.586,14.28,74.29,6.6
244,0,daughter,mother,,Bhil,,ethnicity,309,25,4.18,12.36,0.528,12.46,84.14,4.57
244,1,daughter,mother,,Bhil,,ethnicity,304,24,4.23,12.67,0.592,12.67,83.73,4.72
244,2,daughter,mother,,Bhil,,ethnicity,325,26,4.35,12.5,0.563,12.78,80.93,5.03
245,0,son,mother,,Bhil,,ethnicity,310,28,4.4,11.07,0.6,12.14,79.32,5.12
245,1,son,mother,,Bhil,,ethnicity,334,33,4.34,10.12,0.587,11.57,78.37,5.0
245,2,son,mother,,Bhil,,ethnicity,326,27,4.3,12.07,0.571,12.49,84.26,4.6
246,0,child,mother,,Bhil,,ethnicity,326,27,4.16,12.07,0.567,12.28,82.49,4.71
246,1,child,mother,,Bhil,,ethnicity,360,32,4.21,11.25,0.553,11.94,81.72,4.82
246,2,child,mother,,Bhil,,ethnicity,332,25,4.19,13.28,0.557,12.92,80.63,5.44
247,0,daughter,father,,Gond,,ethnicity,379,35,4.36,10.83,0.562,11.95,81.6,4.81
247,1,daughter,father,,Gond,,ethnicity,307,28,4.39,10.96,0.625,12.07,80.97,4.75
247,2,daughter,father,,Gond,,ethnicity,327,32,4.26,10.22,0.587,11.49,86.77,3.85
248,0,son,father,,Gond,,ethnicity,322,24,4.36,13.42,0.543,13.25,77.82,5.73
248,1,son,father,,Gond,,ethnicity,319,32,4.16,9.97,0.564,11.23,84.3,4.19
248,2,son,father,,Gond,,ethnicity,323,31,4.28,10.42,0.582,11.62,79.11,5.06
249,0,child,father,,Gond,,ethnicity,361,39,4.08,9.26,0.54,10.74,86.99,3.54
249,1,child,father,,Gond,,ethnicity,326,34,4.45,9.59,0.58,11.47,79.25,4.8
249,2,child,father,,Gond,,ethnicity,324,28,4.42,11.57,0.574,12.41,77.42,5.4
250,0,daughter,mother,,Gond,,ethnicity,327,27,4.2,12.11,0.55,12.35,80.67,5.24
250,1,daughter,mother,,Gond,,ethnicity,309,26,4.38,11.88,0.608,12.51,84.9,4.35
250,2,daughter,mother,,Gond,,ethnicity,383,29,4.36,13.21,0.561,13.14,79.55,5.42
251,0,son,mother,,Gond,,ethnicity,324,25,4.35,12.96,0.552,13.01,77.75,5.63
251,1,son,mother,,Gond,,ethnicity,321,30,4.3,10.7,0.576,11.79,84.68,4.28
251,2,son,mother,,Gond,,ethnicity,314,30,4.28,10.47,0.596,11.65,80.8,4.68
252,0,child,mother,,Gond,,ethnicity,341,35,4.42,9.74,0.551,11.5,77.36,5.11
252,1,child,mother,,Gond,,ethnicity,320,26,4.33,12.31,0.603,12.65,79.87,5.18
252,2,child,mother,,Gond,,ethnicity,315,32,4.4,9.84,0.584,11.52,81.0,4.76
253,0,daughter,father,,Meena,,ethnicity,341,28,4.18,12.18,0.522,12.36,89.43,3.78
253,1,daughter,father,,Meena,,ethnicity,334,35,4.17,9.54,0.596,11.03,88.87,3.51
253,2,daughter,father,,Meena,,ethnicity,309,29,4.35,10.66,0.634,11.85,84.65,4.06
254,0,son,father,,Meena,,ethnicity,325,27,4.35,12.04,0.566,12.54,77.87,5.47
254,1,son,father,,Meena,,ethnicity,294,28,4.2,10.5,0.605,11.55,82.97,4.28
254,2,son,father,,Meena,,ethnicity,330,30,4.45,11.0,0.564,12.17,80.19,4.79
255,0,child,father,,Meena,,ethnicity,323,27,4.17,11.96,0.557,12.24,88.06,3.94
255,1,child,father,,Meena,,ethnicity,303,28,4.44,10.82,0.597,12.07,83.15,4.44
255,2,child,father,,Meena,,ethnicity,332,26,4.39,12.77,0.566,12.97,81.15,5.09
256,0,daughter,mother,,Meena,,ethnicity,299,22,4.22,13.59,0.585,13.12,78.73,5.65
256,1,daughter,mother,,Meena,,ethnicity,309,28,4.26,11.04,0.602,11.91,83.14,4.49
256,2,daughter,mother,,Meena,,ethnicity,335,28,4.38,11.96,0.555,12.56,77.2,5.56
257,0,son,mother,,Meena,,ethnicity,324,27,4.37,12.0,0.534,12.55,73.8,5.92
257,1,son,mother,,Meena,,ethnicity,331,29,4.02,11.41,0.565,11.73,86.88,3.98
257,2,son,mother,,Meena,,ethnicity,340,34,4.08,10.0,0.544,11.11,86.97,3.66
258,0,child,mother,,Meena,,ethnicity,319,29,4.19,11.0,0.577,11.79,84.4,4.19
258,1,child,mother,,Meena,,ethnicity,325,33,4.27,9.85,0.563,11.33,84.78,4.04
258,2,child,mother,,Meena,,ethnicity,307,26,4.23,11.81,0.567,12.26,89.0,3.77
259,0,daughter,father,,Marwari,,ethnicity,390,33,4.24,11.82,0.508,12.27,86.73,4.15
259,1,daughter,father,,Marwari,,ethnicity,324,31,4.41,10.45,0.562,11.84,82.9,4.46
259,2,daughter,father,,Marwari,,ethnicity,330,30,4.28,11.0,0.518,11.92,84.11,4.55
260,0,son,father,,Marwari,,ethnicity,332,34,4.05,9.76,0.548,10.96,78.7,4.97
260,1,son,father,,Marwari,,ethnicity,311,27,4.26,11.52,0.582,12.15,83.34,4.59
260,2,son,father,,Marwari,,ethnicity,360,30,4.09,12.0,0.547,12.13,85.37,4.28
261,0,child,father,,Marwari,,ethnicity,286,25,4.27,11.44,0.598,12.12,81.51,4.71
261,1,child,father,,Marwari,,ethnicity,309,26,4.24,11.88,0.586,12.3,84.98,4.36
261,2,child,father,,Marwari,,ethnicity,356,27,4.23,13.19,0.559,12.94,88.63,4.16
262,0,daughter,mother,,Marwari,,ethnicity,309,28,4.4,11.04,0.589,12.11,82.69,4.66
262,1,daughter,mother,,Marwari,,ethnicity,289,21,4.45,13.76,0.554,13.56,78.7,5.7
262,2,daughter,mother,,Marwari,,ethnicity,351,33,4.22,10.64,0.553,11.64,82.65,4.36
263,0,son,mother,,Marwari,,ethnicity,339,28,4.42,12.11,0.59,12.69,75.43,5.84
263,1,son,mother,,Marwari,,ethnicity,309,37,4.12,8.35,0.579,10.35,84.62,3.69
263,2,son,mother,,Marwari,,ethnicity,307,23,4.05,13.35,0.521,12.75,86.31,4.52
264,0,child,mother,,Marwari,,ethnicity,322,26,4.35,12.38,0.578,12.71,83.57,4.66
264,1,child,mother,,Marwari,,ethnicity,306,23,4.37,13.3,0.575,13.21,80.94,5.24
264,2,child,mother,,Marwari,,ethnicity,324,24,4.33,13.5,0.546,13.25,81.78,5.18
265,0,daughter,father,,Awadhi,,ethnicity,348,27,4.26,12.89,0.546,12.84,86.71,4.34
265,1,daughter,father,,Awadhi,,ethnicity,360,31,4.24,11.61,0.542,12.16,78.1,5.35
265,2,daughter,father,,Awadhi,,ethnicity,335,24,4.31,13.96,0.543,13.44,82.06,5.28
266,0,son,father,,Awadhi,,ethnicity,321,26,4.28,12.35,0.579,12.59,85.12,4.44
266,1,son,father,,Awadhi,,ethnicity,318,27,4.1,11.78,0.531,12.04,84.84,4.72
266,2,son,father,,Awadhi,,ethnicity,316,27,4.19,11.7,0.57,12.13,83.05,4.58
267,0,child,father,,Awadhi,,ethnicity,301,30,4.52,10.03,0.615,11.79,81.21,4.49
267,1,child,father,,Awadhi,,ethnicity,313,28,4.22,11.18,0.604,11.92,82.53,4.61
267,2,child,father,,Awadhi,,ethnicity,328,24,4.52,13.67,0.601,13.61,75.03,6.18
268,0,daughter,mother,,Awadhi,,ethnicity,326,32,4.18,10.19,0.558,11.37,87.96,3.71
268,1,daughter,mother,,Awadhi,,ethnicity,301,27,4.59,11.15,0.575,12.46,79.41,5.13
268,2,daughter,mother,,Awadhi,,ethnicity,365,32,4.05,11.41,0.537,11.78,90.35,3.73
269,0,son,mother,,Awadhi,,ethnicity,279,27,4.32,10.33,0.624,11.64,79.89,4.75
269,1,son,mother,,Awadhi,,ethnicity,306,31,4.26,9.87,0.556,11.32,82.51,4.28
269,2,son,mother,,Awadhi,,ethnicity,346,29,4.29,11.93,0.535,12.41,86.65,4.14
270,0,child,mother,,Awadhi,,ethnicity,343,37,4.25,9.27,0.577,11.01,85.35,3.78
270,1,child,mother,,Awadhi,,ethnicity,337,35,4.01,9.63,0.549,10.83,91.06,3.04
270,2,child,mother,,Awadhi,,ethnicity,302,27,4.24,11.19,0.56,11.95,83.78,4.32
271,0,daughter,father,,Maithili,,ethnicity,316,23,4.51,13.74,0.566,13.63,75.15,6.32
271,1,daughter,father,,Maithili,,ethnicity,334,26,4.27,12.85,0.572,12.83,78.44,5.49
271,2,daughter,father,,Maithili,,ethnicity,318,28,4.25,11.36,0.553,12.06,86.03,4.18
272,0,son,father,,Maithili,,ethnicity,319,33,4.09,9.67,0.545,10.96,87.39,3.63
272,1,son,father,,Maithili,,ethnicity,331,29,4.33,11.41,0.589,12.21,77.78,5.35
272,2,son,father,,Maithili,,ethnicity,330,36,4.31,9.17,0.561,11.04,79.4,4.74
273,0,child,father,,Maithili,,ethnicity,387,34,4.42,11.38,0.568,12.32,77.78,5.38
273,1,child,father,,Maithili,,ethnicity,352,36,4.4,9.78,0.56,11.49,80.27,4.76
273,2,child,father,,Maithili,,ethnicity,352,37,4.36,9.51,0.554,11.3,80.79,4.51
274,0,daughter,mother,,Maithili,,ethnicity,314,31,4.36,10.13,0.567,11.61,81.11,4.8
274,1,daughter,mother,,Maithili,,ethnicity,303,26,4.18,11.65,0.578,12.1,88.15,3.97
274,2,daughter,mother,,Maithili,,ethnicity,297,25,4.38,11.88,0.589,12.52,78.95,5.28
275,0,son,mother,,Maithili,,ethnicity,326,27,4.4,12.07,0.613,12.63,76.62,5.66
275,1,son,mother,,Maithili,,ethnicity,348,27,4.21,12.89,0.572,12.76,80.47,5.24
275,2,son,mother,,Maithili,,ethnicity,331,28,4.34,11.82,0.574,12.42,80.48,4.95
276,0,child,mother,,Maithili,,ethnicity,325,33,4.32,9.85,0.588,11.4,79.78,4.86
276,1,child,mother,,Maithili,,ethnicity,297,29,4.5,10.24,0.603,11.87,82.1,4.64
276,2,child,mother,,Maithili,,ethnicity,334,36,4.32,9.28,0.548,11.11,81.45,4.4
277,0,daughter,father,,Bhojpuri,,ethnicity,324,30,4.32,10.8,0.565,11.89,82.4,4.61
277,1,daughter,father,,Bhojpuri,,ethnicity,290,24,4.51,12.08,0.634,12.81,74.51,5.85
277,2,daughter,father,,Bhojpuri,,ethnicity,299,26,4.4,11.5,0.592,12.35,79.2,5.29
278,0,son,father,,Bhojpuri,,ethnicity,320,28,4.33,11.43,0.572,12.22,77.79,5.24
278,1,son,father,,Bhojpuri,,ethnicity,322,28,4.23,11.5,0.559,12.1,84.3,4.45
278,2,son,father,,Bhojpuri,,ethnicity,318,31,4.03,10.26,0.547,11.17,86.41,3.89
279,0,child,father,,Bhojpuri,,ethnicity,310,28,4.34,11.07,0.587,12.04,82.03,4.64
279,1,child,father,,Bhojpuri,,ethnicity,322,27,4.55,11.93,0.596,12.78,74.47,6.03
279,2,child,father,,Bhojpuri,,ethnicity,327,27,4.49,12.11,0.587,12.79,77.02,5.52
280,0,daughter,mother,,Bhojpuri,,ethnicity,326,29,4.37,11.24,0.555,12.18,80.92,4.76
280,1,daughter,mother,,Bhojpuri,,ethnicity,307,29,4.34,10.59,0.554,11.8,79.94,4.72
280,2,daughter,mother,,Bhojpuri,,ethnicity,347,26,4.07,13.35,0.501,12.77,89.04,4.23
281,0,son,mother,,Bhojpuri,,ethnicity,319,27,4.34,11.81,0.564,12.41,82.88,4.63
281,1,son,mother,,Bhojpuri,,ethnicity,354,30,4.14,11.8,0.545,12.1,87.12,3.99
281,2,son,mother,,Bhojpuri,,ethnicity,343,31,4.21,11.06,0.536,11.84,80.29,4.9
282,0,child,mother,,Bhojpuri,,ethnicity,350,29,4.47,12.07,0.509,12.74,72.2,6.18
282,1,child,mother,,Bhojpuri,,ethnicity,326,25,4.49,13.04,0.601,13.26,75.66,5.93
282,2,child,mother,,Bhojpuri,,ethnicity,351,33,4.26,10.64,0.541,11.71,82.01,4.79
283,0,daughter,father,,Kumaoni,,ethnicity,343,28,4.61,12.25,0.569,13.03,79.76,5.36
283,1,daughter,father,,Kumaoni,,ethnicity,329,24,4.39,13.71,0.52,13.43,76.32,6.0
283,2,daughter,father,,Kumaoni,,ethnicity,301,23,4.46,13.09,0.558,13.23,78.78,5.66
284,0,son,father,,Kumaoni,,ethnicity,326,27,4.37,12.07,0.613,12.59,77.94,5.37
284,1,son,father,,Kumaoni,,ethnicity,320,27,4.35,11.85,0.584,12.45,77.69,5.47
284,2,son,father,,Kumaoni,,ethnicity,339,27,4.17,12.56,0.593,12.53,81.76,5.09
285,0,child,father,,Kumaoni,,ethnicity,327,29,4.26,11.28,0.59,12.03,84.87,4.21
285,1,child,father,,Kumaoni,,ethnicity,301,28,4.24,10.75,0.568,11.74,80.22,4.83
285,2,child,father,,Kumaoni,,ethnicity,324,33,4.33,9.82,0.571,11.41,82.35,4.57
286,0,daughter,mother,,Kumaoni,,ethnicity,337,34,4.15,9.91,0.57,11.18,89.33,3.68
286,1,daughter,mother,,Kumaoni,,ethnicity,345,27,4.16,12.78,0.533,12.63,85.17,4.66
286,2,daughter,mother,,Kumaoni,,ethnicity,329,27,4.33,12.19,0.565,12.58,85.48,4.48
287,0,son,mother,,Kumaoni,,ethnicity,333,27,4.11,12.33,0.538,12.34,87.56,4.09
287,1,son,mother,,Kumaoni,,ethnicity,316,24,4.39,13.17,0.579,13.17,79.42,5.45
287,2,son,mother,,Kumaoni,,ethnicity,349,31,4.16,11.26,0.53,11.87,84.32,4.35
288,0,child,mother,,Kumaoni,,ethnicity,298,28,4.52,10.64,0.601,12.1,81.16,4.67
288,1,child,mother,,Kumaoni,,ethnicity,331,26,4.38,12.73,0.568,12.94,76.85,5.7
288,2,child,mother,,Kumaoni,,ethnicity,335,31,4.44,10.81,0.549,12.07,85.05,4.15
289,0,daughter,father,,Garhwali,,ethnicity,317,30,4.1,10.57,0.546,11.43,91.67,3.24
289,1,daughter,father,,Garhwali,,ethnicity,328,30,4.25,10.93,0.579,11.84,88.25,3.74
289,2,daughter,father,,Garhwali,,ethnicity,318,26,4.26,12.23,0.55,12.5,87.99,4.13
290,0,son,father,,Garhwali,,ethnicity,351,31,4.24,11.32,0.553,12.02,85.11,4.14
290,1,son,father,,Garhwali,,ethnicity,309,25,4.37,12.36,0.576,12.73,80.01,5.15
290,2,son,father,,Garhwali,,ethnicity,332,23,4.37,14.43,0.569,13.77,80.02,5.67
291,0,child,father,,Garhwali,,ethnicity,301,27,4.45,11.15,0.635,12.25,80.85,4.75
291,1,child,father,,Garhwali,,ethnicity,317,25,4.33,12.68,0.584,12.83,79.27,5.44
291,2,child,father,,Garhwali,,ethnicity,323,27,4.42,11.96,0.579,12.61,80.34,5.1
292,0,daughter,mother,,Garhwali,,ethnicity,321,23,4.46,13.96,0.57,13.67,80.84,5.43
292,1,daughter,mother,,Garhwali,,ethnicity,292,20,4.28,14.6,0.603,13.73,84.24,5.14
292,2,daughter,mother,,Garhwali,,ethnicity,319,28,4.26,11.39,0.567,12.09,85.46,4.25
293,0,son,mother,,Garhwali,,ethnicity,327,28,4.27,11.68,0.599,12.24,81.92,4.69
293,1,son,mother,,Garhwali,,ethnicity,313,36,4.19,8.69,0.588,10.63,83.09,4.03
293,2,son,mother,,Garhwali,,ethnicity,307,29,4.25,10.59,0.596,11.66,84.1,4.25
294,0,child,mother,,Garhwali,,ethnicity,320,26,4.5,12.31,0.584,12.9,74.97,5.84
294,1,child,mother,,Garhwali,,ethnicity,315,27,4.32,11.67,0.565,12.31,81.06,4.84
294,2,child,mother,,Garhwali,,ethnicity,322,26,4.25,12.38,0.531,12.57,87.07,4.19
295,0,daughter,father,,Tulu,,ethnicity,328,22,4.21,14.91,0.534,13.77,79.21,5.9
295,1,daughter,father,,Tulu,,ethnicity,319,29,4.22,11.0,0.558,11.83,85.7,4.0
295,2,daughter,father,,Tulu,,ethnicity,328,27,4.14,12.15,0.598,12.29,82.73,4.72
296,0,son,father,,Tulu,,ethnicity,335,28,4.32,11.96,0.591,12.46,76.88,5.46
296,1,son,father,,Tulu,,ethnicity,362,28,4.18,12.93,0.539,12.74,82.16,4.99
296,2,son,father,,Tulu,,ethnicity,337,29,4.26,11.62,0.564,12.21,80.32,4.94
297,0,child,father,,Tulu,,ethnicity,338,32,4.25,10.56,0.553,11.66,80.99,5.07
297,1,child,father,,Tulu,,ethnicity,324,23,4.52,14.09,0.605,13.83,77.02,5.99
297,2,child,father,,Tulu,,ethnicity,321,35,4.37,9.17,0.567,11.14,79.83,4.66
298,0,daughter,mother,,Tulu,,ethnicity,341,28,4.32,12.18,0.566,12.56,79.25,5.21
298,1,daughter,mother,,Tulu,,ethnicity,315,31,4.2,10.16,0.568,11.38,87.12,3.62
298,2,daughter,mother,,Tulu,,ethnicity,336,32,4.25,10.5,0.574,11.62,85.14,4.16
299,0,son,mother,,Tulu,,ethnicity,302,24,4.15,12.58,0.566,12.52,82.25,5.04
299,1,son,mother,,Tulu,,ethnicity,341,33,4.46,10.33,0.587,11.86,75.04,5.57
299,2,son,mother,,Tulu,,ethnicity,334,31,4.4,10.77,0.545,11.98,77.78,5.35
300,0,child,mother,,Tulu,,ethnicity,306,25,4.39,12.24,0.582,12.7,76.55,5.69
300,1,child,mother,,Tulu,,ethnicity,374,29,4.26,12.9,0.543,12.84,79.01,5.5
300,2,child,mother,,Tulu,,ethnicity,306,29,4.21,10.55,0.588,11.59,86.59,3.85
301,0,daughter,father,,Khasi,,ethnicity,336,33,4.26,10.18,0.527,11.48,84.49,4.29
301,1,daughter,father,,Khasi,,ethnicity,343,27,4.01,12.7,0.525,12.37,87.54,4.29
301,2,daughter,father,,Khasi,,ethnicity,329,32,4.22,10.28,0.556,11.48,82.74,4.27
302,0,son,father,,Khasi,,ethnicity,323,27,4.22,11.96,0.57,12.32,83.72,4.52
302,1,son,father,,Khasi,,ethnicity,317,33,4.27,9.61,0.58,11.21,88.82,3.39
302,2,son,father,,Khasi,,ethnicity,337,30,4.31,11.23,0.57,12.08,76.92,5.4
303,0,child,father,,Khasi,,ethnicity,316,29,4.24,10.9,0.576,11.8,83.54,4.51
303,1,child,father,,Khasi,,ethnicity,299,26,4.37,11.5,0.562,12.31,74.66,6.05
303,2,child,father,,Khasi,,ethnicity,310,25,4.33,12.4,0.577,12.69,81.76,4.93
304,0,daughter,mother,,Khasi,,ethnicity,338,25,4.35,13.52,0.533,13.29,80.69,5.35
304,1,daughter,mother,,Khasi,,ethnicity,318,27,4.15,11.78,0.566,12.12,83.85,4.47
304,2,daughter,mother,,Khasi,,ethnicity,327,31,4.58,10.55,0.572,12.15,73.96,5.58
305,0,son,mother,,Khasi,,ethnicity,317,30,4.29,10.57,0.615,11.71,83.76,4.27
305,1,son,mother,,Khasi,,ethnicity,334,34,4.19,9.82,0.569,11.2,87.76,3.55
305,2,son,mother,,Khasi,,ethnicity,312,26,4.25,12.0,0.615,12.37,80.6,4.97
306,0,child,mother,,Khasi,,ethnicity,327,23,4.28,14.22,0.547,13.53,81.93,5.36
306,1,child,mother,,Khasi,,ethnicity,359,28,4.55,12.82,0.557,13.23,73.17,6.24
306,2,child,mother,,Khasi,,ethnicity,326,30,4.26,10.87,0.567,11.82,85.79,4.01
307,0,daughter,father,,,India,nationality,330,25,4.49,13.2,0.573,13.34,73.58,6.26
307,1,daughter,father,,,India,nationality,308,24,4.35,12.83,0.581,12.94,81.72,5.19
307,2,daughter,father,,,India,nationality,339,24,4.28,14.12,0.549,13.48,80.41,5.54
308,0,son,father,,,India,nationality,332,29,4.36,11.45,0.542,12.27,78.7,5.12
308,1,son,father,,,India,nationality,332,29,4.24,11.45,0.563,12.09,81.66,4.69
308,2,son,father,,,India,nationality,312,25,4.37,12.48,0.574,12.79,78.6,5.39
309,0,child,father,,,India,nationality,321,27,4.19,11.89,0.526,12.23,79.54,5.11
309,1,child,father,,,India,nationality,344,26,4.33,13.23,0.581,13.11,76.92,5.79
309,2,child,father,,,India,nationality,334,34,4.37,9.82,0.581,11.46,80.42,4.63
310,0,daughter,mother,,,India,nationality,315,27,4.33,11.67,0.581,12.33,78.25,5.36
310,1,daughter,mother,,,India,nationality,342,27,4.24,12.67,0.523,12.69,80.54,5.14
310,2,daughter,mother,,,India,nationality,373,35,4.14,10.66,0.528,11.54,87.28,3.81
311,0,son,mother,,,India,nationality,347,32,4.3,10.84,0.562,11.87,82.95,4.38
311,1,son,mother,,,India,nationality,329,25,4.24,13.16,0.565,12.94,80.5,5.28
311,2,son,mother,,,India,nationality,320,24,4.44,13.33,0.609,13.33,76.98,5.84
312,0,child,mother,,,India,nationality,351,33,4.4,10.64,0.575,11.91,84.9,4.29
312,1,child,mother,,,India,nationality,321,22,4.56,14.59,0.548,14.13,69.21,7.23
312,2,child,mother,,,India,nationality,349,26,4.22,13.42,0.542,13.04,80.21,5.4
313,0,daughter,father,,,Pakistan,nationality,322,25,4.21,12.88,0.522,12.76,82.23,4.96
313,1,daughter,father,,,Pakistan,nationality,307,23,4.3,13.35,0.577,13.12,82.51,5.07
313,2,daughter,father,,,Pakistan,nationality,350,28,4.3,12.5,0.58,12.7,77.29,5.57
314,0,son,father,,,Pakistan,nationality,322,25,4.44,12.88,0.599,13.1,73.43,6.22
314,1,son,father,,,Pakistan,nationality,324,26,4.56,12.46,0.62,13.07,81.14,5.16
314,2,son,father,,,Pakistan,nationality,322,28,4.25,11.5,0.596,12.13,79.7,4.98
315,0,child,father,,,Pakistan,nationality,351,30,4.29,11.7,0.544,12.29,82.47,4.76
315,1,child,father,,,Pakistan,nationality,325,31,4.23,10.48,0.563,11.59,84.12,4.21
315,2,child,father,,,Pakistan,nationality,334,28,4.27,11.93,0.56,12.36,81.52,4.95
316,0,daughter,mother,,,Pakistan,nationality,313,25,4.33,12.52,0.562,12.76,79.8,5.24
316,1,daughter,mother,,,Pakistan,nationality,344,30,4.31,11.47,0.552,12.2,80.29,4.9
316,2,daughter,mother,,,Pakistan,nationality,297,24,4.84,12.38,0.636,13.44,72.43,6.33
317,0,son,mother,,,Pakistan,nationality,349,37,4.15,9.43,0.542,10.94,84.62,4.0
317,1,son,mother,,,Pakistan,nationality,303,23,4.14,13.17,0.578,12.8,83.46,4.89
317,2,son,mother,,,Pakistan,nationality,332,26,4.3,12.77,0.563,12.84,78.4,5.4
318,0,child,mother,,,Pakistan,nationality,317,29,4.21,10.93,0.596,11.78,82.13,4.56
318,1,child,mother,,,Pakistan,nationality,298,29,4.35,10.28,0.57,11.66,81.22,4.67
318,2,child,mother,,,Pakistan,nationality,305,28,4.42,10.89,0.593,12.08,76.48,5.34
319,0,daughter,father,,,Nepal,nationality,343,25,4.21,13.72,0.528,13.18,82.76,5.25
319,1,daughter,father,,,Nepal,nationality,333,25,4.09,13.32,0.52,12.8,84.55,4.77
319,2,daughter,father,,,Nepal,nationality,321,35,4.32,9.17,0.586,11.07,84.95,3.83
320,0,son,father,,,Nepal,nationality,311,25,4.17,12.44,0.576,12.47,82.36,4.85
320,1,son,father,,,Nepal,nationality,324,27,4.14,12.0,0.559,12.21,83.48,4.71
320,2,son,father,,,Nepal,nationality,304,31,4.39,9.81,0.589,11.5,85.01,4.09
321,0,child,father,,,Nepal,nationality,345,27,4.25,12.78,0.548,12.76,79.54,5.45
321,1,child,father,,,Nepal,nationality,330,27,4.31,12.22,0.585,12.58,84.59,4.47
321,2,child,father,,,Nepal,nationality,324,28,4.49,11.57,0.599,12.52,77.92,5.24
322,0,daughter,mother,,,Nepal,nationality,326,28,4.17,11.64,0.549,12.08,85.56,4.42
322,1,daughter,mother,,,Nepal,nationality,313,22,4.38,14.23,0.578,13.69,78.87,5.79
322,2,daughter,mother,,,Nepal,nationality,346,29,4.28,11.93,0.538,12.39,75.95,5.74
323,0,son,mother,,,Nepal,nationality,363,33,4.2,11.0,0.573,11.8,83.8,4.3
323,1,son,mother,,,Nepal,nationality,327,29,4.31,11.28,0.572,12.11,81.36,5.12
323,2,son,mother,,,Nepal,nationality,339,26,4.32,13.04,0.578,13.01,76.5,6.06
324,0,child,mother,,,Nepal,nationality,338,28,4.33,12.07,0.589,12.54,80.75,4.96
324,1,child,mother,,,Nepal,nationality,338,30,4.27,11.27,0.553,12.03,82.43,4.62
324,2,child,mother,,,Nepal,nationality,313,28,4.48,11.18,0.594,12.3,75.26,5.84
325,0,daughter,father,,,Sri Lanka,nationality,316,29,4.28,10.9,0.585,11.86,81.44,4.76
325,1,daughter,father,,,Sri Lanka,nationality,317,31,4.36,10.23,0.58,11.66,80.4,4.72
325,2,daughter,father,,,Sri Lanka,nationality,319,33,4.33,9.67,0.618,11.33,80.89,4.43
326,0,son,father,,,Sri Lanka,nationality,449,40,4.23,11.22,0.519,11.96,82.33,4.81
326,1,son,father,,,Sri Lanka,nationality,325,31,4.13,10.48,0.582,11.44,82.65,4.39
326,2,son,father,,,Sri Lanka,nationality,315,24,4.25,13.12,0.546,12.93,82.32,5.04
327,0,child,father,,,Sri Lanka,nationality,331,33,4.09,10.03,0.556,11.16,86.37,3.73
327,1,child,father,,,Sri Lanka,nationality,366,38,4.27,9.63,0.56,11.22,82.06,4.44
327,2,child,father,,,Sri Lanka,nationality,311,29,4.42,10.72,0.576,11.99,75.57,5.56
328,0,daughter,mother,,,Sri Lanka,nationality,334,24,4.43,13.92,0.575,13.61,74.11,6.37
328,1,daughter,mother,,,Sri Lanka,nationality,344,28,4.17,12.29,0.57,12.4,84.93,4.47
328,2,daughter,mother,,,Sri Lanka,nationality,297,25,4.28,11.88,0.549,12.36,81.98,4.78
329,0,son,mother,,,Sri Lanka,nationality,344,30,4.04,11.47,0.506,11.8,87.69,3.87
329,1,son,mother,,,Sri Lanka,nationality,310,25,4.21,12.4,0.574,12.51,82.44,4.8
329,2,son,mother,,,Sri Lanka,nationality,331,27,4.11,12.26,0.598,12.3,82.05,4.83
330,0,child,mother,,,Sri Lanka,nationality,327,38,4.07,8.61,0.596,10.41,85.72,3.95
330,1,child,mother,,,Sri Lanka,nationality,338,23,4.47,14.7,0.565,14.06,75.53,6.7
330,2,child,mother,,,Sri Lanka,nationality,349,33,4.22,10.58,0.562,11.62,83.18,4.41
331,0,daughter,father,,,Bangladesh,nationality,326,32,4.07,10.19,0.543,11.2,88.53,3.48
331,1,daughter,father,,,Bangladesh,nationality,310,28,4.66,11.07,0.613,12.53,76.19,5.37
331,2,daughter,father,,,Bangladesh,nationality,333,26,4.47,12.81,0.547,13.1,72.83,6.4
332,0,son,father,,,Bangladesh,nationality,315,29,4.07,10.86,0.606,11.53,85.57,4.29
332,1,son,father,,,Bangladesh,nationality,355,30,4.27,11.83,0.552,12.32,83.77,4.51
332,2,son,father,,,Bangladesh,nationality,337,31,4.27,10.87,0.564,11.84,84.34,4.2
333,0,child,father,,,Bangladesh,nationality,331,28,4.3,11.82,0.592,12.36,83.05,4.59
333,1,child,father,,,Bangladesh,nationality,342,24,4.27,14.25,0.547,13.52,78.25,5.87
333,2,child,father,,,Bangladesh,nationality,319,29,4.29,11.0,0.586,11.93,81.69,4.87
334,0,daughter,mother,,,Bangladesh,nationality,313,23,4.4,13.61,0.527,13.4,71.51,6.64
334,1,daughter,mother,,,Bangladesh,nationality,328,25,4.27,13.12,0.57,12.96,79.21,5.46
334,2,daughter,mother,,,Bangladesh,nationality,332,33,4.34,10.06,0.545,11.54,76.28,5.3
335,0,son,mother,,,Bangladesh,nationality,381,26,4.25,14.65,0.533,13.71,76.19,6.25
335,1,son,mother,,,Bangladesh,nationality,334,27,4.43,12.37,0.572,12.82,76.37,5.66
335,2,son,mother,,,Bangladesh,nationality,313,24,4.22,13.04,0.575,12.86,86.26,4.46
336,0,child,mother,,,Bangladesh,nationality,304,23,4.4,13.22,0.562,13.21,77.04,5.95
336,1,child,mother,,,Bangladesh,nationality,327,27,4.14,12.11,0.56,12.27,85.62,4.33
336,2,child,mother,,,Bangladesh,nationality,313,21,4.41,14.9,0.54,14.07,73.32,6.74
337,0,daughter,father,,,America,nationality,331,30,4.07,11.03,0.553,11.63,86.84,4.05
337,1,daughter,father,,,America,nationality,323,28,4.33,11.54,0.588,12.27,77.69,5.47
337,2,daughter,father,,,America,nationality,333,33,4.26,10.09,0.616,11.43,82.2,4.5
338,0,son,father,,,America,nationality,359,33,4.53,10.88,0.571,12.24,77.04,5.57
338,1,son,father,,,America,nationality,342,31,4.46,11.03,0.582,12.21,79.64,5.24
338,2,son,father,,,America,nationality,324,29,4.19,11.17,0.568,11.88,85.38,4.22
339,0,child,father,,,America,nationality,343,27,4.09,12.7,0.557,12.48,86.59,4.44
339,1,child,father,,,America,nationality,322,27,4.46,11.93,0.584,12.65,81.89,4.88
339,2,child,father,,,America,nationality,339,31,4.1,10.94,0.555,11.61,84.13,4.3
340,0,daughter,mother,,,America,nationality,345,29,4.36,11.9,0.562,12.49,80.49,4.99
340,1,daughter,mother,,,America,nationality,341,26,4.23,13.12,0.581,12.91,82.09,5.06
340,2,daughter,mother,,,America,nationality,340,35,4.38,9.71,0.591,11.43,82.92,4.17
341,0,son,mother,,,America,nationality,313,26,4.2,12.04,0.585,12.32,84.0,4.62
341,1,son,mother,,,America,nationality,329,31,4.34,10.61,0.568,11.82,80.46,4.83
341,2,son,mother,,,America,nationality,308,27,4.22,11.41,0.552,12.03,80.0,5.04
342,0,child,mother,,,America,nationality,341,35,4.37,9.74,0.572,11.42,78.97,4.75
342,1,child,mother,,,America,nationality,352,33,4.3,10.67,0.582,11.79,82.98,4.49
342,2,child,mother,,,America,nationality,349,35,4.28,9.97,0.567,11.4,81.08,4.72
343,0,daughter,father,,,Britain,nationality,376,35,4.2,10.74,0.566,11.67,83.56,4.61
343,1,daughter,father,,,Britain,nationality,301,26,4.26,11.58,0.608,12.18,81.7,4.72
343,2,daughter,father,,,Britain,nationality,320,25,4.32,12.8,0.625,12.88,79.9,5.3
344,0,son,father,,,Britain,nationality,356,35,4.37,10.17,0.584,11.63,76.4,5.27
344,1,son,father,,,Britain,nationality,312,29,4.15,10.76,0.561,11.61,82.56,4.49
344,2,son,father,,,Britain,nationality,327,25,4.41,13.08,0.56,13.15,77.14,5.75
345,0,child,father,,,Britain,nationality,333,32,4.56,10.41,0.613,12.05,77.71,5.05
345,1,child,father,,,Britain,nationality,349,27,4.06,12.93,0.593,12.56,85.34,4.69
345,2,child,father,,,Britain,nationality,326,25,4.31,13.04,0.543,12.98,77.08,5.75
346,0,daughter,mother,,,Britain,nationality,323,25,4.49,12.92,0.57,13.19,73.17,6.25
346,1,daughter,mother,,,Britain,nationality,339,28,4.36,12.11,0.54,12.59,79.03,5.21
346,2,daughter,mother,,,Britain,nationality,367,29,4.22,12.66,0.534,12.65,80.95,5.1
347,0,son,mother,,,Britain,nationality,372,35,4.28,10.63,0.527,11.73,82.35,4.8
347,1,son,mother,,,Britain,nationality,334,35,4.51,9.54,0.584,11.53,75.83,5.57
347,2,son,mother,,,Britain,nationality,367,29,4.42,12.66,0.569,12.95,74.53,6.11
348,0,child,mother,,,Britain,nationality,320,25,4.31,12.8,0.575,12.86,79.05,5.4
348,1,child,mother,,,Britain,nationality,318,35,4.37,9.09,0.579,11.1,83.87,3.94
348,2,child,mother,,,Britain,nationality,327,31,4.39,10.55,0.609,11.86,77.55,5.41
349,0,daughter,father,,,China,nationality,329,30,4.22,10.97,0.571,11.81,84.48,4.24
349,1,daughter,father,,,China,nationality,313,26,4.5,12.04,0.543,12.77,77.09,5.62
349,2,daughter,father,,,China,nationality,308,27,4.29,11.41,0.565,12.14,82.7,4.52
350,0,son,father,,,China,nationality,341,28,4.26,12.18,0.519,12.49,85.24,4.38
350,1,son,father,,,China,nationality,333,27,4.05,12.33,0.586,12.23,84.96,4.45
350,2,son,father,,,China,nationality,321,29,4.24,11.07,0.561,11.9,82.27,4.53
351,0,child,father,,,China,nationality,290,24,3.99,12.08,0.583,12.03,88.06,3.97
351,1,child,father,,,China,nationality,324,31,4.19,10.45,0.559,11.52,84.77,4.28
351,2,child,father,,,China,nationality,320,25,4.43,12.8,0.597,13.05,81.15,5.05
352,0,daughter,mother,,,China,nationality,359,26,4.22,13.81,0.546,13.23,83.21,5.07
352,1,daughter,mother,,,China,nationality,344,28,4.28,12.29,0.52,12.57,80.5,5.04
352,2,daughter,mother,,,China,nationality,355,32,4.33,11.09,0.575,12.05,83.21,4.5
353,0,son,mother,,,China,nationality,320,28,4.04,11.43,0.613,11.78,86.61,4.2
353,1,son,mother,,,China,nationality,321,29,4.21,11.07,0.576,11.85,80.98,4.68
353,2,son,mother,,,China,nationality,324,27,4.18,12.0,0.586,12.27,84.36,4.55
354,0,child,mother,,,China,nationality,318,28,4.06,11.36,0.579,11.77,88.96,3.62
354,1,child,mother,,,China,nationality,317,26,4.2,12.19,0.539,12.39,84.73,4.46
354,2,child,mother,,,China,nationality,315,25,4.46,12.6,0.562,12.99,78.5,5.43
355,0,daughter,father,,,Japan,nationality,341,33,4.39,10.33,0.551,11.75,81.37,4.73
355,1,daughter,father,,,Japan,nationality,383,29,4.22,13.21,0.527,12.93,85.8,4.68
355,2,daughter,father,,,Japan,nationality,355,29,4.07,12.24,0.558,12.23,88.06,4.34
356,0,son,father,,,Japan,nationality,319,32,4.11,9.97,0.561,11.14,82.42,4.39
356,1,son,father,,,Japan,nationality,313,32,4.52,9.78,0.652,11.67,79.21,4.71
356,2,son,father,,,Japan,nationality,363,35,4.06,10.37,0.556,11.27,85.91,3.91
357,0,child,father,,,Japan,nationality,374,37,4.31,10.11,0.564,11.52,85.29,4.0
357,1,child,father,,,Japan,nationality,308,24,4.25,12.83,0.591,12.79,79.43,5.35
357,2,child,father,,,Japan,nationality,342,34,4.32,10.06,0.561,11.51,78.94,5.12
358,0,daughter,mother,,,Japan,nationality,352,30,4.34,11.73,0.562,12.38,80.25,5.06
358,1,daughter,mother,,,Japan,nationality,318,23,4.19,13.83,0.582,13.2,80.76,5.42
358,2,daughter,mother,,,Japan,nationality,329,29,4.25,11.34,0.529,12.05,82.69,4.54
359,0,son,mother,,,Japan,nationality,339,32,4.28,10.59,0.584,11.72,79.79,4.7
359,1,son,mother,,,Japan,nationality,302,21,4.34,14.38,0.573,13.7,76.15,6.19
359,2,son,mother,,,Japan,nationality,336,35,4.24,9.6,0.598,11.16,85.62,3.75
360,0,child,mother,,,Japan,nationality,323,25,4.35,12.92,0.57,12.98,77.11,5.7
360,1,child,mother,,,Japan,nationality,354,32,4.22,11.06,0.542,11.86,82.23,4.52
360,2,child,mother,,,Japan,nationality,316,24,4.31,13.17,0.563,13.05,79.42,5.45
361,0,daughter,father,,,Russia,nationality,302,31,4.15,9.74,0.56,11.1,90.3,3.23
361,1,daughter,father,,,Russia,nationality,309,28,4.45,11.04,0.573,12.19,80.11,4.91
361,2,daughter,father,,,Russia,nationality,312,24,4.28,13.0,0.558,12.92,82.82,5.03
362,0,son,father,,,Russia,nationality,330,28,4.51,11.79,0.597,12.66,76.99,5.66
362,1,son,father,,,Russia,nationality,342,37,4.25,9.24,0.588,11.0,82.04,4.31
362,2,son,father,,,Russia,nationality,338,29,4.33,11.66,0.583,12.32,75.36,5.84
363,0,child,father,,,Russia,nationality,356,32,4.34,11.12,0.553,12.07,80.33,4.98
363,1,child,father,,,Russia,nationality,328,31,4.45,10.58,0.543,11.96,77.35,5.26
363,2,child,father,,,Russia,nationality,344,28,4.42,12.29,0.605,12.78,75.79,5.96
364,0,daughter,mother,,,Russia,nationality,326,28,4.44,11.64,0.571,12.47,73.74,6.06
364,1,daughter,mother,,,Russia,nationality,328,28,4.38,11.71,0.579,12.43,81.3,4.8
364,2,daughter,mother,,,Russia,nationality,327,27,4.31,12.11,0.599,12.52,81.88,5.05
365,0,son,mother,,,Russia,nationality,362,33,4.1,10.97,0.566,11.64,86.39,4.15
365,1,son,mother,,,Russia,nationality,338,27,4.32,12.52,0.574,12.74,81.75,4.97
365,2,son,mother,,,Russia,nationality,321,35,4.2,9.17,0.586,10.89,87.02,3.61
366,0,child,mother,,,Russia,nationality,349,32,4.32,10.91,0.562,11.93,81.19,4.98
366,1,child,mother,,,Russia,nationality,347,25,4.32,13.88,0.559,13.42,76.45,6.04
366,2,child,mother,,,Russia,nationality,322,32,4.3,10.06,0.581,11.49,79.44,5.02
367,0,daughter,father,,,Germany,nationality,325,30,4.34,10.83,0.594,11.92,81.84,4.57
367,1,daughter,father,,,Germany,nationality,333,28,4.22,11.89,0.58,12.28,82.63,4.67
367,2,daughter,father,,,Germany,nationality,341,23,4.22,14.83,0.572,13.74,77.62,6.11
368,0,son,father,,,Germany,nationality,318,27,4.34,11.78,0.582,12.4,79.36,5.11
368,1,son,father,,,Germany,nationality,351,32,4.11,10.97,0.578,11.65,85.68,4.07
368,2,son,father,,,Germany,nationality,325,29,4.23,11.21,0.597,11.94,82.43,4.54
369,0,child,father,,,Germany,nationality,337,33,4.18,10.21,0.567,11.37,84.69,4.02
369,1,child,father,,,Germany,nationality,334,29,4.25,11.52,0.596,12.14,80.97,4.97
369,2,child,father,,,Germany,nationality,322,25,4.28,12.88,0.575,12.86,80.86,5.14
370,0,daughter,mother,,,Germany,nationality,354,33,4.02,10.73,0.551,11.39,84.34,4.28
370,1,daughter,mother,,,Germany,nationality,344,24,4.43,14.33,0.561,13.81,76.21,6.19
370,2,daughter,mother,,,Germany,nationality,343,31,4.29,11.06,0.566,11.97,79.12,5.12
371,0,son,mother,,,Germany,nationality,334,28,4.27,11.93,0.56,12.37,79.88,5.06
371,1,son,mother,,,Germany,nationality,313,26,4.32,12.04,0.546,12.5,78.87,5.24
371,2,son,mother,,,Germany,nationality,322,32,4.09,10.06,0.571,11.17,88.9,3.5
372,0,child,mother,,,Germany,nationality,364,35,4.21,10.4,0.577,11.52,84.81,4.24
372,1,child,mother,,,Germany,nationality,315,30,4.24,10.5,0.562,11.61,82.09,4.49
372,2,child,mother,,,Germany,nationality,378,41,4.16,9.22,0.566,10.86,81.79,4.32
373,0,daughter,father,,,France,nationality,305,23,4.37,13.26,0.554,13.19,80.21,5.37
373,1,daughter,father,,,France,nationality,329,32,4.18,10.28,0.532,11.41,85.74,4.11
373,2,daughter,father,,,France,nationality,337,27,4.27,12.48,0.54,12.65,80.19,5.17
374,0,son,father,,,France,nationality,330,27,4.2,12.22,0.573,12.42,89.58,3.8
374,1,son,father,,,France,nationality,341,25,4.34,13.64,0.54,13.33,78.16,6.04
374,2,son,father,,,France,nationality,325,24,4.32,13.54,0.566,13.25,77.98,5.74
375,0,child,father,,,France,nationality,317,24,4.4,13.21,0.599,13.21,80.13,5.33
375,1,child,father,,,France,nationality,323,30,4.1,10.77,0.573,11.53,89.4,3.76
375,2,child,father,,,France,nationality,334,28,4.29,11.93,0.584,12.4,78.87,5.3
376,0,daughter,mother,,,France,nationality,334,30,4.31,11.13,0.572,12.03,86.95,3.98
376,1,daughter,mother,,,France,nationality,379,34,4.37,11.15,0.554,12.12,80.42,4.93
376,2,daughter,mother,,,France,nationality,305,27,4.46,11.3,0.58,12.34,84.81,4.34
377,0,son,mother,,,France,nationality,349,30,4.17,11.63,0.573,12.07,79.91,5.09
377,1,son,mother,,,France,nationality,340,29,4.44,11.72,0.576,12.52,77.63,5.42
377,2,son,mother,,,France,nationality,362,26,4.43,13.92,0.577,13.6,74.3,6.48
378,0,child,mother,,,France,nationality,324,25,4.3,12.96,0.534,12.93,76.28,6.06
378,1,child,mother,,,France,nationality,315,27,4.24,11.67,0.581,12.2,82.72,4.82
378,2,child,mother,,,France,nationality,324,26,4.53,12.46,0.611,13.02,74.67,5.99
379,0,daughter,father,,,Brazil,nationality,336,24,4.31,14.0,0.536,13.46,78.2,5.98
379,1,daughter,father,,,Brazil,nationality,339,30,4.24,11.3,0.56,12.01,79.48,5.14
379,2,daughter,father,,,Brazil,nationality,336,27,4.21,12.44,0.518,12.53,79.13,5.56
380,0,son,father,,,Brazil,nationality,312,27,4.49,11.56,0.603,12.52,77.66,5.39
380,1,son,father,,,Brazil,nationality,313,26,4.56,12.04,0.562,12.86,73.72,5.96
380,2,son,father,,,Brazil,nationality,287,26,4.3,11.04,0.589,11.97,77.35,5.2
381,0,child,father,,,Brazil,nationality,317,25,4.01,12.68,0.552,12.35,90.07,3.81
381,1,child,father,,,Brazil,nationality,301,31,4.34,9.71,0.568,11.37,83.04,4.44
381,2,child,father,,,Brazil,nationality,321,31,4.26,10.35,0.561,11.56,81.88,4.4
382,0,daughter,mother,,,Brazil,nationality,307,26,4.29,11.81,0.541,12.33,79.73,5.19
382,1,daughter,mother,,,Brazil,nationality,326,26,4.46,12.54,0.577,12.96,74.0,6.28
382,2,daughter,mother,,,Brazil,nationality,368,31,4.4,11.87,0.524,12.54,75.53,5.77
383,0,son,mother,,,Brazil,nationality,318,24,4.14,13.25,0.547,12.83,82.67,5.01
383,1,son,mother,,,Brazil,nationality,326,32,4.38,10.19,0.601,11.66,81.5,4.68
383,2,son,mother,,,Brazil,nationality,350,28,4.17,12.5,0.583,12.5,80.79,5.05
384,0,child,mother,,,Brazil,nationality,331,29,4.22,11.41,0.553,12.03,82.13,4.61
384,1,child,mother,,,Brazil,nationality,313,29,4.3,10.79,0.543,11.85,80.66,4.83
384,2,child,mother,,,Brazil,nationality,340,28,4.31,12.14,0.538,12.54,79.59,5.29
385,0,daughter,father,,,Mexico,nationality,347,28,4.4,12.39,0.597,12.8,75.3,5.95
385,1,daughter,father,,,Mexico,nationality,347,22,4.42,15.77,0.553,14.52,74.97,6.71
385,2,daughter,father,,,Mexico,nationality,324,29,4.52,11.17,0.599,12.37,71.33,6.28
386,0,son,father,,,Mexico,nationality,348,28,4.16,12.43,0.555,12.45,80.67,5.2
386,1,son,father,,,Mexico,nationality,344,31,4.33,11.1,0.561,12.04,79.31,5.04
386,2,son,father,,,Mexico,nationality,324,31,4.57,10.45,0.556,12.08,72.99,5.94
387,0,child,father,,,Mexico,nationality,333,32,4.26,10.41,0.613,11.59,80.47,4.69
387,1,child,father,,,Mexico,nationality,337,26,4.37,12.96,0.573,13.03,74.37,6.1
387,2,child,father,,,Mexico,nationality,328,26,4.38,12.62,0.567,12.87,78.14,5.69
388,0,daughter,mother,,,Mexico,nationality,326,24,4.4,13.58,0.561,13.4,73.48,6.35
388,1,daughter,mother,,,Mexico,nationality,303,24,4.38,12.62,0.568,12.88,76.41,5.73
388,2,daughter,mother,,,Mexico,nationality,328,31,4.29,10.58,0.567,11.73,81.92,4.44
389,0,son,mother,,,Mexico,nationality,348,28,4.35,12.43,0.583,12.74,74.66,5.91
389,1,son,mother,,,Mexico,nationality,329,26,4.52,12.65,0.59,13.11,77.08,5.75
389,2,son,mother,,,Mexico,nationality,366,41,4.27,8.93,0.582,10.87,83.43,4.07
390,0,child,mother,,,Mexico,nationality,308,32,4.31,9.62,0.594,11.28,76.58,5.12
390,1,child,mother,,,Mexico,nationality,299,24,4.48,12.46,0.595,12.96,75.71,5.76
390,2,child,mother,,,Mexico,nationality,318,28,4.29,11.36,0.572,12.11,78.93,5.02
391,0,daughter,father,,,Nigeria,nationality,323,30,4.19,10.77,0.582,11.67,80.48,4.96
391,1,daughter,father,,,Nigeria,nationality,316,29,4.2,10.9,0.544,11.75,83.76,4.27
391,2,daughter,father,,,Nigeria,nationality,320,28,4.34,11.43,0.569,12.23,75.52,5.54
392,0,son,father,,,Nigeria,nationality,317,36,4.34,8.81,0.565,10.91,85.23,3.88
392,1,son,father,,,Nigeria,nationality,327,29,4.28,11.28,0.593,12.06,81.92,4.73
392,2,son,father,,,Nigeria,nationality,357,30,4.39,11.9,0.546,12.53,80.25,5.01
393,0,child,father,,,Nigeria,nationality,330,21,4.42,15.71,0.542,14.49,75.27,6.67
393,1,child,father,,,Nigeria,nationality,328,23,4.38,14.26,0.534,13.7,76.92,6.04
393,2,child,father,,,Nigeria,nationality,332,25,4.28,13.28,0.548,13.06,83.46,4.9
394,0,daughter,mother,,,Nigeria,nationality,352,27,4.38,13.04,0.545,13.09,78.96,5.48
394,1,daughter,mother,,,Nigeria,nationality,349,26,4.39,13.42,0.567,13.3,73.04,6.48
394,2,daughter,mother,,,Nigeria,nationality,356,34,4.38,10.47,0.531,11.81,74.39,5.73
395,0,son,mother,,,Nigeria,nationality,319,26,4.28,12.27,0.53,12.55,79.74,5.29
395,1,son,mother,,,Nigeria,nationality,299,23,4.42,13.0,0.582,13.13,73.39,6.25
395,2,son,mother,,,Nigeria,nationality,341,28,4.38,12.18,0.56,12.66,76.13,5.67
396,0,child,mother,,,Nigeria,nationality,315,23,4.31,13.7,0.562,13.31,74.1,6.31
396,1,child,mother,,,Nigeria,nationality,315,26,4.03,12.12,0.546,12.11,83.68,4.66
396,2,child,mother,,,Nigeria,nationality,318,26,4.39,12.23,0.563,12.7,77.72,5.39
397,0,daughter,father,,,Egypt,nationality,303,24,4.15,12.62,0.554,12.54,81.26,5.14
397,1,daughter,father,,,Egypt,nationality,338,28,4.26,12.07,0.556,12.43,82.82,4.68
397,2,daughter,father,,,Egypt,nationality,345,33,4.14,10.45,0.551,11.44,83.73,4.31
398,0,son,father,,,Egypt,nationality,312,29,4.21,10.76,0.587,11.7,82.14,4.74
398,1,son,father,,,Egypt,nationality,345,30,4.18,11.5,0.554,12.02,82.81,4.64
398,2,son,father,,,Egypt,nationality,364,33,4.17,11.03,0.58,11.77,85.82,4.01
399,0,child,father,,,Egypt,nationality,333,30,4.23,11.1,0.526,11.89,84.63,4.47
399,1,child,father,,,Egypt,nationality,334,33,4.05,10.12,0.539,11.13,86.09,3.81
399,2,child,father,,,Egypt,nationality,320,27,4.11,11.85,0.55,12.09,84.59,4.51
400,0,daughter,mother,,,Egypt,nationality,318,34,4.14,9.35,0.575,10.89,84.18,4.13
400,1,daughter,mother,,,Egypt,nationality,316,28,4.09,11.29,0.547,11.79,82.62,4.53
400,2,daughter,mother,,,Egypt,nationality,334,32,4.19,10.44,0.563,11.51,84.41,4.34
401,0,son,mother,,,Egypt,nationality,333,27,4.17,12.33,0.613,12.43,80.27,5.24
401,1,son,mother,,,Egypt,nationality,336,32,4.14,10.5,0.539,11.46,84.58,4.43
401,2,son,mother,,,Egypt,nationality,318,26,4.43,12.23,0.572,12.77,78.43,5.36
402,0,child,mother,,,Egypt,nationality,300,28,4.28,10.71,0.603,11.77,84.02,4.41
402,1,child,mother,,,Egypt,nationality,335,28,4.29,11.96,0.555,12.42,81.21,4.99
402,2,child,mother,,,Egypt,nationality,329,25,4.19,13.16,0.553,12.86,77.91,5.64
403,0,daughter,father,,,Iran,nationality,339,29,4.21,11.69,0.566,12.16,81.41,4.85
403,1,daughter,father,,,Iran,nationality,320,29,4.37,11.03,0.606,12.07,79.48,5.11
403,2,daughter,father,,,Iran,nationality,297,25,4.3,11.88,0.616,12.39,80.37,4.97
404,0,son,father,,,Iran,nationality,325,26,4.4,12.5,0.603,12.85,73.6,6.06
404,1,son,father,,,Iran,nationality,331,33,4.21,10.03,0.55,11.32,84.8,3.99
404,2,son,father,,,Iran,nationality,357,25,4.39,14.28,0.583,13.73,78.55,5.84
405,0,child,father,,,Iran,nationality,349,29,4.29,12.03,0.542,12.46,76.63,5.54
405,1,child,father,,,Iran,nationality,319,24,4.16,13.29,0.552,12.89,83.28,4.94
405,2,child,father,,,Iran,nationality,335,25,4.25,13.4,0.573,13.07,78.94,5.55
406,0,daughter,mother,,,Iran,nationality,311,24,4.29,12.96,0.566,12.92,79.92,5.32
406,1,daughter,mother,,,Iran,nationality,323,25,4.36,12.92,0.548,13.0,82.38,5.11
406,2,daughter,mother,,,Iran,nationality,334,27,4.23,12.37,0.539,12.53,82.35,4.8
407,0,son,mother,,,Iran,nationality,315,25,4.22,12.6,0.581,12.63,79.53,5.28
407,1,son,mother,,,Iran,nationality,326,26,4.54,12.54,0.598,13.08,74.15,6.02
407,2,son,mother,,,Iran,nationality,363,31,4.29,11.71,0.543,12.29,82.15,4.71
408,0,child,mother,,,Iran,nationality,323,33,4.29,9.79,0.563,11.33,80.57,4.75
408,1,child,mother,,,Iran,nationality,324,35,4.21,9.26,0.583,10.95,81.11,4.23
408,2,child,mother,,,Iran,nationality,316,25,4.31,12.64,0.585,12.79,79.15,5.49
409,0,daughter,father,,,Iraq,nationality,322,25,4.3,12.88,0.54,12.88,82.3,5.1
409,1,daughter,father,,,Iraq,nationality,309,21,4.42,14.71,0.57,13.98,77.73,6.07
409,2,daughter,father,,,Iraq,nationality,317,27,4.48,11.74,0.58,12.59,79.57,5.07
410,0,son,father,,,Iraq,nationality,328,31,4.35,10.58,0.561,11.82,82.64,4.54
410,1,son,father,,,Iraq,nationality,335,31,4.31,10.81,0.606,11.86,82.32,4.85
410,2,son,father,,,Iraq,nationality,318,28,4.21,11.36,0.563,11.99,80.04,4.99
411,0,child,father,,,Iraq,nationality,328,21,4.12,15.62,0.543,13.99,83.94,5.43
411,1,child,father,,,Iraq,nationality,297,25,4.66,11.88,0.606,12.93,72.78,6.05
411,2,child,father,,,Iraq,nationality,368,32,4.31,11.5,0.562,12.21,80.99,4.8
412,0,daughter,mother,,,Iraq,nationality,308,27,4.31,11.41,0.565,12.17,80.98,4.89
412,1,daughter,mother,,,Iraq,nationality,305,23,4.35,13.26,0.607,13.16,75.98,5.95
412,2,daughter,mother,,,Iraq,nationality,327,28,4.41,11.68,0.563,12.46,78.3,5.24
413,0,son,mother,,,Iraq,nationality,324,28,4.27,11.57,0.596,12.19,79.88,4.98
413,1,son,mother,,,Iraq,nationality,334,25,4.29,13.36,0.557,13.12,77.46,5.91
413,2,son,mother,,,Iraq,nationality,317,28,4.08,11.32,0.565,11.78,87.22,3.9
414,0,child,mother,,,Iraq,nationality,341,24,4.18,14.21,0.548,13.38,80.98,5.48
414,1,child,mother,,,Iraq,nationality,385,36,4.19,10.69,0.538,11.63,82.72,4.45
414,2,child,mother,,,Iraq,nationality,390,35,4.28,11.14,0.531,11.99,81.38,4.7
415,0,daughter,father,,,Afghanistan,nationality,324,25,4.33,12.96,0.559,12.98,83.75,4.8
415,1,daughter,father,,,Afghanistan,nationality,326,26,4.27,12.54,0.577,12.67,79.6,5.52
415,2,daughter,father,,,Afghanistan,nationality,311,27,4.36,11.52,0.566,12.3,81.05,4.8
416,0,son,father,,,Afghanistan,nationality,299,22,4.21,13.59,0.579,13.11,79.25,5.57
416,1,son,father,,,Afghanistan,nationality,321,25,4.23,12.84,0.583,12.77,82.23,4.96
416,2,son,father,,,Afghanistan,nationality,344,30,4.06,11.47,0.558,11.82,87.94,3.91
417,0,child,father,,,Afghanistan,nationality,308,26,4.32,11.85,0.571,12.4,81.37,4.85
417,1,child,father,,,Afghanistan,nationality,351,26,4.27,13.5,0.57,13.15,78.79,5.6
417,2,child,father,,,Afghanistan,nationality,322,25,4.19,12.88,0.59,12.72,83.78,4.87
418,0,daughter,mother,,,Afghanistan,nationality,325,29,4.54,11.21,0.618,12.41,73.41,5.89
418,1,daughter,mother,,,Afghanistan,nationality,344,26,4.2,13.23,0.558,12.92,80.03,5.38
418,2,daughter,mother,,,Afghanistan,nationality,330,26,4.25,12.69,0.561,12.72,82.91,4.84
419,0,son,mother,,,Afghanistan,nationality,343,22,4.13,15.59,0.531,14.0,81.64,5.7
419,1,son,mother,,,Afghanistan,nationality,330,26,4.4,12.69,0.561,12.94,76.28,5.77
419,2,son,mother,,,Afghanistan,nationality,367,32,4.3,11.47,0.493,12.18,83.94,4.49
420,0,child,mother,,,Afghanistan,nationality,337,26,4.27,12.96,0.54,12.89,86.18,4.44
420,1,child,mother,,,Afghanistan,nationality,351,27,4.32,13.0,0.567,12.98,78.6,5.59
420,2,child,mother,,,Afghanistan,nationality,299,27,4.32,11.07,0.595,12.02,81.08,4.8
421,0,daughter,father,,,Turkey,nationality,326,25,4.33,13.04,0.503,13.01,81.71,5.09
421,1,daughter,father,,,Turkey,nationality,346,26,4.4,13.31,0.564,13.26,81.54,5.32
421,2,daughter,father,,,Turkey,nationality,371,32,4.41,11.59,0.569,12.41,82.57,4.92
422,0,son,father,,,Turkey,nationality,344,33,4.13,10.42,0.564,11.4,85.47,4.06
422,1,son,father,,,Turkey,nationality,415,33,4.24,12.58,0.535,12.64,80.62,5.21
422,2,son,father,,,Turkey,nationality,329,30,4.29,10.97,0.599,11.92,80.33,5.0
423,0,child,father,,,Turkey,nationality,337,33,4.25,10.21,0.62,11.48,82.09,4.38
423,1,child,father,,,Turkey,nationality,336,30,4.37,11.2,0.595,12.16,79.55,4.97
423,2,child,father,,,Turkey,nationality,328,25,4.14,13.12,0.555,12.77,79.86,5.65
424,0,daughter,mother,,,Turkey,nationality,342,34,4.47,10.06,0.57,11.73,81.15,4.59
424,1,daughter,mother,,,Turkey,nationality,332,25,4.31,13.28,0.572,13.11,83.27,4.94
424,2,daughter,mother,,,Turkey,nationality,325,38,4.34,8.55,0.554,10.78,86.73,3.46
425,0,son,mother,,,Turkey,nationality,358,28,4.41,12.79,0.578,13.01,76.11,5.93
425,1,son,mother,,,Turkey,nationality,308,30,4.23,10.27,0.588,11.48,82.42,4.31
425,2,son,mother,,,Turkey,nationality,341,25,4.27,13.64,0.545,13.22,77.58,5.82
426,0,child,mother,,,Turkey,nationality,323,30,4.41,10.77,0.61,12.0,84.74,4.21
426,1,child,mother,,,Turkey,nationality,309,22,4.43,14.05,0.57,13.67,79.14,5.69
426,2,child,mother,,,Turkey,nationality,347,25,4.47,13.88,0.568,13.64,78.31,5.76
427,0,daughter,father,,,South Korea,nationality,324,30,4.26,10.8,0.586,11.78,82.61,4.66
427,1,daughter,father,,,South Korea,nationality,335,33,4.28,10.15,0.576,11.5,87.23,3.83
427,2,daughter,father,,,South Korea,nationality,337,22,4.17,15.32,0.531,13.91,81.21,5.69
428,0,son,father,,,South Korea,nationality,321,30,4.27,10.7,0.592,11.76,82.91,4.35
428,1,son,father,,,South Korea,nationality,330,28,4.28,11.79,0.564,12.32,82.56,4.76
428,2,son,father,,,South Korea,nationality,320,30,4.15,10.67,0.566,11.55,85.61,4.05
429,0,child,father,,,South Korea,nationality,314,27,4.42,11.63,0.576,12.45,78.38,5.18
429,1,child,father,,,South Korea,nationality,310,28,4.42,11.07,0.603,12.16,75.92,5.52
429,2,child,father,,,South Korea,nationality,293,27,4.25,10.85,0.652,11.8,80.77,4.89
430,0,daughter,mother,,,South Korea,nationality,345,29,4.38,11.9,0.568,12.51,76.2,5.67
430,1,daughter,mother,,,South Korea,nationality,375,32,4.25,11.72,0.504,12.23,80.85,4.91
430,2,daughter,mother,,,South Korea,nationality,335,23,4.42,14.57,0.561,13.91,76.14,6.26
431,0,son,mother,,,South Korea,nationality,328,26,4.35,12.62,0.576,12.83,76.82,5.78
431,1,son,mother,,,South Korea,nationality,350,26,4.19,13.46,0.537,13.02,79.81,5.47
431,2,son,mother,,,South Korea,nationality,328,30,4.26,10.93,0.573,11.85,83.06,4.47
432,0,child,mother,,,South Korea,nationality,340,30,4.25,11.33,0.535,12.04,78.35,5.53
432,1,child,mother,,,South Korea,nationality,307,27,4.19,11.37,0.58,11.97,86.32,4.02
432,2,child,mother,,,South Korea,nationality,328,24,4.51,13.67,0.549,13.6,71.6,6.65
433,0,daughter,father,,,Indonesia,nationality,310,25,4.17,12.4,0.552,12.46,80.1,5.22
433,1,daughter,father,,,Indonesia,nationality,316,24,4.41,13.17,0.563,13.2,76.95,5.79
433,2,daughter,father,,,Indonesia,nationality,349,31,4.41,11.26,0.55,12.24,73.53,6.19
434,0,son,father,,,Indonesia,nationality,298,26,4.26,11.46,0.601,12.11,80.03,4.92
434,1,son,father,,,Indonesia,nationality,322,29,4.34,11.1,0.621,12.07,78.54,5.26
434,2,son,father,,,Indonesia,nationality,311,24,4.14,12.96,0.572,12.68,79.9,5.46
435,0,child,father,,,Indonesia,nationality,336,31,4.46,10.84,0.554,12.1,78.76,5.12
435,1,child,father,,,Indonesia,nationality,302,26,4.34,11.62,0.599,12.31,81.53,4.76
435,2,child,father,,,Indonesia,nationality,348,27,4.27,12.89,0.56,12.85,78.76,5.48
436,0,daughter,mother,,,Indonesia,nationality,347,31,4.39,11.19,0.571,12.18,79.73,5.05
436,1,daughter,mother,,,Indonesia,nationality,344,24,4.44,14.33,0.541,13.82,74.35,6.61
436,2,daughter,mother,,,Indonesia,nationality,341,24,4.44,14.21,0.569,13.76,78.25,5.87
437,0,son,mother,,,Indonesia,nationality,364,28,4.08,13.0,0.503,12.62,84.14,4.74
437,1,son,mother,,,Indonesia,nationality,328,27,4.31,12.15,0.591,12.55,79.15,5.33
437,2,son,mother,,,Indonesia,nationality,315,30,4.3,10.5,0.571,11.7,78.43,4.98
438,0,child,mother,,,Indonesia,nationality,322,25,4.18,12.88,0.537,12.71,79.62,5.47
438,1,child,mother,,,Indonesia,nationality,345,25,4.36,13.8,0.577,13.44,78.46,5.72
438,2,child,mother,,,Indonesia,nationality,305,26,4.23,11.73,0.593,12.21,85.84,4.18
439,0,daughter,father,,,Thailand,nationality,308,29,4.32,10.62,0.581,11.79,83.27,4.69
439,1,daughter,father,,,Thailand,nationality,318,23,4.1,13.83,0.553,13.07,83.69,5.01
439,2,daughter,father,,,Thailand,nationality,301,24,4.34,12.54,0.578,12.78,82.76,4.82
440,0,son,father,,,Thailand,nationality,317,32,4.47,9.91,0.587,11.65,81.64,4.46
440,1,son,father,,,Thailand,nationality,314,27,4.38,11.63,0.596,12.38,80.01,5.2
440,2,son,father,,,Thailand,nationality,333,31,4.49,10.74,0.598,12.11,78.56,4.97
441,0,child,father,,,Thailand,nationality,312,26,4.21,12.0,0.558,12.32,86.43,4.18
441,1,child,father,,,Thailand,nationality,332,29,4.41,11.45,0.587,12.34,77.33,5.52
441,2,child,father,,,Thailand,nationality,328,28,4.17,11.71,0.546,12.12,80.14,5.08
442,0,daughter,mother,,,Thailand,nationality,331,29,4.36,11.41,0.583,12.24,81.2,4.76
442,1,daughter,mother,,,Thailand,nationality,323,28,4.36,11.54,0.582,12.31,84.25,4.44
442,2,daughter,mother,,,Thailand,nationality,333,33,4.05,10.09,0.571,11.12,91.74,3.12
443,0,son,mother,,,Thailand,nationality,307,24,4.4,12.79,0.547,13.0,75.01,5.96
443,1,son,mother,,,Thailand,nationality,329,32,4.21,10.28,0.556,11.46,82.33,4.58
443,2,son,mother,,,Thailand,nationality,322,28,4.3,11.5,0.578,12.21,80.01,5.03
444,0,child,mother,,,Thailand,nationality,303,32,4.5,9.47,0.627,11.48,82.32,4.28
444,1,child,mother,,,Thailand,nationality,360,32,4.26,11.25,0.556,12.02,83.95,4.62
444,2,child,mother,,,Thailand,nationality,345,24,4.32,14.38,0.525,13.67,76.99,6.09
445,0,daughter,father,,,Vietnam,nationality,313,23,4.53,13.61,0.575,13.6,75.11,6.15
445,1,daughter,father,,,Vietnam,nationality,349,29,4.11,12.03,0.539,12.18,87.17,4.16
445,2,daughter,father,,,Vietnam,nationality,305,28,4.28,10.89,0.564,11.86,86.83,4.18
446,0,son,father,,,Vietnam,nationality,313,24,4.21,13.04,0.559,12.84,85.99,4.49
446,1,son,father,,,Vietnam,nationality,342,25,4.39,13.68,0.591,13.43,77.38,5.86
446,2,son,father,,,Vietnam,nationality,358,26,4.35,13.77,0.553,13.41,78.16,5.76
447,0,child,father,,,Vietnam,nationality,325,27,4.38,12.04,0.569,12.59,78.14,5.44
447,1,child,father,,,Vietnam,nationality,335,29,4.06,11.55,0.552,11.87,90.74,3.45
447,2,child,father,,,Vietnam,nationality,360,35,4.34,10.29,0.564,11.65,82.76,4.46
448,0,daughter,mother,,,Vietnam,nationality,309,30,4.39,10.3,0.589,11.73,83.19,4.49
448,1,daughter,mother,,,Vietnam,nationality,317,21,4.45,15.1,0.562,14.23,74.3,6.63
448,2,daughter,mother,,,Vietnam,nationality,326,26,4.29,12.54,0.574,12.7,82.26,4.9
449,0,son,mother,,,Vietnam,nationality,305,23,4.35,13.26,0.587,13.16,80.16,5.36
449,1,son,mother,,,Vietnam,nationality,331,28,4.26,11.82,0.517,12.3,83.9,4.58
449,2,son,mother,,,Vietnam,nationality,324,33,4.28,9.82,0.596,11.33,82.18,4.46
450,0,child,mother,,,Vietnam,nationality,354,32,4.11,11.06,0.528,11.7,87.79,3.75
450,1,child,mother,,,Vietnam,nationality,320,31,4.25,10.32,0.584,11.54,82.53,4.39
450,2,child,mother,,,Vietnam,nationality,330,25,4.36,13.2,0.582,13.14,78.53,5.57
451,0,daughter,father,,,Australia,nationality,325,26,4.15,12.5,0.6,12.48,81.97,5.0
451,1,daughter,father,,,Australia,nationality,329,32,4.29,10.28,0.578,11.57,78.99,4.84
451,2,daughter,father,,,Australia,nationality,337,25,4.28,13.48,0.552,13.15,80.69,5.35
452,0,son,father,,,Australia,nationality,300,28,4.43,10.71,0.57,12.01,78.52,5.15
452,1,son,father,,,Australia,nationality,323,27,4.32,11.96,0.61,12.46,79.48,5.11
452,2,son,father,,,Australia,nationality,311,34,4.29,9.15,0.585,11.0,82.76,4.18
453,0,child,father,,,Australia,nationality,317,35,4.36,9.06,0.587,11.07,81.31,4.41
453,1,child,father,,,Australia,nationality,326,28,4.52,11.64,0.558,12.6,73.57,5.99
453,2,child,father,,,Australia,nationality,309,30,4.39,10.3,0.553,11.74,78.04,5.38
454,0,daughter,mother,,,Australia,nationality,345,32,4.27,10.78,0.574,11.79,76.93,5.43
454,1,daughter,mother,,,Australia,nationality,349,33,4.16,10.58,0.53,11.53,84.52,4.2
454,2,daughter,mother,,,Australia,nationality,331,28,4.32,11.82,0.583,12.39,78.58,5.3
455,0,son,mother,,,Australia,nationality,313,28,4.34,11.18,0.601,12.1,79.76,5.36
455,1,son,mother,,,Australia,nationality,304,30,4.19,10.13,0.605,11.35,84.1,4.1
455,2,son,mother,,,Australia,nationality,315,31,4.35,10.16,0.565,11.6,78.93,5.02
456,0,child,mother,,,Australia,nationality,319,28,4.27,11.39,0.577,12.11,80.56,5.06
456,1,child,mother,,,Australia,nationality,318,34,4.29,9.35,0.582,11.11,78.22,4.98
456,2,child,mother,,,Australia,nationality,327,29,4.39,11.28,0.557,12.22,79.28,5.09
457,0,daughter,father,,,Canada,nationality,334,27,4.28,12.37,0.557,12.6,82.49,4.81
457,1,daughter,father,,,Canada,nationality,320,29,4.41,11.03,0.594,12.13,78.23,5.26
457,2,daughter,father,,,Canada,nationality,360,28,4.44,12.86,0.606,13.09,80.34,5.21
458,0,son,father,,,Canada,nationality,353,33,4.25,10.7,0.584,11.72,81.33,4.53
458,1,son,father,,,Canada,nationality,328,27,4.45,12.15,0.595,12.75,76.55,5.7
458,2,son,father,,,Canada,nationality,305,33,4.47,9.24,0.597,11.33,78.55,4.82
459,0,child,father,,,Canada,nationality,339,26,4.45,13.04,0.572,13.19,76.81,5.79
459,1,child,father,,,Canada,nationality,349,33,4.3,10.58,0.547,11.73,78.45,5.1
459,2,child,father,,,Canada,nationality,315,31,4.24,10.16,0.565,11.44,82.02,4.6
460,0,daughter,mother,,,Canada,nationality,313,30,4.28,10.43,0.62,11.64,78.17,5.06
460,1,daughter,mother,,,Canada,nationality,346,27,4.14,12.81,0.566,12.62,82.45,5.04
460,2,daughter,mother,,,Canada,nationality,341,30,4.46,11.37,0.589,12.37,78.35,5.46
461,0,son,mother,,,Canada,nationality,319,32,4.19,9.97,0.574,11.27,82.84,4.38
461,1,son,mother,,,Canada,nationality,335,30,4.16,11.17,0.582,11.82,83.74,4.53
461,2,son,mother,,,Canada,nationality,339,25,4.42,13.56,0.59,13.4,71.33,6.65
462,0,child,mother,,,Canada,nationality,322,30,4.2,10.73,0.559,11.66,84.02,4.21
462,1,child,mother,,,Canada,nationality,323,29,4.26,11.14,0.601,11.96,81.44,4.81
462,2,child,mother,,,Canada,nationality,344,33,4.48,10.42,0.561,11.93,76.93,5.47
463,0,daughter,father,,,Italy,nationality,336,27,4.28,12.44,0.539,12.65,79.03,5.31
463,1,daughter,father,,,Italy,nationality,314,26,4.42,12.08,0.57,12.67,74.88,5.81
463,2,daughter,father,,,Italy,nationality,317,27,4.38,11.74,0.593,12.44,82.46,4.66
464,0,son,father,,,Italy,nationality,332,27,4.07,12.3,0.521,12.26,87.33,4.13
464,1,son,father,,,Italy,nationality,310,26,4.47,11.92,0.6,12.67,76.39,5.77
464,2,son,father,,,Italy,nationality,301,28,4.2,10.75,0.571,11.67,83.97,4.4
465,0,child,father,,,Italy,nationality,307,28,4.21,10.96,0.599,11.8,81.98,4.64
465,1,child,father,,,Italy,nationality,315,26,4.34,12.12,0.6,12.57,74.81,5.81
465,2,child,father,,,Italy,nationality,321,28,4.08,11.46,0.573,11.86,86.68,4.11
466,0,daughter,mother,,,Italy,nationality,331,22,4.35,15.05,0.517,14.05,76.46,6.31
466,1,daughter,mother,,,Italy,nationality,315,26,4.25,12.12,0.575,12.43,75.75,5.66
466,2,daughter,mother,,,Italy,nationality,314,28,4.42,11.21,0.596,12.23,76.95,5.41
467,0,son,mother,,,Italy,nationality,372,39,4.37,9.54,0.57,11.32,78.41,4.96
467,1,son,mother,,,Italy,nationality,353,35,4.29,10.09,0.586,11.48,82.2,4.39
467,2,son,mother,,,Italy,nationality,332,26,4.24,12.77,0.557,12.75,79.72,5.31
468,0,child,mother,,,Italy,nationality,367,40,4.34,9.18,0.578,11.09,80.4,4.46
468,1,child,mother,,,Italy,nationality,337,30,4.21,11.23,0.54,11.93,79.78,4.9
468,2,child,mother,,,Italy,nationality,358,34,4.0,10.53,0.522,11.26,89.32,3.62
469,0,daughter,father,,,Spain,nationality,330,24,4.36,13.75,0.585,13.42,78.49,5.72
469,1,daughter,father,,,Spain,nationality,312,25,4.44,12.48,0.577,12.9,76.42,5.69
469,2,daughter,father,,,Spain,nationality,327,26,4.36,12.58,0.55,12.83,78.68,5.41
470,0,son,father,,,Spain,nationality,348,33,4.22,10.55,0.552,11.6,81.62,4.55
470,1,son,father,,,Spain,nationality,332,26,4.52,12.77,0.569,13.16,75.58,5.88
470,2,son,father,,,Spain,nationality,312,33,4.31,9.45,0.558,11.19,88.36,3.52
471,0,child,father,,,Spain,nationality,336,26,4.15,12.92,0.533,12.69,82.25,5.09
471,1,child,father,,,Spain,nationality,312,25,4.25,12.48,0.545,12.62,79.69,5.24
471,2,child,father,,,Spain,nationality,323,27,4.36,11.96,0.56,12.52,78.1,5.39
472,0,daughter,mother,,,Spain,nationality,353,29,4.47,12.17,0.567,12.8,76.13,5.77
472,1,daughter,mother,,,Spain,nationality,344,26,4.26,13.23,0.555,13.0,80.19,5.48
472,2,daughter,mother,,,Spain,nationality,338,27,4.41,12.52,0.544,12.87,75.68,5.8
473,0,son,mother,,,Spain,nationality,369,30,4.36,12.3,0.542,12.69,80.77,5.03
473,1,son,mother,,,Spain,nationality,364,31,4.26,11.74,0.544,12.26,78.89,5.17
473,2,son,mother,,,Spain,nationality,323,28,4.17,11.54,0.563,12.02,86.39,4.07
474,0,child,mother,,,Spain,nationality,332,32,4.39,10.38,0.566,11.77,79.51,4.83
474,1,child,mother,,,Spain,nationality,349,33,4.3,10.58,0.599,11.73,81.52,4.49
474,2,child,mother,,,Spain,nationality,336,32,4.11,10.5,0.554,11.41,86.27,3.91
475,0,daughter,father,,,Saudi Arabia,nationality,322,27,4.26,11.93,0.581,12.35,77.87,5.47
475,1,daughter,father,,,Saudi Arabia,nationality,323,25,4.44,12.92,0.582,13.12,82.1,5.01
475,2,daughter,father,,,Saudi Arabia,nationality,302,23,4.3,13.13,0.56,13.02,79.77,5.39
476,0,son,father,,,Saudi Arabia,nationality,350,25,4.27,14.0,0.506,13.4,79.99,5.58
476,1,son,father,,,Saudi Arabia,nationality,343,29,4.32,11.83,0.589,12.39,78.92,5.29
476,2,son,father,,,Saudi Arabia,nationality,326,27,4.27,12.07,0.586,12.44,75.57,5.77
477,0,child,father,,,Saudi Arabia,nationality,361,26,4.11,13.88,0.518,13.1,82.1,5.25
477,1,child,father,,,Saudi Arabia,nationality,312,27,4.23,11.56,0.596,12.12,79.39,5.12
477,2,child,father,,,Saudi Arabia,nationality,327,25,4.31,13.08,0.535,13.01,79.89,5.35
478,0,daughter,mother,,,Saudi Arabia,nationality,336,25,4.3,13.44,0.551,13.17,73.47,6.48
478,1,daughter,mother,,,Saudi Arabia,nationality,313,28,4.35,11.18,0.559,12.12,81.31,4.9
478,2,daughter,mother,,,Saudi Arabia,nationality,329,27,4.28,12.19,0.556,12.51,80.45,5.05
479,0,son,mother,,,Saudi Arabia,nationality,325,30,4.31,10.83,0.557,11.88,80.67,4.87
479,1,son,mother,,,Saudi Arabia,nationality,350,28,4.44,12.5,0.511,12.91,75.83,6.15
479,2,son,mother,,,Saudi Arabia,nationality,329,30,4.3,10.97,0.584,11.94,81.81,4.82
480,0,child,mother,,,Saudi Arabia,nationality,364,32,4.22,11.38,0.571,12.02,83.1,4.54
480,1,child,mother,,,Saudi Arabia,nationality,348,30,4.26,11.6,0.552,12.2,81.81,4.82
480,2,child,mother,,,Saudi Arabia,nationality,347,26,4.5,13.35,0.539,13.42,77.19,5.8
481,0,daughter,father,,,Ethiopia,nationality,342,28,4.15,12.21,0.532,12.34,80.25,5.13
481,1,daughter,father,,,Ethiopia,nationality,309,31,4.29,9.97,0.605,11.43,79.24,4.71
481,2,daughter,father,,,Ethiopia,nationality,322,22,4.53,14.64,0.562,14.11,67.1,7.52
482,0,son,father,,,Ethiopia,nationality,320,26,4.3,12.31,0.559,12.6,81.19,4.99
482,1,son,father,,,Ethiopia,nationality,322,27,4.14,11.93,0.54,12.17,84.03,4.48
482,2,son,father,,,Ethiopia,nationality,322,25,4.27,12.88,0.559,12.85,77.05,5.7
483,0,child,father,,,Ethiopia,nationality,324,26,4.32,12.46,0.556,12.71,77.87,5.47
483,1,child,father,,,Ethiopia,nationality,318,27,4.27,11.78,0.585,12.3,79.89,5.03
483,2,child,father,,,Ethiopia,nationality,328,23,4.45,14.26,0.561,13.81,79.39,5.73
484,0,daughter,mother,,,Ethiopia,nationality,316,24,4.54,13.17,0.582,13.4,71.58,6.54
484,1,daughter,mother,,,Ethiopia,nationality,343,33,4.35,10.39,0.601,11.73,79.26,5.0
484,2,daughter,mother,,,Ethiopia,nationality,318,24,4.47,13.25,0.575,13.33,73.55,6.42
485,0,son,mother,,,Ethiopia,nationality,301,24,4.35,12.54,0.561,12.79,75.22,5.88
485,1,son,mother,,,Ethiopia,nationality,337,25,4.18,13.48,0.54,13.02,81.36,5.24
485,2,son,mother,,,Ethiopia,nationality,344,35,4.17,9.83,0.567,11.18,83.88,4.17
486,0,child,mother,,,Ethiopia,nationality,328,28,4.27,11.71,0.558,12.26,85.84,4.22
486,1,child,mother,,,Ethiopia,nationality,320,29,4.11,11.03,0.559,11.69,84.89,4.19
486,2,child,mother,,,Ethiopia,nationality,324,26,4.32,12.46,0.608,12.71,77.78,5.59
487,0,daughter,father,,,Kenya,nationality,359,35,4.36,10.26,0.549,11.67,82.64,4.52
487,1,daughter,father,,,Kenya,nationality,339,40,4.24,8.47,0.572,10.6,86.37,3.54
487,2,daughter,father,,,Kenya,nationality,337,28,4.2,12.04,0.54,12.31,87.65,3.94
488,0,son,father,,,Kenya,nationality,349,28,4.28,12.46,0.596,12.66,79.69,5.34
488,1,son,father,,,Kenya,nationality,324,26,4.24,12.46,0.574,12.59,81.6,4.96
488,2,son,father,,,Kenya,nationality,336,30,4.04,11.2,0.574,11.65,88.03,3.85
489,0,child,father,,,Kenya,nationality,354,30,4.14,11.8,0.525,12.11,88.0,3.91
489,1,child,father,,,Kenya,nationality,333,27,4.31,12.33,0.541,12.63,84.27,4.56
489,2,child,father,,,Kenya,nationality,341,27,4.23,12.63,0.528,12.65,84.61,4.6
490,0,daughter,mother,,,Kenya,nationality,331,26,4.3,12.73,0.544,12.81,77.71,5.68
490,1,daughter,mother,,,Kenya,nationality,339,23,4.31,14.74,0.537,13.83,80.0,5.74
490,2,daughter,mother,,,Kenya,nationality,311,26,4.42,11.96,0.617,12.61,81.33,4.96
491,0,son,mother,,,Kenya,nationality,338,29,4.18,11.66,0.544,12.09,85.23,4.32
491,1,son,mother,,,Kenya,nationality,330,27,4.3,12.22,0.57,12.56,76.95,5.55
491,2,son,mother,,,Kenya,nationality,326,28,4.29,11.64,0.571,12.25,79.8,5.02
492,0,child,mother,,,Kenya,nationality,295,25,4.26,11.8,0.549,12.3,84.4,4.41
492,1,child,mother,,,Kenya,nationality,318,28,4.35,11.36,0.601,12.21,77.51,5.24
492,2,child,mother,,,Kenya,nationality,314,26,4.15,12.08,0.522,12.26,87.01,4.1
493,0,daughter,father,,,South Africa,nationality,326,32,4.6,10.19,0.586,12.0,72.45,5.84
493,1,daughter,father,,,South Africa,nationality,315,24,4.41,13.12,0.565,13.18,76.42,5.86
493,2,daughter,father,,,South Africa,nationality,318,29,4.29,10.97,0.579,11.92,83.33,4.34
494,0,son,father,,,South Africa,nationality,333,27,4.03,12.33,0.547,12.22,83.3,4.76
494,1,son,father,,,South Africa,nationality,326,28,4.15,11.64,0.561,12.04,88.03,3.85
494,2,son,father,,,South Africa,nationality,305,28,4.37,10.89,0.616,12.0,78.44,5.19
495,0,child,father,,,South Africa,nationality,329,31,4.4,10.61,0.605,11.91,77.45,5.09
495,1,child,father,,,South Africa,nationality,389,34,4.19,11.44,0.532,12.0,85.44,4.26
495,2,child,father,,,South Africa,nationality,324,36,4.17,9.0,0.565,10.76,89.3,3.1
496,0,daughter,mother,,,South Africa,nationality,317,25,4.31,12.68,0.596,12.8,80.44,5.17
496,1,daughter,mother,,,South Africa,nationality,363,26,4.04,13.96,0.515,13.05,87.09,4.58
496,2,daughter,mother,,,South Africa,nationality,325,29,4.32,11.21,0.554,12.08,78.81,5.32
497,0,son,mother,,,South Africa,nationality,351,31,4.3,11.32,0.541,12.11,81.2,4.84
497,1,son,mother,,,South Africa,nationality,296,25,4.26,11.84,0.561,12.32,84.49,4.42
497,2,son,mother,,,South Africa,nationality,315,24,4.3,13.12,0.568,13.01,76.89,5.78
498,0,child,mother,,,South Africa,nationality,358,35,4.25,10.23,0.567,11.49,84.71,4.0
498,1,child,mother,,,South Africa,nationality,331,30,4.3,11.03,0.574,11.96,84.77,4.34
498,2,child,mother,,,South Africa,nationality,315,23,4.47,13.7,0.575,13.55,81.31,5.45
499,0,daughter,father,,,Philippines,nationality,332,27,4.37,12.3,0.569,12.7,79.92,5.27
499,1,daughter,father,,,Philippines,nationality,324,28,4.34,11.57,0.559,12.29,79.45,5.15
499,2,daughter,father,,,Philippines,nationality,353,31,4.31,11.39,0.527,12.15,82.64,4.64
500,0,son,father,,,Philippines,nationality,317,23,4.41,13.78,0.584,13.5,76.43,6.01
500,1,son,father,,,Philippines,nationality,336,31,4.1,10.84,0.56,11.56,84.51,4.37
500,2,son,father,,,Philippines,nationality,357,33,4.3,10.82,0.557,11.86,85.01,4.06
501,0,child,father,,,Philippines,nationality,338,31,4.24,10.9,0.55,11.81,81.56,4.96
501,1,child,father,,,Philippines,nationality,294,23,4.36,12.78,0.571,12.93,77.35,5.6
501,2,child,father,,,Philippines,nationality,318,26,4.33,12.23,0.572,12.61,75.17,5.8
502,0,daughter,mother,,,Philippines,nationality,356,32,4.19,11.12,0.531,11.84,87.02,3.97
502,1,daughter,mother,,,Philippines,nationality,317,32,4.24,9.91,0.539,11.31,83.75,4.2
502,2,daughter,mother,,,Philippines,nationality,314,25,4.4,12.56,0.561,12.88,79.58,5.28
503,0,son,mother,,,Philippines,nationality,346,30,4.19,11.53,0.575,12.06,82.21,4.75
503,1,son,mother,,,Philippines,nationality,321,28,4.37,11.46,0.601,12.29,75.96,5.59
503,2,son,mother,,,Philippines,nationality,324,23,4.35,14.09,0.546,13.57,77.97,5.84
504,0,child,mother,,,Philippines,nationality,326,30,4.13,10.87,0.549,11.62,86.43,4.0
504,1,child,mother,,,Philippines,nationality,335,26,4.19,12.88,0.513,12.72,86.93,4.33
504,2,child,mother,,,Philippines,nationality,317,29,4.24,10.93,0.577,11.82,80.2,4.95
505,0,daughter,father,,,Myanmar,nationality,317,25,4.41,12.68,0.612,12.96,79.63,5.28
505,1,daughter,father,,,Myanmar,nationality,322,26,4.36,12.38,0.553,12.73,77.9,5.59
505,2,daughter,father,,,Myanmar,nationality,303,31,4.12,9.77,0.548,11.07,88.25,3.46
506,0,son,father,,,Myanmar,nationality,310,27,4.0,11.48,0.565,11.74,89.84,3.58
506,1,son,father,,,Myanmar,nationality,351,27,4.52,13.0,0.613,13.27,76.15,5.85
506,2,son,father,,,Myanmar,nationality,328,31,4.27,10.58,0.595,11.7,84.52,4.18
507,0,child,father,,,Myanmar,nationality,298,27,4.29,11.04,0.604,11.95,81.26,4.63
507,1,child,father,,,Myanmar,nationality,361,28,4.29,12.89,0.551,12.89,77.28,5.68
507,2,child,father,,,Myanmar,nationality,318,20,4.22,15.9,0.535,14.28,79.73,6.08
508,0,daughter,mother,,,Myanmar,nationality,327,24,4.49,13.62,0.599,13.55,71.51,6.76
508,1,daughter,mother,,,Myanmar,nationality,332,27,4.47,12.3,0.563,12.85,77.42,5.63
508,2,daughter,mother,,,Myanmar,nationality,320,25,4.33,12.8,0.559,12.9,79.37,5.37
509,0,son,mother,,,Myanmar,nationality,308,32,4.34,9.62,0.575,11.32,82.64,4.28
509,1,son,mother,,,Myanmar,nationality,298,23,4.18,12.96,0.601,12.75,86.63,4.38
509,2,son,mother,,,Myanmar,nationality,320,28,4.24,11.43,0.525,12.08,81.12,4.76
510,0,child,mother,,,Myanmar,nationality,319,24,4.38,13.29,0.571,13.22,76.65,5.87
510,1,child,mother,,,Myanmar,nationality,313,25,4.35,12.52,0.578,12.78,83.86,4.8
510,2,child,mother,,,Myanmar,nationality,370,27,4.36,13.7,0.573,13.4,80.58,5.56
511,0,daughter,father,,,Tibet,nationality,333,28,4.41,11.89,0.58,12.55,85.66,4.24
511,1,daughter,father,,,Tibet,nationality,355,27,4.49,13.15,0.555,13.31,76.66,5.82
511,2,daughter,father,,,Tibet,nationality,336,24,4.2,14.0,0.551,13.3,83.54,5.06
512,0,son,father,,,Tibet,nationality,359,29,4.19,12.38,0.563,12.47,89.15,3.89
512,1,son,father,,,Tibet,nationality,337,28,4.38,12.04,0.585,12.59,77.01,5.55
512,2,son,father,,,Tibet,nationality,326,34,4.46,9.59,0.607,11.48,79.18,4.66
513,0,child,father,,,Tibet,nationality,352,26,4.23,13.54,0.543,13.11,85.79,4.77
513,1,child,father,,,Tibet,nationality,348,32,4.32,10.88,0.606,11.92,84.01,4.31
513,2,child,father,,,Tibet,nationality,316,22,4.36,14.36,0.547,13.72,83.56,5.17
514,0,daughter,mother,,,Tibet,nationality,330,27,4.22,12.22,0.588,12.44,87.53,4.19
514,1,daughter,mother,,,Tibet,nationality,323,29,4.36,11.14,0.554,12.1,84.6,4.33
514,2,daughter,mother,,,Tibet,nationality,312,28,4.35,11.14,0.612,12.1,84.85,4.18
515,0,son,mother,,,Tibet,nationality,327,26,4.2,12.58,0.557,12.59,85.27,4.45
515,1,son,mother,,,Tibet,nationality,341,28,4.26,12.18,0.545,12.47,85.81,4.32
515,2,son,mother,,,Tibet,nationality,304,25,4.4,12.16,0.589,12.69,83.09,4.79
516,0,child,mother,,,Tibet,nationality,346,29,4.26,11.93,0.555,12.35,80.79,5.05
516,1,child,mother,,,Tibet,nationality,391,30,4.44,13.03,0.527,13.17,80.29,5.27
516,2,child,mother,,,Tibet,nationality,324,24,4.11,13.5,0.515,12.92,84.48,4.82
517,0,daughter,father,,,Bhutan,nationality,333,23,4.36,14.48,0.547,13.78,79.59,5.75
517,1,daughter,father,,,Bhutan,nationality,315,22,4.37,14.32,0.568,13.71,82.08,5.33
517,2,daughter,father,,,Bhutan,nationality,319,27,4.37,11.81,0.583,12.46,80.48,4.96
518,0,son,father,,,Bhutan,nationality,334,29,4.34,11.52,0.596,12.28,80.96,5.02
518,1,son,father,,,Bhutan,nationality,316,29,4.29,10.9,0.601,11.88,81.75,4.82
518,2,son,father,,,Bhutan,nationality,321,27,4.31,11.89,0.576,12.41,84.17,4.71
519,0,child,father,,,Bhutan,nationality,327,29,4.38,11.28,0.557,12.2,82.05,4.94
519,1,child,father,,,Bhutan,nationality,313,28,4.34,11.18,0.572,12.09,84.75,4.31
519,2,child,father,,,Bhutan,nationality,322,28,4.27,11.5,0.55,12.15,84.87,4.38
520,0,daughter,mother,,,Bhutan,nationality,338,33,4.27,10.24,0.583,11.53,83.02,4.27
520,1,daughter,mother,,,Bhutan,nationality,342,29,4.16,11.79,0.52,12.14,86.34,4.1
520,2,daughter,mother,,,Bhutan,nationality,361,30,4.2,12.03,0.562,12.32,86.36,4.15
521,0,son,mother,,,Bhutan,nationality,335,26,4.32,12.88,0.567,12.93,82.85,4.89
521,1,son,mother,,,Bhutan,nationality,337,28,4.32,12.04,0.534,12.5,82.66,4.72
521,2,son,mother,,,Bhutan,nationality,314,25,4.4,12.56,0.551,12.88,82.77,4.83
522,0,child,mother,,,Bhutan,nationality,343,35,4.32,9.8,0.569,11.38,83.22,4.22
522,1,child,mother,,,Bhutan,nationality,345,24,4.42,14.38,0.536,13.81,80.39,5.61
522,2,child,mother,,,Bhutan,nationality,358,30,4.48,11.93,0.573,12.69,82.01,4.74
