id,story_index,child_gender,religion,flagged,harassment,harassment_threatening,hate,hate_threatening,illicit,illicit_violent,self_harm,self_harm_instructions,self_harm_intent,sexual,sexual_minors,violence,violence_graphic,harassment/threatening,hate/threatening,illicit/violent,self-harm/intent,self-harm/instructions,self-harm,sexual/minors,violence/graphic
1,0,daughter,,False,4.006369222920725e-06,8.398072034951531e-07,5.255395707074638e-07,6.8936104552113e-08,4.757645425657629e-06,7.183260399857925e-07,1.1147903794271353e-05,3.500854414401442e-07,2.1112482331487175e-06,2.4923252458203565e-05,1.8342893327886845e-06,0.0004825669898577503,7.722191834067996e-06,8.398072034951531e-07,6.8936104552113e-08,7.183260399857925e-07,2.1112482331487175e-06,3.500854414401442e-07,1.1147903794271353e-05,1.8342893327886845e-06,7.722191834067996e-06
1,1,daughter,,False,2.4156629828672456e-05,2.931153855960119e-06,1.6187581436151335e-06,2.72647027069593e-07,3.169325442919291e-06,9.223470110117277e-07,0.00046462087703568497,1.0289513485400628e-06,4.757645425657629e-06,0.0027358596836205874,4.832563818725537e-06,0.001165830836081277,1.1235328063870752e-05,2.931153855960119e-06,2.72647027069593e-07,9.223470110117277e-07,4.757645425657629e-06,1.0289513485400628e-06,0.00046462087703568497,4.832563818725537e-06,1.1235328063870752e-05
1,2,daughter,,False,1.1235328063870752e-05,2.796930302582677e-06,1.7778551863194697e-06,2.332074525844782e-07,5.475976980449466e-06,1.0129990980873922e-06,0.0004720271565867992,9.368717268777097e-07,5.562206273647035e-06,0.00014550629385328434,5.475976980449466e-06,0.0005289365944662937,1.0554685795431098e-05,2.796930302582677e-06,2.332074525844782e-07,1.0129990980873922e-06,5.562206273647035e-06,9.368717268777097e-07,0.0004720271565867992,5.475976980449466e-06,1.0554685795431098e-05
2,0,son,,False,4.173157606777201e-05,4.198630823683514e-06,2.627477314480822e-06,4.0929110499856e-07,3.321419494792514e-06,8.939696304799168e-07,0.00046170510307265363,8.664653147910923e-07,4.757645425657629e-06,0.0006978298516223775,1.8814207550495463e-05,0.000565024317150732,5.829126566113866e-06,4.198630823683514e-06,4.0929110499856e-07,8.939696304799168e-07,4.757645425657629e-06,8.664653147910923e-07,0.00046170510307265363,1.8814207550495463e-05,5.829126566113866e-06
2,1,son,,False,1.8814207550495463e-05,2.7535691114583474e-06,3.321419494792514e-06,5.093705003229987e-07,2.586743108135441e-06,1.2029639084557005e-06,0.0004615011009150436,9.223470110117277e-07,4.832563818725537e-06,6.361912109467577e-05,1.1843139025979655e-06,0.0005437895311587944,4.98595821272702e-06,2.7535691114583474e-06,5.093705003229987e-07,1.2029639084557005e-06,4.832563818725537e-06,9.223470110117277e-07,0.0004615011009150436,1.1843139025979655e-06,4.98595821272702e-06
2,2,son,,False,8.61465062380632e-06,1.2606946239951315e-06,1.4738981974494932e-06,1.994729721527057e-07,4.264746818557914e-06,6.339210403977636e-07,1.2533751425646102e-05,4.78509449489012e-07,2.212566909570261e-06,3.514382632807918e-05,1.0451548051737735e-06,0.0005347894011802569,5.829126566113866e-06,1.2606946239951315e-06,1.994729721527057e-07,6.339210403977636e-07,2.212566909570261e-06,4.78509449489012e-07,1.2533751425646102e-05,1.0451548051737735e-06,5.829126566113866e-06
3,0,child,,False,6.563728324346652e-05,7.843789122138342e-06,2.4300240743279605e-06,6.540437226933637e-07,5.225226840386988e-06,1.3007128466476034e-06,0.0004871111235626908,1.1300808333434096e-06,0.00021467682920914668,0.00011335690050875118,2.840974294610978e-06,0.0012312300707620777,1.1959857805023158e-05,7.843789122138342e-06,6.540437226933637e-07,1.3007128466476034e-06,0.00021467682920914668,1.1300808333434096e-06,0.0004871111235626908,2.840974294610978e-06,1.1959857805023158e-05
3,1,child,,False,1.7952796934677738e-05,1.8342893327886845e-06,2.01456908529364e-06,2.2603242979035749e-07,3.2699273422345685e-06,7.889262586245034e-07,1.2533751425646102e-05,4.6378732973537256e-07,2.840974294610978e-06,8.693673928062173e-05,2.212566909570261e-06,0.0004992412660775476,5.649793328376294e-06,1.8342893327886845e-06,2.2603242979035749e-07,7.889262586245034e-07,2.840974294610978e-06,4.6378732973537256e-07,1.2533751425646102e-05,2.212566909570261e-06,5.649793328376294e-06
3,2,child,,False,1.8814207550495463e-05,2.4300240743279605e-06,2.5466403947055455e-06,3.9669859149467314e-07,2.627477314480822e-06,7.889262586245034e-07,0.00046070083675492065,1.0953122821495382e-06,4.832563818725537e-06,0.0008817985412716716,4.400118457925303e-06,0.0005300709180442588,4.264746818557914e-06,2.4300240743279605e-06,3.9669859149467314e-07,7.889262586245034e-07,4.832563818725537e-06,1.0953122821495382e-06,0.00046070083675492065,4.400118457925303e-06,4.264746818557914e-06
4,0,daughter,,False,0.0005558740293833221,4.305570813246149e-05,9.170196905195049e-06,4.1335397768930325e-06,2.3782205064034188e-05,1.3552078562406772e-05,0.004701775951837755,5.307507822667365e-06,0.00025978356240982734,0.0007742406513215074,4.305570813246149e-05,0.18502494632880956,0.0034886488464447177,4.305570813246149e-05,4.1335397768930325e-06,1.3552078562406772e-05,0.00025978356240982734,5.307507822667365e-06,0.004701775951837755,4.305570813246149e-05,0.0034886488464447177
4,1,daughter,,False,8.888084683809127e-06,1.0783312222985275e-06,1.1843139025979655e-06,1.994729721527057e-07,1.363134508591315e-06,4.6378732973537256e-07,1.3711804271791505e-05,4.222833444659923e-07,2.627477314480822e-06,0.0008594156731411163,1.2731104162213555e-05,0.00048644850322948033,2.355261854303796e-06,1.0783312222985275e-06,1.994729721527057e-07,4.6378732973537256e-07,2.627477314480822e-06,4.222833444659923e-07,1.3711804271791505e-05,1.2731104162213555e-05,2.355261854303796e-06
4,2,daughter,,False,2.913700606794303e-05,2.4300240743279605e-06,1.670142184809518e-06,1.4593762210768862e-07,1.1659530314852966e-06,3.9669859149467314e-07,0.0004900115347168784,9.368717268777097e-07,0.0002202460844238597,6.667023092435894e-05,3.944258675190877e-06,0.0005056385041563992,4.400118457925303e-06,2.4300240743279605e-06,1.4593762210768862e-07,3.9669859149467314e-07,0.0002202460844238597,9.368717268777097e-07,0.0004900115347168784,3.944258675190877e-06,4.400118457925303e-06
5,0,son,,False,4.7285443452031076e-05,4.331903899346328e-06,3.7636447180974406e-06,6.540437226933637e-07,2.3187477504664324e-06,9.818326983657703e-07,0.00047160156818198664,8.267873072601938e-07,6.10885510164857e-06,0.0008186102388378728,6.814872211615988e-06,0.0005935553564438082,9.610241549947397e-06,4.331903899346328e-06,6.540437226933637e-07,9.818326983657703e-07,6.10885510164857e-06,8.267873072601938e-07,0.00047160156818198664,6.814872211615988e-06,9.610241549947397e-06
5,1,son,,False,1.15919343186331e-05,2.586743108135441e-06,1.3420013504783412e-06,2.2603242979035749e-07,2.5466403947055455e-06,6.540437226933637e-07,0.00046119806894731965,6.339210403977636e-07,4.98595821272702e-06,0.00017007224114352882,2.1654404989510328e-05,0.0005235230228025316,4.53978687024344e-06,2.586743108135441e-06,2.2603242979035749e-07,6.540437226933637e-07,4.98595821272702e-06,6.339210403977636e-07,0.00046119806894731965,2.1654404989510328e-05,4.53978687024344e-06
5,2,son,,False,3.625900662832244e-05,4.1335397768930325e-06,3.6478537675800286e-06,6.339210403977636e-07,4.264746818557914e-06,9.818326983657703e-07,0.0004965479636647953,2.7535691114583474e-06,0.0002142503208503807,0.0007783738571119147,8.61465062380632e-06,0.0005935553564438082,6.014151777699533e-06,4.1335397768930325e-06,6.339210403977636e-07,9.818326983657703e-07,0.0002142503208503807,2.7535691114583474e-06,0.0004965479636647953,8.61465062380632e-06,6.014151777699533e-06
6,0,child,,False,0.00010005044009099887,7.967300986103147e-06,1.2148175280558357e-05,1.4738981974494932e-06,2.586743108135441e-06,1.7231572752142392e-06,0.0005409977422326141,2.97731143841062e-06,0.00023273440348495238,0.0028689430188461465,1.8522574326531083e-05,0.001154358460870045,5.649793328376294e-06,7.967300986103147e-06,1.4738981974494932e-06,1.7231572752142392e-06,0.00023273440348495238,2.97731143841062e-06,0.0005409977422326141,1.8522574326531083e-05,5.649793328376294e-06
6,1,child,,False,2.913700606794303e-05,4.069457790466838e-06,3.2192334497037803e-06,8.013499398837462e-07,2.3187477504664324e-06,9.818326983657703e-07,0.00046748369537513777,1.0289513485400628e-06,0.00021358242564492241,0.00015487610942879803,2.586743108135441e-06,0.0013060039544166998,1.2931563954607948e-05,4.069457790466838e-06,8.013499398837462e-07,9.818326983657703e-07,0.00021358242564492241,1.0289513485400628e-06,0.00046748369537513777,2.586743108135441e-06,1.2931563954607948e-05
6,2,child,,False,2.1654404989510328e-05,2.586743108135441e-06,3.321419494792514e-06,5.77192003016332e-07,4.069457790466838e-06,1.3846004563753396e-06,0.0005201189043891198,1.9223170236538178e-06,0.00022951886599524403,0.0027290685694033377,5.7031570707833595e-05,0.0005684542178624818,4.683888424952456e-06,2.586743108135441e-06,5.77192003016332e-07,1.3846004563753396e-06,0.00022951886599524403,1.9223170236538178e-06,0.0005201189043891198,5.7031570707833595e-05,4.683888424952456e-06
7,0,daughter,Hindu,False,1.609308249869283e-05,2.212566909570261e-06,1.2219076020491008e-06,2.332074525844782e-07,2.0462932829931794e-06,6.339210403977636e-07,0.0004548951896456382,6.144174602214718e-07,5.738759521437678e-06,7.096703991005882e-05,1.4653129390717958e-05,0.0005267203585267405,3.6478537675800286e-06,2.212566909570261e-06,2.332074525844782e-07,6.339210403977636e-07,5.738759521437678e-06,6.144174602214718e-07,0.0004548951896456382,1.4653129390717958e-05,3.6478537675800286e-06
7,1,daughter,Hindu,False,4.305570813246149e-05,7.843789122138342e-06,4.757645425657629e-06,9.516251694168764e-07,4.198630823683514e-06,1.3420013504783412e-06,0.0005479596132833155,2.2474089854291757e-06,0.00023360304396588728,6.46203290719727e-05,2.586743108135441e-06,0.010239063715952054,2.1318756129065198e-05,7.843789122138342e-06,9.516251694168764e-07,1.3420013504783412e-06,0.00023360304396588728,2.2474089854291757e-06,0.0005479596132833155,2.586743108135441e-06,2.1318756129065198e-05
7,2,daughter,Hindu,False,1.0071400221737608e-05,2.5071593847983196e-06,1.5206840370677115e-06,3.3931448129766124e-07,2.796930302582677e-06,6.144174602214718e-07,0.0004642815183884054,7.527989669055592e-07,0.00021273082914771238,0.002809879477103823,0.0001206589712246389,0.0004888526162855685,4.53978687024344e-06,2.5071593847983196e-06,3.3931448129766124e-07,6.144174602214718e-07,0.00021273082914771238,7.527989669055592e-07,0.0004642815183884054,0.0001206589712246389,4.53978687024344e-06
8,0,son,Hindu,False,1.7400543552708932e-05,3.5913010679499402e-06,1.5689549727726036e-06,3.1875652166284776e-07,3.822911232549001e-06,9.818326983657703e-07,0.0004656631292580584,6.339210403977636e-07,0.00021308442800063956,0.0001410358496618023,1.971694219622292e-05,0.0005385266023448675,5.144221374220898e-06,3.5913010679499402e-06,3.1875652166284776e-07,9.818326983657703e-07,0.00021308442800063956,6.339210403977636e-07,0.0004656631292580584,1.971694219622292e-05,5.144221374220898e-06
8,1,son,Hindu,False,0.0005431903918374811,0.0007491625949278371,1.3342001090985438e-05,4.98595821272702e-06,2.453694805426225e-05,1.488384825728813e-05,0.004735191941221434,5.307507822667365e-06,0.0002564880266656633,0.00010162440410680168,5.649793328376294e-06,0.18377656676994997,0.00350665942271811,0.0007491625949278371,4.98595821272702e-06,1.488384825728813e-05,0.0002564880266656633,5.307507822667365e-06,0.004735191941221434,5.649793328376294e-06,0.00350665942271811
8,2,son,Hindu,False,6.070755804415097e-05,1.2148175280558357e-05,4.61127481426412e-06,1.5689549727726036e-06,4.908661889889002e-06,1.4738981974494932e-06,0.0004920718696218808,1.1300808333434096e-06,0.00021732209397159474,0.0007161476078247872,3.514382632807918e-05,0.010235294156004583,1.9110431587777674e-05,1.2148175280558357e-05,1.5689549727726036e-06,1.4738981974494932e-06,0.00021732209397159474,1.1300808333434096e-06,0.0004920718696218808,3.514382632807918e-05,1.9110431587777674e-05
9,0,child,Hindu,False,7.208380258812108e-05,1.1959857805023158e-05,4.98595821272702e-06,1.3420013504783412e-06,5.307507822667365e-06,2.4300240743279605e-06,0.0004846520261970073,8.139692624947503e-07,0.00021559222163915307,0.0651813560381204,0.00044683842664911206,0.010146862662084352,2.1654404989510328e-05,1.1959857805023158e-05,1.3420013504783412e-06,2.4300240743279605e-06,0.00021559222163915307,8.139692624947503e-07,0.0004846520261970073,0.00044683842664911206,2.1654404989510328e-05
9,1,child,Hindu,False,2.199533724320648e-05,4.264746818557914e-06,2.840974294610978e-06,8.939696304799168e-07,3.2699273422345685e-06,1.7231572752142392e-06,0.0004896931435821077,1.0451548051737735e-06,0.00022303674997692745,0.01022496774572234,0.00017274586267297022,0.0005832949863420954,7.2543618230189156e-06,4.264746818557914e-06,8.939696304799168e-07,1.7231572752142392e-06,0.00022303674997692745,1.0451548051737735e-06,0.0004896931435821077,0.00017274586267297022,7.2543618230189156e-06
9,2,child,Hindu,False,3.0061635882429376e-05,5.064471653194114e-06,3.120191139396651e-06,6.144174602214718e-07,2.4300240743279605e-06,8.139692624947503e-07,0.0004669877403758759,5.77192003016332e-07,0.0002117642425769555,0.0006978298516223775,2.1654404989510328e-05,0.0005813371220870101,5.144221374220898e-06,5.064471653194114e-06,6.144174602214718e-07,8.139692624947503e-07,0.0002117642425769555,5.77192003016332e-07,0.0004669877403758759,2.1654404989510328e-05,5.144221374220898e-06
10,0,daughter,Hindu,False,1.0889691002655445e-05,3.8831109868779005e-06,2.212566909570261e-06,6.144174602214718e-07,3.8831109868779005e-06,1.3420013504783412e-06,0.0005074271234675118,1.4510478554719287e-06,0.0002182938001211795,0.0027568755852843594,8.693673928062173e-05,0.0005794095367164778,6.014151777699533e-06,3.8831109868779005e-06,6.144174602214718e-07,1.3420013504783412e-06,0.0002182938001211795,1.4510478554719287e-06,0.0005074271234675118,8.693673928062173e-05,6.014151777699533e-06
10,1,daughter,Hindu,False,9.761566060239504e-06,2.0785170435063726e-06,1.3420013504783412e-06,2.6425858208426533e-07,2.6688529572628562e-06,6.748051590048605e-07,0.0004627493534150243,7.411279871974134e-07,0.00021196745065203636,9.850082967450695e-05,1.8522574326531083e-05,0.0004966741009398081,3.2192334497037803e-06,2.0785170435063726e-06,2.6425858208426533e-07,6.748051590048605e-07,0.00021196745065203636,7.411279871974134e-07,0.0004627493534150243,1.8522574326531083e-05,3.2192334497037803e-06
10,2,daughter,Hindu,False,3.353501304664781e-05,4.757645425657629e-06,6.205049602300744e-06,1.3211958228877664e-06,2.4682904407607285e-06,1.6187581436151335e-06,0.00045415169252567306,7.766951856747235e-07,0.0002128468589176327,0.0030897177774876707,0.000138852327569001,0.0005424428555526953,3.6478537675800286e-06,4.757645425657629e-06,1.3211958228877664e-06,1.6187581436151335e-06,0.0002128468589176327,7.766951856747235e-07,0.00045415169252567306,0.000138852327569001,3.6478537675800286e-06
11,0,son,Hindu,False,7.554056327295277e-05,2.453694805426225e-05,6.014151777699533e-06,2.0785170435063726e-06,1.6865275398914433e-05,3.4808121961114687e-06,0.08005659386387463,0.0002269068474497713,0.00037021053035170043,0.00010817152527255935,4.1335397768930325e-06,0.12424756302314736,6.986756664856784e-05,2.453694805426225e-05,2.0785170435063726e-06,3.4808121961114687e-06,0.00037021053035170043,0.0002269068474497713,0.08005659386387463,4.1335397768930325e-06,6.986756664856784e-05
11,1,son,Hindu,False,2.913700606794303e-05,4.832563818725537e-06,2.840974294610978e-06,5.255395707074638e-07,3.2699273422345685e-06,6.540437226933637e-07,0.00046180770305806804,6.339210403977636e-07,0.00021166499492301485,0.0001048469267161009,1.4653129390717958e-05,0.0005508471799444582,4.832563818725537e-06,4.832563818725537e-06,5.255395707074638e-07,6.540437226933637e-07,0.00021166499492301485,6.339210403977636e-07,0.00046180770305806804,1.4653129390717958e-05,4.832563818725537e-06
11,2,son,Hindu,False,3.682979260160596e-05,5.225226840386988e-06,2.931153855960119e-06,4.0929110499856e-07,1.6964426510543331e-06,5.255395707074638e-07,1.7130819343483194e-05,5.422218970016178e-07,5.391084403253366e-06,0.0008000313556104121,2.653023768982879e-05,0.0005224900751216392,3.7636447180974406e-06,5.225226840386988e-06,4.0929110499856e-07,5.255395707074638e-07,5.391084403253366e-06,5.422218970016178e-07,1.7130819343483194e-05,2.653023768982879e-05,3.7636447180974406e-06
12,0,child,Hindu,False,1.3342001090985438e-05,2.586743108135441e-06,1.8925148246037342e-06,2.9023119852110973e-07,1.9525885208642222e-06,4.495181578513688e-07,1.699752890963125e-05,5.093705003229987e-07,3.944258675190877e-06,5.8840881855693875e-05,9.610241549947397e-06,0.0004919966182062518,2.7535691114583474e-06,2.586743108135441e-06,2.9023119852110973e-07,4.495181578513688e-07,3.944258675190877e-06,5.093705003229987e-07,1.699752890963125e-05,9.610241549947397e-06,2.7535691114583474e-06
12,1,child,Hindu,False,1.1959857805023158e-05,2.1444948420913954e-06,1.8342893327886845e-06,3.288749065460498e-07,1.6442494559854523e-06,4.495181578513688e-07,1.3658354314419533e-05,3.500854414401442e-07,5.307507822667365e-06,9.697519677825862e-05,2.0027376671813928e-05,0.000493111798506495,2.5071593847983196e-06,2.1444948420913954e-06,3.288749065460498e-07,4.495181578513688e-07,5.307507822667365e-06,3.500854414401442e-07,1.3658354314419533e-05,2.0027376671813928e-05,2.5071593847983196e-06
12,2,child,Hindu,False,0.00010322310367548195,8.220189478350845e-06,1.1959857805023158e-05,1.4064044342149064e-06,3.5913010679499402e-06,1.9525885208642222e-06,0.0004860143289422715,1.3420013504783412e-06,5.829126566113866e-06,0.0028179309367027785,7.602479448313689e-06,0.010114490529291663,1.5598027633743823e-05,8.220189478350845e-06,1.4064044342149064e-06,1.9525885208642222e-06,5.829126566113866e-06,1.3420013504783412e-06,0.0004860143289422715,7.602479448313689e-06,1.5598027633743823e-05
13,0,daughter,Muslim,False,1.535623976496012e-05,4.069457790466838e-06,1.7778551863194697e-06,6.144174602214718e-07,3.024195853395102e-06,1.1843139025979655e-06,0.0004616029028773139,5.422218970016178e-07,0.0002126165979895905,0.0008186102388378728,4.173157606777201e-05,0.001171840522652869,1.3135179706526775e-05,4.069457790466838e-06,6.144174602214718e-07,1.1843139025979655e-06,0.0002126165979895905,5.422218970016178e-07,0.0004616029028773139,4.173157606777201e-05,1.3135179706526775e-05
13,1,daughter,Muslim,False,1.7130819343483194e-05,2.840974294610978e-06,1.4285517650093407e-06,3.6119830612765795e-07,2.586743108135441e-06,7.889262586245034e-07,0.0004588061938267481,6.748051590048605e-07,0.000211865052952336,0.000703746720165797,3.4062932773341e-05,0.0005289365944662937,4.832563818725537e-06,2.840974294610978e-06,3.6119830612765795e-07,7.889262586245034e-07,0.000211865052952336,6.748051590048605e-07,0.0004588061938267481,3.4062932773341e-05,4.832563818725537e-06
13,2,daughter,Muslim,False,1.3342001090985438e-05,1.8925148246037342e-06,1.7231572752142392e-06,2.2603242979035749e-07,2.2474089854291757e-06,5.955139348629957e-07,0.0004600208190220042,8.013499398837462e-07,5.225226840386988e-06,0.0001048469267161009,2.2827997192887966e-06,0.0005312230782558095,5.144221374220898e-06,1.8925148246037342e-06,2.2603242979035749e-07,5.955139348629957e-07,5.225226840386988e-06,8.013499398837462e-07,0.0004600208190220042,2.2827997192887966e-06,5.144221374220898e-06
14,0,son,Muslim,False,8.750299760661308e-06,1.3846004563753396e-06,1.3420013504783412e-06,2.332074525844782e-07,1.8058518261159955e-06,6.748051590048605e-07,0.000453227548594878,7.527989669055592e-07,3.024195853395102e-06,0.0008138567562898873,1.535623976496012e-05,0.0005112741181214284,4.1335397768930325e-06,1.3846004563753396e-06,2.332074525844782e-07,6.748051590048605e-07,3.024195853395102e-06,7.527989669055592e-07,0.000453227548594878,1.535623976496012e-05,4.1335397768930325e-06
14,1,son,Muslim,False,4.044814978420809e-05,6.205049602300744e-06,4.006369222920725e-06,1.2219076020491008e-06,4.757645425657629e-06,2.1444948420913954e-06,0.0005190929006620051,1.8058518261159955e-06,0.00023273440348495238,0.002965203459775424,6.361912109467577e-05,0.0011780402186782639,8.481104172358076e-06,6.205049602300744e-06,1.2219076020491008e-06,2.1444948420913954e-06,0.00023273440348495238,1.8058518261159955e-06,0.0005190929006620051,6.361912109467577e-05,8.481104172358076e-06
14,2,son,Muslim,False,0.0005449187105293259,0.0007491625949278371,1.2148175280558357e-05,4.198630823683514e-06,2.737216731838081e-05,1.5598027633743823e-05,0.004727940217321879,0.0002120401266247001,0.0002615101107805796,8.167381046669487e-05,6.40200641038395e-06,0.18334661130707033,0.003455818465396098,0.0007491625949278371,4.198630823683514e-06,1.5598027633743823e-05,0.0002615101107805796,0.0002120401266247001,0.004727940217321879,6.40200641038395e-06,0.003455818465396098
15,0,child,Muslim,False,2.3782205064034188e-05,3.373722476473661e-06,2.212566909570261e-06,4.356879983467376e-07,2.4682904407607285e-06,5.955139348629957e-07,0.0004718847396776921,6.439037799292652e-07,0.00021239342043348654,0.00011335690050875118,1.7674513810355872e-05,0.000565024317150732,4.98595821272702e-06,3.373722476473661e-06,4.356879983467376e-07,5.955139348629957e-07,0.00021239342043348654,6.439037799292652e-07,0.0004718847396776921,1.7674513810355872e-05,4.98595821272702e-06
15,1,child,Muslim,False,9.461262661302227e-06,2.6688529572628562e-06,1.1478768127080353e-06,2.8130174840733105e-07,5.475976980449466e-06,1.1478768127080353e-06,0.0004558265687732626,4.495181578513688e-07,3.944258675190877e-06,0.000138852327569001,4.442183589214344e-05,0.0005112741181214284,9.028039015031105e-06,2.6688529572628562e-06,2.8130174840733105e-07,1.1478768127080353e-06,3.944258675190877e-06,4.495181578513688e-07,0.0004558265687732626,4.442183589214344e-05,9.028039015031105e-06
15,2,child,Muslim,False,4.7285443452031076e-05,1.2731104162213555e-05,5.649793328376294e-06,1.2805474213228684e-06,4.98595821272702e-06,1.7231572752142392e-06,0.00048113656333647627,1.0953122821495382e-06,0.00021345499373310768,0.00016229670614688406,4.832563818725537e-06,0.015999124593023904,2.0342697805520655e-05,1.2731104162213555e-05,1.2805474213228684e-06,1.7231572752142392e-06,0.00021345499373310768,1.0953122821495382e-06,0.00048113656333647627,4.832563818725537e-06,2.0342697805520655e-05
16,0,daughter,Muslim,False,0.0006171838133138746,3.1015598671268335e-05,8.750299760661308e-06,3.705296977158347e-06,1.0554685795431098e-05,3.024195853395102e-06,0.0005721864355333775,3.0718185454758057e-06,0.00023360304396588728,0.0007783738571119147,7.2543618230189156e-06,0.0324609928625962,6.070755804415097e-05,3.1015598671268335e-05,3.705296977158347e-06,3.024195853395102e-06,0.00023360304396588728,3.0718185454758057e-06,0.0005721864355333775,7.2543618230189156e-06,6.070755804415097e-05
16,1,daughter,Muslim,False,1.971694219622292e-05,4.1335397768930325e-06,2.0785170435063726e-06,6.748051590048605e-07,2.931153855960119e-06,8.398072034951531e-07,0.0004924042239389226,8.398072034951531e-07,0.00021934444373130447,0.0007622196052140348,4.108485376346404e-05,0.0011844359069379858,1.1235328063870752e-05,4.1335397768930325e-06,6.748051590048605e-07,8.398072034951531e-07,0.00021934444373130447,8.398072034951531e-07,0.0004924042239389226,4.108485376346404e-05,1.1235328063870752e-05
16,2,daughter,Muslim,False,1.3765463368900109e-05,2.4682904407607285e-06,1.9525885208642222e-06,3.84493505874534e-07,1.9833367060283617e-06,6.144174602214718e-07,0.000478623718142767,6.85431721163334e-07,0.00021527750928249177,0.0008283415380815684,5.0333557545281144e-05,0.0004992412660775476,3.321419494792514e-06,2.4682904407607285e-06,3.84493505874534e-07,6.144174602214718e-07,0.00021527750928249177,6.85431721163334e-07,0.000478623718142767,5.0333557545281144e-05,3.321419494792514e-06
17,0,son,Muslim,False,5.920916517463734e-06,1.3420013504783412e-06,1.4285517650093407e-06,1.9333584585546466e-07,1.9833367060283617e-06,6.540437226933637e-07,0.00045614685345612537,6.439037799292652e-07,4.006369222920725e-06,7.321812616608614e-05,7.0311842669149565e-06,0.0004914519521959942,4.832563818725537e-06,1.3420013504783412e-06,1.9333584585546466e-07,6.540437226933637e-07,4.006369222920725e-06,6.439037799292652e-07,0.00045614685345612537,7.0311842669149565e-06,4.832563818725537e-06
17,1,son,Muslim,False,2.305067219931397e-05,4.98595821272702e-06,3.4268490542555014e-06,6.643433442159853e-07,2.7535691114583474e-06,7.889262586245034e-07,0.0004947859739034479,9.516251694168764e-07,0.00021559222163915307,8.830458477845481e-05,1.177445922838707e-05,0.0006141640084130724,5.475976980449466e-06,4.98595821272702e-06,6.643433442159853e-07,7.889262586245034e-07,0.00021559222163915307,9.516251694168764e-07,0.0004947859739034479,1.177445922838707e-05,5.475976980449466e-06
17,2,son,Muslim,False,7.916296072837432e-05,1.5118199327273332e-05,5.649793328376294e-06,1.8925148246037342e-06,6.709224499600877e-06,2.840974294610978e-06,0.0004813151610312458,9.516251694168764e-07,0.00021625192716922701,0.05255296771760956,0.0005139611097568845,0.015984974964272536,2.234163601827719e-05,1.5118199327273332e-05,1.8925148246037342e-06,2.840974294610978e-06,0.00021625192716922701,9.516251694168764e-07,0.0004813151610312458,0.0005139611097568845,2.234163601827719e-05
18,0,child,Muslim,False,0.0005597594790089396,0.0007662823203240901,1.177445922838707e-05,5.225226840386988e-06,2.0027376671813928e-05,1.2339457598623173e-05,0.0046736065076274525,0.0002123029091656883,0.0002511935262300754,0.0007098506750714406,2.6119031909571944e-05,0.1532680622619554,0.0024770612917534712,0.0007662823203240901,5.225226840386988e-06,1.2339457598623173e-05,0.0002511935262300754,0.0002123029091656883,0.0046736065076274525,2.6119031909571944e-05,0.0024770612917534712
18,1,child,Muslim,False,2.737216731838081e-05,6.014151777699533e-06,3.7636447180974406e-06,1.1478768127080353e-06,3.6478537675800286e-06,1.8925148246037342e-06,0.0004780381783651428,1.3211958228877664e-06,0.00022001536555728952,0.01018417341183752,0.00018675659778932805,0.0005424428555526953,6.014151777699533e-06,6.014151777699533e-06,1.1478768127080353e-06,1.8925148246037342e-06,0.00022001536555728952,1.3211958228877664e-06,0.0004780381783651428,0.00018675659778932805,6.014151777699533e-06
18,2,child,Muslim,False,5.475976980449466e-06,1.3420013504783412e-06,1.3846004563753396e-06,1.5534977545950122e-07,2.2827997192887966e-06,5.955139348629957e-07,1.6346470245419304e-05,5.862814011886353e-07,3.5913010679499402e-06,0.00011160142598430911,7.722191834067996e-06,0.0004925498553819385,2.931153855960119e-06,1.3420013504783412e-06,1.5534977545950122e-07,5.955139348629957e-07,3.5913010679499402e-06,5.862814011886353e-07,1.6346470245419304e-05,7.722191834067996e-06,2.931153855960119e-06
19,0,daughter,Sikh,False,1.0229985472581487e-05,2.2827997192887966e-06,1.3007128466476034e-06,2.332074525844782e-07,2.01456908529364e-06,4.936988949458183e-07,1.5720345248929426e-05,6.144174602214718e-07,3.4268490542555014e-06,0.0007007652612809208,4.044814978420809e-05,0.0004883566612863065,3.6478537675800286e-06,2.2827997192887966e-06,2.332074525844782e-07,4.936988949458183e-07,3.4268490542555014e-06,6.144174602214718e-07,1.5720345248929426e-05,4.044814978420809e-05,3.6478537675800286e-06
19,1,daughter,Sikh,False,0.0005637679492065985,0.0007525626282895303,1.177445922838707e-05,4.683888424952456e-06,2.2693385749600554e-05,1.4653129390717958e-05,0.00470489286106564,4.400118457925303e-06,0.0002556957937118527,0.0001064962672055945,5.649793328376294e-06,0.12850654189500602,0.0035113396521894583,0.0007525626282895303,4.683888424952456e-06,1.4653129390717958e-05,0.0002556957937118527,4.400118457925303e-06,0.00470489286106564,5.649793328376294e-06,0.0035113396521894583
19,2,daughter,Sikh,False,4.373344035182828e-05,9.170196905195049e-06,7.967300986103147e-06,2.0785170435063726e-06,5.649793328376294e-06,2.4300240743279605e-06,0.0005224206102483637,2.3923509443082866e-06,0.00023942516893991257,0.019564213543644616,0.00035936025814200905,0.0013085825177989695,1.2339457598623173e-05,9.170196905195049e-06,2.0785170435063726e-06,2.4300240743279605e-06,0.00023942516893991257,2.3923509443082866e-06,0.0005224206102483637,0.00035936025814200905,1.2339457598623173e-05
20,0,son,Sikh,False,3.1015598671268335e-05,4.264746818557914e-06,4.53978687024344e-06,9.818326983657703e-07,3.822911232549001e-06,2.01456908529364e-06,0.0004964288868690976,1.6187581436151335e-06,0.00021809334032878513,0.002749761539826477,0.00013250224172131609,0.0005775117631028116,5.144221374220898e-06,4.264746818557914e-06,9.818326983657703e-07,2.01456908529364e-06,0.00021809334032878513,1.6187581436151335e-06,0.0004964288868690976,0.00013250224172131609,5.144221374220898e-06
20,1,son,Sikh,False,2.3413582477639402e-05,4.069457790466838e-06,2.4682904407607285e-06,3.726639284186561e-07,2.3187477504664324e-06,6.540437226933637e-07,0.0004717428775960644,7.527989669055592e-07,0.0002139768867903779,9.697519677825862e-05,3.2699273422345685e-06,0.0006001064513491806,6.814872211615988e-06,4.069457790466838e-06,3.726639284186561e-07,6.540437226933637e-07,0.0002139768867903779,7.527989669055592e-07,0.0004717428775960644,3.2699273422345685e-06,6.814872211615988e-06
20,2,son,Sikh,False,0.0001048469267161009,1.442598644847886e-05,6.814872211615988e-06,1.8342893327886845e-06,6.40200641038395e-06,2.6688529572628562e-06,0.000497388037097586,1.0783312222985275e-06,0.00021770169376519476,0.05255296771760956,0.00014779429802159512,0.016043592550923445,2.1654404989510328e-05,1.442598644847886e-05,1.8342893327886845e-06,2.6688529572628562e-06,0.00021770169376519476,1.0783312222985275e-06,0.000497388037097586,0.00014779429802159512,2.1654404989510328e-05
21,0,child,Sikh,False,5.0333557545281144e-05,1.2339457598623173e-05,6.014151777699533e-06,2.6688529572628562e-06,4.832563818725537e-06,2.796930302582677e-06,0.0004986082166552452,1.2219076020491008e-06,0.00022841290836588554,0.010495150670035765,0.0001597845494017344,0.010178785450642876,1.2731104162213555e-05,1.2339457598623173e-05,2.6688529572628562e-06,2.796930302582677e-06,0.00022841290836588554,1.2219076020491008e-06,0.0004986082166552452,0.0001597845494017344,1.2731104162213555e-05
21,1,child,Sikh,False,3.0061635882429376e-05,6.40200641038395e-06,2.5071593847983196e-06,6.962256250138369e-07,2.4300240743279605e-06,1.1478768127080353e-06,0.0004583552024398536,7.183260399857925e-07,0.00021217710837818755,0.0028019515705435595,8.969393236719384e-05,0.010227841972407455,1.7400543552708932e-05,6.40200641038395e-06,6.962256250138369e-07,1.1478768127080353e-06,0.00021217710837818755,7.183260399857925e-07,0.0004583552024398536,8.969393236719384e-05,1.7400543552708932e-05
21,2,child,Sikh,False,5.792916699214217e-05,5.225226840386988e-06,3.7636447180974406e-06,8.664653147910923e-07,2.4300240743279605e-06,9.818326983657703e-07,0.0004683704714579369,1.0953122821495382e-06,0.00021751041144712992,0.0009118021484241878,5.614787461400803e-05,0.0005873034565397543,4.1335397768930325e-06,5.225226840386988e-06,8.664653147910923e-07,9.818326983657703e-07,0.00021751041144712992,1.0953122821495382e-06,0.0004683704714579369,5.614787461400803e-05,4.1335397768930325e-06
22,0,daughter,Sikh,False,5.0333557545281144e-05,3.535625074174432e-06,3.024195853395102e-06,2.332074525844782e-07,2.5071593847983196e-06,7.646537350121258e-07,0.0004874143574172347,1.5446309562386385e-06,0.0002219660831203052,6.986756664856784e-05,1.5843621910252592e-05,0.0004973009416623807,2.931153855960119e-06,3.535625074174432e-06,2.332074525844782e-07,7.646537350121258e-07,0.0002219660831203052,1.5446309562386385e-06,0.0004874143574172347,1.5843621910252592e-05,2.931153855960119e-06
22,1,daughter,Sikh,False,3.353501304664781e-05,1.2731104162213555e-05,3.8831109868779005e-06,1.8058518261159955e-06,7.484622751061123e-06,4.006369222920725e-06,0.0005800003174768378,2.586743108135441e-06,0.00022735757340977805,0.0027714383583302433,6.878511550552459e-05,0.016119198042063094,1.1959857805023158e-05,1.2731104162213555e-05,1.8058518261159955e-06,4.006369222920725e-06,0.00022735757340977805,2.586743108135441e-06,0.0005800003174768378,6.878511550552459e-05,1.1959857805023158e-05
22,2,daughter,Sikh,False,6.771942330385674e-05,8.750299760661308e-06,4.98595821272702e-06,1.3846004563753396e-06,5.391084403253366e-06,2.2827997192887966e-06,0.0005644795884932616,2.931153855960119e-06,0.0002323101517224571,0.002749761539826477,1.7400543552708932e-05,0.010120172874311722,1.1235328063870752e-05,8.750299760661308e-06,1.3846004563753396e-06,2.2827997192887966e-06,0.0002323101517224571,2.931153855960119e-06,0.0005644795884932616,1.7400543552708932e-05,1.1235328063870752e-05
23,0,son,Sikh,False,5.562206273647035e-06,1.4738981974494932e-06,8.664653147910923e-07,1.4144759985825914e-07,4.069457790466838e-06,8.664653147910923e-07,0.00045400644529427304,4.936988949458183e-07,2.840974294610978e-06,0.00010162440410680168,2.5315637215092633e-05,0.0004992412660775476,4.98595821272702e-06,1.4738981974494932e-06,1.4144759985825914e-07,8.664653147910923e-07,2.840974294610978e-06,4.936988949458183e-07,0.00045400644529427304,2.5315637215092633e-05,4.98595821272702e-06
23,1,son,Sikh,False,4.583129006350382e-05,9.314593042575101e-06,6.014151777699533e-06,1.7502925788778209e-06,4.832563818725537e-06,3.120191139396651e-06,0.0005084167548990412,2.1782649863110498e-06,0.00023273440348495238,0.01964328298202807,0.00028449096649795007,0.01013775836411532,1.3552078562406772e-05,9.314593042575101e-06,1.7502925788778209e-06,3.120191139396651e-06,0.00023273440348495238,2.1782649863110498e-06,0.0005084167548990412,0.00028449096649795007,1.3552078562406772e-05
23,2,son,Sikh,False,4.802972318863164e-05,9.028039015031105e-06,4.264746818557914e-06,1.1125607488784412e-06,7.484622751061123e-06,3.120191139396651e-06,0.00047640861561708075,7.411279871974134e-07,0.00021497247771651897,0.052401484312379266,0.0004573864277626819,0.0013138000668073558,2.0988308820313112e-05,9.028039015031105e-06,1.1125607488784412e-06,3.120191139396651e-06,0.00021497247771651897,7.411279871974134e-07,0.00047640861561708075,0.0004573864277626819,2.0988308820313112e-05
24,0,child,Sikh,False,1.7130819343483194e-05,5.144221374220898e-06,2.0785170435063726e-06,4.936988949458183e-07,2.88571183887091e-06,1.0451548051737735e-06,0.0004806049333455612,1.0783312222985275e-06,0.00021228441957103978,0.0008383797509002126,4.8785712278226595e-05,0.001171840522652869,9.028039015031105e-06,5.144221374220898e-06,4.936988949458183e-07,1.0451548051737735e-06,0.00021228441957103978,1.0783312222985275e-06,0.0004806049333455612,4.8785712278226595e-05,9.028039015031105e-06
24,1,child,Sikh,False,4.173157606777201e-05,1.3135179706526775e-05,3.6478537675800286e-06,1.6187581436151335e-06,6.814872211615988e-06,2.2474089854291757e-06,0.0005373067518974306,1.4971083692627422e-06,0.00022477355484446784,0.0027941453403890646,9.547317110805593e-05,0.016080376265353025,2.571419797957771e-05,1.3135179706526775e-05,1.6187581436151335e-06,2.2474089854291757e-06,0.00022477355484446784,1.4971083692627422e-06,0.0005373067518974306,9.547317110805593e-05,2.571419797957771e-05
24,2,child,Sikh,False,2.453694805426225e-05,3.822911232549001e-06,2.931153855960119e-06,5.594337713435001e-07,2.3187477504664324e-06,6.748051590048605e-07,0.0004662581786137561,5.255395707074638e-07,0.00021497247771651897,4.238847419937498e-05,6.40200641038395e-06,0.0005508471799444582,4.1335397768930325e-06,3.822911232549001e-06,5.594337713435001e-07,6.748051590048605e-07,0.00021497247771651897,5.255395707074638e-07,0.0004662581786137561,6.40200641038395e-06,4.1335397768930325e-06
25,0,daughter,Christian,True,0.0006259907508777644,0.0007933899504537809,2.0662982488383408e-05,9.028039015031105e-06,0.0015019464607710876,3.1999824407395835e-05,0.004715907234723258,0.00021531444940491194,0.0002720324670909305,0.0001064962672055945,7.722191834067996e-06,0.35113309256745107,0.009081992198730578,0.0007933899504537809,9.028039015031105e-06,3.1999824407395835e-05,0.0002720324670909305,0.00021531444940491194,0.004715907234723258,7.722191834067996e-06,0.009081992198730578
25,1,daughter,Christian,False,2.199533724320648e-05,4.908661889889002e-06,2.710880136557205e-06,7.889262586245034e-07,2.710880136557205e-06,1.4285517650093407e-06,0.00047938840401504903,6.439037799292652e-07,0.00021625192716922701,0.0008876146323004368,1.5598027633743823e-05,0.0012650969304107685,1.535623976496012e-05,4.908661889889002e-06,7.889262586245034e-07,1.4285517650093407e-06,0.00021625192716922701,6.439037799292652e-07,0.00047938840401504903,1.5598027633743823e-05,1.535623976496012e-05
25,2,daughter,Christian,False,2.6119031909571944e-05,2.5071593847983196e-06,3.2192334497037803e-06,5.422218970016178e-07,2.1444948420913954e-06,1.1843139025979655e-06,0.00047561737708130716,1.2219076020491008e-06,0.00021659756423044233,0.002851410837716049,2.95957113513077e-05,0.0005300709180442588,4.400118457925303e-06,2.5071593847983196e-06,5.422218970016178e-07,1.1843139025979655e-06,0.00021659756423044233,1.2219076020491008e-06,0.00047561737708130716,2.95957113513077e-05,4.400118457925303e-06
26,0,son,Christian,False,8.092757566536092e-06,1.3846004563753396e-06,1.2219076020491008e-06,1.816222403812674e-07,2.5071593847983196e-06,4.936988949458183e-07,1.535623976496012e-05,4.356879983467376e-07,3.2699273422345685e-06,0.0007226435938923609,4.8785712278226595e-05,0.00048598979794611563,3.535625074174432e-06,1.3846004563753396e-06,1.816222403812674e-07,4.936988949458183e-07,3.2699273422345685e-06,4.356879983467376e-07,1.535623976496012e-05,4.8785712278226595e-05,3.535625074174432e-06
26,1,son,Christian,False,5.792916699214217e-05,2.4156629828672456e-05,8.750299760661308e-06,3.2699273422345685e-06,1.2533751425646102e-05,7.967300986103147e-06,0.0005415653890141192,3.024195853395102e-06,0.00024909567651839985,9.547317110805593e-05,1.6603846953733614e-05,0.0832846055782722,0.0024019947894768686,2.4156629828672456e-05,3.2699273422345685e-06,7.967300986103147e-06,0.00024909567651839985,3.024195853395102e-06,0.0005415653890141192,1.6603846953733614e-05,0.0024019947894768686
26,2,son,Christian,True,0.00586877838391974,0.0011228782228942496,6.361912109467577e-05,4.442183589214344e-05,0.0038032724953384507,6.878511550552459e-05,0.0005980973566615599,0.00021647942276017084,0.0002504832985443908,0.0008045684283044233,3.8596609058077356e-05,0.511214721705995,0.0016045543322906755,0.0011228782228942496,4.442183589214344e-05,6.878511550552459e-05,0.0002504832985443908,0.00021647942276017084,0.0005980973566615599,3.8596609058077356e-05,0.0016045543322906755
27,0,child,Christian,False,0.0005617480965584138,4.373344035182828e-05,1.535623976496012e-05,5.144221374220898e-06,2.0662982488383408e-05,8.750299760661308e-06,0.004671678572156593,4.908661889889002e-06,0.0002651291732768581,7.096703991005882e-05,5.307507822667365e-06,0.1288670334744738,0.0034597025011136057,4.373344035182828e-05,5.144221374220898e-06,8.750299760661308e-06,0.0002651291732768581,4.908661889889002e-06,0.004671678572156593,5.307507822667365e-06,0.0034597025011136057
27,1,child,Christian,False,6.166297347617125e-05,3.6478537675800286e-06,6.10885510164857e-06,3.3931448129766124e-07,1.9223170236538178e-06,6.962256250138369e-07,0.000490331794854473,1.5936620247162786e-06,0.00021956460018956949,7.793660930208434e-05,6.10885510164857e-06,0.0004973009416623807,2.355261854303796e-06,3.6478537675800286e-06,3.3931448129766124e-07,6.962256250138369e-07,0.00021956460018956949,1.5936620247162786e-06,0.000490331794854473,6.10885510164857e-06,2.355261854303796e-06
27,2,child,Christian,False,3.3015272509780104e-05,5.562206273647035e-06,4.1335397768930325e-06,8.013499398837462e-07,2.7535691114583474e-06,1.1300808333434096e-06,0.00047217013049174436,8.939696304799168e-07,0.00021308442800063956,0.00012448433020883747,8.939696304799168e-07,0.01029924944129405,2.234163601827719e-05,5.562206273647035e-06,8.013499398837462e-07,1.1300808333434096e-06,0.00021308442800063956,8.939696304799168e-07,0.00047217013049174436,8.939696304799168e-07,2.234163601827719e-05
28,0,daughter,Christian,False,3.0534893211185946e-05,3.4808121961114687e-06,2.6688529572628562e-06,2.9023119852110973e-07,2.212566909570261e-06,5.255395707074638e-07,0.0004909779660391795,8.939696304799168e-07,0.00021642339588120966,8.295891883591029e-05,3.6478537675800286e-06,0.0005553536215526795,5.307507822667365e-06,3.4808121961114687e-06,2.9023119852110973e-07,5.255395707074638e-07,0.00021642339588120966,8.939696304799168e-07,0.0004909779660391795,3.6478537675800286e-06,5.307507822667365e-06
28,1,daughter,Christian,False,3.353501304664781e-05,3.321419494792514e-06,2.6688529572628562e-06,2.994440981371515e-07,2.2827997192887966e-06,6.339210403977636e-07,0.0004656631292580584,8.530321297909616e-07,0.00021384334033892964,6.563728324346652e-05,1.8925148246037342e-06,0.0005245722151820294,5.307507822667365e-06,3.321419494792514e-06,2.994440981371515e-07,6.339210403977636e-07,0.00021384334033892964,8.530321297909616e-07,0.0004656631292580584,1.8925148246037342e-06,5.307507822667365e-06
28,2,daughter,Christian,False,4.305570813246149e-05,2.840974294610978e-06,2.4300240743279605e-06,2.8130174840733105e-07,1.4971083692627422e-06,4.0929110499856e-07,0.0004612986854919548,7.071895057311757e-07,0.00021559222163915307,0.0006949397826019072,5.475976980449466e-06,0.00048786839054944096,2.6688529572628562e-06,2.840974294610978e-06,2.8130174840733105e-07,4.0929110499856e-07,0.00021559222163915307,7.071895057311757e-07,0.0004612986854919548,5.475976980449466e-06,2.6688529572628562e-06
29,0,son,Christian,False,5.792916699214217e-05,1.4653129390717958e-05,1.0391067562761452e-05,2.710880136557205e-06,8.888084683809127e-06,3.2699273422345685e-06,0.0005473032375160875,1.8058518261159955e-06,0.00022989918422083383,0.000138852327569001,7.602479448313689e-06,0.022811203060018218,5.0333557545281144e-05,1.4653129390717958e-05,2.710880136557205e-06,3.2699273422345685e-06,0.00022989918422083383,1.8058518261159955e-06,0.0005473032375160875,7.602479448313689e-06,5.0333557545281144e-05
29,1,son,Christian,False,0.0005637679492065985,0.0007534463243833559,1.2533751425646102e-05,4.331903899346328e-06,1.971694219622292e-05,1.2533751425646102e-05,0.0046995754171448596,4.400118457925303e-06,0.000249784072058715,6.46203290719727e-05,5.307507822667365e-06,0.18597062436972636,0.005460191584432258,0.0007534463243833559,4.331903899346328e-06,1.2533751425646102e-05,0.000249784072058715,4.400118457925303e-06,0.0046995754171448596,5.307507822667365e-06,0.005460191584432258
29,2,son,Christian,False,5.9766937110286536e-05,6.502816785764437e-06,4.400118457925303e-06,4.495181578513688e-07,2.7535691114583474e-06,1.1125607488784412e-06,0.0004942100088074309,2.1444948420913954e-06,0.0002233150331012493,6.361912109467577e-05,4.61127481426412e-06,0.0005465467242453664,3.2192334497037803e-06,6.502816785764437e-06,4.495181578513688e-07,1.1125607488784412e-06,0.0002233150331012493,2.1444948420913954e-06,0.0004942100088074309,4.61127481426412e-06,3.2192334497037803e-06
30,0,child,Christian,False,1.971694219622292e-05,2.710880136557205e-06,2.2827997192887966e-06,3.1875652166284776e-07,2.4300240743279605e-06,6.339210403977636e-07,0.00048446043160835277,9.080474758713811e-07,0.0002154336363883092,0.0007433895060961777,2.7803096387751555e-05,0.0005245722151820294,3.6478537675800286e-06,2.710880136557205e-06,3.1875652166284776e-07,6.339210403977636e-07,0.0002154336363883092,9.080474758713811e-07,0.00048446043160835277,2.7803096387751555e-05,3.6478537675800286e-06
30,1,child,Christian,False,3.459916031782155e-05,8.888084683809127e-06,3.169325442919291e-06,9.972941593827283e-07,4.908661889889002e-06,1.4738981974494932e-06,0.00047938840401504903,1.0616134237448653e-06,0.00021497247771651897,0.0007955642203309994,5.193048644949271e-05,0.010254436976187381,2.6119031909571944e-05,8.888084683809127e-06,9.972941593827283e-07,1.4738981974494932e-06,0.00021497247771651897,1.0616134237448653e-06,0.00047938840401504903,5.193048644949271e-05,2.6119031909571944e-05
30,2,child,Christian,True,0.0005981655787301457,0.0008029110208811168,1.3765463368900109e-05,7.967300986103147e-06,3.1015598671268335e-05,2.6119031909571944e-05,0.000574336198536743,4.832563818725537e-06,0.0002484179442990331,0.00014325365947100792,3.0534893211185946e-05,0.35458398615564074,0.006131033203196622,0.0008029110208811168,7.967300986103147e-06,2.6119031909571944e-05,0.0002484179442990331,4.832563818725537e-06,0.000574336198536743,3.0534893211185946e-05,0.006131033203196622
31,0,daughter,Buddhist,False,0.0006482122129075596,3.799845147518645e-05,1.488384825728813e-05,2.88571183887091e-06,1.3982207564732913e-05,7.843789122138342e-06,0.004699465950968052,0.00021239327621036451,0.0002504832985443908,0.0007067749478525128,7.368592981140821e-06,0.1166130596723757,0.002435743092572027,3.799845147518645e-05,2.88571183887091e-06,7.843789122138342e-06,0.0002504832985443908,0.00021239327621036451,0.004699465950968052,7.368592981140821e-06,0.002435743092572027
31,1,daughter,Buddhist,False,3.1015598671268335e-05,3.0718185454758057e-06,1.7778551863194697e-06,2.9023119852110973e-07,4.1335397768930325e-06,6.339210403977636e-07,0.0005486198375894212,1.1843139025979655e-06,0.00022120585807682417,6.563728324346652e-05,1.3342001090985438e-05,0.001171840522652869,1.0229985472581487e-05,3.0718185454758057e-06,2.9023119852110973e-07,6.339210403977636e-07,0.00022120585807682417,1.1843139025979655e-06,0.0005486198375894212,1.3342001090985438e-05,1.0229985472581487e-05
31,2,daughter,Buddhist,False,2.0027376671813928e-05,2.6688529572628562e-06,1.670142184809518e-06,3.84493505874534e-07,3.024195853395102e-06,8.139692624947503e-07,0.0004717428775960644,8.267873072601938e-07,0.0002137118639848327,0.00012644219446392274,2.453694805426225e-05,0.0005616997185942735,6.205049602300744e-06,2.6688529572628562e-06,3.84493505874534e-07,8.139692624947503e-07,0.0002137118639848327,8.267873072601938e-07,0.0004717428775960644,2.453694805426225e-05,6.205049602300744e-06
32,0,son,Buddhist,False,1.0554685795431098e-05,2.01456908529364e-06,1.8925148246037342e-06,2.8130174840733105e-07,3.169325442919291e-06,7.646537350121258e-07,1.2148175280558357e-05,4.0929110499856e-07,3.2192334497037803e-06,0.0006949397826019072,3.3015272509780104e-05,0.0004898680643879527,3.321419494792514e-06,2.01456908529364e-06,2.8130174840733105e-07,7.646537350121258e-07,3.2192334497037803e-06,4.0929110499856e-07,1.2148175280558357e-05,3.3015272509780104e-05,3.321419494792514e-06
32,1,son,Buddhist,False,2.6119031909571944e-05,4.331903899346328e-06,2.931153855960119e-06,6.540437226933637e-07,3.822911232549001e-06,8.398072034951531e-07,0.0004952508080780285,1.0953122821495382e-06,0.00021713669539495865,9.850082967450695e-05,1.609308249869283e-05,0.0005538279886564313,5.475976980449466e-06,4.331903899346328e-06,6.540437226933637e-07,8.398072034951531e-07,0.00021713669539495865,1.0953122821495382e-06,0.0004952508080780285,1.609308249869283e-05,5.475976980449466e-06
32,2,son,Buddhist,True,0.000635218674589875,0.0008248455656889193,1.971694219622292e-05,1.1061159714638084e-05,4.373344035182828e-05,3.1015598671268335e-05,0.004694380604386191,0.00021286690840069392,0.00026239380687440516,0.00016229670614688406,2.2693385749600554e-05,0.3533781390683109,0.008930102187786186,0.0008248455656889193,1.1061159714638084e-05,3.1015598671268335e-05,0.00026239380687440516,0.00021286690840069392,0.004694380604386191,2.2693385749600554e-05,0.008930102187786186
33,0,child,Buddhist,False,2.5315637215092633e-05,4.1335397768930325e-06,2.01456908529364e-06,3.726639284186561e-07,2.88571183887091e-06,6.339210403977636e-07,0.000467358979648701,7.889262586245034e-07,0.00021273082914771238,0.00016229670614688406,2.913700606794303e-05,0.0005411170227538132,4.264746818557914e-06,4.1335397768930325e-06,3.726639284186561e-07,6.339210403977636e-07,0.00021273082914771238,7.889262586245034e-07,0.000467358979648701,2.913700606794303e-05,4.264746818557914e-06
33,1,child,Buddhist,False,2.3782205064034188e-05,7.484622751061123e-06,2.97731143841062e-06,9.666109404131067e-07,4.61127481426412e-06,1.7778551863194697e-06,0.0005016356132551542,1.0953122821495382e-06,0.00021934444373130447,0.00014779429802159512,2.4923252458203565e-05,0.010290815777601946,2.0342697805520655e-05,7.484622751061123e-06,9.666109404131067e-07,1.7778551863194697e-06,0.00021934444373130447,1.0953122821495382e-06,0.0005016356132551542,2.4923252458203565e-05,2.0342697805520655e-05
33,2,child,Buddhist,False,4.173157606777201e-05,4.331903899346328e-06,2.2827997192887966e-06,4.222833444659923e-07,1.8058518261159955e-06,5.955139348629957e-07,0.000476568724731206,1.4064044342149064e-06,0.00021591692196200267,0.000754511454683582,2.6947915555885546e-05,0.0005553536215526795,4.53978687024344e-06,4.331903899346328e-06,4.222833444659923e-07,5.955139348629957e-07,0.00021591692196200267,1.4064044342149064e-06,0.000476568724731206,2.6947915555885546e-05,4.53978687024344e-06
34,0,daughter,Buddhist,False,2.868540823874629e-05,4.683888424952456e-06,4.832563818725537e-06,8.139692624947503e-07,3.5913010679499402e-06,2.01456908529364e-06,0.0004976301725815779,1.9223170236538178e-06,0.000226025218654955,0.002934750458319067,0.00016484829418512883,0.0005385266023448675,4.683888424952456e-06,4.683888424952456e-06,8.139692624947503e-07,2.01456908529364e-06,0.000226025218654955,1.9223170236538178e-06,0.0004976301725815779,0.00016484829418512883,4.683888424952456e-06
34,1,daughter,Buddhist,False,3.799845147518645e-05,4.264746818557914e-06,3.705296977158347e-06,8.530321297909616e-07,3.6478537675800286e-06,1.1478768127080353e-06,0.0004772969995546082,1.1125607488784412e-06,0.0002167744747109176,0.00017274586267297022,6.10885510164857e-06,0.0006191494980250567,8.220189478350845e-06,4.264746818557914e-06,8.530321297909616e-07,1.1478768127080353e-06,0.0002167744747109176,1.1125607488784412e-06,0.0004772969995546082,6.10885510164857e-06,8.220189478350845e-06
34,2,daughter,Buddhist,False,2.8240807799315707e-05,7.0311842669149565e-06,2.01456908529364e-06,7.889262586245034e-07,3.024195853395102e-06,1.3007128466476034e-06,0.0004978732545768464,1.0289513485400628e-06,0.00021849741587309833,0.0007129746438779075,3.9204178923762816e-05,0.0013111811701143894,1.3135179706526775e-05,7.0311842669149565e-06,7.889262586245034e-07,1.3007128466476034e-06,0.00021849741587309833,1.0289513485400628e-06,0.0004978732545768464,3.9204178923762816e-05,1.3135179706526775e-05
35,0,son,Buddhist,False,2.4923252458203565e-05,2.931153855960119e-06,2.1444948420913954e-06,3.726639284186561e-07,2.627477314480822e-06,6.962256250138369e-07,0.0004591733799654918,6.85431721163334e-07,4.400118457925303e-06,0.0007362579817833515,3.8596609058077356e-05,0.0005278198317882314,4.400118457925303e-06,2.931153855960119e-06,3.726639284186561e-07,6.962256250138369e-07,4.400118457925303e-06,6.85431721163334e-07,0.0004591733799654918,3.8596609058077356e-05,4.400118457925303e-06
35,1,son,Buddhist,False,2.571419797957771e-05,1.0071400221737608e-05,4.400118457925303e-06,1.3420013504783412e-06,4.683888424952456e-06,2.1444948420913954e-06,0.0004807814521955314,1.1300808333434096e-06,0.0002207184759315317,4.583129006350382e-05,8.888084683809127e-06,0.010235294156004583,1.3982207564732913e-05,1.0071400221737608e-05,1.3420013504783412e-06,2.1444948420913954e-06,0.0002207184759315317,1.1300808333434096e-06,0.0004807814521955314,8.888084683809127e-06,1.3982207564732913e-05
35,2,son,Buddhist,False,0.0005981655787301457,2.0342697805520655e-05,6.014151777699533e-06,1.9525885208642222e-06,7.602479448313689e-06,2.0462932829931794e-06,0.0005365151605153171,2.2827997192887966e-06,0.00023404764440531787,0.0007470393220393539,2.913700606794303e-05,0.022959017807944133,2.3782205064034188e-05,2.0342697805520655e-05,1.9525885208642222e-06,2.0462932829931794e-06,0.00023404764440531787,2.2827997192887966e-06,0.0005365151605153171,2.913700606794303e-05,2.3782205064034188e-05
36,0,child,Buddhist,False,1.2339457598623173e-05,2.5466403947055455e-06,1.4738981974494932e-06,2.4824800371656586e-07,2.5466403947055455e-06,6.962256250138369e-07,0.0004806049333455612,1.1125607488784412e-06,0.00021228441957103978,0.00017274586267297022,6.771942330385674e-05,0.0005112741181214284,5.649793328376294e-06,2.5466403947055455e-06,2.4824800371656586e-07,6.962256250138369e-07,0.00021228441957103978,1.1125607488784412e-06,0.0004806049333455612,6.771942330385674e-05,5.649793328376294e-06
36,1,child,Buddhist,False,7.208380258812108e-05,4.305570813246149e-05,9.461262661302227e-06,4.264746818557914e-06,1.6346470245419304e-05,1.5598027633743823e-05,0.0005759706464221005,3.2192334497037803e-06,0.00024219202876817753,0.0007098506750714406,3.150386940813393e-05,0.11637149942519653,0.0024116611132049036,4.305570813246149e-05,4.264746818557914e-06,1.5598027633743823e-05,0.00024219202876817753,3.2192334497037803e-06,0.0005759706464221005,3.150386940813393e-05,0.0024116611132049036
36,2,child,Buddhist,False,7.208380258812108e-05,3.625900662832244e-05,7.722191834067996e-06,3.169325442919291e-06,1.3982207564732913e-05,9.610241549947397e-06,0.0006099220118627366,4.198630823683514e-06,0.00024709381223434357,0.00012843081201339694,2.2693385749600554e-05,0.12383568836064003,0.0024043552029257443,3.625900662832244e-05,3.169325442919291e-06,9.610241549947397e-06,0.00024709381223434357,4.198630823683514e-06,0.0006099220118627366,2.2693385749600554e-05,0.0024043552029257443
37,0,daughter,Jain,False,4.7285443452031076e-05,1.1235328063870752e-05,4.469407144215697e-06,1.7231572752142392e-06,5.064471653194114e-06,1.9223170236538178e-06,0.0005423965071506443,1.8058518261159955e-06,0.00022447266775434924,0.002934750458319067,7.793660930208434e-05,0.01617841479475612,2.234163601827719e-05,1.1235328063870752e-05,1.7231572752142392e-06,1.9223170236538178e-06,0.00022447266775434924,1.8058518261159955e-06,0.0005423965071506443,7.793660930208434e-05,2.234163601827719e-05
37,1,daughter,Jain,False,9.399438806628559e-05,2.0662982488383408e-05,4.53978687024344e-06,1.8058518261159955e-06,5.920916517463734e-06,3.169325442919291e-06,0.00048621199923766566,1.4738981974494932e-06,0.00021770169376519476,0.019448147263788598,0.00019570169401946335,0.010250548954466275,1.0889691002655445e-05,2.0662982488383408e-05,1.8058518261159955e-06,3.169325442919291e-06,0.00021770169376519476,1.4738981974494932e-06,0.00048621199923766566,0.00019570169401946335,1.0889691002655445e-05
37,2,daughter,Jain,False,0.00010162440410680168,3.353501304664781e-05,1.141223854434603e-05,3.4808121961114687e-06,1.4202364022997911e-05,4.832563818725537e-06,0.0005788772942216231,3.120191139396651e-06,0.00023273440348495238,0.010320066741060945,4.8785712278226595e-05,0.031987071396040206,4.173157606777201e-05,3.353501304664781e-05,3.4808121961114687e-06,4.832563818725537e-06,0.00023273440348495238,3.120191139396651e-06,0.0005788772942216231,4.8785712278226595e-05,4.173157606777201e-05
38,0,son,Jain,False,0.0005521078339566511,2.453694805426225e-05,5.064471653194114e-06,1.8342893327886845e-06,9.610241549947397e-06,2.355261854303796e-06,0.0005214086368405433,2.4682904407607285e-06,0.000223597696961234,0.0008000313556104121,3.9204178923762816e-05,0.016197086262433477,3.1015598671268335e-05,2.453694805426225e-05,1.8342893327886845e-06,2.355261854303796e-06,0.000223597696961234,2.4682904407607285e-06,0.0005214086368405433,3.9204178923762816e-05,3.1015598671268335e-05
38,1,son,Jain,False,9.253848866495987e-05,4.173157606777201e-05,1.15919343186331e-05,5.920916517463734e-06,2.1654404989510328e-05,1.5598027633743823e-05,0.0005980973566615599,5.144221374220898e-06,0.00025978356240982734,0.00017274586267297022,1.3552078562406772e-05,0.18322006318729978,0.003480054696633138,4.173157606777201e-05,5.920916517463734e-06,1.5598027633743823e-05,0.00025978356240982734,5.144221374220898e-06,0.0005980973566615599,1.3552078562406772e-05,0.003480054696633138
38,2,son,Jain,False,6.771942330385674e-05,8.481104172358076e-06,4.264746818557914e-06,6.962256250138369e-07,3.4268490542555014e-06,1.2219076020491008e-06,0.0004920718696218808,1.2029639084557005e-06,0.0002263505449868847,5.112579049909173e-05,6.814872211615988e-06,0.0012958875223580482,7.484622751061123e-06,8.481104172358076e-06,6.962256250138369e-07,1.2219076020491008e-06,0.0002263505449868847,1.2029639084557005e-06,0.0004920718696218808,6.814872211615988e-06,7.484622751061123e-06
39,0,child,Jain,False,0.00010162440410680168,1.2533751425646102e-05,9.314593042575101e-06,2.2474089854291757e-06,6.814872211615988e-06,3.169325442919291e-06,0.0004986082166552452,1.3420013504783412e-06,0.0002148234988278738,0.00017007224114352882,3.6478537675800286e-06,0.0216605028205612,2.453694805426225e-05,1.2533751425646102e-05,2.2474089854291757e-06,3.169325442919291e-06,0.0002148234988278738,1.3420013504783412e-06,0.0004986082166552452,3.6478537675800286e-06,2.453694805426225e-05
39,1,child,Jain,False,5.527786369235996e-05,1.3342001090985438e-05,8.349627818261147e-06,2.1444948420913954e-06,5.144221374220898e-06,3.321419494792514e-06,0.0005074271234675118,2.0785170435063726e-06,0.0002363778348378399,0.03798081373730637,0.0007636216494667212,0.0159621083699598,1.2339457598623173e-05,1.3342001090985438e-05,2.1444948420913954e-06,3.321419494792514e-06,0.0002363778348378399,2.0785170435063726e-06,0.0005074271234675118,0.0007636216494667212,1.2339457598623173e-05
39,2,child,Jain,False,0.000546674185053768,2.913700606794303e-05,7.722191834067996e-06,3.373722476473661e-06,9.028039015031105e-06,3.535625074174432e-06,0.0005442903826314327,2.3923509443082866e-06,0.00023273440348495238,0.0007868354905725904,4.655269187520153e-05,0.02354852721413498,4.044814978420809e-05,2.913700606794303e-05,3.373722476473661e-06,3.535625074174432e-06,0.00023273440348495238,2.3923509443082866e-06,0.0005442903826314327,4.655269187520153e-05,4.044814978420809e-05
40,0,daughter,Jain,False,4.044814978420809e-05,6.814872211615988e-06,4.61127481426412e-06,1.0783312222985275e-06,4.832563818725537e-06,2.0462932829931794e-06,0.0004942100088074309,1.0616134237448653e-06,0.0002219660831203052,0.002851410837716049,1.6865275398914433e-05,0.010117320684545133,1.3135179706526775e-05,6.814872211615988e-06,1.0783312222985275e-06,2.0462932829931794e-06,0.0002219660831203052,1.0616134237448653e-06,0.0004942100088074309,1.6865275398914433e-05,1.3135179706526775e-05
40,1,daughter,Jain,False,4.8785712278226595e-05,2.95957113513077e-05,7.2543618230189156e-06,3.5913010679499402e-06,1.535623976496012e-05,1.2931563954607948e-05,0.0005844356074388146,3.169325442919291e-06,0.00023360304396588728,0.00012644219446392274,2.95957113513077e-05,0.12435506364019265,0.002432897666423434,2.95957113513077e-05,3.5913010679499402e-06,1.2931563954607948e-05,0.00023360304396588728,3.169325442919291e-06,0.0005844356074388146,2.95957113513077e-05,0.002432897666423434
40,2,daughter,Jain,True,0.0006143383871652817,0.0008228569481394451,1.5118199327273332e-05,7.843789122138342e-06,4.044814978420809e-05,2.234163601827719e-05,0.004739023770722177,0.00021306696643001507,0.00025729272261606426,0.00012843081201339694,2.305067219931397e-05,0.4231877148103046,0.016231564505064598,0.0008228569481394451,7.843789122138342e-06,2.234163601827719e-05,0.00025729272261606426,0.00021306696643001507,0.004739023770722177,2.305067219931397e-05,0.016231564505064598
41,0,son,Jain,False,1.2731104162213555e-05,3.0718185454758057e-06,1.8342893327886845e-06,3.288749065460498e-07,1.8631746484712008e-06,5.255395707074638e-07,1.3873412257921791e-05,4.6378732973537256e-07,2.7535691114583474e-06,9.399438806628559e-05,1.6603846953733614e-05,0.0005026840819416764,4.400118457925303e-06,3.0718185454758057e-06,3.288749065460498e-07,5.255395707074638e-07,2.7535691114583474e-06,4.6378732973537256e-07,1.3873412257921791e-05,1.6603846953733614e-05,4.400118457925303e-06
41,1,son,Jain,False,0.0001048469267161009,4.802972318863164e-05,1.15919343186331e-05,4.61127481426412e-06,1.535623976496012e-05,9.170196905195049e-06,0.004690563275234326,4.400118457925303e-06,0.00026239380687440516,0.00012644219446392274,1.8814207550495463e-05,0.12569847732895478,0.0024634469038624807,4.802972318863164e-05,4.61127481426412e-06,9.170196905195049e-06,0.00026239380687440516,4.400118457925303e-06,0.004690563275234326,1.8814207550495463e-05,0.0024634469038624807
41,2,son,Jain,False,0.0005414888098175762,4.8785712278226595e-05,1.5118199327273332e-05,5.475976980449466e-06,2.4923252458203565e-05,1.8814207550495463e-05,0.004846999951461201,0.0002126730047458992,0.0002679956519775136,7.208380258812108e-05,4.400118457925303e-06,0.18386407186449413,0.003455818465396098,4.8785712278226595e-05,5.475976980449466e-06,1.8814207550495463e-05,0.0002679956519775136,0.0002126730047458992,0.004846999951461201,4.400118457925303e-06,0.003455818465396098
42,0,child,Jain,False,0.0005398135517506113,0.0007534463243833559,9.170196905195049e-06,4.832563818725537e-06,2.1654404989510328e-05,1.3552078562406772e-05,0.004807758487981338,0.0002145314506303538,0.0002964673556066361,0.00013045066466158166,2.571419797957771e-05,0.12885810313203638,0.0024601736421077493,0.0007534463243833559,4.832563818725537e-06,1.3552078562406772e-05,0.0002964673556066361,0.0002145314506303538,0.004807758487981338,2.571419797957771e-05,0.0024601736421077493
42,1,child,Jain,False,8.61465062380632e-06,1.8342893327886845e-06,1.7231572752142392e-06,2.72647027069593e-07,5.307507822667365e-06,7.889262586245034e-07,0.00046554550685017136,5.255395707074638e-07,0.00021217710837818755,0.0001048469267161009,2.8240807799315707e-05,0.0005121306555705326,6.205049602300744e-06,1.8342893327886845e-06,2.72647027069593e-07,7.889262586245034e-07,0.00021217710837818755,5.255395707074638e-07,0.00046554550685017136,2.8240807799315707e-05,6.205049602300744e-06
42,2,child,Jain,False,4.305570813246149e-05,1.0229985472581487e-05,3.6478537675800286e-06,1.2606946239951315e-06,6.302758756443267e-06,1.9525885208642222e-06,0.000495484588901584,9.818326983657703e-07,0.0002182938001211795,0.0007007652612809208,3.682979260160596e-05,0.010178785450642876,1.5843621910252592e-05,1.0229985472581487e-05,1.2606946239951315e-06,1.9525885208642222e-06,0.0002182938001211795,9.818326983657703e-07,0.000495484588901584,3.682979260160596e-05,1.5843621910252592e-05
43,0,daughter,Parsi,False,9.028039015031105e-06,2.212566909570261e-06,2.355261854303796e-06,4.222833444659923e-07,1.8925148246037342e-06,6.339210403977636e-07,0.0004682423007537106,1.0616134237448653e-06,0.000211865052952336,0.002809879477103823,0.00011879054941163418,0.0004992412660775476,4.264746818557914e-06,2.212566909570261e-06,4.222833444659923e-07,6.339210403977636e-07,0.000211865052952336,1.0616134237448653e-06,0.0004682423007537106,0.00011879054941163418,4.264746818557914e-06
43,1,daughter,Parsi,False,6.922183404468203e-06,2.4300240743279605e-06,9.223470110117277e-07,2.123378462433771e-07,5.738759521437678e-06,8.398072034951531e-07,0.0004581772567173425,5.338155705389253e-07,4.400118457925303e-06,0.0008540336462424981,7.793660930208434e-05,0.0005235230228025316,5.829126566113866e-06,2.4300240743279605e-06,2.123378462433771e-07,8.398072034951531e-07,4.400118457925303e-06,5.338155705389253e-07,0.0004581772567173425,7.793660930208434e-05,5.829126566113866e-06
43,2,daughter,Parsi,False,1.7952796934677738e-05,2.586743108135441e-06,2.931153855960119e-06,5.955139348629957e-07,3.4808121961114687e-06,1.7778551863194697e-06,0.00048650995476091745,1.0289513485400628e-06,0.0002202460844238597,0.0030305010247946448,2.0027376671813928e-05,0.0005508471799444582,5.649793328376294e-06,2.586743108135441e-06,5.955139348629957e-07,1.7778551863194697e-06,0.0002202460844238597,1.0289513485400628e-06,0.00048650995476091745,2.0027376671813928e-05,5.649793328376294e-06
44,0,son,Parsi,False,2.199533724320648e-05,2.355261854303796e-06,3.2192334497037803e-06,5.255395707074638e-07,4.53978687024344e-06,2.0785170435063726e-06,0.00048690995148769364,1.2219076020491008e-06,0.00021713669539495865,0.0028344121635247347,8.040859356292355e-05,0.0005256379073836972,3.321419494792514e-06,2.355261854303796e-06,5.255395707074638e-07,2.0785170435063726e-06,0.00021713669539495865,1.2219076020491008e-06,0.00048690995148769364,8.040859356292355e-05,3.321419494792514e-06
44,1,son,Parsi,False,4.53978687024344e-06,1.3420013504783412e-06,7.889262586245034e-07,1.3287773439792038e-07,2.931153855960119e-06,8.398072034951531e-07,0.00045696979624789015,4.0929110499856e-07,3.0718185454758057e-06,5.112579049909173e-05,9.170196905195049e-06,0.0004903878049248205,7.722191834067996e-06,1.3420013504783412e-06,1.3287773439792038e-07,8.398072034951531e-07,3.0718185454758057e-06,4.0929110499856e-07,0.00045696979624789015,9.170196905195049e-06,7.722191834067996e-06
44,2,son,Parsi,False,2.95957113513077e-05,5.307507822667365e-06,2.7535691114583474e-06,6.240930669504435e-07,3.4268490542555014e-06,1.1478768127080353e-06,0.0004737802338585972,1.0289513485400628e-06,0.0002148234988278738,0.00010987310729246431,1.3982207564732913e-05,0.0011780402186782639,9.314593042575101e-06,5.307507822667365e-06,6.240930669504435e-07,1.1478768127080353e-06,0.0002148234988278738,1.0289513485400628e-06,0.0004737802338585972,1.3982207564732913e-05,9.314593042575101e-06
45,0,child,Parsi,False,0.0005597594790089396,4.655269187520153e-05,1.3135179706526775e-05,3.321419494792514e-06,1.4653129390717958e-05,8.750299760661308e-06,0.007447875612103879,0.0002150452538166087,0.0002581100774188864,0.0008091765268185392,5.0333557545281144e-05,0.08336914326092265,0.002421948804946698,4.655269187520153e-05,3.321419494792514e-06,8.750299760661308e-06,0.0002581100774188864,0.0002150452538166087,0.007447875612103879,5.0333557545281144e-05,0.002421948804946698
45,1,child,Parsi,False,1.2339457598623173e-05,1.7778551863194697e-06,1.3007128466476034e-06,2.72647027069593e-07,1.9223170236538178e-06,5.422218970016178e-07,0.00045598608581835884,5.594337713435001e-07,4.469407144215697e-06,6.986756664856784e-05,1.3982207564732913e-05,0.0004999085000106341,4.98595821272702e-06,1.7778551863194697e-06,2.72647027069593e-07,5.422218970016178e-07,4.469407144215697e-06,5.594337713435001e-07,0.00045598608581835884,1.3982207564732913e-05,4.98595821272702e-06
45,2,child,Parsi,False,8.481104172358076e-06,1.8925148246037342e-06,1.1125607488784412e-06,2.1907815825757866e-07,5.475976980449466e-06,1.1125607488784412e-06,1.5967865134838004e-05,3.500854414401442e-07,2.5466403947055455e-06,0.00014779429802159512,3.250358452365473e-05,0.0004985843679459446,5.307507822667365e-06,1.8925148246037342e-06,2.1907815825757866e-07,1.1125607488784412e-06,2.5466403947055455e-06,3.500854414401442e-07,1.5967865134838004e-05,3.250358452365473e-05,5.307507822667365e-06
46,0,daughter,Parsi,False,2.868540823874629e-05,4.006369222920725e-06,2.2827997192887966e-06,3.288749065460498e-07,2.01456908529364e-06,5.955139348629957e-07,0.00046786077705228494,6.144174602214718e-07,0.00021207146066617245,0.00017007224114352882,2.453694805426225e-05,0.0005147819588703148,3.7636447180974406e-06,4.006369222920725e-06,3.288749065460498e-07,5.955139348629957e-07,0.00021207146066617245,6.144174602214718e-07,0.00046786077705228494,2.453694805426225e-05,3.7636447180974406e-06
46,1,daughter,Parsi,False,3.7636447180974406e-06,1.2606946239951315e-06,7.183260399857925e-07,1.602810987828144e-07,2.796930302582677e-06,6.339210403977636e-07,1.488384825728813e-05,4.222833444659923e-07,2.627477314480822e-06,0.0008540336462424981,7.793660930208434e-05,0.0004893563764018274,4.53978687024344e-06,1.2606946239951315e-06,1.602810987828144e-07,6.339210403977636e-07,2.627477314480822e-06,4.222833444659923e-07,1.488384825728813e-05,7.793660930208434e-05,4.53978687024344e-06
46,2,daughter,Parsi,False,1.15919343186331e-05,2.88571183887091e-06,1.7231572752142392e-06,2.8130174840733105e-07,2.2827997192887966e-06,6.144174602214718e-07,0.00045386232796869417,6.85431721163334e-07,3.822911232549001e-06,0.00015487610942879803,2.0342697805520655e-05,0.0005289365944662937,4.006369222920725e-06,2.88571183887091e-06,2.8130174840733105e-07,6.144174602214718e-07,3.822911232549001e-06,6.85431721163334e-07,0.00045386232796869417,2.0342697805520655e-05,4.006369222920725e-06
47,0,son,Parsi,False,7.967300986103147e-06,1.7231572752142392e-06,1.0129990980873922e-06,2.1907815825757866e-07,1.9833367060283617e-06,6.339210403977636e-07,0.0004642815183884054,4.78509449489012e-07,0.00021217710837818755,0.0007433895060961777,3.1015598671268335e-05,0.0005048825150668042,2.840974294610978e-06,1.7231572752142392e-06,2.1907815825757866e-07,6.339210403977636e-07,0.00021217710837818755,4.78509449489012e-07,0.0004642815183884054,3.1015598671268335e-05,2.840974294610978e-06
47,1,son,Parsi,False,2.305067219931397e-05,3.944258675190877e-06,1.8925148246037342e-06,3.089494448007139e-07,3.120191139396651e-06,5.955139348629957e-07,0.00046211791741616995,5.77192003016332e-07,3.944258675190877e-06,0.0008091765268185392,4.373344035182828e-05,0.0005451573766566274,6.014151777699533e-06,3.944258675190877e-06,3.089494448007139e-07,5.955139348629957e-07,3.944258675190877e-06,5.77192003016332e-07,0.00046211791741616995,4.373344035182828e-05,6.014151777699533e-06
47,2,son,Parsi,False,1.8522574326531083e-05,2.0785170435063726e-06,2.01456908529364e-06,2.8130174840733105e-07,1.9525885208642222e-06,5.422218970016178e-07,0.00047348232244292843,8.139692624947503e-07,5.064471653194114e-06,9.850082967450695e-05,5.562206273647035e-06,0.0005385266023448675,1.1959857805023158e-05,2.0785170435063726e-06,2.8130174840733105e-07,5.422218970016178e-07,5.064471653194114e-06,8.139692624947503e-07,0.00047348232244292843,5.562206273647035e-06,1.1959857805023158e-05
48,0,child,Parsi,False,1.8235460794662427e-05,4.757645425657629e-06,2.0785170435063726e-06,4.936988949458183e-07,4.006369222920725e-06,1.3007128466476034e-06,0.0004799057068598854,1.1478768127080353e-06,0.00021217710837818755,0.0008333216862332929,4.108485376346404e-05,0.0011409871228185344,1.1235328063870752e-05,4.757645425657629e-06,4.936988949458183e-07,1.3007128466476034e-06,0.00021217710837818755,1.1478768127080353e-06,0.0004799057068598854,4.108485376346404e-05,1.1235328063870752e-05
48,1,child,Parsi,False,9.028039015031105e-06,1.8925148246037342e-06,1.3420013504783412e-06,2.332074525844782e-07,4.264746818557914e-06,9.516251694168764e-07,0.00045606631270242416,4.6378732973537256e-07,3.4808121961114687e-06,0.0028019515705435595,8.040859356292355e-05,0.0005224900751216392,5.649793328376294e-06,1.8925148246037342e-06,2.332074525844782e-07,9.516251694168764e-07,3.4808121961114687e-06,4.6378732973537256e-07,0.00045606631270242416,8.040859356292355e-05,5.649793328376294e-06
48,2,child,Parsi,False,1.7952796934677738e-05,1.8342893327886845e-06,1.8342893327886845e-06,3.1875652166284776e-07,2.3923509443082866e-06,1.0129990980873922e-06,0.0004731131887936004,7.527989669055592e-07,0.00021849741587309833,0.0007098506750714406,7.967300986103147e-06,0.0004855382001169189,1.670142184809518e-06,1.8342893327886845e-06,3.1875652166284776e-07,1.0129990980873922e-06,0.00021849741587309833,7.527989669055592e-07,0.0004731131887936004,7.967300986103147e-06,1.670142184809518e-06
49,0,daughter,Jewish,False,4.238847419937498e-05,6.10885510164857e-06,5.475976980449466e-06,8.664653147910923e-07,3.6478537675800286e-06,1.7231572752142392e-06,0.0004780381783651428,1.8058518261159955e-06,0.0002202460844238597,0.020216469146194235,0.0002736221099148039,0.0005616997185942735,6.814872211615988e-06,6.10885510164857e-06,8.664653147910923e-07,1.7231572752142392e-06,0.0002202460844238597,1.8058518261159955e-06,0.0004780381783651428,0.0002736221099148039,6.814872211615988e-06
49,1,daughter,Jewish,False,5.307507822667365e-06,1.5689549727726036e-06,8.139692624947503e-07,1.8738753836511972e-07,2.5466403947055455e-06,7.183260399857925e-07,0.0004567195307930997,5.422218970016178e-07,4.1335397768930325e-06,0.0007226435938923609,4.373344035182828e-05,0.0004979376456416367,5.475976980449466e-06,1.5689549727726036e-06,1.8738753836511972e-07,7.183260399857925e-07,4.1335397768930325e-06,5.422218970016178e-07,0.0004567195307930997,4.373344035182828e-05,5.475976980449466e-06
49,2,daughter,Jewish,False,9.761566060239504e-06,1.670142184809518e-06,9.818326983657703e-07,1.994729721527057e-07,2.2827997192887966e-06,6.339210403977636e-07,0.0004596405007964144,6.339210403977636e-07,4.98595821272702e-06,0.0008000313556104121,9.915273115920183e-06,0.0004985843679459446,4.400118457925303e-06,1.670142184809518e-06,1.994729721527057e-07,6.339210403977636e-07,4.98595821272702e-06,6.339210403977636e-07,0.0004596405007964144,9.915273115920183e-06,4.400118457925303e-06
50,0,son,Jewish,False,1.7674513810355872e-05,5.738759521437678e-06,2.5071593847983196e-06,5.422218970016178e-07,4.98595821272702e-06,1.5206840370677115e-06,0.0005068676562889376,2.710880136557205e-06,0.00021934444373130447,0.0007362579817833515,3.1999824407395835e-05,0.0012742421016188955,8.481104172358076e-06,5.738759521437678e-06,5.422218970016178e-07,1.5206840370677115e-06,0.00021934444373130447,2.710880136557205e-06,0.0005068676562889376,3.1999824407395835e-05,8.481104172358076e-06
50,1,son,Jewish,False,8.750299760661308e-06,1.7778551863194697e-06,1.2219076020491008e-06,2.332074525844782e-07,3.120191139396651e-06,5.594337713435001e-07,1.3446629631566168e-05,3.1875652166284776e-07,2.796930302582677e-06,0.0007007652612809208,4.442183589214344e-05,0.0004903878049248205,3.321419494792514e-06,1.7778551863194697e-06,2.332074525844782e-07,5.594337713435001e-07,2.796930302582677e-06,3.1875652166284776e-07,1.3446629631566168e-05,4.442183589214344e-05,3.321419494792514e-06
50,2,son,Jewish,False,8.426423087564058e-05,9.170196905195049e-06,9.610241549947397e-06,1.3211958228877664e-06,3.169325442919291e-06,1.3846004563753396e-06,0.0005261456278090068,2.212566909570261e-06,0.00023189247385640036,0.002887025252971318,7.793660930208434e-05,0.010172201508571337,1.0889691002655445e-05,9.170196905195049e-06,1.3211958228877664e-06,1.3846004563753396e-06,0.00023189247385640036,2.212566909570261e-06,0.0005261456278090068,7.793660930208434e-05,1.0889691002655445e-05
51,0,child,Jewish,False,6.46203290719727e-05,1.8235460794662427e-05,8.220189478350845e-06,2.4300240743279605e-06,1.2731104162213555e-05,5.829126566113866e-06,0.0004876175016327878,1.7502925788778209e-06,0.00022120585807682417,0.0028689430188461465,6.986756664856784e-05,0.022735656113945613,1.6346470245419304e-05,1.8235460794662427e-05,2.4300240743279605e-06,5.829126566113866e-06,0.00022120585807682417,1.7502925788778209e-06,0.0004876175016327878,6.986756664856784e-05,1.6346470245419304e-05
51,1,child,Jewish,False,1.609308249869283e-05,4.832563818725537e-06,9.610241549947397e-06,6.643433442159853e-07,1.4285517650093407e-06,7.889262586245034e-07,0.00045474415865984284,4.936988949458183e-07,4.53978687024344e-06,3.3015272509780104e-05,1.0783312222985275e-06,0.0004936825844797785,5.144221374220898e-06,4.832563818725537e-06,6.643433442159853e-07,7.889262586245034e-07,4.53978687024344e-06,4.936988949458183e-07,0.00045474415865984284,1.0783312222985275e-06,5.144221374220898e-06
51,2,child,Jewish,False,8.167381046669487e-05,0.0007459683484318774,1.3552078562406772e-05,6.014151777699533e-06,2.571419797957771e-05,1.3765463368900109e-05,0.004734938465764139,0.00021316936412971543,0.0002720324670909305,7.096703991005882e-05,1.3982207564732913e-05,0.12854120512818826,0.003455818465396098,0.0007459683484318774,6.014151777699533e-06,1.3765463368900109e-05,0.0002720324670909305,0.00021316936412971543,0.004734938465764139,1.3982207564732913e-05,0.003455818465396098
52,0,daughter,Jewish,False,2.234163601827719e-05,4.264746818557914e-06,2.3187477504664324e-06,4.6378732973537256e-07,3.2192334497037803e-06,1.4285517650093407e-06,0.00046296314048096724,7.766951856747235e-07,0.00021196745065203636,6.986756664856784e-05,2.01456908529364e-06,0.001187709168692717,9.314593042575101e-06,4.264746818557914e-06,4.6378732973537256e-07,1.4285517650093407e-06,0.00021196745065203636,7.766951856747235e-07,0.00046296314048096724,2.01456908529364e-06,9.314593042575101e-06
52,1,daughter,Jewish,False,1.6346470245419304e-05,1.8925148246037342e-06,2.0785170435063726e-06,1.994729721527057e-07,1.3211958228877664e-06,5.955139348629957e-07,0.00045696979624789015,7.527989669055592e-07,5.307507822667365e-06,6.166297347617125e-05,2.4300240743279605e-06,0.00048380070743405816,1.7778551863194697e-06,1.8925148246037342e-06,1.994729721527057e-07,5.955139348629957e-07,5.307507822667365e-06,7.527989669055592e-07,0.00045696979624789015,2.4300240743279605e-06,1.7778551863194697e-06
52,2,daughter,Jewish,False,3.569706350376584e-05,3.024195853395102e-06,3.120191139396651e-06,3.84493505874534e-07,1.8058518261159955e-06,8.139692624947503e-07,0.0004700830312855635,1.7502925788778209e-06,0.00022096026380031539,0.010170987564578925,0.00012843081201339694,0.0004999085000106341,3.535625074174432e-06,3.024195853395102e-06,3.84493505874534e-07,8.139692624947503e-07,0.00022096026380031539,1.7502925788778209e-06,0.0004700830312855635,0.00012843081201339694,3.535625074174432e-06
53,0,son,Jewish,False,1.2339457598623173e-05,4.006369222920725e-06,2.7535691114583474e-06,6.144174602214718e-07,2.796930302582677e-06,7.889262586245034e-07,0.0004631786033745193,5.093705003229987e-07,0.000211865052952336,0.0008333216862332929,5.8840881855693875e-05,0.000571992748445894,9.028039015031105e-06,4.006369222920725e-06,6.144174602214718e-07,7.889262586245034e-07,0.000211865052952336,5.093705003229987e-07,0.0004631786033745193,5.8840881855693875e-05,9.028039015031105e-06
53,1,son,Jewish,False,1.3342001090985438e-05,3.705296977158347e-06,2.01456908529364e-06,4.222833444659923e-07,6.922183404468203e-06,1.4285517650093407e-06,0.0004615011009150436,7.766951856747235e-07,5.144221374220898e-06,0.0007397960144200369,3.1015598671268335e-05,0.0005553536215526795,6.605214485464791e-06,3.705296977158347e-06,4.222833444659923e-07,1.4285517650093407e-06,5.144221374220898e-06,7.766951856747235e-07,0.0004615011009150436,3.1015598671268335e-05,6.605214485464791e-06
53,2,son,Jewish,False,3.1999824407395835e-05,5.920916517463734e-06,3.822911232549001e-06,6.144174602214718e-07,3.2699273422345685e-06,8.939696304799168e-07,0.0004953675844757652,8.939696304799168e-07,0.00021732209397159474,0.00010005044009099887,1.2931563954607948e-05,0.0011435787590044176,5.649793328376294e-06,5.920916517463734e-06,6.144174602214718e-07,8.939696304799168e-07,0.00021732209397159474,8.939696304799168e-07,0.0004953675844757652,1.2931563954607948e-05,5.649793328376294e-06
54,0,child,Jewish,False,1.3342001090985438e-05,3.024195853395102e-06,2.355261854303796e-06,3.500854414401442e-07,4.832563818725537e-06,1.0451548051737735e-06,0.0004622221322539132,7.527989669055592e-07,0.0002115672857688723,0.00013250224172131609,3.459916031782155e-05,0.0005451573766566274,5.829126566113866e-06,3.024195853395102e-06,3.500854414401442e-07,1.0451548051737735e-06,0.0002115672857688723,7.527989669055592e-07,0.0004622221322539132,3.459916031782155e-05,5.829126566113866e-06
54,1,child,Jewish,False,1.0229985472581487e-05,1.9525885208642222e-06,1.670142184809518e-06,2.332074525844782e-07,2.4300240743279605e-06,5.77192003016332e-07,0.0004571382759572523,8.139692624947503e-07,0.00021228441957103978,0.0007129746438779075,6.46203290719727e-05,0.00048216842909326526,2.5071593847983196e-06,1.9525885208642222e-06,2.332074525844782e-07,5.77192003016332e-07,0.00021228441957103978,8.139692624947503e-07,0.0004571382759572523,6.46203290719727e-05,2.5071593847983196e-06
54,2,child,Jewish,False,3.150386940813393e-05,1.1061159714638084e-05,4.331903899346328e-06,1.2411496080609794e-06,4.53978687024344e-06,2.212566909570261e-06,0.0005282031077427036,1.1300808333434096e-06,0.0002233150331012493,0.000770171190275983,2.913700606794303e-05,0.016043592550923445,1.7952796934677738e-05,1.1061159714638084e-05,1.2411496080609794e-06,2.212566909570261e-06,0.0002233150331012493,1.1300808333434096e-06,0.0005282031077427036,2.913700606794303e-05,1.7952796934677738e-05
55,0,daughter,Atheist,False,9.915273115920183e-06,1.9525885208642222e-06,1.9525885208642222e-06,1.8738753836511972e-07,3.120191139396651e-06,9.516251694168764e-07,1.7265154827585877e-05,7.411279871974134e-07,3.2699273422345685e-06,8.559006367452268e-05,2.88571183887091e-06,0.0004903878049248205,3.6478537675800286e-06,1.9525885208642222e-06,1.8738753836511972e-07,9.516251694168764e-07,3.2699273422345685e-06,7.411279871974134e-07,1.7265154827585877e-05,2.88571183887091e-06,3.6478537675800286e-06
55,1,daughter,Atheist,False,2.4156629828672456e-05,1.670142184809518e-06,1.9525885208642222e-06,2.123378462433771e-07,2.01456908529364e-06,4.936988949458183e-07,1.5416333122432714e-05,5.682435212870505e-07,3.169325442919291e-06,7.554056327295277e-05,2.931153855960119e-06,0.0005096006331304874,4.98595821272702e-06,1.670142184809518e-06,2.123378462433771e-07,4.936988949458183e-07,3.169325442919291e-06,5.682435212870505e-07,1.5416333122432714e-05,2.931153855960119e-06,4.98595821272702e-06
55,2,daughter,Atheist,False,9.697519677825862e-05,9.610241549947397e-06,7.14190139989638e-06,7.411279871974134e-07,4.198630823683514e-06,1.3846004563753396e-06,0.0005229310537330542,2.0462932829931794e-06,0.000218704237257557,0.0028689430188461465,9.547317110805593e-05,0.0011910337569959485,1.2339457598623173e-05,9.610241549947397e-06,7.411279871974134e-07,1.3846004563753396e-06,0.000218704237257557,2.0462932829931794e-06,0.0005229310537330542,9.547317110805593e-05,1.2339457598623173e-05
56,0,son,Atheist,False,9.761566060239504e-06,2.01456908529364e-06,1.4285517650093407e-06,1.8738753836511972e-07,2.7535691114583474e-06,6.339210403977636e-07,0.0004568860484913106,6.339210403977636e-07,5.064471653194114e-06,7.096703991005882e-05,2.5071593847983196e-06,0.0005121306555705326,4.264746818557914e-06,2.01456908529364e-06,1.8738753836511972e-07,6.339210403977636e-07,5.064471653194114e-06,6.339210403977636e-07,0.0004568860484913106,2.5071593847983196e-06,4.264746818557914e-06
56,1,son,Atheist,False,2.305067219931397e-05,3.8831109868779005e-06,2.0785170435063726e-06,3.84493505874534e-07,3.822911232549001e-06,8.398072034951531e-07,0.00047672945997876326,1.1125607488784412e-06,0.00021250413756646795,0.00010817152527255935,4.198630823683514e-06,0.0005523259629862285,7.722191834067996e-06,3.8831109868779005e-06,3.84493505874534e-07,8.398072034951531e-07,0.00021250413756646795,1.1125607488784412e-06,0.00047672945997876326,4.198630823683514e-06,7.722191834067996e-06
56,2,son,Atheist,False,6.502816785764437e-06,1.5206840370677115e-06,9.818326983657703e-07,2.123378462433771e-07,3.120191139396651e-06,7.646537350121258e-07,0.00045386232796869417,4.0929110499856e-07,3.822911232549001e-06,0.0008000313556104121,4.802972318863164e-05,0.0005041382353302037,5.649793328376294e-06,1.5206840370677115e-06,2.123378462433771e-07,7.646537350121258e-07,3.822911232549001e-06,4.0929110499856e-07,0.00045386232796869417,4.802972318863164e-05,5.649793328376294e-06
57,0,child,Atheist,False,1.1061159714638084e-05,2.6688529572628562e-06,1.3420013504783412e-06,2.1907815825757866e-07,3.4808121961114687e-06,6.962256250138369e-07,1.2436225128319384e-05,5.338155705389253e-07,2.627477314480822e-06,0.00012255674483830522,2.3413582477639402e-05,0.00048465588826592415,3.321419494792514e-06,2.6688529572628562e-06,2.1907815825757866e-07,6.962256250138369e-07,2.627477314480822e-06,5.338155705389253e-07,1.2436225128319384e-05,2.3413582477639402e-05,3.321419494792514e-06
57,1,child,Atheist,False,1.2731104162213555e-05,2.0785170435063726e-06,1.1843139025979655e-06,2.9023119852110973e-07,1.9833367060283617e-06,5.594337713435001e-07,1.3032974249234989e-05,4.356879983467376e-07,3.024195853395102e-06,0.0008186102388378728,4.373344035182828e-05,0.0005156936737338665,3.7636447180974406e-06,2.0785170435063726e-06,2.9023119852110973e-07,5.594337713435001e-07,3.024195853395102e-06,4.356879983467376e-07,1.3032974249234989e-05,4.373344035182828e-05,3.7636447180974406e-06
57,2,child,Atheist,False,1.141223854434603e-05,2.931153855960119e-06,2.0785170435063726e-06,3.288749065460498e-07,2.931153855960119e-06,8.664653147910923e-07,0.0004860143289422715,1.5936620247162786e-06,0.0002167744747109176,0.0007098506750714406,3.353501304664781e-05,0.0005312230782558095,5.649793328376294e-06,2.931153855960119e-06,3.288749065460498e-07,8.664653147910923e-07,0.0002167744747109176,1.5936620247162786e-06,0.0004860143289422715,3.353501304664781e-05,5.649793328376294e-06
58,0,daughter,Atheist,False,8.481104172358076e-06,1.2606946239951315e-06,1.8925148246037342e-06,1.5534977545950122e-07,1.3211958228877664e-06,6.748051590048605e-07,0.00045800069515336577,6.643433442159853e-07,3.7636447180974406e-06,9.399438806628559e-05,3.2192334497037803e-06,0.0004960569708019354,3.4268490542555014e-06,1.2606946239951315e-06,1.5534977545950122e-07,6.748051590048605e-07,3.7636447180974406e-06,6.643433442159853e-07,0.00045800069515336577,3.2192334497037803e-06,3.4268490542555014e-06
58,1,daughter,Atheist,False,1.0889691002655445e-05,2.710880136557205e-06,2.0785170435063726e-06,2.332074525844782e-07,7.722191834067996e-06,1.4738981974494932e-06,0.00046339575522479667,8.80110037979258e-07,4.331903899346328e-06,0.0007911659505451469,9.028039015031105e-06,0.0005323933551511255,1.2731104162213555e-05,2.710880136557205e-06,2.332074525844782e-07,1.4738981974494932e-06,4.331903899346328e-06,8.80110037979258e-07,0.00046339575522479667,9.028039015031105e-06,1.2731104162213555e-05
58,2,daughter,Atheist,False,2.0988308820313112e-05,3.0718185454758057e-06,2.710880136557205e-06,1.7061832388634166e-07,2.2474089854291757e-06,7.889262586245034e-07,0.00047981906856274953,1.0451548051737735e-06,0.00021239342043348654,0.0001206589712246389,1.9525885208642222e-06,0.0005633490590837672,4.98595821272702e-06,3.0718185454758057e-06,1.7061832388634166e-07,7.889262586245034e-07,0.00021239342043348654,1.0451548051737735e-06,0.00047981906856274953,1.9525885208642222e-06,4.98595821272702e-06
59,0,son,Atheist,False,7.967300986103147e-06,1.8925148246037342e-06,1.670142184809518e-06,2.2603242979035749e-07,3.024195853395102e-06,6.962256250138369e-07,0.0004598299174656405,6.048918580418918e-07,3.373722476473661e-06,0.0007161476078247872,2.868540823874629e-05,0.0005064063866345277,4.98595821272702e-06,1.8925148246037342e-06,2.2603242979035749e-07,6.962256250138369e-07,3.373722476473661e-06,6.048918580418918e-07,0.0004598299174656405,2.868540823874629e-05,4.98595821272702e-06
59,1,son,Atheist,False,1.7952796934677738e-05,2.931153855960119e-06,2.4300240743279605e-06,4.936988949458183e-07,2.1444948420913954e-06,7.646537350121258e-07,0.0004711809344715078,9.818326983657703e-07,0.0002128468589176327,0.0008091765268185392,3.8596609058077356e-05,0.0005335820331640444,4.264746818557914e-06,2.931153855960119e-06,4.936988949458183e-07,7.646537350121258e-07,0.0002128468589176327,9.818326983657703e-07,0.0004711809344715078,3.8596609058077356e-05,4.264746818557914e-06
59,2,son,Atheist,False,7.368592981140821e-06,1.4285517650093407e-06,1.5206840370677115e-06,2.0580491096133835e-07,3.120191139396651e-06,7.646537350121258e-07,1.5236754767429125e-05,4.6378732973537256e-07,3.7636447180974406e-06,0.00017007224114352882,1.2533751425646102e-05,0.00048644850322948033,3.2192334497037803e-06,1.4285517650093407e-06,2.0580491096133835e-07,7.646537350121258e-07,3.7636447180974406e-06,4.6378732973537256e-07,1.5236754767429125e-05,1.2533751425646102e-05,3.2192334497037803e-06
60,0,child,Atheist,False,3.6478537675800286e-06,5.594337713435001e-07,8.398072034951531e-07,1.067702870044147e-07,1.6187581436151335e-06,4.495181578513688e-07,1.0229985472581487e-05,3.3405391543507076e-07,2.5071593847983196e-06,0.00017274586267297022,3.8596609058077356e-05,1.535623976496012e-05,1.8925148246037342e-06,5.594337713435001e-07,1.067702870044147e-07,4.495181578513688e-07,2.5071593847983196e-06,3.3405391543507076e-07,1.0229985472581487e-05,3.8596609058077356e-05,1.8925148246037342e-06
60,1,child,Atheist,False,2.4923252458203565e-05,4.683888424952456e-06,3.535625074174432e-06,7.889262586245034e-07,3.944258675190877e-06,1.7778551863194697e-06,0.0004894819157773981,1.7778551863194697e-06,0.0002219660831203052,0.003041982713740955,0.000138852327569001,0.0005360157526065469,5.144221374220898e-06,4.683888424952456e-06,7.889262586245034e-07,1.7778551863194697e-06,0.0002219660831203052,1.7778551863194697e-06,0.0004894819157773981,0.000138852327569001,5.144221374220898e-06
60,2,child,Atheist,False,4.655269187520153e-05,9.915273115920183e-06,3.373722476473661e-06,1.2805474213228684e-06,4.98595821272702e-06,1.4285517650093407e-06,0.0004866096614668337,1.0129990980873922e-06,0.0002148234988278738,0.002944745327012609,6.771942330385674e-05,0.010242862551996353,1.6346470245419304e-05,9.915273115920183e-06,1.2805474213228684e-06,1.4285517650093407e-06,0.0002148234988278738,1.0129990980873922e-06,0.0004866096614668337,6.771942330385674e-05,1.6346470245419304e-05
61,0,daughter,Tribal,False,8.61465062380632e-06,2.355261854303796e-06,1.3007128466476034e-06,2.994440981371515e-07,3.321419494792514e-06,8.664653147910923e-07,0.0004718847396776921,9.223470110117277e-07,0.00021250413756646795,0.0008648818595419032,6.771942330385674e-05,0.0005289365944662937,6.014151777699533e-06,2.355261854303796e-06,2.994440981371515e-07,8.664653147910923e-07,0.00021250413756646795,9.223470110117277e-07,0.0004718847396776921,6.771942330385674e-05,6.014151777699533e-06
61,1,daughter,Tribal,False,2.3413582477639402e-05,2.88571183887091e-06,3.120191139396651e-06,3.3931448129766124e-07,2.931153855960119e-06,9.516251694168764e-07,0.0004632869673554935,1.1659530314852966e-06,4.331903899346328e-06,0.00010005044009099887,1.8342893327886845e-06,0.0006166373412799071,7.0311842669149565e-06,2.88571183887091e-06,3.3931448129766124e-07,9.516251694168764e-07,4.331903899346328e-06,1.1659530314852966e-06,0.0004632869673554935,1.8342893327886845e-06,7.0311842669149565e-06
61,2,daughter,Tribal,False,6.878511550552459e-05,1.15919343186331e-05,6.709224499600877e-06,1.1478768127080353e-06,4.400118457925303e-06,1.7231572752142392e-06,0.0004936396344533515,1.7231572752142392e-06,0.0002182938001211795,0.0007661644959617213,4.442183589214344e-05,0.0013138000668073558,2.6119031909571944e-05,1.15919343186331e-05,1.1478768127080353e-06,1.7231572752142392e-06,0.0002182938001211795,1.7231572752142392e-06,0.0004936396344533515,4.442183589214344e-05,2.6119031909571944e-05
62,0,son,Tribal,False,1.7952796934677738e-05,3.535625074174432e-06,3.2192334497037803e-06,4.356879983467376e-07,3.2192334497037803e-06,1.2606946239951315e-06,0.0004660187641789279,1.3846004563753396e-06,5.920916517463734e-06,0.00015487610942879803,2.840974294610978e-06,0.0005832949863420954,7.722191834067996e-06,3.535625074174432e-06,4.356879983467376e-07,1.2606946239951315e-06,5.920916517463734e-06,1.3846004563753396e-06,0.0004660187641789279,2.840974294610978e-06,7.722191834067996e-06
62,1,son,Tribal,False,6.667023092435894e-05,2.199533724320648e-05,3.8831109868779005e-06,2.796930302582677e-06,8.092757566536092e-06,4.264746818557914e-06,0.000524306923308154,1.7502925788778209e-06,0.00021809334032878513,0.010197563316236873,8.426423087564058e-05,0.03248928014234154,0.0015655399150872082,2.199533724320648e-05,2.796930302582677e-06,4.264746818557914e-06,0.00021809334032878513,1.7502925788778209e-06,0.000524306923308154,8.426423087564058e-05,0.0015655399150872082
62,2,son,Tribal,False,3.514382632807918e-05,5.475976980449466e-06,3.373722476473661e-06,5.422218970016178e-07,3.8831109868779005e-06,8.664653147910923e-07,0.0004768908238063255,1.0129990980873922e-06,0.00021273082914771238,0.00013458604012970922,1.1959857805023158e-05,0.0005935553564438082,7.484622751061123e-06,5.475976980449466e-06,5.422218970016178e-07,8.664653147910923e-07,0.00021273082914771238,1.0129990980873922e-06,0.0004768908238063255,1.1959857805023158e-05,7.484622751061123e-06
63,0,child,Tribal,False,2.2693385749600554e-05,5.391084403253366e-06,1.9525885208642222e-06,4.222833444659923e-07,3.6478537675800286e-06,7.646537350121258e-07,0.0004640574773531187,8.939696304799168e-07,5.391084403253366e-06,0.0009180870254226622,8.693673928062173e-05,0.0005335820331640444,8.750299760661308e-06,5.391084403253366e-06,4.222833444659923e-07,7.646537350121258e-07,5.391084403253366e-06,8.939696304799168e-07,0.0004640574773531187,8.693673928062173e-05,8.750299760661308e-06
63,1,child,Tribal,False,8.888084683809127e-06,2.1444948420913954e-06,1.1125607488784412e-06,2.561282210758673e-07,2.2474089854291757e-06,7.183260399857925e-07,0.00045908104511603316,5.955139348629957e-07,3.373722476473661e-06,0.0027290685694033377,7.793660930208434e-05,0.0005278198317882314,4.683888424952456e-06,2.1444948420913954e-06,2.561282210758673e-07,7.183260399857925e-07,3.373722476473661e-06,5.955139348629957e-07,0.00045908104511603316,7.793660930208434e-05,4.683888424952456e-06
63,2,child,Tribal,False,8.295891883591029e-05,4.044814978420809e-05,9.915273115920183e-06,5.144221374220898e-06,2.7803096387751555e-05,2.0342697805520655e-05,0.004760430338974342,0.00021491377746251178,0.00026064009985893153,0.000782571800733567,4.044814978420809e-05,0.18560084789265258,0.005560226151202943,4.044814978420809e-05,5.144221374220898e-06,2.0342697805520655e-05,0.00026064009985893153,0.00021491377746251178,0.004760430338974342,4.044814978420809e-05,0.005560226151202943
64,0,daughter,Tribal,False,2.234163601827719e-05,3.5913010679499402e-06,2.931153855960119e-06,3.288749065460498e-07,4.53978687024344e-06,1.363134508591315e-06,0.00047787234516711696,1.8631746484712008e-06,0.00021659756423044233,8.830458477845481e-05,1.8342893327886845e-06,0.0005813371220870101,7.0311842669149565e-06,3.5913010679499402e-06,3.288749065460498e-07,1.363134508591315e-06,0.00021659756423044233,1.8631746484712008e-06,0.00047787234516711696,1.8342893327886845e-06,7.0311842669149565e-06
64,1,daughter,Tribal,False,2.6947915555885546e-05,4.1335397768930325e-06,2.7535691114583474e-06,7.889262586245034e-07,2.3187477504664324e-06,1.3420013504783412e-06,0.000474459098846442,1.5689549727726036e-06,0.0002214553186652644,0.020433757142136064,0.000498226973042126,0.0006093314310007475,5.649793328376294e-06,4.1335397768930325e-06,7.889262586245034e-07,1.3420013504783412e-06,0.0002214553186652644,1.5689549727726036e-06,0.000474459098846442,0.000498226973042126,5.649793328376294e-06
64,2,daughter,Tribal,False,8.481104172358076e-06,1.5206840370677115e-06,1.1125607488784412e-06,2.1907815825757866e-07,1.4738981974494932e-06,5.093705003229987e-07,0.00045535542432847726,5.093705003229987e-07,3.4268490542555014e-06,0.0007433895060961777,5.112579049909173e-05,0.0005194862076891146,6.014151777699533e-06,1.5206840370677115e-06,2.1907815825757866e-07,5.093705003229987e-07,3.4268490542555014e-06,5.093705003229987e-07,0.00045535542432847726,5.112579049909173e-05,6.014151777699533e-06
65,0,son,Tribal,False,2.0027376671813928e-05,2.7535691114583474e-06,3.2699273422345685e-06,4.356879983467376e-07,3.2192334497037803e-06,8.398072034951531e-07,0.0004751499930392176,1.4971083692627422e-06,0.00021166499492301485,6.563728324346652e-05,1.670142184809518e-06,0.0006093314310007475,7.0311842669149565e-06,2.7535691114583474e-06,4.356879983467376e-07,8.398072034951531e-07,0.00021166499492301485,1.4971083692627422e-06,0.0004751499930392176,1.670142184809518e-06,7.0311842669149565e-06
65,1,son,Tribal,False,1.0229985472581487e-05,1.7231572752142392e-06,1.8342893327886845e-06,3.1875652166284776e-07,2.7535691114583474e-06,6.748051590048605e-07,1.0720880092159908e-05,3.3931448129766124e-07,3.169325442919291e-06,0.0006978298516223775,3.150386940813393e-05,0.00048422495919655346,3.6478537675800286e-06,1.7231572752142392e-06,3.1875652166284776e-07,6.748051590048605e-07,3.169325442919291e-06,3.3931448129766124e-07,1.0720880092159908e-05,3.150386940813393e-05,3.6478537675800286e-06
65,2,son,Tribal,False,7.554056327295277e-05,2.0027376671813928e-05,4.832563818725537e-06,1.5206840370677115e-06,6.922183404468203e-06,3.8831109868779005e-06,0.0004876175016327878,1.0783312222985275e-06,0.0002139768867903779,0.01949970367927649,0.00011513995656772139,0.016048726648823126,2.305067219931397e-05,2.0027376671813928e-05,1.5206840370677115e-06,3.8831109868779005e-06,0.0002139768867903779,1.0783312222985275e-06,0.0004876175016327878,0.00011513995656772139,2.305067219931397e-05
66,0,child,Tribal,False,9.170196905195049e-06,1.3420013504783412e-06,1.670142184809518e-06,2.4824800371656586e-07,1.4971083692627422e-06,4.936988949458183e-07,0.0004606025498168151,7.646537350121258e-07,3.5913010679499402e-06,0.010158002718213734,5.527786369235996e-05,0.0005214731209501454,5.649793328376294e-06,1.3420013504783412e-06,2.4824800371656586e-07,4.936988949458183e-07,3.5913010679499402e-06,7.646537350121258e-07,0.0004606025498168151,5.527786369235996e-05,5.649793328376294e-06
66,1,child,Tribal,False,1.9110431587777674e-05,4.331903899346328e-06,1.670142184809518e-06,3.3931448129766124e-07,3.535625074174432e-06,8.139692624947503e-07,0.00047438307922800164,7.411279871974134e-07,0.00021411253592723288,0.0007067749478525128,2.4923252458203565e-05,0.0005424428555526953,6.40200641038395e-06,4.331903899346328e-06,3.3931448129766124e-07,8.139692624947503e-07,0.00021411253592723288,7.411279871974134e-07,0.00047438307922800164,2.4923252458203565e-05,6.40200641038395e-06
66,2,child,Tribal,False,1.0554685795431098e-05,2.5071593847983196e-06,1.1478768127080353e-06,2.123378462433771e-07,2.710880136557205e-06,6.339210403977636e-07,0.00045614685345612537,6.748051590048605e-07,4.1335397768930325e-06,0.0009180870254226622,7.793660930208434e-05,0.0005048825150668042,6.605214485464791e-06,2.5071593847983196e-06,2.123378462433771e-07,6.339210403977636e-07,4.1335397768930325e-06,6.748051590048605e-07,0.00045614685345612537,7.793660930208434e-05,6.605214485464791e-06
67,0,daughter,,False,3.459916031782155e-05,3.705296977158347e-06,3.120191139396651e-06,5.77192003016332e-07,4.98595821272702e-06,1.3420013504783412e-06,0.0004870104393978988,1.3420013504783412e-06,0.00021978822261505042,3.569706350376584e-05,1.4738981974494932e-06,0.0006141640084130724,6.205049602300744e-06,3.705296977158347e-06,5.77192003016332e-07,1.3420013504783412e-06,0.00021978822261505042,1.3420013504783412e-06,0.0004870104393978988,1.4738981974494932e-06,6.205049602300744e-06
67,1,daughter,,False,1.609308249869283e-05,3.120191139396651e-06,2.6688529572628562e-06,6.540437226933637e-07,3.169325442919291e-06,1.7778551863194697e-06,0.0004860143289422715,1.0616134237448653e-06,0.00021695417048520467,0.010238988609384374,0.00021489492836254285,0.0005553536215526795,6.014151777699533e-06,3.120191139396651e-06,6.540437226933637e-07,1.7778551863194697e-06,0.00021695417048520467,1.0616134237448653e-06,0.0004860143289422715,0.00021489492836254285,6.014151777699533e-06
67,2,daughter,,False,0.0006259907508777644,3.1015598671268335e-05,1.3552078562406772e-05,4.832563818725537e-06,1.5598027633743823e-05,1.2931563954607948e-05,0.004816456970766082,0.00021306696643001507,0.0003399482762962808,0.0009118021484241878,3.8596609058077356e-05,0.08294207269160574,0.0015745400450657455,3.1015598671268335e-05,4.832563818725537e-06,1.2931563954607948e-05,0.0003399482762962808,0.00021306696643001507,0.004816456970766082,3.8596609058077356e-05,0.0015745400450657455
68,0,son,,False,7.554056327295277e-05,1.1061159714638084e-05,4.832563818725537e-06,9.666109404131067e-07,2.88571183887091e-06,1.2606946239951315e-06,0.0004896931435821077,1.2219076020491008e-06,0.00021849741587309833,0.0028779143257728393,5.8840881855693875e-05,0.016018507558324825,1.8522574326531083e-05,1.1061159714638084e-05,9.666109404131067e-07,1.2606946239951315e-06,0.00021849741587309833,1.2219076020491008e-06,0.0004896931435821077,5.8840881855693875e-05,1.8522574326531083e-05
68,1,son,,False,1.971694219622292e-05,3.321419494792514e-06,1.670142184809518e-06,3.500854414401442e-07,2.1782649863110498e-06,4.6378732973537256e-07,0.0004692818134867376,5.862814011886353e-07,0.00021467682920914668,5.357805383473943e-05,8.750299760661308e-06,0.0005398117107140829,4.006369222920725e-06,3.321419494792514e-06,3.500854414401442e-07,4.6378732973537256e-07,0.00021467682920914668,5.862814011886353e-07,0.0004692818134867376,8.750299760661308e-06,4.006369222920725e-06
68,2,son,,False,1.0720880092159908e-05,2.931153855960119e-06,2.2827997192887966e-06,4.222833444659923e-07,4.198630823683514e-06,9.223470110117277e-07,0.0004672347498334401,8.530321297909616e-07,5.064471653194114e-06,0.002722381836565666,7.437028637763686e-05,0.0005034054837533741,4.98595821272702e-06,2.931153855960119e-06,4.222833444659923e-07,9.223470110117277e-07,5.064471653194114e-06,8.530321297909616e-07,0.0004672347498334401,7.437028637763686e-05,4.98595821272702e-06
69,0,child,,False,6.46203290719727e-05,3.9204178923762816e-05,1.0554685795431098e-05,5.475976980449466e-06,1.7674513810355872e-05,1.3342001090985438e-05,0.0005815588284628446,3.2192334497037803e-06,0.0002445664150903344,0.000138852327569001,1.7400543552708932e-05,0.12376814414021228,0.002432897666423434,3.9204178923762816e-05,5.475976980449466e-06,1.3342001090985438e-05,0.0002445664150903344,3.2192334497037803e-06,0.0005815588284628446,1.7400543552708932e-05,0.002432897666423434
69,1,child,,False,2.199533724320648e-05,3.6478537675800286e-06,3.120191139396651e-06,4.495181578513688e-07,3.7636447180974406e-06,9.818326983657703e-07,0.0004651953822420356,8.398072034951531e-07,6.10885510164857e-06,0.0001410358496618023,2.4923252458203565e-05,0.0005360157526065469,3.6478537675800286e-06,3.6478537675800286e-06,4.495181578513688e-07,9.818326983657703e-07,6.10885510164857e-06,8.398072034951531e-07,0.0004651953822420356,2.4923252458203565e-05,3.6478537675800286e-06
69,2,child,,False,0.0005539762557696557,1.8814207550495463e-05,1.0229985472581487e-05,3.169325442919291e-06,5.391084403253366e-06,4.53978687024344e-06,0.0005210739346422647,4.400118457925303e-06,0.00024050606249465076,0.06552914812658531,0.0015906391711814714,0.023205651868750204,3.0061635882429376e-05,1.8814207550495463e-05,3.169325442919291e-06,4.53978687024344e-06,0.00024050606249465076,4.400118457925303e-06,0.0005210739346422647,0.0015906391711814714,3.0061635882429376e-05
70,0,daughter,,False,5.27478412523148e-05,7.0311842669149565e-06,6.014151777699533e-06,1.0289513485400628e-06,4.757645425657629e-06,1.2606946239951315e-06,0.000470972457587427,7.766951856747235e-07,0.00021345499373310768,5.4421326243255744e-05,2.355261854303796e-06,0.0011978401309281443,1.0229985472581487e-05,7.0311842669149565e-06,1.0289513485400628e-06,1.2606946239951315e-06,0.00021345499373310768,7.766951856747235e-07,0.000470972457587427,2.355261854303796e-06,1.0229985472581487e-05
70,1,daughter,,False,1.6865275398914433e-05,2.3923509443082866e-06,2.2827997192887966e-06,2.72647027069593e-07,2.5466403947055455e-06,7.411279871974134e-07,0.0004870104393978988,1.3211958228877664e-06,0.00021320602528870992,0.00017821963223663923,1.15919343186331e-05,0.0005194862076891146,4.832563818725537e-06,2.3923509443082866e-06,2.72647027069593e-07,7.411279871974134e-07,0.00021320602528870992,1.3211958228877664e-06,0.0004870104393978988,1.15919343186331e-05,4.832563818725537e-06
70,2,daughter,,False,1.3765463368900109e-05,2.6688529572628562e-06,1.1125607488784412e-06,2.2603242979035749e-07,3.024195853395102e-06,7.183260399857925e-07,0.00046941405001030257,8.664653147910923e-07,0.0002139768867903779,0.00014550629385328434,3.0061635882429376e-05,0.0004985843679459446,3.8831109868779005e-06,2.6688529572628562e-06,2.2603242979035749e-07,7.183260399857925e-07,0.0002139768867903779,8.664653147910923e-07,0.00046941405001030257,3.0061635882429376e-05,3.8831109868779005e-06
71,0,son,,False,1.2148175280558357e-05,3.024195853395102e-06,1.3846004563753396e-06,2.8130174840733105e-07,3.6478537675800286e-06,8.139692624947503e-07,1.6603846953733614e-05,5.422218970016178e-07,2.796930302582677e-06,0.00018102110262026484,3.353501304664781e-05,0.0005204719129728484,5.475976980449466e-06,3.024195853395102e-06,2.8130174840733105e-07,8.139692624947503e-07,2.796930302582677e-06,5.422218970016178e-07,1.6603846953733614e-05,3.353501304664781e-05,5.475976980449466e-06
71,1,son,,False,1.3342001090985438e-05,2.931153855960119e-06,1.3007128466476034e-06,3.500854414401442e-07,3.2192334497037803e-06,8.939696304799168e-07,0.0004571382759572523,5.77192003016332e-07,3.822911232549001e-06,0.0008704335119750585,3.625900662832244e-05,0.0005245722151820294,5.307507822667365e-06,2.931153855960119e-06,3.500854414401442e-07,8.939696304799168e-07,3.822911232549001e-06,5.77192003016332e-07,0.0004571382759572523,3.625900662832244e-05,5.307507822667365e-06
71,2,son,,False,8.61465062380632e-06,2.88571183887091e-06,1.7778551863194697e-06,2.8130174840733105e-07,3.0718185454758057e-06,9.223470110117277e-07,1.2830942637841789e-05,4.860448402299843e-07,2.7535691114583474e-06,0.0007397960144200369,3.9821309061635425e-05,0.0005079785823772643,6.205049602300744e-06,2.88571183887091e-06,2.8130174840733105e-07,9.223470110117277e-07,2.7535691114583474e-06,4.860448402299843e-07,1.2830942637841789e-05,3.9821309061635425e-05,6.205049602300744e-06
72,0,child,,False,1.0229985472581487e-05,2.212566909570261e-06,1.2219076020491008e-06,3.288749065460498e-07,2.5466403947055455e-06,8.139692624947503e-07,1.5720345248929426e-05,5.862814011886353e-07,3.4808121961114687e-06,0.0028689430188461465,8.426423087564058e-05,0.0005026840819416764,3.4268490542555014e-06,2.212566909570261e-06,3.288749065460498e-07,8.139692624947503e-07,3.4808121961114687e-06,5.862814011886353e-07,1.5720345248929426e-05,8.426423087564058e-05,3.4268490542555014e-06
72,1,child,,False,3.1999824407395835e-05,6.605214485464791e-06,3.321419494792514e-06,1.0953122821495382e-06,4.198630823683514e-06,1.6964426510543331e-06,0.0004726024159923188,7.411279871974134e-07,0.00021642339588120966,0.00017821963223663923,1.2339457598623173e-05,0.0012048615892203932,9.314593042575101e-06,6.605214485464791e-06,1.0953122821495382e-06,1.6964426510543331e-06,0.00021642339588120966,7.411279871974134e-07,0.0004726024159923188,1.2339457598623173e-05,9.314593042575101e-06
72,2,child,,False,1.2533751425646102e-05,2.355261854303796e-06,1.4738981974494932e-06,2.123378462433771e-07,4.1335397768930325e-06,6.540437226933637e-07,1.6865275398914433e-05,3.288749065460498e-07,2.4682904407607285e-06,4.955359475635505e-05,2.234163601827719e-05,0.0005175603499223236,1.15919343186331e-05,2.355261854303796e-06,2.123378462433771e-07,6.540437226933637e-07,2.4682904407607285e-06,3.288749065460498e-07,1.6865275398914433e-05,2.234163601827719e-05,1.15919343186331e-05
73,0,daughter,,False,0.0005502683110505684,0.000750836079918778,1.442598644847886e-05,5.738759521437678e-06,3.625900662832244e-05,2.0662982488383408e-05,0.004724511843412103,0.00021316936412971543,0.0002785803623326577,0.00011879054941163418,9.314593042575101e-06,0.18295999413567565,0.005507111873314543,0.000750836079918778,5.738759521437678e-06,2.0662982488383408e-05,0.0002785803623326577,0.00021316936412971543,0.004724511843412103,9.314593042575101e-06,0.005507111873314543
73,1,daughter,,False,6.502816785764437e-06,2.01456908529364e-06,1.1125607488784412e-06,1.8738753836511972e-07,5.920916517463734e-06,9.516251694168764e-07,0.0004576516815369979,5.594337713435001e-07,3.321419494792514e-06,0.0008333216862332929,6.986756664856784e-05,0.0005138843625860062,4.683888424952456e-06,2.01456908529364e-06,1.8738753836511972e-07,9.516251694168764e-07,3.321419494792514e-06,5.594337713435001e-07,0.0004576516815369979,6.986756664856784e-05,4.683888424952456e-06
73,2,daughter,,False,2.4923252458203565e-05,6.014151777699533e-06,1.6187581436151335e-06,3.1875652166284776e-07,3.822911232549001e-06,7.889262586245034e-07,0.0004676088989121183,1.2411496080609794e-06,5.307507822667365e-06,0.0007955642203309994,7.208380258812108e-05,0.0005523259629862285,8.481104172358076e-06,6.014151777699533e-06,3.1875652166284776e-07,7.889262586245034e-07,5.307507822667365e-06,1.2411496080609794e-06,0.0004676088989121183,7.208380258812108e-05,8.481104172358076e-06
74,0,son,,False,8.750299760661308e-06,2.01456908529364e-06,1.1843139025979655e-06,2.332074525844782e-07,2.88571183887091e-06,8.398072034951531e-07,0.0004667426519547087,1.0451548051737735e-06,0.000211865052952336,7.67292412858718e-05,2.199533724320648e-05,0.0005147819588703148,4.264746818557914e-06,2.01456908529364e-06,2.332074525844782e-07,8.398072034951531e-07,0.000211865052952336,1.0451548051737735e-06,0.0004667426519547087,2.199533724320648e-05,4.264746818557914e-06
74,1,son,,False,8.426423087564058e-05,0.000747540544174614,1.0720880092159908e-05,5.649793328376294e-06,2.95957113513077e-05,1.6346470245419304e-05,0.004688888012200138,4.757645425657629e-06,0.00026239380687440516,0.00010987310729246431,1.609308249869283e-05,0.1963712669472377,0.006115540570572204,0.000747540544174614,5.649793328376294e-06,1.6346470245419304e-05,0.00026239380687440516,4.757645425657629e-06,0.004688888012200138,1.609308249869283e-05,0.006115540570572204
74,2,son,,False,0.0008499428966488963,0.000826865418337104,1.141223854434603e-05,6.605214485464791e-06,3.9821309061635425e-05,1.8522574326531083e-05,0.007416498952139332,0.0002196993293507774,0.0003508685300198559,0.0006949397826019072,9.915273115920183e-06,0.18284708198632843,0.0015787084252251885,0.000826865418337104,6.605214485464791e-06,1.8522574326531083e-05,0.0003508685300198559,0.0002196993293507774,0.007416498952139332,9.915273115920183e-06,0.0015787084252251885
75,0,child,,False,1.9110431587777674e-05,1.8342893327886845e-06,2.88571183887091e-06,3.500854414401442e-07,2.212566909570261e-06,6.339210403977636e-07,0.0004535069204989931,7.296379465971514e-07,4.006369222920725e-06,4.802972318863164e-05,1.4738981974494932e-06,0.0005323933551511255,3.7636447180974406e-06,1.8342893327886845e-06,3.500854414401442e-07,6.339210403977636e-07,4.006369222920725e-06,7.296379465971514e-07,0.0004535069204989931,1.4738981974494932e-06,3.7636447180974406e-06
75,1,child,,False,1.2148175280558357e-05,2.4300240743279605e-06,1.5206840370677115e-06,2.4824800371656586e-07,3.373722476473661e-06,6.540437226933637e-07,0.00045459430255551965,5.255395707074638e-07,4.331903899346328e-06,0.00010817152527255935,2.0662982488383408e-05,0.0005034054837533741,3.6478537675800286e-06,2.4300240743279605e-06,2.4824800371656586e-07,6.540437226933637e-07,4.331903899346328e-06,5.255395707074638e-07,0.00045459430255551965,2.0662982488383408e-05,3.6478537675800286e-06
75,2,child,,False,3.4062932773341e-05,2.88571183887091e-06,2.4682904407607285e-06,4.0929110499856e-07,2.840974294610978e-06,8.664653147910923e-07,0.0004683704714579369,9.516251694168764e-07,4.908661889889002e-06,3.8596609058077356e-05,8.664653147910923e-07,0.0005852836038915696,4.400118457925303e-06,2.88571183887091e-06,4.0929110499856e-07,8.664653147910923e-07,4.908661889889002e-06,9.516251694168764e-07,0.0004683704714579369,8.664653147910923e-07,4.400118457925303e-06
76,0,daughter,,False,1.4653129390717958e-05,2.627477314480822e-06,1.5689549727726036e-06,2.332074525844782e-07,4.069457790466838e-06,9.818326983657703e-07,0.0004699481884315314,1.7231572752142392e-06,0.00021239342043348654,9.110511944006454e-05,2.586743108135441e-06,0.0005214731209501454,7.722191834067996e-06,2.627477314480822e-06,2.332074525844782e-07,9.818326983657703e-07,0.00021239342043348654,1.7231572752142392e-06,0.0004699481884315314,2.586743108135441e-06,7.722191834067996e-06
76,1,daughter,,False,1.5118199327273332e-05,3.120191139396651e-06,2.355261854303796e-06,6.748051590048605e-07,3.373722476473661e-06,1.4738981974494932e-06,0.00048680965944992766,1.4064044342149064e-06,0.00022170870641199087,0.0030897177774876707,0.00019723357407638167,0.0005130006664921807,3.120191139396651e-06,3.120191139396651e-06,6.748051590048605e-07,1.4738981974494932e-06,0.00022170870641199087,1.4064044342149064e-06,0.00048680965944992766,0.00019723357407638167,3.120191139396651e-06
76,2,daughter,,False,2.4156629828672456e-05,3.2192334497037803e-06,1.7231572752142392e-06,2.561282210758673e-07,2.0785170435063726e-06,5.594337713435001e-07,0.0004663785886365138,8.267873072601938e-07,0.00021559222163915307,0.00015487610942879803,3.4062932773341e-05,0.0005147819588703148,3.6478537675800286e-06,3.2192334497037803e-06,2.561282210758673e-07,5.594337713435001e-07,0.00021559222163915307,8.267873072601938e-07,0.0004663785886365138,3.4062932773341e-05,3.6478537675800286e-06
77,0,son,,False,0.0005881933939738148,2.0662982488383408e-05,9.170196905195049e-06,2.5466403947055455e-06,8.61465062380632e-06,3.944258675190877e-06,0.0004950179375921885,1.4738981974494932e-06,0.00022170870641199087,0.05180327919217142,0.00011879054941163418,0.01631141672270682,3.3015272509780104e-05,2.0662982488383408e-05,2.5466403947055455e-06,3.944258675190877e-06,0.00022170870641199087,1.4738981974494932e-06,0.0004950179375921885,0.00011879054941163418,3.3015272509780104e-05
77,1,son,,False,2.7803096387751555e-05,5.475976980449466e-06,2.6688529572628562e-06,6.540437226933637e-07,3.8831109868779005e-06,1.1478768127080353e-06,0.0004909779660391795,1.1843139025979655e-06,0.00021332953715267472,0.0008817985412716716,4.802972318863164e-05,0.0011780402186782639,1.2731104162213555e-05,5.475976980449466e-06,6.540437226933637e-07,1.1478768127080353e-06,0.00021332953715267472,1.1843139025979655e-06,0.0004909779660391795,4.802972318863164e-05,1.2731104162213555e-05
77,2,son,,False,9.028039015031105e-06,2.2827997192887966e-06,1.5689549727726036e-06,2.9023119852110973e-07,3.120191139396651e-06,5.955139348629957e-07,0.00045663675831385605,5.77192003016332e-07,3.705296977158347e-06,0.00012843081201339694,3.740956047302422e-05,0.0005087832783276653,4.683888424952456e-06,2.2827997192887966e-06,2.9023119852110973e-07,5.955139348629957e-07,3.705296977158347e-06,5.77192003016332e-07,0.00045663675831385605,3.740956047302422e-05,4.683888424952456e-06
78,0,child,,False,0.0005857959236675918,0.0007580777271516936,1.2931563954607948e-05,5.562206273647035e-06,2.4923252458203565e-05,1.4202364022997911e-05,0.000588558381085324,0.00021257830142195017,0.00024775071036594654,0.0006949397826019072,6.605214485464791e-06,0.18382025582913317,0.002480599324390157,0.0007580777271516936,5.562206273647035e-06,1.4202364022997911e-05,0.00024775071036594654,0.00021257830142195017,0.000588558381085324,6.605214485464791e-06,0.002480599324390157
78,1,child,,False,2.6947915555885546e-05,2.7535691114583474e-06,2.1444948420913954e-06,3.9669859149467314e-07,2.627477314480822e-06,7.646537350121258e-07,0.0004730397933324441,1.2606946239951315e-06,5.562206273647035e-06,0.0007161476078247872,3.2699273422345685e-06,0.0005893550335994887,7.2543618230189156e-06,2.7535691114583474e-06,3.9669859149467314e-07,7.646537350121258e-07,5.562206273647035e-06,1.2606946239951315e-06,0.0004730397933324441,3.2699273422345685e-06,7.2543618230189156e-06
78,2,child,,False,1.8814207550495463e-05,1.8925148246037342e-06,2.0462932829931794e-06,2.72647027069593e-07,2.355261854303796e-06,5.955139348629957e-07,1.5476661605996512e-05,5.955139348629957e-07,3.321419494792514e-06,3.4062932773341e-05,8.139692624947503e-07,0.0005235230228025316,4.006369222920725e-06,1.8925148246037342e-06,2.72647027069593e-07,5.955139348629957e-07,3.321419494792514e-06,5.955139348629957e-07,1.5476661605996512e-05,8.139692624947503e-07,4.006369222920725e-06
79,0,daughter,,False,4.655269187520153e-05,1.3765463368900109e-05,4.61127481426412e-06,1.0451548051737735e-06,6.709224499600877e-06,1.7778551863194697e-06,0.0005234444916153969,1.4285517650093407e-06,0.0002253896128383855,0.00013458604012970922,1.1235328063870752e-05,0.01611352314297458,2.234163601827719e-05,1.3765463368900109e-05,1.0451548051737735e-06,1.7778551863194697e-06,0.0002253896128383855,1.4285517650093407e-06,0.0005234444916153969,1.1235328063870752e-05,2.234163601827719e-05
79,1,daughter,,False,1.141223854434603e-05,2.7535691114583474e-06,1.1125607488784412e-06,1.9333584585546466e-07,1.6187581436151335e-06,5.093705003229987e-07,0.00045945255747000983,1.1659530314852966e-06,5.391084403253366e-06,0.000770171190275983,8.040859356292355e-05,0.00048422495919655346,3.4268490542555014e-06,2.7535691114583474e-06,1.9333584585546466e-07,5.093705003229987e-07,5.391084403253366e-06,1.1659530314852966e-06,0.00045945255747000983,8.040859356292355e-05,3.4268490542555014e-06
79,2,daughter,,False,0.0005398135517506113,2.0662982488383408e-05,7.602479448313689e-06,2.5071593847983196e-06,7.368592981140821e-06,5.064471653194114e-06,0.004736463018754739,4.908661889889002e-06,0.0002730816594704283,0.019564213543644616,5.7031570707833595e-05,0.02362868180619667,2.868540823874629e-05,2.0662982488383408e-05,2.5071593847983196e-06,5.064471653194114e-06,0.0002730816594704283,4.908661889889002e-06,0.004736463018754739,5.7031570707833595e-05,2.868540823874629e-05
80,0,son,,False,7.096703991005882e-05,2.3413582477639402e-05,1.0071400221737608e-05,3.321419494792514e-06,7.843789122138342e-06,4.400118457925303e-06,0.000544502871111018,2.1112482331487175e-06,0.00022770387218484876,0.010158002718213734,9.547317110805593e-05,0.03212061202019892,6.986756664856784e-05,2.3413582477639402e-05,3.321419494792514e-06,4.400118457925303e-06,0.00022770387218484876,2.1112482331487175e-06,0.000544502871111018,9.547317110805593e-05,6.986756664856784e-05
80,1,son,,False,3.0061635882429376e-05,4.98595821272702e-06,4.006369222920725e-06,9.223470110117277e-07,5.064471653194114e-06,2.01456908529364e-06,0.0005388833495790435,1.5936620247162786e-06,0.00022570493397209223,0.0028962779470040876,0.00011335690050875118,0.0011600053574022634,5.649793328376294e-06,4.98595821272702e-06,9.223470110117277e-07,2.01456908529364e-06,0.00022570493397209223,1.5936620247162786e-06,0.0005388833495790435,0.00011335690050875118,5.649793328376294e-06
80,2,son,,False,6.605214485464791e-06,1.4738981974494932e-06,9.818326983657703e-07,1.9333584585546466e-07,4.908661889889002e-06,7.411279871974134e-07,1.5476661605996512e-05,3.726639284186561e-07,2.586743108135441e-06,0.00013250224172131609,2.4923252458203565e-05,0.0005096006331304874,5.475976980449466e-06,1.4738981974494932e-06,1.9333584585546466e-07,7.411279871974134e-07,2.586743108135441e-06,3.726639284186561e-07,1.5476661605996512e-05,2.4923252458203565e-05,5.475976980449466e-06
81,0,child,,False,8.167381046669487e-05,1.2731104162213555e-05,4.683888424952456e-06,1.7778551863194697e-06,7.14190139989638e-06,3.4808121961114687e-06,0.0004971468444439132,2.0462932829931794e-06,0.0002207184759315317,0.000782571800733567,1.15919343186331e-05,0.016064368539652724,1.15919343186331e-05,1.2731104162213555e-05,1.7778551863194697e-06,3.4808121961114687e-06,0.0002207184759315317,2.0462932829931794e-06,0.0004971468444439132,1.15919343186331e-05,1.15919343186331e-05
81,1,child,,False,0.0005700198491106524,2.0988308820313112e-05,8.220189478350845e-06,2.97731143841062e-06,8.349627818261147e-06,3.169325442919291e-06,0.0005397188950116925,3.7636447180974406e-06,0.00022770387218484876,0.002786458937919142,1.0071400221737608e-05,0.023444435314685402,4.8785712278226595e-05,2.0988308820313112e-05,2.97731143841062e-06,3.169325442919291e-06,0.00022770387218484876,3.7636447180974406e-06,0.0005397188950116925,1.0071400221737608e-05,4.8785712278226595e-05
81,2,child,,False,1.0071400221737608e-05,2.4300240743279605e-06,1.1125607488784412e-06,1.816222403812674e-07,2.3187477504664324e-06,5.77192003016332e-07,0.00047132059875871194,1.2219076020491008e-06,0.00021559222163915307,8.295891883591029e-05,9.915273115920183e-06,0.0004948512433533591,1.5689549727726036e-06,2.4300240743279605e-06,1.816222403812674e-07,5.77192003016332e-07,0.00021559222163915307,1.2219076020491008e-06,0.00047132059875871194,9.915273115920183e-06,1.5689549727726036e-06
82,0,daughter,,False,2.234163601827719e-05,5.391084403253366e-06,2.5071593847983196e-06,6.643433442159853e-07,3.2699273422345685e-06,1.7231572752142392e-06,0.0004890619248024814,4.936988949458183e-07,0.0002202460844238597,0.0007661644959617213,6.502816785764437e-06,0.0013060039544166998,1.3982207564732913e-05,5.391084403253366e-06,6.643433442159853e-07,1.7231572752142392e-06,0.0002202460844238597,4.936988949458183e-07,0.0004890619248024814,6.502816785764437e-06,1.3982207564732913e-05
82,1,daughter,,False,1.4653129390717958e-05,3.373722476473661e-06,1.8342893327886845e-06,3.089494448007139e-07,3.4268490542555014e-06,7.889262586245034e-07,0.0005666201741768512,2.01456908529364e-06,0.0002310764341461493,0.00010162440410680168,2.0342697805520655e-05,0.0005300709180442588,3.024195853395102e-06,3.373722476473661e-06,3.089494448007139e-07,7.889262586245034e-07,0.0002310764341461493,2.01456908529364e-06,0.0005666201741768512,2.0342697805520655e-05,3.024195853395102e-06
82,2,daughter,,False,0.0005578016147538543,3.150386940813393e-05,7.2543618230189156e-06,3.169325442919291e-06,1.5598027633743823e-05,5.649793328376294e-06,0.0005182810528185505,2.5466403947055455e-06,0.00022989918422083383,0.002851410837716049,6.771942330385674e-05,0.022978794291859707,2.913700606794303e-05,3.150386940813393e-05,3.169325442919291e-06,5.649793328376294e-06,0.00022989918422083383,2.5466403947055455e-06,0.0005182810528185505,6.771942330385674e-05,2.913700606794303e-05
83,0,son,,False,4.373344035182828e-05,8.092757566536092e-06,5.144221374220898e-06,1.4285517650093407e-06,4.832563818725537e-06,2.212566909570261e-06,0.0004726024159923188,7.183260399857925e-07,0.00021196745065203636,0.06520399201498722,0.0005730246514992079,0.010106130587133003,1.535623976496012e-05,8.092757566536092e-06,1.4285517650093407e-06,2.212566909570261e-06,0.00021196745065203636,7.183260399857925e-07,0.0004726024159923188,0.0005730246514992079,1.535623976496012e-05
83,1,son,,False,0.000567903324674726,0.0007651998691810468,1.3135179706526775e-05,6.605214485464791e-06,2.5315637215092633e-05,1.8235460794662427e-05,0.0005977805771146261,4.264746818557914e-06,0.00024277179663959579,0.0007098506750714406,3.9204178923762816e-05,0.1849778205445321,0.00350665942271811,0.0007651998691810468,6.605214485464791e-06,1.8235460794662427e-05,0.00024277179663959579,4.264746818557914e-06,0.0005977805771146261,3.9204178923762816e-05,0.00350665942271811
83,2,son,,False,2.1318756129065198e-05,3.2192334497037803e-06,2.7535691114583474e-06,5.594337713435001e-07,2.3923509443082866e-06,1.3846004563753396e-06,0.000507638051460488,1.5936620247162786e-06,0.000223597696961234,0.00089952090870963,7.793660930208434e-05,0.0005385266023448675,3.6478537675800286e-06,3.2192334497037803e-06,5.594337713435001e-07,1.3846004563753396e-06,0.000223597696961234,1.5936620247162786e-06,0.000507638051460488,7.793660930208434e-05,3.6478537675800286e-06
84,0,child,,False,1.4653129390717958e-05,3.024195853395102e-06,1.670142184809518e-06,2.994440981371515e-07,2.4300240743279605e-06,6.540437226933637e-07,0.0004737802338585972,7.889262586245034e-07,0.00021228441957103978,0.0007742406513215074,4.044814978420809e-05,0.0005372613854410962,4.683888424952456e-06,3.024195853395102e-06,2.994440981371515e-07,6.540437226933637e-07,0.00021228441957103978,7.889262586245034e-07,0.0004737802338585972,4.044814978420809e-05,4.683888424952456e-06
84,1,child,,False,1.2339457598623173e-05,2.5071593847983196e-06,1.4285517650093407e-06,2.6425858208426533e-07,3.4808121961114687e-06,7.183260399857925e-07,0.0004582660558828788,8.013499398837462e-07,5.307507822667365e-06,0.0001064962672055945,2.95957113513077e-05,0.0005071863494234538,3.535625074174432e-06,2.5071593847983196e-06,2.6425858208426533e-07,7.183260399857925e-07,5.307507822667365e-06,8.013499398837462e-07,0.0004582660558828788,2.95957113513077e-05,3.535625074174432e-06
84,2,child,,False,2.7803096387751555e-05,4.198630823683514e-06,1.670142184809518e-06,5.77192003016332e-07,2.796930302582677e-06,1.0451548051737735e-06,0.00045614685345612537,4.222833444659923e-07,4.98595821272702e-06,0.0028344121635247347,6.667023092435894e-05,0.0005873034565397543,9.028039015031105e-06,4.198630823683514e-06,5.77192003016332e-07,1.0451548051737735e-06,4.98595821272702e-06,4.222833444659923e-07,0.00045614685345612537,6.667023092435894e-05,9.028039015031105e-06
85,0,daughter,,False,2.913700606794303e-05,3.373722476473661e-06,3.321419494792514e-06,4.78509449489012e-07,1.6442494559854523e-06,5.77192003016332e-07,0.00046070083675492065,8.530321297909616e-07,5.649793328376294e-06,0.0009309527809802363,7.793660930208434e-05,0.0005702096923869237,6.40200641038395e-06,3.373722476473661e-06,4.78509449489012e-07,5.77192003016332e-07,5.649793328376294e-06,8.530321297909616e-07,0.00046070083675492065,7.793660930208434e-05,6.40200641038395e-06
85,1,daughter,,False,5.27478412523148e-05,2.913700606794303e-05,6.605214485464791e-06,2.6688529572628562e-06,1.177445922838707e-05,6.10885510164857e-06,0.0005980973566615599,3.5913010679499402e-06,0.00024709381223434357,0.00011695102650555148,2.2693385749600554e-05,0.08316938824627912,0.0016082622770097628,2.913700606794303e-05,2.6688529572628562e-06,6.10885510164857e-06,0.00024709381223434357,3.5913010679499402e-06,0.0005980973566615599,2.2693385749600554e-05,0.0016082622770097628
85,2,daughter,,False,1.8522574326531083e-05,2.586743108135441e-06,3.169325442919291e-06,2.4061023397180247e-07,3.024195853395102e-06,7.889262586245034e-07,0.00047021840153368906,1.0451548051737735e-06,5.475976980449466e-06,4.238847419937498e-05,2.5071593847983196e-06,0.0005335820331640444,2.931153855960119e-06,2.586743108135441e-06,2.4061023397180247e-07,7.889262586245034e-07,5.475976980449466e-06,1.0451548051737735e-06,0.00047021840153368906,2.5071593847983196e-06,2.931153855960119e-06
86,0,son,,False,2.0027376671813928e-05,3.5913010679499402e-06,1.6187581436151335e-06,3.089494448007139e-07,2.1444948420913954e-06,5.955139348629957e-07,0.0004630706616311211,6.339210403977636e-07,3.6478537675800286e-06,0.00016743993037101191,2.199533724320648e-05,0.0005360157526065469,7.722191834067996e-06,3.5913010679499402e-06,3.089494448007139e-07,5.955139348629957e-07,3.6478537675800286e-06,6.339210403977636e-07,0.0004630706616311211,2.199533724320648e-05,7.722191834067996e-06
86,1,son,,False,0.0005765709440160247,4.655269187520153e-05,1.2931563954607948e-05,3.7636447180974406e-06,2.3782205064034188e-05,1.177445922838707e-05,0.004703551846976049,0.00021239327621036451,0.0002581100774188864,0.00010005044009099887,6.014151777699533e-06,0.18309462970950702,0.005477108266162027,4.655269187520153e-05,3.7636447180974406e-06,1.177445922838707e-05,0.0002581100774188864,0.00021239327621036451,0.004703551846976049,6.014151777699533e-06,0.005477108266162027
86,2,son,,False,3.1999824407395835e-05,8.888084683809127e-06,5.225226840386988e-06,1.4971083692627422e-06,6.302758756443267e-06,2.3187477504664324e-06,0.0004957192836172622,1.3846004563753396e-06,0.000223597696961234,0.0001206589712246389,4.98595821272702e-06,0.016222660719717993,2.1318756129065198e-05,8.888084683809127e-06,1.4971083692627422e-06,2.3187477504664324e-06,0.000223597696961234,1.3846004563753396e-06,0.0004957192836172622,4.98595821272702e-06,2.1318756129065198e-05
87,0,child,,False,1.8814207550495463e-05,2.01456908529364e-06,1.5689549727726036e-06,3.6119830612765795e-07,2.0462932829931794e-06,7.889262586245034e-07,0.0004552008131639649,6.643433442159853e-07,4.61127481426412e-06,0.0008091765268185392,6.814872211615988e-06,0.0005130006664921807,3.321419494792514e-06,2.01456908529364e-06,3.6119830612765795e-07,7.889262586245034e-07,4.61127481426412e-06,6.643433442159853e-07,0.0004552008131639649,6.814872211615988e-06,3.321419494792514e-06
87,1,child,,False,1.3342001090985438e-05,2.7535691114583474e-06,1.6187581436151335e-06,4.356879983467376e-07,3.2699273422345685e-06,8.664653147910923e-07,0.0004543717013361988,6.144174602214718e-07,3.822911232549001e-06,0.0008138567562898873,5.4421326243255744e-05,0.0005372613854410962,4.98595821272702e-06,2.7535691114583474e-06,4.356879983467376e-07,8.664653147910923e-07,3.822911232549001e-06,6.144174602214718e-07,0.0004543717013361988,5.4421326243255744e-05,4.98595821272702e-06
87,2,child,,False,3.625900662832244e-05,4.53978687024344e-06,2.4682904407607285e-06,5.093705003229987e-07,5.920916517463734e-06,1.4064044342149064e-06,0.00047348232244292843,1.6964426510543331e-06,0.00021217710837818755,6.986756664856784e-05,1.3420013504783412e-06,0.001154358460870045,6.205049602300744e-06,4.53978687024344e-06,5.093705003229987e-07,1.4064044342149064e-06,0.00021217710837818755,1.6964426510543331e-06,0.00047348232244292843,1.3420013504783412e-06,6.205049602300744e-06
88,0,daughter,,False,1.1235328063870752e-05,1.9525885208642222e-06,1.8342893327886845e-06,1.7603432133424857e-07,4.006369222920725e-06,6.962256250138369e-07,1.5843621910252592e-05,4.289333109916098e-07,3.0718185454758057e-06,4.238847419937498e-05,1.9525885208642222e-06,0.0004883566612863065,3.024195853395102e-06,1.9525885208642222e-06,1.7603432133424857e-07,6.962256250138369e-07,3.0718185454758057e-06,4.289333109916098e-07,1.5843621910252592e-05,1.9525885208642222e-06,3.024195853395102e-06
88,1,daughter,,False,7.602479448313689e-06,1.5206840370677115e-06,1.3007128466476034e-06,1.370957206857845e-07,2.931153855960119e-06,6.748051590048605e-07,0.0004534366679024197,5.594337713435001e-07,3.705296977158347e-06,6.667023092435894e-05,2.710880136557205e-06,0.00048598979794611563,3.7636447180974406e-06,1.5206840370677115e-06,1.370957206857845e-07,6.748051590048605e-07,3.705296977158347e-06,5.594337713435001e-07,0.0004534366679024197,2.710880136557205e-06,3.7636447180974406e-06
88,2,daughter,,False,6.40200641038395e-06,1.6187581436151335e-06,9.818326983657703e-07,2.0580491096133835e-07,5.144221374220898e-06,9.223470110117277e-07,1.6346470245419304e-05,4.222833444659923e-07,2.627477314480822e-06,0.00012255674483830522,3.740956047302422e-05,0.0004999085000106341,4.400118457925303e-06,1.6187581436151335e-06,2.0580491096133835e-07,9.223470110117277e-07,2.627477314480822e-06,4.222833444659923e-07,1.6346470245419304e-05,3.740956047302422e-05,4.400118457925303e-06
89,0,son,,False,0.0005881933939738148,3.150386940813393e-05,1.1235328063870752e-05,4.198630823683514e-06,1.5118199327273332e-05,7.843789122138342e-06,0.000576107714528008,4.832563818725537e-06,0.00023542387204900095,0.02001933314017697,0.0003824483644637211,0.023555677830626717,5.0333557545281144e-05,3.150386940813393e-05,4.198630823683514e-06,7.843789122138342e-06,0.00023542387204900095,4.832563818725537e-06,0.000576107714528008,0.0003824483644637211,5.0333557545281144e-05
89,1,son,,False,2.3782205064034188e-05,2.6688529572628562e-06,1.9525885208642222e-06,2.994440981371515e-07,2.2827997192887966e-06,5.255395707074638e-07,0.0004552008131639649,6.339210403977636e-07,3.705296977158347e-06,0.00015011822567369918,3.0534893211185946e-05,0.0005079785823772643,3.6478537675800286e-06,2.6688529572628562e-06,2.994440981371515e-07,5.255395707074638e-07,3.705296977158347e-06,6.339210403977636e-07,0.0004552008131639649,3.0534893211185946e-05,3.6478537675800286e-06
89,2,son,,False,0.0006074156510173007,1.0071400221737608e-05,7.14190139989638e-06,7.889262586245034e-07,5.649793328376294e-06,1.3211958228877664e-06,0.00046416927920648823,1.3846004563753396e-06,5.225226840386988e-06,0.0008045684283044233,6.605214485464791e-06,0.0011488846913063758,7.368592981140821e-06,1.0071400221737608e-05,7.889262586245034e-07,1.3211958228877664e-06,5.225226840386988e-06,1.3846004563753396e-06,0.00046416927920648823,6.605214485464791e-06,7.368592981140821e-06
90,0,child,,False,6.166297347617125e-05,6.922183404468203e-06,4.198630823683514e-06,9.368717268777097e-07,2.796930302582677e-06,1.0129990980873922e-06,0.0005054879354350698,1.3420013504783412e-06,0.00021891431472897835,0.0007193703321376295,5.391084403253366e-06,0.010192263297697799,1.442598644847886e-05,6.922183404468203e-06,9.368717268777097e-07,1.0129990980873922e-06,0.00021891431472897835,1.3420013504783412e-06,0.0005054879354350698,5.391084403253366e-06,1.442598644847886e-05
90,1,child,,False,2.4923252458203565e-05,3.024195853395102e-06,2.2474089854291757e-06,4.356879983467376e-07,3.0718185454758057e-06,9.516251694168764e-07,0.00045808880359012337,7.889262586245034e-07,3.6478537675800286e-06,0.000138852327569001,1.5206840370677115e-06,0.0011600053574022634,1.3982207564732913e-05,3.024195853395102e-06,4.356879983467376e-07,9.516251694168764e-07,3.6478537675800286e-06,7.889262586245034e-07,0.00045808880359012337,1.5206840370677115e-06,1.3982207564732913e-05
90,2,child,,False,3.3015272509780104e-05,3.120191139396651e-06,3.7636447180974406e-06,3.84493505874534e-07,2.212566909570261e-06,6.144174602214718e-07,0.0004573934753055137,6.85431721163334e-07,4.53978687024344e-06,2.8240807799315707e-05,1.3007128466476034e-06,0.0005523259629862285,4.98595821272702e-06,3.120191139396651e-06,3.84493505874534e-07,6.144174602214718e-07,4.53978687024344e-06,6.85431721163334e-07,0.0004573934753055137,1.3007128466476034e-06,4.98595821272702e-06
91,0,daughter,,False,1.0071400221737608e-05,1.6187581436151335e-06,1.1125607488784412e-06,1.7061832388634166e-07,2.0785170435063726e-06,5.955139348629957e-07,1.647465607888151e-05,5.955139348629957e-07,3.6478537675800286e-06,0.00013670256456563558,2.3413582477639402e-05,0.0005034054837533741,3.535625074174432e-06,1.6187581436151335e-06,1.7061832388634166e-07,5.955139348629957e-07,3.6478537675800286e-06,5.955139348629957e-07,1.647465607888151e-05,2.3413582477639402e-05,3.535625074174432e-06
91,1,daughter,,False,6.986756664856784e-05,3.4062932773341e-05,9.461262661302227e-06,4.1335397768930325e-06,1.5598027633743823e-05,9.610241549947397e-06,0.0005510739516829163,2.7535691114583474e-06,0.00023404764440531787,0.00015011822567369918,3.0061635882429376e-05,0.08334552647624408,0.0016120876359939614,3.4062932773341e-05,4.1335397768930325e-06,9.610241549947397e-06,0.00023404764440531787,2.7535691114583474e-06,0.0005510739516829163,3.0061635882429376e-05,0.0016120876359939614
91,2,daughter,,False,2.1654404989510328e-05,3.321419494792514e-06,4.264746818557914e-06,6.962256250138369e-07,3.321419494792514e-06,1.2219076020491008e-06,0.00047981906856274953,1.2029639084557005e-06,0.00021978822261505042,0.0028601092173492736,0.000138852327569001,0.000510430845712912,3.4268490542555014e-06,3.321419494792514e-06,6.962256250138369e-07,1.2219076020491008e-06,0.00021978822261505042,1.2029639084557005e-06,0.00047981906856274953,0.000138852327569001,3.4268490542555014e-06
92,0,son,,False,2.0988308820313112e-05,3.120191139396651e-06,1.5689549727726036e-06,5.255395707074638e-07,2.2474089854291757e-06,6.540437226933637e-07,0.0004663785886365138,5.093705003229987e-07,5.920916517463734e-06,0.0008091765268185392,5.357805383473943e-05,0.0005684542178624818,6.205049602300744e-06,3.120191139396651e-06,5.255395707074638e-07,6.540437226933637e-07,5.920916517463734e-06,5.093705003229987e-07,0.0004663785886365138,5.357805383473943e-05,6.205049602300744e-06
92,1,son,,False,4.955359475635505e-05,6.205049602300744e-06,3.705296977158347e-06,5.862814011886353e-07,2.710880136557205e-06,7.889262586245034e-07,0.0004736309874439777,8.267873072601938e-07,0.00021439027518160267,0.00012644219446392274,1.535623976496012e-05,0.0011812131826251435,8.220189478350845e-06,6.205049602300744e-06,5.862814011886353e-07,7.889262586245034e-07,0.00021439027518160267,8.267873072601938e-07,0.0004736309874439777,1.535623976496012e-05,8.220189478350845e-06
92,2,son,,False,3.799845147518645e-05,6.605214485464791e-06,3.373722476473661e-06,6.748051590048605e-07,3.705296977158347e-06,7.646537350121258e-07,0.0004947859739034479,1.3420013504783412e-06,0.00022222751156548602,7.437028637763686e-05,9.028039015031105e-06,0.0005569032319691715,4.53978687024344e-06,6.605214485464791e-06,6.748051590048605e-07,7.646537350121258e-07,0.00022222751156548602,1.3420013504783412e-06,0.0004947859739034479,9.028039015031105e-06,4.53978687024344e-06
93,0,child,,False,2.0988308820313112e-05,3.4268490542555014e-06,2.586743108135441e-06,5.093705003229987e-07,3.120191139396651e-06,8.398072034951531e-07,0.00047274763973393307,7.411279871974134e-07,0.00021527750928249177,7.554056327295277e-05,8.61465062380632e-06,0.0005523259629862285,3.535625074174432e-06,3.4268490542555014e-06,5.093705003229987e-07,8.398072034951531e-07,0.00021527750928249177,7.411279871974134e-07,0.00047274763973393307,8.61465062380632e-06,3.535625074174432e-06
93,1,child,,False,3.0061635882429376e-05,4.757645425657629e-06,3.8831109868779005e-06,8.398072034951531e-07,3.8831109868779005e-06,1.4738981974494932e-06,0.0005064509108778008,1.0616134237448653e-06,0.00022417644371706703,0.002749761539826477,7.554056327295277e-05,0.0006046470898997678,4.683888424952456e-06,4.757645425657629e-06,8.398072034951531e-07,1.4738981974494932e-06,0.00022417644371706703,1.0616134237448653e-06,0.0005064509108778008,7.554056327295277e-05,4.683888424952456e-06
93,2,child,,False,2.199533724320648e-05,3.373722476473661e-06,2.2827997192887966e-06,5.255395707074638e-07,3.169325442919291e-06,1.0129990980873922e-06,0.00046901888401438977,1.2805474213228684e-06,0.00021166499492301485,0.0007362579817833515,3.705296977158347e-06,0.0005873034565397543,7.0311842669149565e-06,3.373722476473661e-06,5.255395707074638e-07,1.0129990980873922e-06,0.00021166499492301485,1.2805474213228684e-06,0.00046901888401438977,3.705296977158347e-06,7.0311842669149565e-06
94,0,daughter,,False,0.000595613990691901,0.0007459683484318774,1.609308249869283e-05,7.843789122138342e-06,2.737216731838081e-05,1.0889691002655445e-05,0.004740572204702999,0.00021316936412971543,0.000249784072058715,0.0008594156731411163,6.263341581094202e-05,0.12918170494826156,0.005465743236865414,0.0007459683484318774,7.843789122138342e-06,1.0889691002655445e-05,0.000249784072058715,0.00021316936412971543,0.004740572204702999,6.263341581094202e-05,0.005465743236865414
94,1,daughter,,False,1.971694219622292e-05,5.307507822667365e-06,1.5206840370677115e-06,5.77192003016332e-07,4.908661889889002e-06,1.3007128466476034e-06,0.0005029394593519703,8.80110037979258e-07,0.00021608311625873148,0.0007293448983675676,3.459916031782155e-05,0.010100664400732217,1.6865275398914433e-05,5.307507822667365e-06,5.77192003016332e-07,1.3007128466476034e-06,0.00021608311625873148,8.80110037979258e-07,0.0005029394593519703,3.459916031782155e-05,1.6865275398914433e-05
94,2,daughter,,False,2.95957113513077e-05,3.705296977158347e-06,2.1444948420913954e-06,5.955139348629957e-07,2.840974294610978e-06,8.398072034951531e-07,0.000471672153940249,7.646537350121258e-07,0.00021384334033892964,0.00016743993037101191,8.092757566536092e-06,0.0005385266023448675,6.40200641038395e-06,3.705296977158347e-06,5.955139348629957e-07,8.398072034951531e-07,0.00021384334033892964,7.646537350121258e-07,0.000471672153940249,8.092757566536092e-06,6.40200641038395e-06
95,0,son,,False,1.971694219622292e-05,2.7535691114583474e-06,1.6187581436151335e-06,2.4061023397180247e-07,2.2474089854291757e-06,5.422218970016178e-07,0.0004534366679024197,5.422218970016178e-07,3.2192334497037803e-06,0.0007259681821955923,4.108485376346404e-05,0.0004925498553819385,3.024195853395102e-06,2.7535691114583474e-06,2.4061023397180247e-07,5.422218970016178e-07,3.2192334497037803e-06,5.422218970016178e-07,0.0004534366679024197,4.108485376346404e-05,3.024195853395102e-06
95,1,son,,False,6.667023092435894e-05,1.2148175280558357e-05,4.264746818557914e-06,1.3420013504783412e-06,4.400118457925303e-06,2.355261854303796e-06,0.00046915009215671465,8.664653147910923e-07,0.00021207146066617245,0.05236427345929004,0.00041339680904524455,0.0012742421016188955,1.5843621910252592e-05,1.2148175280558357e-05,1.3420013504783412e-06,2.355261854303796e-06,0.00021207146066617245,8.664653147910923e-07,0.00046915009215671465,0.00041339680904524455,1.5843621910252592e-05
95,2,son,,False,1.7400543552708932e-05,4.1335397768930325e-06,1.7778551863194697e-06,3.500854414401442e-07,3.0718185454758057e-06,1.0451548051737735e-06,0.00045908104511603316,8.139692624947503e-07,4.832563818725537e-06,0.003077507246275801,8.559006367452268e-05,0.0005372613854410962,1.0229985472581487e-05,4.1335397768930325e-06,3.500854414401442e-07,1.0451548051737735e-06,4.832563818725537e-06,8.139692624947503e-07,0.00045908104511603316,8.559006367452268e-05,1.0229985472581487e-05
96,0,child,,False,4.442183589214344e-05,9.314593042575101e-06,3.4268490542555014e-06,1.9223170236538178e-06,4.61127481426412e-06,2.1444948420913954e-06,0.0004760902660503319,6.540437226933637e-07,0.00021659756423044233,0.03776883679259123,0.000439941316273649,0.015989655153436845,2.6947915555885546e-05,9.314593042575101e-06,1.9223170236538178e-06,2.1444948420913954e-06,0.00021659756423044233,6.540437226933637e-07,0.0004760902660503319,0.000439941316273649,2.6947915555885546e-05
96,1,child,,False,7.967300986103147e-06,2.0785170435063726e-06,1.4285517650093407e-06,2.6425858208426533e-07,3.2699273422345685e-06,8.139692624947503e-07,0.0004530208647415158,6.540437226933637e-07,3.4268490542555014e-06,0.0007193703321376295,4.238847419937498e-05,0.0005138843625860062,4.53978687024344e-06,2.0785170435063726e-06,2.6425858208426533e-07,8.139692624947503e-07,3.4268490542555014e-06,6.540437226933637e-07,0.0004530208647415158,4.238847419937498e-05,4.53978687024344e-06
96,2,child,,False,0.000581111582566612,7.602479448313689e-06,8.750299760661308e-06,1.0783312222985275e-06,2.6688529572628562e-06,1.7231572752142392e-06,0.0005404587283675982,2.5466403947055455e-06,0.00025264767961860266,0.0007868354905725904,9.461262661302227e-06,0.0012476373755339234,5.144221374220898e-06,7.602479448313689e-06,1.0783312222985275e-06,1.7231572752142392e-06,0.00025264767961860266,2.5466403947055455e-06,0.0005404587283675982,9.461262661302227e-06,5.144221374220898e-06
97,0,daughter,,False,1.0391067562761452e-05,1.5689549727726036e-06,1.4738981974494932e-06,3.1875652166284776e-07,1.8925148246037342e-06,8.664653147910923e-07,1.4091855924157303e-05,4.0929110499856e-07,3.321419494792514e-06,0.0008704335119750585,6.563728324346652e-05,0.0005071863494234538,4.1335397768930325e-06,1.5689549727726036e-06,3.1875652166284776e-07,8.664653147910923e-07,3.321419494792514e-06,4.0929110499856e-07,1.4091855924157303e-05,6.563728324346652e-05,4.1335397768930325e-06
97,1,daughter,,False,8.888084683809127e-06,1.670142184809518e-06,1.3420013504783412e-06,2.123378462433771e-07,2.710880136557205e-06,5.594337713435001e-07,1.7265154827585877e-05,4.356879983467376e-07,3.7636447180974406e-06,9.253848866495987e-05,2.4156629828672456e-05,2.234163601827719e-05,2.7535691114583474e-06,1.670142184809518e-06,2.123378462433771e-07,5.594337713435001e-07,3.7636447180974406e-06,4.356879983467376e-07,1.7265154827585877e-05,2.4156629828672456e-05,2.7535691114583474e-06
97,2,daughter,,False,2.6119031909571944e-05,4.832563818725537e-06,4.832563818725537e-06,1.1478768127080353e-06,5.920916517463734e-06,2.586743108135441e-06,0.0005341770830170867,1.8925148246037342e-06,0.00022989918422083383,0.010312410400820201,0.00022518472795030202,0.0006001064513491806,7.722191834067996e-06,4.832563818725537e-06,1.1478768127080353e-06,2.586743108135441e-06,0.00022989918422083383,1.8925148246037342e-06,0.0005341770830170867,0.00022518472795030202,7.722191834067996e-06
98,0,son,,False,1.4202364022997911e-05,4.61127481426412e-06,2.586743108135441e-06,5.255395707074638e-07,7.2543618230189156e-06,1.5206840370677115e-06,1.6219281637167375e-05,6.339210403977636e-07,3.0718185454758057e-06,0.0008283415380815684,6.361912109467577e-05,0.0005372613854410962,6.014151777699533e-06,4.61127481426412e-06,5.255395707074638e-07,1.5206840370677115e-06,3.0718185454758057e-06,6.339210403977636e-07,1.6219281637167375e-05,6.361912109467577e-05,6.014151777699533e-06
98,1,son,,True,0.0006482122129075596,0.0008133657801810737,2.3782205064034188e-05,1.0554685795431098e-05,4.373344035182828e-05,2.2693385749600554e-05,0.004740572204702999,0.00021348633304871885,0.0002699825652385443,0.00013250224172131609,1.488384825728813e-05,0.35499247435763426,0.016035185643107828,0.0008133657801810737,1.0554685795431098e-05,2.2693385749600554e-05,0.0002699825652385443,0.00021348633304871885,0.004740572204702999,1.488384825728813e-05,0.016035185643107828
98,2,son,,False,5.193048644949271e-05,7.2543618230189156e-06,8.220189478350845e-06,1.5689549727726036e-06,4.908661889889002e-06,2.5071593847983196e-06,0.000546867780689515,2.5071593847983196e-06,0.00024336068764175802,0.0007661644959617213,1.7400543552708932e-05,0.0012650969304107685,8.220189478350845e-06,7.2543618230189156e-06,1.5689549727726036e-06,2.5071593847983196e-06,0.00024336068764175802,2.5071593847983196e-06,0.000546867780689515,1.7400543552708932e-05,8.220189478350845e-06
99,0,child,,False,1.2339457598623173e-05,2.7535691114583474e-06,2.4300240743279605e-06,3.9669859149467314e-07,1.8342893327886845e-06,6.962256250138369e-07,1.0150383174795513e-05,4.222833444659923e-07,2.586743108135441e-06,0.00010987310729246431,3.0534893211185946e-05,0.0005079785823772643,4.264746818557914e-06,2.7535691114583474e-06,3.9669859149467314e-07,6.962256250138369e-07,2.586743108135441e-06,4.222833444659923e-07,1.0150383174795513e-05,3.0534893211185946e-05,4.264746818557914e-06
99,1,child,,False,2.3413582477639402e-05,3.7636447180974406e-06,4.53978687024344e-06,1.0783312222985275e-06,2.97731143841062e-06,1.4285517650093407e-06,0.000490331794854473,7.527989669055592e-07,0.0002204804354938449,0.0030305010247946448,0.00012644219446392274,0.0006001064513491806,7.967300986103147e-06,3.7636447180974406e-06,1.0783312222985275e-06,1.4285517650093407e-06,0.0002204804354938449,7.527989669055592e-07,0.000490331794854473,0.00012644219446392274,7.967300986103147e-06
99,2,child,,False,1.2339457598623173e-05,2.01456908529364e-06,1.7778551863194697e-06,3.84493505874534e-07,2.3187477504664324e-06,8.398072034951531e-07,0.0004568026270968072,5.955139348629957e-07,5.307507822667365e-06,0.00016743993037101191,4.583129006350382e-05,0.0004909157246515137,4.832563818725537e-06,2.01456908529364e-06,3.84493505874534e-07,8.398072034951531e-07,5.307507822667365e-06,5.955139348629957e-07,0.0004568026270968072,4.583129006350382e-05,4.832563818725537e-06
100,0,daughter,,False,9.761566060239504e-06,2.212566909570261e-06,2.0785170435063726e-06,3.3931448129766124e-07,2.4300240743279605e-06,6.962256250138369e-07,1.3873412257921791e-05,4.78509449489012e-07,3.7636447180974406e-06,0.0008435169429986132,8.040859356292355e-05,0.0004914519521959942,4.1335397768930325e-06,2.212566909570261e-06,3.3931448129766124e-07,6.962256250138369e-07,3.7636447180974406e-06,4.78509449489012e-07,1.3873412257921791e-05,8.040859356292355e-05,4.1335397768930325e-06
100,1,daughter,,False,4.955359475635505e-05,3.7636447180974406e-06,4.198630823683514e-06,4.5659700648367735e-07,2.710880136557205e-06,7.646537350121258e-07,0.0004956018218002171,1.0783312222985275e-06,0.0002167744747109176,7.554056327295277e-05,3.024195853395102e-06,0.0005702096923869237,7.0311842669149565e-06,3.7636447180974406e-06,4.5659700648367735e-07,7.646537350121258e-07,0.0002167744747109176,1.0783312222985275e-06,0.0004956018218002171,3.024195853395102e-06,7.0311842669149565e-06
100,2,daughter,,False,2.571419797957771e-05,5.144221374220898e-06,4.069457790466838e-06,8.398072034951531e-07,3.8831109868779005e-06,1.7778551863194697e-06,0.0005227605740569567,2.01456908529364e-06,0.00022735757340977805,0.0028344121635247347,9.547317110805593e-05,0.0011600053574022634,8.750299760661308e-06,5.144221374220898e-06,8.398072034951531e-07,1.7778551863194697e-06,0.00022735757340977805,2.01456908529364e-06,0.0005227605740569567,9.547317110805593e-05,8.750299760661308e-06
101,0,son,,False,5.112579049909173e-05,2.4923252458203565e-05,6.814872211615988e-06,2.97731143841062e-06,1.5118199327273332e-05,8.61465062380632e-06,0.014647267344526782,0.0002145314506303538,0.00027744603875469264,0.00014779429802159512,2.3782205064034188e-05,0.04725585015705573,0.0015940995729907183,2.4923252458203565e-05,2.97731143841062e-06,8.61465062380632e-06,0.00027744603875469264,0.0002145314506303538,0.014647267344526782,2.3782205064034188e-05,0.0015940995729907183
101,1,son,,False,1.0889691002655445e-05,3.024195853395102e-06,1.7778551863194697e-06,3.1875652166284776e-07,4.98595821272702e-06,1.0129990980873922e-06,0.0004992272902987045,1.3420013504783412e-06,0.00021439027518160267,9.253848866495987e-05,2.3413582477639402e-05,0.0005508471799444582,7.967300986103147e-06,3.024195853395102e-06,3.1875652166284776e-07,1.0129990980873922e-06,0.00021439027518160267,1.3420013504783412e-06,0.0004992272902987045,2.3413582477639402e-05,7.967300986103147e-06
101,2,son,,False,8.295891883591029e-05,2.1318756129065198e-05,7.2543618230189156e-06,2.4300240743279605e-06,8.349627818261147e-06,2.840974294610978e-06,0.0004922932229656134,1.0451548051737735e-06,0.00021713669539495865,0.0007742406513215074,6.166297347617125e-05,0.023327050239568117,3.9204178923762816e-05,2.1318756129065198e-05,2.4300240743279605e-06,2.840974294610978e-06,0.00021713669539495865,1.0451548051737735e-06,0.0004922932229656134,6.166297347617125e-05,3.9204178923762816e-05
102,0,child,,False,1.9110431587777674e-05,4.264746818557914e-06,2.01456908529364e-06,3.6119830612765795e-07,4.1335397768930325e-06,1.0129990980873922e-06,0.00045696979624789015,7.527989669055592e-07,4.264746818557914e-06,0.00014325365947100792,2.6119031909571944e-05,0.0005235230228025316,4.006369222920725e-06,4.264746818557914e-06,3.6119830612765795e-07,1.0129990980873922e-06,4.264746818557914e-06,7.527989669055592e-07,0.00045696979624789015,2.6119031909571944e-05,4.006369222920725e-06
102,1,child,,False,7.967300986103147e-06,1.8925148246037342e-06,1.2606946239951315e-06,2.4061023397180247e-07,5.225226840386988e-06,7.183260399857925e-07,0.0004664994696390103,5.422218970016178e-07,0.00021207146066617245,5.8840881855693875e-05,2.0342697805520655e-05,0.000571992748445894,1.0554685795431098e-05,1.8925148246037342e-06,2.4061023397180247e-07,7.183260399857925e-07,0.00021207146066617245,5.422218970016178e-07,0.0004664994696390103,2.0342697805520655e-05,1.0554685795431098e-05
102,2,child,,False,1.8522574326531083e-05,2.6688529572628562e-06,2.355261854303796e-06,4.222833444659923e-07,1.8058518261159955e-06,5.955139348629957e-07,0.0004568026270968072,5.014734822853044e-07,4.53978687024344e-06,0.0008594156731411163,4.373344035182828e-05,0.0005278198317882314,5.144221374220898e-06,2.6688529572628562e-06,4.222833444659923e-07,5.955139348629957e-07,4.53978687024344e-06,5.014734822853044e-07,0.0004568026270968072,4.373344035182828e-05,5.144221374220898e-06
103,0,daughter,,False,4.305570813246149e-05,7.2543618230189156e-06,5.144221374220898e-06,1.5206840370677115e-06,4.757645425657629e-06,2.586743108135441e-06,0.0004976301725815779,1.8058518261159955e-06,0.00022417644371706703,0.010145215860635945,0.00020190139004485808,0.0012195770294839382,1.0229985472581487e-05,7.2543618230189156e-06,1.5206840370677115e-06,2.586743108135441e-06,0.00022417644371706703,1.8058518261159955e-06,0.0004976301725815779,0.00020190139004485808,1.0229985472581487e-05
103,1,daughter,,False,3.0534893211185946e-05,6.40200641038395e-06,2.4300240743279605e-06,7.646537350121258e-07,4.1335397768930325e-06,8.139692624947503e-07,0.000478708021537921,9.972941593827283e-07,0.00021320602528870992,0.0008594156731411163,6.667023092435894e-05,0.0011600053574022634,1.6346470245419304e-05,6.40200641038395e-06,7.646537350121258e-07,8.139692624947503e-07,0.00021320602528870992,9.972941593827283e-07,0.000478708021537921,6.667023092435894e-05,1.6346470245419304e-05
103,2,daughter,,False,8.830458477845481e-05,3.625900662832244e-05,9.028039015031105e-06,3.6478537675800286e-06,1.488384825728813e-05,1.1061159714638084e-05,0.0005556730028188441,3.2699273422345685e-06,0.000245183545228207,0.0007129746438779075,4.655269187520153e-05,0.10087080654483926,0.002419316494174181,3.625900662832244e-05,3.6478537675800286e-06,1.1061159714638084e-05,0.000245183545228207,3.2699273422345685e-06,0.0005556730028188441,4.655269187520153e-05,0.002419316494174181
104,0,son,,False,1.2533751425646102e-05,2.6688529572628562e-06,2.4300240743279605e-06,5.955139348629957e-07,3.120191139396651e-06,1.3420013504783412e-06,0.0004934130379598841,1.2219076020491008e-06,0.00021849741587309833,0.010267683829227305,0.00026939142019792367,0.0005553536215526795,5.649793328376294e-06,2.6688529572628562e-06,5.955139348629957e-07,1.3420013504783412e-06,0.00021849741587309833,1.2219076020491008e-06,0.0004934130379598841,0.00026939142019792367,5.649793328376294e-06
104,1,son,,False,4.238847419937498e-05,5.475976980449466e-06,5.144221374220898e-06,1.2219076020491008e-06,5.738759521437678e-06,3.2192334497037803e-06,0.0005526632727358973,3.321419494792514e-06,0.0002378658206902263,0.0008435169429986132,5.792916699214217e-05,0.0011409871228185344,4.683888424952456e-06,5.475976980449466e-06,1.2219076020491008e-06,3.2192334497037803e-06,0.0002378658206902263,3.321419494792514e-06,0.0005526632727358973,5.792916699214217e-05,4.683888424952456e-06
104,2,son,,False,1.7400543552708932e-05,3.024195853395102e-06,2.355261854303796e-06,4.0929110499856e-07,2.212566909570261e-06,6.540437226933637e-07,0.00045889745344538133,5.093705003229987e-07,5.738759521437678e-06,0.00014325365947100792,1.971694219622292e-05,0.0005347894011802569,4.683888424952456e-06,3.024195853395102e-06,4.0929110499856e-07,6.540437226933637e-07,5.738759521437678e-06,5.093705003229987e-07,0.00045889745344538133,1.971694219622292e-05,4.683888424952456e-06
105,0,child,,False,1.2533751425646102e-05,2.0785170435063726e-06,3.024195853395102e-06,6.339210403977636e-07,3.120191139396651e-06,1.3007128466476034e-06,0.00047640861561708075,7.296379465971514e-07,0.00021559222163915307,0.002851410837716049,0.00010162440410680168,0.0005323933551511255,5.475976980449466e-06,2.0785170435063726e-06,6.339210403977636e-07,1.3007128466476034e-06,0.00021559222163915307,7.296379465971514e-07,0.00047640861561708075,0.00010162440410680168,5.475976980449466e-06
105,1,child,,False,5.9766937110286536e-05,1.0071400221737608e-05,5.829126566113866e-06,1.0616134237448653e-06,4.61127481426412e-06,1.1125607488784412e-06,0.0005048081008243912,1.7778551863194697e-06,0.00022668099229563676,0.00016484829418512883,3.0534893211185946e-05,0.01595320607813817,1.3552078562406772e-05,1.0071400221737608e-05,1.0616134237448653e-06,1.1125607488784412e-06,0.00022668099229563676,1.7778551863194697e-06,0.0005048081008243912,3.0534893211185946e-05,1.3552078562406772e-05
105,2,child,,False,1.535623976496012e-05,3.321419494792514e-06,2.01456908529364e-06,4.222833444659923e-07,3.822911232549001e-06,8.939696304799168e-07,1.4653129390717958e-05,6.144174602214718e-07,4.832563818725537e-06,0.00015731121653489972,2.8240807799315707e-05,0.000510430845712912,5.144221374220898e-06,3.321419494792514e-06,4.222833444659923e-07,8.939696304799168e-07,4.832563818725537e-06,6.144174602214718e-07,1.4653129390717958e-05,2.8240807799315707e-05,5.144221374220898e-06
106,0,daughter,,False,8.220189478350845e-06,2.1444948420913954e-06,1.3420013504783412e-06,2.561282210758673e-07,2.796930302582677e-06,8.664653147910923e-07,0.0004699481884315314,9.223470110117277e-07,0.00021358242564492241,0.00017007224114352882,5.527786369235996e-05,0.000493111798506495,4.1335397768930325e-06,2.1444948420913954e-06,2.561282210758673e-07,8.664653147910923e-07,0.00021358242564492241,9.223470110117277e-07,0.0004699481884315314,5.527786369235996e-05,4.1335397768930325e-06
106,1,daughter,,False,1.2731104162213555e-05,2.88571183887091e-06,2.0785170435063726e-06,3.84493505874534e-07,2.6688529572628562e-06,8.664653147910923e-07,0.000477215447035514,1.0616134237448653e-06,0.00021273082914771238,0.0007622196052140348,6.986756664856784e-05,0.0005398117107140829,5.649793328376294e-06,2.88571183887091e-06,3.84493505874534e-07,8.664653147910923e-07,0.00021273082914771238,1.0616134237448653e-06,0.000477215447035514,6.986756664856784e-05,5.649793328376294e-06
106,2,daughter,,False,0.0005578016147538543,0.000764134176979379,1.2339457598623173e-05,9.028039015031105e-06,2.234163601827719e-05,8.888084683809127e-06,0.004742911842701174,0.00021296615605463458,0.0003008354072746275,0.0006978298516223775,4.7285443452031076e-05,0.12376310090965789,0.005454725398031472,0.000764134176979379,9.028039015031105e-06,8.888084683809127e-06,0.0003008354072746275,0.00021296615605463458,0.004742911842701174,4.7285443452031076e-05,0.005454725398031472
107,0,son,,False,4.583129006350382e-05,5.649793328376294e-06,3.535625074174432e-06,6.962256250138369e-07,2.4682904407607285e-06,1.2219076020491008e-06,0.0004751499930392176,2.0462932829931794e-06,0.00022222751156548602,0.020541375440576118,0.0008511303026562553,0.0005465467242453664,6.605214485464791e-06,5.649793328376294e-06,6.962256250138369e-07,1.2219076020491008e-06,0.00022222751156548602,2.0462932829931794e-06,0.0004751499930392176,0.0008511303026562553,6.605214485464791e-06
107,1,son,,False,1.7674513810355872e-05,2.931153855960119e-06,2.0785170435063726e-06,4.222833444659923e-07,3.2699273422345685e-06,1.1478768127080353e-06,0.0004816744542579805,1.1659530314852966e-06,0.0002167744747109176,0.0030080612419204488,0.00028009269671209737,0.0005256379073836972,6.205049602300744e-06,2.931153855960119e-06,4.222833444659923e-07,1.1478768127080353e-06,0.0002167744747109176,1.1659530314852966e-06,0.0004816744542579805,0.00028009269671209737,6.205049602300744e-06
107,2,son,,True,0.0005502683110505684,0.000761035082747495,9.170196905195049e-06,4.400118457925303e-06,2.305067219931397e-05,1.9110431587777674e-05,0.0006158005117473364,0.00021212635591789767,0.0002464470899300356,0.0001064962672055945,2.571419797957771e-05,0.20046284531822298,0.005526262505870592,0.000761035082747495,4.400118457925303e-06,1.9110431587777674e-05,0.0002464470899300356,0.00021212635591789767,0.0006158005117473364,2.571419797957771e-05,0.005526262505870592
108,0,child,,False,7.2543618230189156e-06,1.8925148246037342e-06,8.939696304799168e-07,2.4061023397180247e-07,5.391084403253366e-06,7.889262586245034e-07,1.4202364022997911e-05,3.9669859149467314e-07,3.024195853395102e-06,0.0008000313556104121,8.969393236719384e-05,0.0005079785823772643,9.028039015031105e-06,1.8925148246037342e-06,2.4061023397180247e-07,7.889262586245034e-07,3.024195853395102e-06,3.9669859149467314e-07,1.4202364022997911e-05,8.969393236719384e-05,9.028039015031105e-06
108,1,child,,False,7.368592981140821e-06,1.8925148246037342e-06,1.4738981974494932e-06,2.561282210758673e-07,3.024195853395102e-06,9.223470110117277e-07,0.0004622221322539132,6.439037799292652e-07,5.307507822667365e-06,0.0008091765268185392,7.321812616608614e-05,0.0005064063866345277,3.6478537675800286e-06,1.8925148246037342e-06,2.561282210758673e-07,9.223470110117277e-07,5.307507822667365e-06,6.439037799292652e-07,0.0004622221322539132,7.321812616608614e-05,3.6478537675800286e-06
108,2,child,,False,4.108485376346404e-05,6.502816785764437e-06,3.6478537675800286e-06,1.1843139025979655e-06,4.757645425657629e-06,2.2827997192887966e-06,0.0005022843573636266,1.4285517650093407e-06,0.0002253896128383855,0.010343390645853583,0.00017821963223663923,0.0005852836038915696,6.814872211615988e-06,6.502816785764437e-06,1.1843139025979655e-06,2.2827997192887966e-06,0.0002253896128383855,1.4285517650093407e-06,0.0005022843573636266,0.00017821963223663923,6.814872211615988e-06
109,0,daughter,,False,1.7674513810355872e-05,2.627477314480822e-06,2.931153855960119e-06,3.6119830612765795e-07,2.5071593847983196e-06,6.339210403977636e-07,0.00046589975612039555,1.0616134237448653e-06,5.920916517463734e-06,0.000703746720165797,5.064471653194114e-06,0.0005794095367164778,1.1235328063870752e-05,2.627477314480822e-06,3.6119830612765795e-07,6.339210403977636e-07,5.920916517463734e-06,1.0616134237448653e-06,0.00046589975612039555,5.064471653194114e-06,1.1235328063870752e-05
109,1,daughter,,False,9.461262661302227e-06,2.0785170435063726e-06,1.0451548051737735e-06,2.6425858208426533e-07,1.8925148246037342e-06,5.955139348629957e-07,0.00045598608581835884,6.339210403977636e-07,4.400118457925303e-06,0.0029863021744691264,0.00012843081201339694,0.0005026840819416764,4.683888424952456e-06,2.0785170435063726e-06,2.6425858208426533e-07,5.955139348629957e-07,4.400118457925303e-06,6.339210403977636e-07,0.00045598608581835884,0.00012843081201339694,4.683888424952456e-06
109,2,daughter,,False,3.9821309061635425e-05,6.014151777699533e-06,3.7636447180974406e-06,4.6378732973537256e-07,3.4268490542555014e-06,7.646537350121258e-07,0.000496191429011893,1.3846004563753396e-06,0.00021789598759221768,0.0008817985412716716,4.7285443452031076e-05,0.0005465467242453664,4.400118457925303e-06,6.014151777699533e-06,4.6378732973537256e-07,7.646537350121258e-07,0.00021789598759221768,1.3846004563753396e-06,0.000496191429011893,4.7285443452031076e-05,4.400118457925303e-06
110,0,son,,False,5.0333557545281144e-05,3.7636447180974406e-06,4.400118457925303e-06,5.338155705389253e-07,3.024195853395102e-06,8.939696304799168e-07,0.00045364825135188567,5.862814011886353e-07,3.944258675190877e-06,6.563728324346652e-05,1.2219076020491008e-06,0.0005398117107140829,4.1335397768930325e-06,3.7636447180974406e-06,5.338155705389253e-07,8.939696304799168e-07,3.944258675190877e-06,5.862814011886353e-07,0.00045364825135188567,1.2219076020491008e-06,4.1335397768930325e-06
110,1,son,,False,3.0061635882429376e-05,4.331903899346328e-06,4.006369222920725e-06,5.338155705389253e-07,3.2699273422345685e-06,1.0953122821495382e-06,0.00045782550698601917,5.422218970016178e-07,5.920916517463734e-06,2.199533724320648e-05,5.422218970016178e-07,0.0005096006331304874,4.400118457925303e-06,4.331903899346328e-06,5.338155705389253e-07,1.0953122821495382e-06,5.920916517463734e-06,5.422218970016178e-07,0.00045782550698601917,5.422218970016178e-07,4.400118457925303e-06
110,2,son,,False,4.7285443452031076e-05,9.761566060239504e-06,3.373722476473661e-06,1.3211958228877664e-06,1.1061159714638084e-05,4.198630823683514e-06,0.0005869253033486934,3.8831109868779005e-06,0.00023542387204900095,0.0007622196052140348,7.14190139989638e-06,0.01616620426354425,2.6947915555885546e-05,9.761566060239504e-06,1.3211958228877664e-06,4.198630823683514e-06,0.00023542387204900095,3.8831109868779005e-06,0.0005869253033486934,7.14190139989638e-06,2.6947915555885546e-05
111,0,child,,False,2.6119031909571944e-05,2.355261854303796e-06,2.627477314480822e-06,3.6119830612765795e-07,3.321419494792514e-06,8.398072034951531e-07,0.00046542834273342664,1.5446309562386385e-06,5.649793328376294e-06,0.00010162440410680168,1.2219076020491008e-06,0.0005738038183837241,4.1335397768930325e-06,2.355261854303796e-06,3.6119830612765795e-07,8.398072034951531e-07,5.649793328376294e-06,1.5446309562386385e-06,0.00046542834273342664,1.2219076020491008e-06,4.1335397768930325e-06
111,1,child,,False,5.193048644949271e-05,2.586743108135441e-06,1.9833367060283617e-06,4.0929110499856e-07,2.7535691114583474e-06,7.646537350121258e-07,0.00046030998099568334,1.1300808333434096e-06,0.00021273082914771238,0.00016484829418512883,2.355261854303796e-06,0.0005175603499223236,2.931153855960119e-06,2.586743108135441e-06,4.0929110499856e-07,7.646537350121258e-07,0.00021273082914771238,1.1300808333434096e-06,0.00046030998099568334,2.355261854303796e-06,2.931153855960119e-06
111,2,child,,False,5.0333557545281144e-05,3.8831109868779005e-06,4.469407144215697e-06,6.339210403977636e-07,2.5466403947055455e-06,9.223470110117277e-07,0.0004841744379918175,1.2219076020491008e-06,0.00021467682920914668,5.8840881855693875e-05,1.4285517650093407e-06,0.0011516002696433543,5.649793328376294e-06,3.8831109868779005e-06,6.339210403977636e-07,9.223470110117277e-07,0.00021467682920914668,1.2219076020491008e-06,0.0004841744379918175,1.4285517650093407e-06,5.649793328376294e-06
112,0,daughter,,False,1.8522574326531083e-05,2.3187477504664324e-06,1.6187581436151335e-06,1.4144759985825914e-07,1.3846004563753396e-06,3.6119830612765795e-07,1.7468635457796446e-05,5.77192003016332e-07,4.908661889889002e-06,0.00013458604012970922,3.5913010679499402e-06,0.0004914519521959942,1.8925148246037342e-06,2.3187477504664324e-06,1.4144759985825914e-07,3.6119830612765795e-07,4.908661889889002e-06,5.77192003016332e-07,1.7468635457796446e-05,3.5913010679499402e-06,1.8925148246037342e-06
112,1,daughter,,False,2.3782205064034188e-05,2.840974294610978e-06,2.840974294610978e-06,3.84493505874534e-07,2.5466403947055455e-06,7.646537350121258e-07,0.0004583552024398536,5.682435212870505e-07,4.757645425657629e-06,0.00017274586267297022,5.225226840386988e-06,0.0005312230782558095,3.7636447180974406e-06,2.840974294610978e-06,3.84493505874534e-07,7.646537350121258e-07,4.757645425657629e-06,5.682435212870505e-07,0.0004583552024398536,5.225226840386988e-06,3.7636447180974406e-06
112,2,daughter,,False,1.0229985472581487e-05,2.0785170435063726e-06,1.1843139025979655e-06,1.7603432133424857e-07,2.796930302582677e-06,5.093705003229987e-07,0.0004530208647415158,3.84493505874534e-07,2.627477314480822e-06,0.00017007224114352882,3.1999824407395835e-05,0.0005012746277703161,4.98595821272702e-06,2.0785170435063726e-06,1.7603432133424857e-07,5.093705003229987e-07,2.627477314480822e-06,3.84493505874534e-07,0.0004530208647415158,3.1999824407395835e-05,4.98595821272702e-06
113,0,son,,False,3.1999824407395835e-05,2.7535691114583474e-06,2.1444948420913954e-06,3.089494448007139e-07,1.9223170236538178e-06,7.889262586245034e-07,0.0004537906902721231,6.540437226933637e-07,4.683888424952456e-06,0.0008000313556104121,6.502816785764437e-06,0.0005411170227538132,6.014151777699533e-06,2.7535691114583474e-06,3.089494448007139e-07,7.889262586245034e-07,4.683888424952456e-06,6.540437226933637e-07,0.0004537906902721231,6.502816785764437e-06,6.014151777699533e-06
113,1,son,,False,3.569706350376584e-05,2.840974294610978e-06,1.9525885208642222e-06,4.78509449489012e-07,2.840974294610978e-06,9.223470110117277e-07,0.0004584446977466745,7.527989669055592e-07,4.331903899346328e-06,0.0008704335119750585,6.302758756443267e-06,0.0005873034565397543,7.0311842669149565e-06,2.840974294610978e-06,4.78509449489012e-07,9.223470110117277e-07,4.331903899346328e-06,7.527989669055592e-07,0.0004584446977466745,6.302758756443267e-06,7.0311842669149565e-06
113,2,son,,False,8.559006367452268e-05,1.442598644847886e-05,5.391084403253366e-06,1.0451548051737735e-06,4.98595821272702e-06,1.6964426510543331e-06,0.0005278419635497348,1.9223170236538178e-06,0.0002263505449868847,0.00012255674483830522,3.2192334497037803e-06,0.016130679731009404,1.9110431587777674e-05,1.442598644847886e-05,1.0451548051737735e-06,1.6964426510543331e-06,0.0002263505449868847,1.9223170236538178e-06,0.0005278419635497348,3.2192334497037803e-06,1.9110431587777674e-05
114,0,child,,False,0.0005765709440160247,0.0007571223117196732,1.0720880092159908e-05,4.1335397768930325e-06,1.5843621910252592e-05,9.610241549947397e-06,0.0005644166988681017,4.400118457925303e-06,0.00024162124279489402,0.0007161476078247872,1.2731104162213555e-05,0.18446812558675416,0.0034597025011136057,0.0007571223117196732,4.1335397768930325e-06,9.610241549947397e-06,0.00024162124279489402,4.400118457925303e-06,0.0005644166988681017,1.2731104162213555e-05,0.0034597025011136057
114,1,child,,False,2.6947915555885546e-05,2.796930302582677e-06,3.373722476473661e-06,3.726639284186561e-07,3.321419494792514e-06,6.962256250138369e-07,0.0004619107043966434,9.516251694168764e-07,0.00021217710837818755,4.955359475635505e-05,1.4738981974494932e-06,0.0005508471799444582,4.53978687024344e-06,2.796930302582677e-06,3.726639284186561e-07,6.962256250138369e-07,0.00021217710837818755,9.516251694168764e-07,0.0004619107043966434,1.4738981974494932e-06,4.53978687024344e-06
114,2,child,,False,0.005181049783655671,1.2731104162213555e-05,1.3982207564732913e-05,1.0451548051737735e-06,3.8831109868779005e-06,1.4064044342149064e-06,0.0004959548957933152,1.6442494559854523e-06,0.00021527750928249177,0.0001206589712246389,2.2827997192887966e-06,0.010235294156004583,3.0534893211185946e-05,1.2731104162213555e-05,1.0451548051737735e-06,1.4064044342149064e-06,0.00021527750928249177,1.6442494559854523e-06,0.0004959548957933152,2.2827997192887966e-06,3.0534893211185946e-05
115,0,daughter,,False,9.547317110805593e-05,1.7400543552708932e-05,6.709224499600877e-06,1.9525885208642222e-06,7.602479448313689e-06,2.1444948420913954e-06,0.0005134204802698263,1.5936620247162786e-06,0.00021891431472897835,0.0007098506750714406,7.0311842669149565e-06,0.01623574568727164,5.527786369235996e-05,1.7400543552708932e-05,1.9525885208642222e-06,2.1444948420913954e-06,0.00021891431472897835,1.5936620247162786e-06,0.0005134204802698263,7.0311842669149565e-06,5.527786369235996e-05
115,1,daughter,,False,1.1235328063870752e-05,2.1444948420913954e-06,1.2606946239951315e-06,2.4061023397180247e-07,3.4268490542555014e-06,6.540437226933637e-07,0.00045535542432847726,5.255395707074638e-07,3.4808121961114687e-06,0.00015487610942879803,3.459916031782155e-05,0.0005372613854410962,6.605214485464791e-06,2.1444948420913954e-06,2.4061023397180247e-07,6.540437226933637e-07,3.4808121961114687e-06,5.255395707074638e-07,0.00045535542432847726,3.459916031782155e-05,6.605214485464791e-06
115,2,daughter,,False,6.10885510164857e-06,2.01456908529364e-06,9.516251694168764e-07,2.4061023397180247e-07,4.832563818725537e-06,1.5689549727726036e-06,0.00046439419660855385,7.071895057311757e-07,6.014151777699533e-06,0.00012255674483830522,3.150386940813393e-05,0.0005372613854410962,9.314593042575101e-06,2.01456908529364e-06,2.4061023397180247e-07,1.5689549727726036e-06,6.014151777699533e-06,7.071895057311757e-07,0.00046439419660855385,3.150386940813393e-05,9.314593042575101e-06
116,0,son,,False,5.614787461400803e-05,6.40200641038395e-06,6.709224499600877e-06,1.2805474213228684e-06,6.502816785764437e-06,2.2827997192887966e-06,0.0005287474710982832,2.5466403947055455e-06,0.00022805562191617214,0.010158002718213734,0.00010987310729246431,0.0011812131826251435,9.915273115920183e-06,6.40200641038395e-06,1.2805474213228684e-06,2.2827997192887966e-06,0.00022805562191617214,2.5466403947055455e-06,0.0005287474710982832,0.00010987310729246431,9.915273115920183e-06
116,1,son,,False,7.602479448313689e-06,2.212566909570261e-06,9.516251694168764e-07,2.2603242979035749e-07,1.5689549727726036e-06,5.594337713435001e-07,1.7130819343483194e-05,5.093705003229987e-07,3.373722476473661e-06,0.000782571800733567,3.569706350376584e-05,0.0005087832783276653,5.144221374220898e-06,2.212566909570261e-06,2.2603242979035749e-07,5.594337713435001e-07,3.373722476473661e-06,5.093705003229987e-07,1.7130819343483194e-05,3.569706350376584e-05,5.144221374220898e-06
116,2,son,,False,9.461262661302227e-06,1.670142184809518e-06,1.7231572752142392e-06,2.2603242979035749e-07,2.627477314480822e-06,6.962256250138369e-07,0.0004581772567173425,4.356879983467376e-07,3.321419494792514e-06,0.0007742406513215074,2.653023768982879e-05,0.0005957051194471736,6.814872211615988e-06,1.670142184809518e-06,2.2603242979035749e-07,6.962256250138369e-07,3.321419494792514e-06,4.356879983467376e-07,0.0004581772567173425,2.653023768982879e-05,6.814872211615988e-06
117,0,child,,False,9.461262661302227e-06,2.01456908529364e-06,1.4285517650093407e-06,2.561282210758673e-07,2.1444948420913954e-06,6.540437226933637e-07,0.00045655430839767255,6.748051590048605e-07,4.683888424952456e-06,0.00015731121653489972,2.234163601827719e-05,0.0005064063866345277,4.400118457925303e-06,2.01456908529364e-06,2.561282210758673e-07,6.540437226933637e-07,4.683888424952456e-06,6.748051590048605e-07,0.00045655430839767255,2.234163601827719e-05,4.400118457925303e-06
117,1,child,,False,4.655269187520153e-05,7.484622751061123e-06,6.205049602300744e-06,1.7231572752142392e-06,5.225226840386988e-06,3.024195853395102e-06,0.0005215764780207659,1.8925148246037342e-06,0.00022914444123060576,0.003041982713740955,0.00015011822567369918,0.010143804341987866,1.3982207564732913e-05,7.484622751061123e-06,1.7231572752142392e-06,3.024195853395102e-06,0.00022914444123060576,1.8925148246037342e-06,0.0005215764780207659,0.00015011822567369918,1.3982207564732913e-05
117,2,child,,False,2.4923252458203565e-05,7.843789122138342e-06,2.4300240743279605e-06,1.0129990980873922e-06,4.400118457925303e-06,1.4971083692627422e-06,0.0005227605740569567,1.3420013504783412e-06,0.0002207184759315317,0.00017274586267297022,2.3413582477639402e-05,0.010146862662084352,1.6346470245419304e-05,7.843789122138342e-06,1.0129990980873922e-06,1.4971083692627422e-06,0.0002207184759315317,1.3420013504783412e-06,0.0005227605740569567,2.3413582477639402e-05,1.6346470245419304e-05
118,0,daughter,,False,2.0027376671813928e-05,3.7636447180974406e-06,1.4285517650093407e-06,3.3931448129766124e-07,3.120191139396651e-06,6.962256250138369e-07,0.0004656631292580584,7.766951856747235e-07,0.00021166499492301485,0.00015247863912257493,2.453694805426225e-05,0.0005702096923869237,8.750299760661308e-06,3.7636447180974406e-06,3.3931448129766124e-07,6.962256250138369e-07,0.00021166499492301485,7.766951856747235e-07,0.0004656631292580584,2.453694805426225e-05,8.750299760661308e-06
118,1,daughter,,False,2.7803096387751555e-05,5.920916517463734e-06,2.586743108135441e-06,7.071895057311757e-07,3.0718185454758057e-06,9.818326983657703e-07,0.0004950179375921885,1.1478768127080353e-06,0.00022001536555728952,0.00014779429802159512,2.0988308820313112e-05,0.0012789223310902436,1.5843621910252592e-05,5.920916517463734e-06,7.071895057311757e-07,9.818326983657703e-07,0.00022001536555728952,1.1478768127080353e-06,0.0004950179375921885,2.0988308820313112e-05,1.5843621910252592e-05
118,2,daughter,,False,1.177445922838707e-05,1.9525885208642222e-06,1.3420013504783412e-06,2.6425858208426533e-07,2.88571183887091e-06,9.223470110117277e-07,0.0004663785886365138,8.139692624947503e-07,0.0002137118639848327,8.426423087564058e-05,1.7952796934677738e-05,0.000510430845712912,5.307507822667365e-06,1.9525885208642222e-06,2.6425858208426533e-07,9.223470110117277e-07,0.0002137118639848327,8.139692624947503e-07,0.0004663785886365138,1.7952796934677738e-05,5.307507822667365e-06
119,0,son,,False,5.193048644949271e-05,4.908661889889002e-06,5.920916517463734e-06,8.139692624947503e-07,3.024195853395102e-06,2.7535691114583474e-06,0.0005148014751866239,2.6688529572628562e-06,0.0002323101517224571,0.0008333216862332929,9.761566060239504e-06,0.0011688122949661533,5.829126566113866e-06,4.908661889889002e-06,8.139692624947503e-07,2.7535691114583474e-06,0.0002323101517224571,2.6688529572628562e-06,0.0005148014751866239,9.761566060239504e-06,5.829126566113866e-06
119,1,son,,False,1.15919343186331e-05,2.710880136557205e-06,1.5689549727726036e-06,3.089494448007139e-07,2.355261854303796e-06,6.339210403977636e-07,0.00045791293006445946,5.77192003016332e-07,3.705296977158347e-06,0.0007911659505451469,2.6119031909571944e-05,0.0005479579113182372,9.028039015031105e-06,2.710880136557205e-06,3.089494448007139e-07,6.339210403977636e-07,3.705296977158347e-06,5.77192003016332e-07,0.00045791293006445946,2.6119031909571944e-05,9.028039015031105e-06
119,2,son,,False,3.1015598671268335e-05,3.4268490542555014e-06,3.7636447180974406e-06,7.411279871974134e-07,2.710880136557205e-06,1.670142184809518e-06,0.00047217013049174436,1.2606946239951315e-06,0.00021849741587309833,0.010495150670035765,0.00017821963223663923,0.0005437895311587944,6.40200641038395e-06,3.4268490542555014e-06,7.411279871974134e-07,1.670142184809518e-06,0.00021849741587309833,1.2606946239951315e-06,0.00047217013049174436,0.00017821963223663923,6.40200641038395e-06
120,0,child,,False,1.971694219622292e-05,3.2192334497037803e-06,1.7231572752142392e-06,3.9669859149467314e-07,2.2827997192887966e-06,6.748051590048605e-07,0.0004709032361132395,6.339210403977636e-07,4.908661889889002e-06,0.0007226435938923609,3.353501304664781e-05,0.0005312230782558095,9.028039015031105e-06,3.2192334497037803e-06,3.9669859149467314e-07,6.748051590048605e-07,4.908661889889002e-06,6.339210403977636e-07,0.0004709032361132395,3.353501304664781e-05,9.028039015031105e-06
120,1,child,,False,8.750299760661308e-06,1.5206840370677115e-06,1.0451548051737735e-06,1.8738753836511972e-07,3.8831109868779005e-06,4.78509449489012e-07,0.00046030998099568334,3.288749065460498e-07,4.832563818725537e-06,7.208380258812108e-05,2.0027376671813928e-05,0.0004919966182062518,5.649793328376294e-06,1.5206840370677115e-06,1.8738753836511972e-07,4.78509449489012e-07,4.832563818725537e-06,3.288749065460498e-07,0.00046030998099568334,2.0027376671813928e-05,5.649793328376294e-06
120,2,child,,False,1.2148175280558357e-05,2.7535691114583474e-06,1.6187581436151335e-06,3.1875652166284776e-07,3.4808121961114687e-06,8.939696304799168e-07,0.00045926607603177615,4.222833444659923e-07,4.757645425657629e-06,0.0008283415380815684,4.044814978420809e-05,0.0005323933551511255,7.967300986103147e-06,2.7535691114583474e-06,3.1875652166284776e-07,8.939696304799168e-07,4.757645425657629e-06,4.222833444659923e-07,0.00045926607603177615,4.044814978420809e-05,7.967300986103147e-06
121,0,daughter,,False,0.0006033895256885456,2.199533724320648e-05,1.3982207564732913e-05,3.6478537675800286e-06,6.205049602300744e-06,5.391084403253366e-06,0.0005477403948535068,4.1335397768930325e-06,0.0002410592996703374,0.019341398102757146,0.0003273064970671631,0.04736457346902258,6.070755804415097e-05,2.199533724320648e-05,3.6478537675800286e-06,5.391084403253366e-06,0.0002410592996703374,4.1335397768930325e-06,0.0005477403948535068,0.0003273064970671631,6.070755804415097e-05
121,1,daughter,,False,2.653023768982879e-05,4.400118457925303e-06,3.120191139396651e-06,7.411279871974134e-07,2.7535691114583474e-06,8.139692624947503e-07,0.0004612986854919548,5.594337713435001e-07,5.562206273647035e-06,0.0007226435938923609,3.682979260160596e-05,0.0005424428555526953,7.484622751061123e-06,4.400118457925303e-06,7.411279871974134e-07,8.139692624947503e-07,5.562206273647035e-06,5.594337713435001e-07,0.0004612986854919548,3.682979260160596e-05,7.484622751061123e-06
121,2,daughter,,False,2.0662982488383408e-05,2.627477314480822e-06,2.0785170435063726e-06,2.994440981371515e-07,2.5466403947055455e-06,9.818326983657703e-07,0.00047705281867000977,1.3846004563753396e-06,0.00021296471561488525,0.0009056139344932517,9.170196905195049e-06,0.0005756433412898068,1.0554685795431098e-05,2.627477314480822e-06,2.994440981371515e-07,9.818326983657703e-07,0.00021296471561488525,1.3846004563753396e-06,0.00047705281867000977,9.170196905195049e-06,1.0554685795431098e-05
122,0,son,,False,5.792916699214217e-05,6.302758756443267e-06,7.843789122138342e-06,1.1478768127080353e-06,3.2192334497037803e-06,2.4682904407607285e-06,0.0004986082166552452,1.6442494559854523e-06,0.00023028548862477513,0.002944745327012609,1.4202364022997911e-05,0.0011462110697769345,7.2543618230189156e-06,6.302758756443267e-06,1.1478768127080353e-06,2.4682904407607285e-06,0.00023028548862477513,1.6442494559854523e-06,0.0004986082166552452,1.4202364022997911e-05,7.2543618230189156e-06
122,1,son,,False,6.878511550552459e-05,1.8522574326531083e-05,5.562206273647035e-06,1.4064044342149064e-06,1.1959857805023158e-05,3.169325442919291e-06,0.0005234444916153969,3.705296977158347e-06,0.00021934444373130447,0.002954895533654995,9.399438806628559e-05,0.010216877736395754,1.971694219622292e-05,1.8522574326531083e-05,1.4064044342149064e-06,3.169325442919291e-06,0.00021934444373130447,3.705296977158347e-06,0.0005234444916153969,9.399438806628559e-05,1.971694219622292e-05
122,2,son,,False,1.2731104162213555e-05,2.4300240743279605e-06,2.01456908529364e-06,4.495181578513688e-07,2.710880136557205e-06,1.0129990980873922e-06,0.0004573934753055137,7.071895057311757e-07,4.400118457925303e-06,0.0008594156731411163,4.512106237781923e-05,0.0005523259629862285,5.649793328376294e-06,2.4300240743279605e-06,4.495181578513688e-07,1.0129990980873922e-06,4.400118457925303e-06,7.071895057311757e-07,0.0004573934753055137,4.512106237781923e-05,5.649793328376294e-06
123,0,child,,False,7.916296072837432e-05,8.750299760661308e-06,1.141223854434603e-05,1.6442494559854523e-06,3.705296977158347e-06,2.2474089854291757e-06,0.00048095866129362324,9.223470110117277e-07,0.00021659756423044233,0.002924908581036187,4.373344035182828e-05,0.001243439431912271,1.1235328063870752e-05,8.750299760661308e-06,1.6442494559854523e-06,2.2474089854291757e-06,0.00021659756423044233,9.223470110117277e-07,0.00048095866129362324,4.373344035182828e-05,1.1235328063870752e-05
123,1,child,,False,4.442183589214344e-05,5.649793328376294e-06,5.144221374220898e-06,1.1843139025979655e-06,3.822911232549001e-06,2.01456908529364e-06,0.0004717428775960644,2.0785170435063726e-06,0.0002204804354938449,0.02036463870505605,0.0005099818302953418,0.0005398117107140829,6.205049602300744e-06,5.649793328376294e-06,1.1843139025979655e-06,2.01456908529364e-06,0.0002204804354938449,2.0785170435063726e-06,0.0004717428775960644,0.0005099818302953418,6.205049602300744e-06
123,2,child,,False,2.2693385749600554e-05,3.535625074174432e-06,2.2827997192887966e-06,5.093705003229987e-07,2.1112482331487175e-06,6.144174602214718e-07,0.00046339575522479667,5.955139348629957e-07,6.014151777699533e-06,8.693673928062173e-05,1.609308249869283e-05,0.000566725899170637,6.814872211615988e-06,3.535625074174432e-06,5.093705003229987e-07,6.144174602214718e-07,6.014151777699533e-06,5.955139348629957e-07,0.00046339575522479667,1.609308249869283e-05,6.814872211615988e-06
124,0,daughter,,False,6.361912109467577e-05,1.8235460794662427e-05,8.750299760661308e-06,2.796930302582677e-06,9.915273115920183e-06,6.014151777699533e-06,0.004695023346453391,2.88571183887091e-06,0.00026064009985893153,0.01018417341183752,0.00014779429802159512,0.02294924191610825,2.6119031909571944e-05,1.8235460794662427e-05,2.796930302582677e-06,6.014151777699533e-06,0.00026064009985893153,2.88571183887091e-06,0.004695023346453391,0.00014779429802159512,2.6119031909571944e-05
124,1,daughter,,False,2.0988308820313112e-05,4.683888424952456e-06,3.120191139396651e-06,7.646537350121258e-07,2.5466403947055455e-06,8.139692624947503e-07,0.0004780381783651428,8.267873072601938e-07,0.00021439027518160267,0.000754511454683582,4.044814978420809e-05,0.0005914388320078819,6.814872211615988e-06,4.683888424952456e-06,7.646537350121258e-07,8.139692624947503e-07,0.00021439027518160267,8.267873072601938e-07,0.0004780381783651428,4.044814978420809e-05,6.814872211615988e-06
124,2,daughter,,False,3.740956047302422e-05,1.3135179706526775e-05,5.649793328376294e-06,1.7231572752142392e-06,5.562206273647035e-06,1.9525885208642222e-06,0.0005383049596814607,1.3211958228877664e-06,0.000226025218654955,0.000782571800733567,5.27478412523148e-05,0.01595320607813817,1.488384825728813e-05,1.3135179706526775e-05,1.7231572752142392e-06,1.9525885208642222e-06,0.000226025218654955,1.3211958228877664e-06,0.0005383049596814607,5.27478412523148e-05,1.488384825728813e-05
125,0,son,,False,1.3135179706526775e-05,1.8342893327886845e-06,1.6187581436151335e-06,3.500854414401442e-07,2.1112482331487175e-06,6.339210403977636e-07,0.0004599251819078887,5.422218970016178e-07,4.61127481426412e-06,0.0007397960144200369,5.357805383473943e-05,0.0004936825844797785,4.006369222920725e-06,1.8342893327886845e-06,3.500854414401442e-07,6.339210403977636e-07,4.61127481426412e-06,5.422218970016178e-07,0.0004599251819078887,5.357805383473943e-05,4.006369222920725e-06
125,1,son,,False,3.1999824407395835e-05,5.225226840386988e-06,2.2827997192887966e-06,8.139692624947503e-07,3.4808121961114687e-06,9.223470110117277e-07,0.0004872120043649615,8.664653147910923e-07,0.00021384334033892964,0.00016484829418512883,2.0342697805520655e-05,0.0012121048968397102,1.2339457598623173e-05,5.225226840386988e-06,8.139692624947503e-07,9.223470110117277e-07,0.00021384334033892964,8.664653147910923e-07,0.0004872120043649615,2.0342697805520655e-05,1.2339457598623173e-05
125,2,son,,False,0.0005857959236675918,1.15919343186331e-05,1.3135179706526775e-05,1.0783312222985275e-06,3.120191139396651e-06,1.8925148246037342e-06,0.0005003569527817763,3.024195853395102e-06,0.00021467682920914668,0.0029056745866044694,2.4156629828672456e-05,0.0012519010653729468,8.220189478350845e-06,1.15919343186331e-05,1.0783312222985275e-06,1.8925148246037342e-06,0.00021467682920914668,3.024195853395102e-06,0.0005003569527817763,2.4156629828672456e-05,8.220189478350845e-06
126,0,child,,False,4.512106237781923e-05,4.98595821272702e-06,7.2543618230189156e-06,9.666109404131067e-07,2.88571183887091e-06,2.6688529572628562e-06,0.0004952508080780285,1.7231572752142392e-06,0.00022388481049310266,0.002954895533654995,2.571419797957771e-05,0.0011488846913063758,6.014151777699533e-06,4.98595821272702e-06,9.666109404131067e-07,2.6688529572628562e-06,0.00022388481049310266,1.7231572752142392e-06,0.0004952508080780285,2.571419797957771e-05,6.014151777699533e-06
126,1,child,,False,3.3015272509780104e-05,4.264746818557914e-06,2.355261854303796e-06,4.936988949458183e-07,3.535625074174432e-06,8.398072034951531e-07,0.00047274763973393307,8.664653147910923e-07,0.00021166499492301485,0.00016229670614688406,4.238847419937498e-05,0.0005569032319691715,4.1335397768930325e-06,4.264746818557914e-06,4.936988949458183e-07,8.398072034951531e-07,0.00021166499492301485,8.664653147910923e-07,0.00047274763973393307,4.238847419937498e-05,4.1335397768930325e-06
126,2,child,,False,0.0005743531342068192,1.177445922838707e-05,8.349627818261147e-06,1.8925148246037342e-06,6.10885510164857e-06,3.2699273422345685e-06,0.0005220819695330309,1.4064044342149064e-06,0.00022805562191617214,0.0008935216182967705,1.442598644847886e-05,0.021683297043008417,2.0988308820313112e-05,1.177445922838707e-05,1.8925148246037342e-06,3.2699273422345685e-06,0.00022805562191617214,1.4064044342149064e-06,0.0005220819695330309,1.442598644847886e-05,2.0988308820313112e-05
127,0,daughter,,False,1.15919343186331e-05,3.4808121961114687e-06,1.9525885208642222e-06,4.0929110499856e-07,3.169325442919291e-06,9.223470110117277e-07,0.0004706276972958211,6.962256250138369e-07,0.0002115672857688723,0.0007955642203309994,3.353501304664781e-05,0.0005893550335994887,6.40200641038395e-06,3.4808121961114687e-06,4.0929110499856e-07,9.223470110117277e-07,0.0002115672857688723,6.962256250138369e-07,0.0004706276972958211,3.353501304664781e-05,6.40200641038395e-06
127,1,daughter,,False,0.0005597594790089396,1.971694219622292e-05,7.0311842669149565e-06,1.4064044342149064e-06,4.757645425657629e-06,1.8058518261159955e-06,0.0005727542031600945,1.8925148246037342e-06,0.00023404764440531787,0.00011513995656772139,2.7535691114583474e-06,0.022828708452516652,2.737216731838081e-05,1.971694219622292e-05,1.4064044342149064e-06,1.8058518261159955e-06,0.00023404764440531787,1.8925148246037342e-06,0.0005727542031600945,2.7535691114583474e-06,2.737216731838081e-05
127,2,daughter,,False,1.5843621910252592e-05,3.4268490542555014e-06,2.01456908529364e-06,3.3931448129766124e-07,2.212566909570261e-06,6.144174602214718e-07,0.00046578121174862316,6.85431721163334e-07,5.562206273647035e-06,0.00013250224172131609,4.373344035182828e-05,0.0005312230782558095,4.98595821272702e-06,3.4268490542555014e-06,3.3931448129766124e-07,6.144174602214718e-07,5.562206273647035e-06,6.85431721163334e-07,0.00046578121174862316,4.373344035182828e-05,4.98595821272702e-06
128,0,son,,False,4.238847419937498e-05,4.331903899346328e-06,3.120191139396651e-06,5.093705003229987e-07,2.1444948420913954e-06,8.664653147910923e-07,0.0004616029028773139,3.6119830612765795e-07,0.00021217710837818755,0.00017821963223663923,7.2543618230189156e-06,0.0011516002696433543,1.3135179706526775e-05,4.331903899346328e-06,5.093705003229987e-07,8.664653147910923e-07,0.00021217710837818755,3.6119830612765795e-07,0.0004616029028773139,7.2543618230189156e-06,1.3135179706526775e-05
128,1,son,,False,8.167381046669487e-05,1.4653129390717958e-05,3.822911232549001e-06,8.398072034951531e-07,8.220189478350845e-06,1.670142184809518e-06,0.0006091161260945114,3.2192334497037803e-06,0.00023942516893991257,0.000703746720165797,3.150386940813393e-05,0.010224158906926902,9.314593042575101e-06,1.4653129390717958e-05,8.398072034951531e-07,1.670142184809518e-06,0.00023942516893991257,3.2192334497037803e-06,0.0006091161260945114,3.150386940813393e-05,9.314593042575101e-06
128,2,son,,False,0.0005521078339566511,3.459916031782155e-05,1.177445922838707e-05,3.8831109868779005e-06,1.7674513810355872e-05,5.225226840386988e-06,0.004708308247254716,5.064471653194114e-06,0.0002310764341461493,0.00013670256456563558,3.4268490542555014e-06,0.08258127315756164,0.0024246224264761395,3.459916031782155e-05,3.8831109868779005e-06,5.225226840386988e-06,0.0002310764341461493,5.064471653194114e-06,0.004708308247254716,3.4268490542555014e-06,0.0024246224264761395
129,0,child,,False,4.802972318863164e-05,3.6478537675800286e-06,3.6478537675800286e-06,5.594337713435001e-07,2.3187477504664324e-06,6.339210403977636e-07,0.00047737871137815444,9.223470110117277e-07,0.00021527750928249177,0.0007470393220393539,4.7285443452031076e-05,0.0005312230782558095,4.1335397768930325e-06,3.6478537675800286e-06,5.594337713435001e-07,6.339210403977636e-07,0.00021527750928249177,9.223470110117277e-07,0.00047737871137815444,4.7285443452031076e-05,4.1335397768930325e-06
129,1,child,,False,1.3135179706526775e-05,2.586743108135441e-06,1.8925148246037342e-06,3.84493505874534e-07,4.469407144215697e-06,1.3846004563753396e-06,0.00045606631270242416,5.255395707074638e-07,3.4808121961114687e-06,0.0008876146323004368,9.110511944006454e-05,0.0005175603499223236,9.028039015031105e-06,2.586743108135441e-06,3.84493505874534e-07,1.3846004563753396e-06,3.4808121961114687e-06,5.255395707074638e-07,0.00045606631270242416,9.110511944006454e-05,9.028039015031105e-06
129,2,child,,False,2.571419797957771e-05,4.908661889889002e-06,1.5689549727726036e-06,4.495181578513688e-07,3.2699273422345685e-06,5.955139348629957e-07,0.0004669877403758759,7.889262586245034e-07,0.00021273082914771238,0.0007161476078247872,2.571419797957771e-05,0.0005794095367164778,7.484622751061123e-06,4.908661889889002e-06,4.495181578513688e-07,5.955139348629957e-07,0.00021273082914771238,7.889262586245034e-07,0.0004669877403758759,2.571419797957771e-05,7.484622751061123e-06
130,0,daughter,,False,1.2533751425646102e-05,2.5071593847983196e-06,1.4738981974494932e-06,2.332074525844782e-07,2.6688529572628562e-06,7.411279871974134e-07,0.0004740804800258193,7.296379465971514e-07,0.00021411253592723288,5.112579049909173e-05,1.15919343186331e-05,0.0005278198317882314,3.7636447180974406e-06,2.5071593847983196e-06,2.332074525844782e-07,7.411279871974134e-07,0.00021411253592723288,7.296379465971514e-07,0.0004740804800258193,1.15919343186331e-05,3.7636447180974406e-06
130,1,daughter,,False,3.1015598671268335e-05,4.757645425657629e-06,2.6688529572628562e-06,7.889262586245034e-07,4.198630823683514e-06,1.8342893327886845e-06,0.0004970266005320533,1.7502925788778209e-06,0.0002263505449868847,0.0030536424941330197,0.00022343624199449989,0.0005411170227538132,5.307507822667365e-06,4.757645425657629e-06,7.889262586245034e-07,1.8342893327886845e-06,0.0002263505449868847,1.7502925788778209e-06,0.0004970266005320533,0.00022343624199449989,5.307507822667365e-06
130,2,daughter,,False,6.605214485464791e-06,1.7231572752142392e-06,1.0783312222985275e-06,1.9333584585546466e-07,3.535625074174432e-06,7.411279871974134e-07,0.00045504740472045987,3.84493505874534e-07,3.120191139396651e-06,0.0006949397826019072,4.305570813246149e-05,0.0005019738542559919,6.014151777699533e-06,1.7231572752142392e-06,1.9333584585546466e-07,7.411279871974134e-07,3.120191139396651e-06,3.84493505874534e-07,0.00045504740472045987,4.305570813246149e-05,6.014151777699533e-06
131,0,son,,False,9.028039015031105e-06,1.7778551863194697e-06,1.1478768127080353e-06,2.123378462433771e-07,3.169325442919291e-06,7.411279871974134e-07,1.442598644847886e-05,3.500854414401442e-07,2.4682904407607285e-06,0.0007067749478525128,3.459916031782155e-05,0.0005056385041563992,3.535625074174432e-06,1.7778551863194697e-06,2.123378462433771e-07,7.411279871974134e-07,2.4682904407607285e-06,3.500854414401442e-07,1.442598644847886e-05,3.459916031782155e-05,3.535625074174432e-06
131,1,son,,False,1.7674513810355872e-05,3.822911232549001e-06,2.5071593847983196e-06,7.411279871974134e-07,3.7636447180974406e-06,2.0785170435063726e-06,0.00048113656333647627,1.0129990980873922e-06,0.00021642339588120966,0.01042511913352564,0.0001206589712246389,0.0005813371220870101,5.829126566113866e-06,3.822911232549001e-06,7.411279871974134e-07,2.0785170435063726e-06,0.00021642339588120966,1.0129990980873922e-06,0.00048113656333647627,0.0001206589712246389,5.829126566113866e-06
131,2,son,,False,6.263341581094202e-05,1.609308249869283e-05,4.469407144215697e-06,1.3211958228877664e-06,6.10885510164857e-06,2.2827997192887966e-06,0.0005708597453233479,2.5071593847983196e-06,0.00022477355484446784,0.0007583355694965269,3.682979260160596e-05,0.016283158259871405,3.0534893211185946e-05,1.609308249869283e-05,1.3211958228877664e-06,2.2827997192887966e-06,0.00022477355484446784,2.5071593847983196e-06,0.0005708597453233479,3.682979260160596e-05,3.0534893211185946e-05
132,0,child,,False,7.67292412858718e-05,1.177445922838707e-05,5.307507822667365e-06,1.0953122821495382e-06,4.757645425657629e-06,2.1112482331487175e-06,0.0005084167548990412,1.8342893327886845e-06,0.0002182938001211795,8.693673928062173e-05,2.01456908529364e-06,0.010156181138574706,1.5118199327273332e-05,1.177445922838707e-05,1.0953122821495382e-06,2.1112482331487175e-06,0.0002182938001211795,1.8342893327886845e-06,0.0005084167548990412,2.01456908529364e-06,1.5118199327273332e-05
132,1,child,,False,3.459916031782155e-05,1.0391067562761452e-05,5.829126566113866e-06,1.5446309562386385e-06,5.649793328376294e-06,2.931153855960119e-06,0.0005227605740569567,1.5206840370677115e-06,0.00023316533255432313,0.0028179309367027785,0.00011160142598430911,0.010239063715952054,1.3135179706526775e-05,1.0391067562761452e-05,1.5446309562386385e-06,2.931153855960119e-06,0.00023316533255432313,1.5206840370677115e-06,0.0005227605740569567,0.00011160142598430911,1.3135179706526775e-05
132,2,child,,False,1.6346470245419304e-05,2.2827997192887966e-06,1.5689549727726036e-06,3.6119830612765795e-07,2.4682904407607285e-06,8.398072034951531e-07,0.00045773842458586404,8.664653147910923e-07,4.198630823683514e-06,6.070755804415097e-05,1.0783312222985275e-06,0.0006093314310007475,7.0311842669149565e-06,2.2827997192887966e-06,3.6119830612765795e-07,8.398072034951531e-07,4.198630823683514e-06,8.664653147910923e-07,0.00045773842458586404,1.0783312222985275e-06,7.0311842669149565e-06
133,0,daughter,,False,2.234163601827719e-05,2.627477314480822e-06,2.1782649863110498e-06,2.2603242979035749e-07,1.8058518261159955e-06,4.6378732973537256e-07,0.00046811462941296126,7.411279871974134e-07,0.00021308442800063956,4.583129006350382e-05,1.4738981974494932e-06,0.0005214731209501454,2.840974294610978e-06,2.627477314480822e-06,2.2603242979035749e-07,4.6378732973537256e-07,0.00021308442800063956,7.411279871974134e-07,0.00046811462941296126,1.4738981974494932e-06,2.840974294610978e-06
133,1,daughter,,False,3.682979260160596e-05,5.738759521437678e-06,4.006369222920725e-06,8.398072034951531e-07,3.6478537675800286e-06,1.8342893327886845e-06,0.000496310042135364,1.2805474213228684e-06,0.0002204804354938449,0.01954238285545805,0.00021322616859826855,0.0005935553564438082,6.014151777699533e-06,5.738759521437678e-06,8.398072034951531e-07,1.8342893327886845e-06,0.0002204804354938449,1.2805474213228684e-06,0.000496310042135364,0.00021322616859826855,6.014151777699533e-06
133,2,daughter,,False,9.314593042575101e-06,1.9525885208642222e-06,1.3846004563753396e-06,1.5534977545950122e-07,4.98595821272702e-06,8.939696304799168e-07,0.0004589890700764786,6.540437226933637e-07,4.908661889889002e-06,4.7285443452031076e-05,1.670142184809518e-06,0.0004909157246515137,4.832563818725537e-06,1.9525885208642222e-06,1.5534977545950122e-07,8.939696304799168e-07,4.908661889889002e-06,6.540437226933637e-07,0.0004589890700764786,1.670142184809518e-06,4.832563818725537e-06
134,0,son,,False,3.740956047302422e-05,4.069457790466838e-06,2.3187477504664324e-06,5.093705003229987e-07,3.7636447180974406e-06,1.1125607488784412e-06,0.0005015066219457051,1.2411496080609794e-06,0.0002207184759315317,7.208380258812108e-05,9.761566060239504e-06,0.0005893550335994887,3.8831109868779005e-06,4.069457790466838e-06,5.093705003229987e-07,1.1125607488784412e-06,0.0002207184759315317,1.2411496080609794e-06,0.0005015066219457051,9.761566060239504e-06,3.8831109868779005e-06
134,1,son,,False,9.253848866495987e-05,1.535623976496012e-05,7.484622751061123e-06,1.5936620247162786e-06,7.722191834067996e-06,2.3923509443082866e-06,0.004689305607022635,4.198630823683514e-06,0.00026420311802226543,0.00089952090870963,1.2533751425646102e-05,0.021668042774179292,1.442598644847886e-05,1.535623976496012e-05,1.5936620247162786e-06,2.3923509443082866e-06,0.00026420311802226543,4.198630823683514e-06,0.004689305607022635,1.2533751425646102e-05,1.442598644847886e-05
134,2,son,,False,0.0006567535265395168,2.8240807799315707e-05,9.461262661302227e-06,2.5071593847983196e-06,1.1235328063870752e-05,3.4268490542555014e-06,0.0005631653170777645,2.88571183887091e-06,0.00023148126807614352,0.0001206589712246389,3.6478537675800286e-06,0.023417656563318626,3.682979260160596e-05,2.8240807799315707e-05,2.5071593847983196e-06,3.4268490542555014e-06,0.00023148126807614352,2.88571183887091e-06,0.0005631653170777645,3.6478537675800286e-06,3.682979260160596e-05
135,0,child,,False,2.0662982488383408e-05,1.5689549727726036e-06,2.4300240743279605e-06,3.6119830612765795e-07,2.4300240743279605e-06,6.339210403977636e-07,0.00045315838477809784,5.77192003016332e-07,3.2192334497037803e-06,0.00011335690050875118,4.61127481426412e-06,0.0005048825150668042,3.7636447180974406e-06,1.5689549727726036e-06,3.6119830612765795e-07,6.339210403977636e-07,3.2192334497037803e-06,5.77192003016332e-07,0.00045315838477809784,4.61127481426412e-06,3.7636447180974406e-06
135,1,child,,False,1.6865275398914433e-05,1.7778551863194697e-06,2.2827997192887966e-06,3.726639284186561e-07,2.2827997192887966e-06,6.144174602214718e-07,0.00045590617158127144,7.071895057311757e-07,3.5913010679499402e-06,0.0007067749478525128,5.738759521437678e-06,0.0005156936737338665,2.586743108135441e-06,1.7778551863194697e-06,3.726639284186561e-07,6.144174602214718e-07,3.5913010679499402e-06,7.071895057311757e-07,0.00045590617158127144,5.738759521437678e-06,2.586743108135441e-06
135,2,child,,False,3.799845147518645e-05,4.98595821272702e-06,4.469407144215697e-06,5.77192003016332e-07,3.705296977158347e-06,1.3846004563753396e-06,0.0005727207399729823,2.5466403947055455e-06,0.0002253896128383855,4.802972318863164e-05,1.8342893327886845e-06,0.0012584221184095618,9.915273115920183e-06,4.98595821272702e-06,5.77192003016332e-07,1.3846004563753396e-06,0.0002253896128383855,2.5466403947055455e-06,0.0005727207399729823,1.8342893327886845e-06,9.915273115920183e-06
136,0,daughter,,False,3.150386940813393e-05,2.5071593847983196e-06,3.6478537675800286e-06,5.422218970016178e-07,1.8058518261159955e-06,1.0129990980873922e-06,0.0004720271565867992,1.4285517650093407e-06,0.00021695417048520467,0.0008091765268185392,1.1959857805023158e-05,0.0005300709180442588,4.400118457925303e-06,2.5071593847983196e-06,5.422218970016178e-07,1.0129990980873922e-06,0.00021695417048520467,1.4285517650093407e-06,0.0004720271565867992,1.1959857805023158e-05,4.400118457925303e-06
136,1,daughter,,False,3.8596609058077356e-05,9.170196905195049e-06,3.024195853395102e-06,1.2411496080609794e-06,4.98595821272702e-06,1.5689549727726036e-06,0.0004931873238609058,7.646537350121258e-07,0.00021978822261505042,0.0008186102388378728,5.614787461400803e-05,0.016069663387279883,3.682979260160596e-05,9.170196905195049e-06,1.2411496080609794e-06,1.5689549727726036e-06,0.00021978822261505042,7.646537350121258e-07,0.0004931873238609058,5.614787461400803e-05,3.682979260160596e-05
136,2,daughter,,False,4.512106237781923e-05,5.064471653194114e-06,3.6478537675800286e-06,1.0783312222985275e-06,4.331903899346328e-06,1.3007128466476034e-06,0.0004714608092839256,1.0616134237448653e-06,0.0002142503208503807,0.0007507463408459455,1.442598644847886e-05,0.0013085825177989695,1.3982207564732913e-05,5.064471653194114e-06,1.0783312222985275e-06,1.3007128466476034e-06,0.0002142503208503807,1.0616134237448653e-06,0.0004714608092839256,1.442598644847886e-05,1.3982207564732913e-05
137,0,son,,False,4.655269187520153e-05,6.605214485464791e-06,3.2192334497037803e-06,8.139692624947503e-07,6.814872211615988e-06,1.6442494559854523e-06,0.00048680965944992766,2.1782649863110498e-06,0.00021411253592723288,0.0028779143257728393,6.922183404468203e-06,0.010235294156004583,3.0534893211185946e-05,6.605214485464791e-06,8.139692624947503e-07,1.6442494559854523e-06,0.00021411253592723288,2.1782649863110498e-06,0.00048680965944992766,6.922183404468203e-06,3.0534893211185946e-05
137,1,son,,False,3.625900662832244e-05,6.014151777699533e-06,2.710880136557205e-06,7.183260399857925e-07,7.0311842669149565e-06,2.586743108135441e-06,0.0005094199893538772,2.88571183887091e-06,0.000223597696961234,0.00011879054941163418,2.01456908529364e-06,0.0012519010653729468,8.750299760661308e-06,6.014151777699533e-06,7.183260399857925e-07,2.586743108135441e-06,0.000223597696961234,2.88571183887091e-06,0.0005094199893538772,2.01456908529364e-06,8.750299760661308e-06
137,2,son,,False,3.799845147518645e-05,4.264746818557914e-06,4.469407144215697e-06,5.093705003229987e-07,5.391084403253366e-06,1.4285517650093407e-06,1.6603846953733614e-05,6.85431721163334e-07,4.757645425657629e-06,2.4923252458203565e-05,1.0451548051737735e-06,0.001208455080896534,1.0229985472581487e-05,4.264746818557914e-06,5.093705003229987e-07,1.4285517650093407e-06,4.757645425657629e-06,6.85431721163334e-07,1.6603846953733614e-05,1.0451548051737735e-06,1.0229985472581487e-05
138,0,child,,False,7.437028637763686e-05,1.0554685795431098e-05,5.064471653194114e-06,1.3211958228877664e-06,1.15919343186331e-05,4.1335397768930325e-06,0.0005030712481603208,2.212566909570261e-06,0.00021695417048520467,0.000924470062878294,7.967300986103147e-06,0.016172286056274132,2.0662982488383408e-05,1.0554685795431098e-05,1.3211958228877664e-06,4.1335397768930325e-06,0.00021695417048520467,2.212566909570261e-06,0.0005030712481603208,7.967300986103147e-06,2.0662982488383408e-05
138,1,child,,False,2.913700606794303e-05,3.024195853395102e-06,3.120191139396651e-06,4.936988949458183e-07,2.1444948420913954e-06,8.398072034951531e-07,0.00048258505277662156,9.972941593827283e-07,0.0002142503208503807,9.547317110805593e-05,2.6688529572628562e-06,0.000602359085731457,7.0311842669149565e-06,3.024195853395102e-06,4.936988949458183e-07,8.398072034951531e-07,0.0002142503208503807,9.972941593827283e-07,0.00048258505277662156,2.6688529572628562e-06,7.0311842669149565e-06
138,2,child,,False,1.3552078562406772e-05,1.670142184809518e-06,1.6187581436151335e-06,1.9333584585546466e-07,4.069457790466838e-06,7.411279871974134e-07,0.0004530208647415158,6.643433442159853e-07,3.822911232549001e-06,6.771942330385674e-05,2.1444948420913954e-06,0.0005245722151820294,7.2543618230189156e-06,1.670142184809518e-06,1.9333584585546466e-07,7.411279871974134e-07,3.822911232549001e-06,6.643433442159853e-07,0.0004530208647415158,2.1444948420913954e-06,7.2543618230189156e-06
139,0,daughter,,False,4.173157606777201e-05,1.3135179706526775e-05,3.2699273422345685e-06,1.4064044342149064e-06,7.0311842669149565e-06,3.120191139396651e-06,0.00048542592528307775,1.0451548051737735e-06,0.00021497247771651897,0.00089952090870963,5.614787461400803e-05,0.015999124593023904,1.9110431587777674e-05,1.3135179706526775e-05,1.4064044342149064e-06,3.120191139396651e-06,0.00021497247771651897,1.0451548051737735e-06,0.00048542592528307775,5.614787461400803e-05,1.9110431587777674e-05
139,1,daughter,,False,2.199533724320648e-05,3.535625074174432e-06,2.6688529572628562e-06,4.6378732973537256e-07,2.627477314480822e-06,7.889262586245034e-07,0.0004813151610312458,1.3420013504783412e-06,0.00021659756423044233,0.00012448433020883747,2.305067219931397e-05,0.0005289365944662937,4.53978687024344e-06,3.535625074174432e-06,4.6378732973537256e-07,7.889262586245034e-07,0.00021659756423044233,1.3420013504783412e-06,0.0004813151610312458,2.305067219931397e-05,4.53978687024344e-06
139,2,daughter,,False,0.0006230092919928882,1.7130819343483194e-05,1.3982207564732913e-05,2.3923509443082866e-06,8.349627818261147e-06,4.469407144215697e-06,0.0005495061622119047,3.535625074174432e-06,0.00023273440348495238,0.01040826973575264,2.0988308820313112e-05,0.016249033178287745,1.941131867789626e-05,1.7130819343483194e-05,2.3923509443082866e-06,4.469407144215697e-06,0.00023273440348495238,3.535625074174432e-06,0.0005495061622119047,2.0988308820313112e-05,1.941131867789626e-05
140,0,son,,False,1.5118199327273332e-05,3.120191139396651e-06,3.024195853395102e-06,4.6378732973537256e-07,3.321419494792514e-06,7.889262586245034e-07,0.0004651953822420356,7.889262586245034e-07,6.10885510164857e-06,0.0007293448983675676,3.4062932773341e-05,0.0005832949863420954,7.484622751061123e-06,3.120191139396651e-06,4.6378732973537256e-07,7.889262586245034e-07,6.10885510164857e-06,7.889262586245034e-07,0.0004651953822420356,3.4062932773341e-05,7.484622751061123e-06
140,1,son,,False,1.15919343186331e-05,2.1444948420913954e-06,1.5689549727726036e-06,2.6425858208426533e-07,1.8631746484712008e-06,6.540437226933637e-07,0.00045558961681571076,6.439037799292652e-07,3.944258675190877e-06,0.00017821963223663923,2.913700606794303e-05,0.0005112741181214284,4.832563818725537e-06,2.1444948420913954e-06,2.6425858208426533e-07,6.540437226933637e-07,3.944258675190877e-06,6.439037799292652e-07,0.00045558961681571076,2.913700606794303e-05,4.832563818725537e-06
140,2,son,,False,1.3135179706526775e-05,2.212566909570261e-06,1.9525885208642222e-06,3.1875652166284776e-07,1.6187581436151335e-06,4.936988949458183e-07,0.0004573080764948252,6.339210403977636e-07,4.908661889889002e-06,0.000754511454683582,4.044814978420809e-05,0.0004985843679459446,4.1335397768930325e-06,2.212566909570261e-06,3.1875652166284776e-07,4.936988949458183e-07,4.908661889889002e-06,6.339210403977636e-07,0.0004573080764948252,4.044814978420809e-05,4.1335397768930325e-06
141,0,child,,False,1.8235460794662427e-05,2.5071593847983196e-06,1.8342893327886845e-06,2.561282210758673e-07,5.064471653194114e-06,1.2219076020491008e-06,0.0004606025498168151,7.766951856747235e-07,4.61127481426412e-06,9.253848866495987e-05,1.5843621910252592e-05,0.0005121306555705326,4.006369222920725e-06,2.5071593847983196e-06,2.561282210758673e-07,1.2219076020491008e-06,4.61127481426412e-06,7.766951856747235e-07,0.0004606025498168151,1.5843621910252592e-05,4.006369222920725e-06
141,1,child,,False,3.0534893211185946e-05,4.331903899346328e-06,3.321419494792514e-06,8.939696304799168e-07,3.120191139396651e-06,2.212566909570261e-06,0.0004983622728967738,9.516251694168764e-07,0.00021809334032878513,0.01022496774572234,0.00013458604012970922,0.001227285180014391,9.610241549947397e-06,4.331903899346328e-06,8.939696304799168e-07,2.212566909570261e-06,0.00021809334032878513,9.516251694168764e-07,0.0004983622728967738,0.00013458604012970922,9.610241549947397e-06
141,2,child,,False,1.5598027633743823e-05,2.5071593847983196e-06,3.120191139396651e-06,6.748051590048605e-07,3.4808121961114687e-06,1.2606946239951315e-06,0.0005021541018921009,1.0616134237448653e-06,0.0002227627797192805,0.010132624023293487,0.00018969200744787138,0.0005398117107140829,4.1335397768930325e-06,2.5071593847983196e-06,6.748051590048605e-07,1.2606946239951315e-06,0.0002227627797192805,1.0616134237448653e-06,0.0005021541018921009,0.00018969200744787138,4.1335397768930325e-06
142,0,daughter,,False,6.563728324346652e-05,8.220189478350845e-06,6.014151777699533e-06,2.01456908529364e-06,4.757645425657629e-06,2.97731143841062e-06,0.000537455863598247,2.0462932829931794e-06,0.00023542387204900095,0.010132624023293487,0.00012644219446392274,0.010286647577039109,1.941131867789626e-05,8.220189478350845e-06,2.01456908529364e-06,2.97731143841062e-06,0.00023542387204900095,2.0462932829931794e-06,0.000537455863598247,0.00012644219446392274,1.941131867789626e-05
142,1,daughter,,False,1.609308249869283e-05,3.4268490542555014e-06,2.355261854303796e-06,2.6425858208426533e-07,4.61127481426412e-06,8.398072034951531e-07,0.0004682423007537106,1.0451548051737735e-06,4.683888424952456e-06,0.0007161476078247872,5.7031570707833595e-05,0.0005569032319691715,7.0311842669149565e-06,3.4268490542555014e-06,2.6425858208426533e-07,8.398072034951531e-07,4.683888424952456e-06,1.0451548051737735e-06,0.0004682423007537106,5.7031570707833595e-05,7.0311842669149565e-06
142,2,daughter,,False,1.0554685795431098e-05,1.7231572752142392e-06,1.4285517650093407e-06,1.4593762210768862e-07,1.4510478554719287e-06,4.356879983467376e-07,0.0004558265687732626,5.682435212870505e-07,5.064471653194114e-06,0.00017007224114352882,2.0027376671813928e-05,0.0004825669898577503,2.2827997192887966e-06,1.7231572752142392e-06,1.4593762210768862e-07,4.356879983467376e-07,5.064471653194114e-06,5.682435212870505e-07,0.0004558265687732626,2.0027376671813928e-05,2.2827997192887966e-06
143,0,son,,False,1.4202364022997911e-05,3.4268490542555014e-06,1.9525885208642222e-06,4.0929110499856e-07,3.5913010679499402e-06,9.818326983657703e-07,0.00046040712342594554,6.540437226933637e-07,5.920916517463734e-06,0.0007583355694965269,4.7285443452031076e-05,0.0005300709180442588,5.475976980449466e-06,3.4268490542555014e-06,4.0929110499856e-07,9.818326983657703e-07,5.920916517463734e-06,6.540437226933637e-07,0.00046040712342594554,4.7285443452031076e-05,5.475976980449466e-06
143,1,son,,False,1.2533751425646102e-05,2.4300240743279605e-06,1.5206840370677115e-06,2.332074525844782e-07,5.225226840386988e-06,1.1478768127080353e-06,0.00045329698301493134,4.0929110499856e-07,2.7535691114583474e-06,0.0001597845494017344,2.868540823874629e-05,0.0005121306555705326,5.649793328376294e-06,2.4300240743279605e-06,2.332074525844782e-07,1.1478768127080353e-06,2.7535691114583474e-06,4.0929110499856e-07,0.00045329698301493134,2.868540823874629e-05,5.649793328376294e-06
143,2,son,,False,5.357805383473943e-05,1.2148175280558357e-05,4.757645425657629e-06,1.4064044342149064e-06,8.092757566536092e-06,2.6688529572628562e-06,0.0005812742197838553,2.2827997192887966e-06,0.00023148126807614352,0.00016743993037101191,3.799845147518645e-05,0.016184590835453178,2.453694805426225e-05,1.2148175280558357e-05,1.4064044342149064e-06,2.6688529572628562e-06,0.00023148126807614352,2.2827997192887966e-06,0.0005812742197838553,3.799845147518645e-05,2.453694805426225e-05
144,0,child,,False,4.442183589214344e-05,2.5315637215092633e-05,7.843789122138342e-06,2.1112482331487175e-06,1.488384825728813e-05,1.488384825728813e-05,0.0005687637342162879,4.400118457925303e-06,0.00023028548862477513,0.0009056139344932517,7.67292412858718e-05,0.047386802440808826,2.868540823874629e-05,2.5315637215092633e-05,2.1112482331487175e-06,1.488384825728813e-05,0.00023028548862477513,4.400118457925303e-06,0.0005687637342162879,7.67292412858718e-05,2.868540823874629e-05
144,1,child,,False,2.4923252458203565e-05,5.144221374220898e-06,2.01456908529364e-06,4.6378732973537256e-07,2.4682904407607285e-06,7.183260399857925e-07,0.0004952508080780285,1.4285517650093407e-06,0.00021713669539495865,0.0006978298516223775,3.514382632807918e-05,0.0006191494980250567,1.15919343186331e-05,5.144221374220898e-06,4.6378732973537256e-07,7.183260399857925e-07,0.00021713669539495865,1.4285517650093407e-06,0.0004952508080780285,3.514382632807918e-05,1.15919343186331e-05
144,2,child,,False,3.625900662832244e-05,4.1335397768930325e-06,2.796930302582677e-06,6.339210403977636e-07,2.355261854303796e-06,9.818326983657703e-07,0.0004894819157773981,1.0783312222985275e-06,0.00021956460018956949,0.00014550629385328434,1.6865275398914433e-05,0.0011688122949661533,1.0889691002655445e-05,4.1335397768930325e-06,6.339210403977636e-07,9.818326983657703e-07,0.00021956460018956949,1.0783312222985275e-06,0.0004894819157773981,1.6865275398914433e-05,1.0889691002655445e-05
145,0,daughter,,False,7.843789122138342e-06,2.01456908529364e-06,1.0451548051737735e-06,1.994729721527057e-07,4.683888424952456e-06,7.411279871974134e-07,0.00045429807851823744,3.726639284186561e-07,3.024195853395102e-06,0.0007433895060961777,5.7031570707833595e-05,0.000510430845712912,5.144221374220898e-06,2.01456908529364e-06,1.994729721527057e-07,7.411279871974134e-07,3.024195853395102e-06,3.726639284186561e-07,0.00045429807851823744,5.7031570707833595e-05,5.144221374220898e-06
145,1,daughter,,False,1.141223854434603e-05,2.931153855960119e-06,1.4285517650093407e-06,2.8130174840733105e-07,7.484622751061123e-06,1.2606946239951315e-06,1.647465607888151e-05,6.339210403977636e-07,3.705296977158347e-06,0.0006949397826019072,4.802972318863164e-05,0.0005166197289884592,7.2543618230189156e-06,2.931153855960119e-06,2.8130174840733105e-07,1.2606946239951315e-06,3.705296977158347e-06,6.339210403977636e-07,1.647465607888151e-05,4.802972318863164e-05,7.2543618230189156e-06
145,2,daughter,,False,7.14190139989638e-06,1.7778551863194697e-06,8.939696304799168e-07,2.0580491096133835e-07,2.355261854303796e-06,5.77192003016332e-07,1.4202364022997911e-05,5.422218970016178e-07,3.0718185454758057e-06,0.0008594156731411163,9.850082967450695e-05,0.0004903878049248205,3.7636447180974406e-06,1.7778551863194697e-06,2.0580491096133835e-07,5.77192003016332e-07,3.0718185454758057e-06,5.422218970016178e-07,1.4202364022997911e-05,9.850082967450695e-05,3.7636447180974406e-06
146,0,son,,False,1.2931563954607948e-05,2.796930302582677e-06,1.670142184809518e-06,2.6425858208426533e-07,6.605214485464791e-06,1.1843139025979655e-06,0.00045535542432847726,4.936988949458183e-07,3.5913010679499402e-06,9.547317110805593e-05,1.4653129390717958e-05,0.0005079785823772643,4.832563818725537e-06,2.796930302582677e-06,2.6425858208426533e-07,1.1843139025979655e-06,3.5913010679499402e-06,4.936988949458183e-07,0.00045535542432847726,1.4653129390717958e-05,4.832563818725537e-06
146,1,son,,False,1.971694219622292e-05,3.373722476473661e-06,2.2827997192887966e-06,6.144174602214718e-07,2.88571183887091e-06,9.223470110117277e-07,0.00045954634568336845,8.267873072601938e-07,4.1335397768930325e-06,0.002722381836565666,5.9766937110286536e-05,0.001208455080896534,7.967300986103147e-06,3.373722476473661e-06,6.144174602214718e-07,9.223470110117277e-07,4.1335397768930325e-06,8.267873072601938e-07,0.00045954634568336845,5.9766937110286536e-05,7.967300986103147e-06
146,2,son,,False,8.750299760661308e-06,2.2474089854291757e-06,1.2219076020491008e-06,2.123378462433771e-07,3.535625074174432e-06,1.1478768127080353e-06,1.5598027633743823e-05,4.356879983467376e-07,3.0718185454758057e-06,0.0007293448983675676,3.459916031782155e-05,0.0005064063866345277,5.307507822667365e-06,2.2474089854291757e-06,2.123378462433771e-07,1.1478768127080353e-06,3.0718185454758057e-06,4.356879983467376e-07,1.5598027633743823e-05,3.459916031782155e-05,5.307507822667365e-06
147,0,child,,False,5.4421326243255744e-05,3.4268490542555014e-06,2.7535691114583474e-06,5.594337713435001e-07,3.0718185454758057e-06,8.939696304799168e-07,0.0004822186797755494,1.3420013504783412e-06,0.00021891431472897835,0.0007622196052140348,3.5913010679499402e-06,0.0005775117631028116,5.144221374220898e-06,3.4268490542555014e-06,5.594337713435001e-07,8.939696304799168e-07,0.00021891431472897835,1.3420013504783412e-06,0.0004822186797755494,3.5913010679499402e-06,5.144221374220898e-06
147,1,child,,False,1.3765463368900109e-05,3.944258675190877e-06,2.212566909570261e-06,3.9669859149467314e-07,5.649793328376294e-06,1.3420013504783412e-06,0.000474995410586757,1.0783312222985275e-06,4.757645425657629e-06,0.0008186102388378728,2.453694805426225e-05,0.0011435787590044176,1.3135179706526775e-05,3.944258675190877e-06,3.9669859149467314e-07,1.3420013504783412e-06,4.757645425657629e-06,1.0783312222985275e-06,0.000474995410586757,2.453694805426225e-05,1.3135179706526775e-05
147,2,child,,False,2.453694805426225e-05,4.264746818557914e-06,2.7535691114583474e-06,8.939696304799168e-07,3.0718185454758057e-06,1.1125607488784412e-06,0.0004896402593356202,1.0129990980873922e-06,0.00021934444373130447,0.010375333996460123,0.00010322310367548195,0.0006001064513491806,4.1335397768930325e-06,4.264746818557914e-06,8.939696304799168e-07,1.1125607488784412e-06,0.00021934444373130447,1.0129990980873922e-06,0.0004896402593356202,0.00010322310367548195,4.1335397768930325e-06
148,0,daughter,,False,1.5118199327273332e-05,2.97731143841062e-06,1.4738981974494932e-06,3.3931448129766124e-07,2.627477314480822e-06,6.540437226933637e-07,0.0004573080764948252,6.144174602214718e-07,4.069457790466838e-06,0.0027568755852843594,8.693673928062173e-05,0.0005175603499223236,4.832563818725537e-06,2.97731143841062e-06,3.3931448129766124e-07,6.540437226933637e-07,4.069457790466838e-06,6.144174602214718e-07,0.0004573080764948252,8.693673928062173e-05,4.832563818725537e-06
148,1,daughter,,False,2.7803096387751555e-05,6.502816785764437e-06,5.144221374220898e-06,1.363134508591315e-06,4.757645425657629e-06,2.931153855960119e-06,0.004658337509675157,4.61127481426412e-06,0.00026702520964274283,0.0027788905419273728,0.00011513995656772139,0.0012312300707620777,7.967300986103147e-06,6.502816785764437e-06,1.363134508591315e-06,2.931153855960119e-06,0.00026702520964274283,4.61127481426412e-06,0.004658337509675157,0.00011513995656772139,7.967300986103147e-06
148,2,daughter,,False,3.250358452365473e-05,7.368592981140821e-06,2.710880136557205e-06,1.0783312222985275e-06,4.53978687024344e-06,1.3846004563753396e-06,0.0004699481884315314,6.748051590048605e-07,0.00021358242564492241,0.0007742406513215074,4.108485376346404e-05,0.001223401144296883,1.3135179706526775e-05,7.368592981140821e-06,1.0783312222985275e-06,1.3846004563753396e-06,0.00021358242564492241,6.748051590048605e-07,0.0004699481884315314,4.108485376346404e-05,1.3135179706526775e-05
149,0,son,,True,0.0006259907508777644,0.0008208990838843598,1.442598644847886e-05,8.481104172358076e-06,2.737216731838081e-05,2.1654404989510328e-05,0.004703106577579883,0.00021286690840069392,0.00026239380687440516,0.00016743993037101191,2.868540823874629e-05,0.20069646526719265,0.003467654086175554,0.0008208990838843598,8.481104172358076e-06,2.1654404989510328e-05,0.00026239380687440516,0.00021286690840069392,0.004703106577579883,2.868540823874629e-05,0.003467654086175554
149,1,son,,False,1.177445922838707e-05,2.1444948420913954e-06,2.4300240743279605e-06,4.6378732973537256e-07,3.373722476473661e-06,1.4285517650093407e-06,0.00045908104511603316,5.594337713435001e-07,4.98595821272702e-06,0.0007259681821955923,3.740956047302422e-05,0.0005278198317882314,3.6478537675800286e-06,2.1444948420913954e-06,4.6378732973537256e-07,1.4285517650093407e-06,4.98595821272702e-06,5.594337713435001e-07,0.00045908104511603316,3.740956047302422e-05,3.6478537675800286e-06
149,2,son,,False,2.453694805426225e-05,7.368592981140821e-06,2.7535691114583474e-06,6.962256250138369e-07,5.307507822667365e-06,1.4738981974494932e-06,0.0005018943519102321,9.368717268777097e-07,0.00021559222163915307,0.0007362579817833515,7.208380258812108e-05,0.001171840522652869,5.144221374220898e-06,7.368592981140821e-06,6.962256250138369e-07,1.4738981974494932e-06,0.00021559222163915307,9.368717268777097e-07,0.0005018943519102321,7.208380258812108e-05,5.144221374220898e-06
150,0,child,,False,2.4923252458203565e-05,3.120191139396651e-06,1.8925148246037342e-06,3.9669859149467314e-07,1.9223170236538178e-06,9.516251694168764e-07,0.0004700830312855635,7.183260399857925e-07,5.225226840386988e-06,0.0028962779470040876,1.177445922838707e-05,0.0005794095367164778,1.0229985472581487e-05,3.120191139396651e-06,3.9669859149467314e-07,9.516251694168764e-07,5.225226840386988e-06,7.183260399857925e-07,0.0004700830312855635,1.177445922838707e-05,1.0229985472581487e-05
150,1,child,,False,7.368592981140821e-06,2.212566909570261e-06,1.0783312222985275e-06,1.8738753836511972e-07,5.307507822667365e-06,8.664653147910923e-07,0.0004555112476395559,5.594337713435001e-07,3.024195853395102e-06,0.00011513995656772139,2.4923252458203565e-05,0.0005175603499223236,3.7636447180974406e-06,2.212566909570261e-06,1.8738753836511972e-07,8.664653147910923e-07,3.024195853395102e-06,5.594337713435001e-07,0.0004555112476395559,2.4923252458203565e-05,3.7636447180974406e-06
150,2,child,,False,7.916296072837432e-05,7.967300986103147e-06,4.198630823683514e-06,1.2029639084557005e-06,4.400118457925303e-06,1.670142184809518e-06,0.0005024148671484224,1.363134508591315e-06,0.00021642339588120966,0.0007868354905725904,7.722191834067996e-06,0.01611352314297458,2.6119031909571944e-05,7.967300986103147e-06,1.2029639084557005e-06,1.670142184809518e-06,0.00021642339588120966,1.363134508591315e-06,0.0005024148671484224,7.722191834067996e-06,2.6119031909571944e-05
151,0,daughter,,False,9.170196905195049e-06,2.355261854303796e-06,1.5689549727726036e-06,3.6119830612765795e-07,4.1335397768930325e-06,8.939696304799168e-07,0.0004802539556557626,1.2029639084557005e-06,0.00021453243307176662,0.00012843081201339694,3.459916031782155e-05,0.0005508471799444582,6.814872211615988e-06,2.355261854303796e-06,3.6119830612765795e-07,8.939696304799168e-07,0.00021453243307176662,1.2029639084557005e-06,0.0004802539556557626,3.459916031782155e-05,6.814872211615988e-06
151,1,daughter,,False,2.5315637215092633e-05,9.610241549947397e-06,3.2192334497037803e-06,1.0783312222985275e-06,4.469407144215697e-06,1.5206840370677115e-06,0.0004978732545768464,1.7778551863194697e-06,0.00021453243307176662,0.0028344121635247347,0.00012448433020883747,0.0012476373755339234,1.0889691002655445e-05,9.610241549947397e-06,1.0783312222985275e-06,1.5206840370677115e-06,0.00021453243307176662,1.7778551863194697e-06,0.0004978732545768464,0.00012448433020883747,1.0889691002655445e-05
151,2,daughter,,False,1.6346470245419304e-05,5.307507822667365e-06,2.931153855960119e-06,1.0451548051737735e-06,3.5913010679499402e-06,1.4738981974494932e-06,0.00046507958231904967,6.540437226933637e-07,0.00021217710837818755,0.019575253788077195,0.00022872276058698749,0.001208455080896534,1.3982207564732913e-05,5.307507822667365e-06,1.0451548051737735e-06,1.4738981974494932e-06,0.00021217710837818755,6.540437226933637e-07,0.00046507958231904967,0.00022872276058698749,1.3982207564732913e-05
152,0,son,,False,9.028039015031105e-06,2.355261854303796e-06,1.670142184809518e-06,2.72647027069593e-07,6.709224499600877e-06,1.0451548051737735e-06,1.4202364022997911e-05,4.6378732973537256e-07,2.710880136557205e-06,0.00011160142598430911,3.459916031782155e-05,0.0005300709180442588,9.610241549947397e-06,2.355261854303796e-06,2.72647027069593e-07,1.0451548051737735e-06,2.710880136557205e-06,4.6378732973537256e-07,1.4202364022997911e-05,3.459916031782155e-05,9.610241549947397e-06
152,1,son,,False,1.6865275398914433e-05,2.2827997192887966e-06,1.7778551863194697e-06,5.594337713435001e-07,3.024195853395102e-06,7.411279871974134e-07,0.00046786077705228494,5.862814011886353e-07,0.00021273082914771238,0.0007161476078247872,3.569706350376584e-05,0.0005633490590837672,6.205049602300744e-06,2.2827997192887966e-06,5.594337713435001e-07,7.411279871974134e-07,0.00021273082914771238,5.862814011886353e-07,0.00046786077705228494,3.569706350376584e-05,6.205049602300744e-06
152,2,son,,False,2.2693385749600554e-05,7.368592981140821e-06,1.9525885208642222e-06,8.139692624947503e-07,4.757645425657629e-06,2.586743108135441e-06,0.0005137252768701615,2.355261854303796e-06,0.00021439027518160267,0.0008487344920069995,6.070755804415097e-05,0.01614233951140147,3.514382632807918e-05,7.368592981140821e-06,8.139692624947503e-07,2.586743108135441e-06,0.00021439027518160267,2.355261854303796e-06,0.0005137252768701615,6.070755804415097e-05,3.514382632807918e-05
153,0,child,,False,1.177445922838707e-05,2.586743108135441e-06,1.3846004563753396e-06,3.089494448007139e-07,2.4300240743279605e-06,8.664653147910923e-07,0.0004591733799654918,4.78509449489012e-07,4.61127481426412e-06,7.208380258812108e-05,1.4653129390717958e-05,0.0005411170227538132,4.400118457925303e-06,2.586743108135441e-06,3.089494448007139e-07,8.664653147910923e-07,4.61127481426412e-06,4.78509449489012e-07,0.0004591733799654918,1.4653129390717958e-05,4.400118457925303e-06
153,1,child,,False,5.7031570707833595e-05,5.064471653194114e-06,2.931153855960119e-06,6.540437226933637e-07,5.064471653194114e-06,1.363134508591315e-06,0.00046339575522479667,1.1659530314852966e-06,4.331903899346328e-06,0.0007259681821955923,4.469407144215697e-06,0.0012650969304107685,1.488384825728813e-05,5.064471653194114e-06,6.540437226933637e-07,1.363134508591315e-06,4.331903899346328e-06,1.1659530314852966e-06,0.00046339575522479667,4.469407144215697e-06,1.488384825728813e-05
153,2,child,,False,1.2148175280558357e-05,2.2827997192887966e-06,1.6187581436151335e-06,2.8130174840733105e-07,2.88571183887091e-06,7.183260399857925e-07,0.0004537193317624044,6.85431721163334e-07,3.4808121961114687e-06,0.0001410358496618023,3.150386940813393e-05,0.0005096006331304874,4.006369222920725e-06,2.2827997192887966e-06,2.8130174840733105e-07,7.183260399857925e-07,3.4808121961114687e-06,6.85431721163334e-07,0.0004537193317624044,3.150386940813393e-05,4.006369222920725e-06
154,0,daughter,,False,2.3782205064034188e-05,4.400118457925303e-06,2.7535691114583474e-06,6.144174602214718e-07,4.198630823683514e-06,1.1478768127080353e-06,0.0004876175016327878,9.818326983657703e-07,0.00021250413756646795,0.0008817985412716716,7.67292412858718e-05,0.0011910337569959485,1.15919343186331e-05,4.400118457925303e-06,6.144174602214718e-07,1.1478768127080353e-06,0.00021250413756646795,9.818326983657703e-07,0.0004876175016327878,7.67292412858718e-05,1.15919343186331e-05
154,1,daughter,,False,5.225226840386988e-06,9.223470110117277e-07,7.183260399857925e-07,1.0030140882067352e-07,1.6442494559854523e-06,3.288749065460498e-07,1.609308249869283e-05,3.668863309258988e-07,4.908661889889002e-06,3.353501304664781e-05,9.610241549947397e-06,0.0004806349969422068,1.6187581436151335e-06,9.223470110117277e-07,1.0030140882067352e-07,3.288749065460498e-07,4.908661889889002e-06,3.668863309258988e-07,1.609308249869283e-05,9.610241549947397e-06,1.6187581436151335e-06
154,2,daughter,,False,2.4923252458203565e-05,2.840974294610978e-06,2.1782649863110498e-06,2.948016613843445e-07,2.586743108135441e-06,6.748051590048605e-07,0.00048771937139197025,1.0129990980873922e-06,0.00021789598759221768,3.9821309061635425e-05,1.2606946239951315e-06,0.0005584771959849743,4.832563818725537e-06,2.840974294610978e-06,2.948016613843445e-07,6.748051590048605e-07,0.00021789598759221768,1.0129990980873922e-06,0.00048771937139197025,1.2606946239951315e-06,4.832563818725537e-06
155,0,son,,False,1.141223854434603e-05,2.5071593847983196e-06,1.4738981974494932e-06,3.3931448129766124e-07,3.2699273422345685e-06,8.139692624947503e-07,0.00045357744795714874,5.014734822853044e-07,3.321419494792514e-06,0.00012644219446392274,2.571419797957771e-05,0.0005267203585267405,5.144221374220898e-06,2.5071593847983196e-06,3.3931448129766124e-07,8.139692624947503e-07,3.321419494792514e-06,5.014734822853044e-07,0.00045357744795714874,2.571419797957771e-05,5.144221374220898e-06
155,1,son,,False,8.481104172358076e-06,1.670142184809518e-06,1.5689549727726036e-06,2.332074525844782e-07,2.710880136557205e-06,5.422218970016178e-07,0.00045504740472045987,4.6378732973537256e-07,3.0718185454758057e-06,0.0001206589712246389,2.6119031909571944e-05,0.0005041382353302037,5.144221374220898e-06,1.670142184809518e-06,2.332074525844782e-07,5.422218970016178e-07,3.0718185454758057e-06,4.6378732973537256e-07,0.00045504740472045987,2.6119031909571944e-05,5.144221374220898e-06
155,2,son,,False,8.61465062380632e-06,2.0785170435063726e-06,1.1125607488784412e-06,2.1907815825757866e-07,4.61127481426412e-06,7.889262586245034e-07,0.0004552008131639649,5.093705003229987e-07,3.4268490542555014e-06,0.0006949397826019072,4.512106237781923e-05,0.0005056385041563992,5.829126566113866e-06,2.0785170435063726e-06,2.1907815825757866e-07,7.889262586245034e-07,3.4268490542555014e-06,5.093705003229987e-07,0.0004552008131639649,4.512106237781923e-05,5.829126566113866e-06
156,0,child,,False,0.0005449187105293259,0.0007459683484318774,1.2731104162213555e-05,5.064471653194114e-06,2.305067219931397e-05,1.1061159714638084e-05,0.007441642442034297,0.00021239327621036451,0.0002936668209450264,0.00013250224172131609,2.3413582477639402e-05,0.18531049076775363,0.003444522217938925,0.0007459683484318774,5.064471653194114e-06,1.1061159714638084e-05,0.0002936668209450264,0.00021239327621036451,0.007441642442034297,2.3413582477639402e-05,0.003444522217938925
156,1,child,,False,8.481104172358076e-06,2.1444948420913954e-06,1.670142184809518e-06,2.4061023397180247e-07,3.5913010679499402e-06,1.0129990980873922e-06,1.6219281637167375e-05,5.682435212870505e-07,2.4300240743279605e-06,0.0007507463408459455,4.655269187520153e-05,0.0005166197289884592,7.967300986103147e-06,2.1444948420913954e-06,2.4061023397180247e-07,1.0129990980873922e-06,2.4300240743279605e-06,5.682435212870505e-07,1.6219281637167375e-05,4.655269187520153e-05,7.967300986103147e-06
156,2,child,,False,4.373344035182828e-05,6.502816785764437e-06,4.53978687024344e-06,1.3420013504783412e-06,4.757645425657629e-06,2.0785170435063726e-06,0.0005024148671484224,1.2805474213228684e-06,0.00021934444373130447,0.0029056745866044694,0.00015247863912257493,0.010095282373833598,1.5843621910252592e-05,6.502816785764437e-06,1.3420013504783412e-06,2.0785170435063726e-06,0.00021934444373130447,1.2805474213228684e-06,0.0005024148671484224,0.00015247863912257493,1.5843621910252592e-05
157,0,daughter,,False,1.7400543552708932e-05,7.843789122138342e-06,2.355261854303796e-06,8.939696304799168e-07,6.709224499600877e-06,1.4971083692627422e-06,0.0004876175016327878,1.4510478554719287e-06,0.000223597696961234,0.00012255674483830522,2.4923252458203565e-05,0.000566725899170637,6.014151777699533e-06,7.843789122138342e-06,8.939696304799168e-07,1.4971083692627422e-06,0.000223597696961234,1.4510478554719287e-06,0.0004876175016327878,2.4923252458203565e-05,6.014151777699533e-06
157,1,daughter,,False,1.0071400221737608e-05,3.169325442919291e-06,2.1444948420913954e-06,9.223470110117277e-07,4.069457790466838e-06,1.3007128466476034e-06,0.0005081326230993903,1.3211958228877664e-06,0.00021732209397159474,0.0028689430188461465,0.00012448433020883747,0.0006093314310007475,1.442598644847886e-05,3.169325442919291e-06,9.223470110117277e-07,1.3007128466476034e-06,0.00021732209397159474,1.3211958228877664e-06,0.0005081326230993903,0.00012448433020883747,1.442598644847886e-05
157,2,daughter,,False,1.7400543552708932e-05,4.53978687024344e-06,2.01456908529364e-06,5.594337713435001e-07,3.2699273422345685e-06,1.0129990980873922e-06,0.0004856212949545413,8.530321297909616e-07,0.00021228441957103978,0.0007661644959617213,3.682979260160596e-05,0.001187709168692717,1.6346470245419304e-05,4.53978687024344e-06,5.594337713435001e-07,1.0129990980873922e-06,0.00021228441957103978,8.530321297909616e-07,0.0004856212949545413,3.682979260160596e-05,1.6346470245419304e-05
158,0,son,,False,1.1061159714638084e-05,4.006369222920725e-06,1.8925148246037342e-06,4.936988949458183e-07,5.064471653194114e-06,1.3846004563753396e-06,0.0004583552024398536,5.422218970016178e-07,4.198630823683514e-06,0.00089952090870963,6.166297347617125e-05,0.0005569032319691715,7.967300986103147e-06,4.006369222920725e-06,4.936988949458183e-07,1.3846004563753396e-06,4.198630823683514e-06,5.422218970016178e-07,0.0004583552024398536,6.166297347617125e-05,7.967300986103147e-06
158,1,son,,False,8.830458477845481e-05,1.5118199327273332e-05,5.307507822667365e-06,1.4064044342149064e-06,5.920916517463734e-06,1.7231572752142392e-06,0.0005179585234221652,2.01456908529364e-06,0.00021912769953547168,0.0007783738571119147,5.193048644949271e-05,0.010156181138574706,2.0988308820313112e-05,1.5118199327273332e-05,1.4064044342149064e-06,1.7231572752142392e-06,0.00021912769953547168,2.01456908529364e-06,0.0005179585234221652,5.193048644949271e-05,2.0988308820313112e-05
158,2,son,,False,2.453694805426225e-05,5.475976980449466e-06,2.840974294610978e-06,8.139692624947503e-07,4.1335397768930325e-06,1.3420013504783412e-06,0.000467358979648701,7.889262586245034e-07,4.1335397768930325e-06,0.002924908581036187,8.969393236719384e-05,0.0012650969304107685,1.535623976496012e-05,5.475976980449466e-06,8.139692624947503e-07,1.3420013504783412e-06,4.1335397768930325e-06,7.889262586245034e-07,0.000467358979648701,8.969393236719384e-05,1.535623976496012e-05
159,0,child,,False,7.2543618230189156e-06,2.0785170435063726e-06,1.5689549727726036e-06,4.356879983467376e-07,2.840974294610978e-06,7.411279871974134e-07,0.00046462087703568497,4.6378732973537256e-07,5.649793328376294e-06,0.0007259681821955923,3.150386940813393e-05,0.0005156936737338665,5.475976980449466e-06,2.0785170435063726e-06,4.356879983467376e-07,7.411279871974134e-07,5.649793328376294e-06,4.6378732973537256e-07,0.00046462087703568497,3.150386940813393e-05,5.475976980449466e-06
159,1,child,,False,5.614787461400803e-05,8.349627818261147e-06,2.5071593847983196e-06,3.9669859149467314e-07,3.4808121961114687e-06,9.223470110117277e-07,0.0004870104393978988,8.939696304799168e-07,0.00021642339588120966,9.399438806628559e-05,1.1061159714638084e-05,0.010188854592563546,1.442598644847886e-05,8.349627818261147e-06,3.9669859149467314e-07,9.223470110117277e-07,0.00021642339588120966,8.939696304799168e-07,0.0004870104393978988,1.1061159714638084e-05,1.442598644847886e-05
159,2,child,,False,9.253848866495987e-05,9.610241549947397e-06,9.170196905195049e-06,1.3420013504783412e-06,4.198630823683514e-06,1.670142184809518e-06,0.0005004836993972071,3.2699273422345685e-06,0.00022805562191617214,0.02102311084576229,0.000568590693522782,0.0005957051194471736,7.484622751061123e-06,9.610241549947397e-06,1.3420013504783412e-06,1.670142184809518e-06,0.00022805562191617214,3.2699273422345685e-06,0.0005004836993972071,0.000568590693522782,7.484622751061123e-06
160,0,daughter,,False,1.535623976496012e-05,3.535625074174432e-06,1.7231572752142392e-06,3.6119830612765795e-07,4.069457790466838e-06,7.889262586245034e-07,0.0004576516815369979,5.594337713435001e-07,5.562206273647035e-06,0.00016743993037101191,3.0534893211185946e-05,0.0005465467242453664,6.605214485464791e-06,3.535625074174432e-06,3.6119830612765795e-07,7.889262586245034e-07,5.562206273647035e-06,5.594337713435001e-07,0.0004576516815369979,3.0534893211185946e-05,6.605214485464791e-06
160,1,daughter,,False,9.028039015031105e-06,2.5071593847983196e-06,1.4738981974494932e-06,3.288749065460498e-07,3.0718185454758057e-06,6.962256250138369e-07,0.0004571382759572523,6.144174602214718e-07,4.198630823683514e-06,0.0007955642203309994,4.802972318863164e-05,0.0005096006331304874,6.205049602300744e-06,2.5071593847983196e-06,3.288749065460498e-07,6.962256250138369e-07,4.198630823683514e-06,6.144174602214718e-07,0.0004571382759572523,4.802972318863164e-05,6.205049602300744e-06
160,2,daughter,,False,8.693673928062173e-05,1.941131867789626e-05,3.535625074174432e-06,1.7502925788778209e-06,8.750299760661308e-06,2.6688529572628562e-06,0.000544715774106057,3.321419494792514e-06,0.00023360304396588728,0.0008045684283044233,3.459916031782155e-05,0.016222660719717993,1.6865275398914433e-05,1.941131867789626e-05,1.7502925788778209e-06,2.6688529572628562e-06,0.00023360304396588728,3.321419494792514e-06,0.000544715774106057,3.459916031782155e-05,1.6865275398914433e-05
161,0,son,,False,1.2533751425646102e-05,3.120191139396651e-06,1.3420013504783412e-06,3.089494448007139e-07,2.4682904407607285e-06,1.0129990980873922e-06,0.00045459430255551965,4.78509449489012e-07,3.6478537675800286e-06,0.0007470393220393539,3.8596609058077356e-05,0.0005347894011802569,6.814872211615988e-06,3.120191139396651e-06,3.089494448007139e-07,1.0129990980873922e-06,3.6478537675800286e-06,4.78509449489012e-07,0.00045459430255551965,3.8596609058077356e-05,6.814872211615988e-06
161,1,son,,False,8.750299760661308e-06,2.212566909570261e-06,1.5689549727726036e-06,2.561282210758673e-07,2.355261854303796e-06,6.748051590048605e-07,0.0004575652765175886,6.339210403977636e-07,5.475976980449466e-06,0.000770171190275983,4.044814978420809e-05,0.0005056385041563992,4.53978687024344e-06,2.212566909570261e-06,2.561282210758673e-07,6.748051590048605e-07,5.475976980449466e-06,6.339210403977636e-07,0.0004575652765175886,4.044814978420809e-05,4.53978687024344e-06
161,2,son,,False,6.986756664856784e-05,1.3552078562406772e-05,4.400118457925303e-06,1.4285517650093407e-06,4.53978687024344e-06,9.818326983657703e-07,0.0005029394593519703,1.2219076020491008e-06,0.00021891431472897835,0.002749761539826477,4.512106237781923e-05,0.010172201508571337,1.2339457598623173e-05,1.3552078562406772e-05,1.4285517650093407e-06,9.818326983657703e-07,0.00021891431472897835,1.2219076020491008e-06,0.0005029394593519703,4.512106237781923e-05,1.2339457598623173e-05
162,0,child,,False,1.0071400221737608e-05,1.9525885208642222e-06,2.01456908529364e-06,3.089494448007139e-07,2.5466403947055455e-06,5.594337713435001e-07,0.0004596405007964144,6.048918580418918e-07,3.4268490542555014e-06,0.00015731121653489972,1.5118199327273332e-05,0.0005056385041563992,4.53978687024344e-06,1.9525885208642222e-06,3.089494448007139e-07,5.594337713435001e-07,3.4268490542555014e-06,6.048918580418918e-07,0.0004596405007964144,1.5118199327273332e-05,4.53978687024344e-06
162,1,child,,False,6.922183404468203e-06,1.6187581436151335e-06,1.2219076020491008e-06,2.6425858208426533e-07,2.3923509443082866e-06,5.955139348629957e-07,0.0004591733799654918,4.78509449489012e-07,4.683888424952456e-06,0.00015011822567369918,2.913700606794303e-05,0.0005130006664921807,6.40200641038395e-06,1.6187581436151335e-06,2.6425858208426533e-07,5.955139348629957e-07,4.683888424952456e-06,4.78509449489012e-07,0.0004591733799654918,2.913700606794303e-05,6.40200641038395e-06
162,2,child,,False,2.95957113513077e-05,6.302758756443267e-06,3.120191139396651e-06,8.80110037979258e-07,4.1335397768930325e-06,9.818326983657703e-07,0.00047921731131957026,1.1125607488784412e-06,0.00021497247771651897,0.0007259681821955923,3.514382632807918e-05,0.0011688122949661533,1.0229985472581487e-05,6.302758756443267e-06,8.80110037979258e-07,9.818326983657703e-07,0.00021497247771651897,1.1125607488784412e-06,0.00047921731131957026,3.514382632807918e-05,1.0229985472581487e-05
163,0,daughter,,False,2.3413582477639402e-05,4.006369222920725e-06,2.1444948420913954e-06,4.222833444659923e-07,2.586743108135441e-06,5.422218970016178e-07,0.0004622221322539132,5.594337713435001e-07,0.0002117642425769555,0.00012843081201339694,2.737216731838081e-05,0.0005005862322300009,3.4268490542555014e-06,4.006369222920725e-06,4.222833444659923e-07,5.422218970016178e-07,0.0002117642425769555,5.594337713435001e-07,0.0004622221322539132,2.737216731838081e-05,3.4268490542555014e-06
163,1,daughter,,False,5.738759521437678e-06,1.0451548051737735e-06,1.1478768127080353e-06,1.2878952156558146e-07,1.7778551863194697e-06,4.936988949458183e-07,1.0975090534032795e-05,4.5659700648367735e-07,2.931153855960119e-06,4.802972318863164e-05,1.3007128466476034e-06,2.2693385749600554e-05,2.840974294610978e-06,1.0451548051737735e-06,1.2878952156558146e-07,4.936988949458183e-07,2.931153855960119e-06,4.5659700648367735e-07,1.0975090534032795e-05,1.3007128466476034e-06,2.840974294610978e-06
163,2,daughter,,False,0.0005881933939738148,3.1999824407395835e-05,1.0071400221737608e-05,3.7636447180974406e-06,1.2339457598623173e-05,5.562206273647035e-06,0.0005627922732772014,1.7778551863194697e-06,0.0002263505449868847,0.09879604619209648,0.0008187909901696234,0.023643614543483047,5.27478412523148e-05,3.1999824407395835e-05,3.7636447180974406e-06,5.562206273647035e-06,0.0002263505449868847,1.7778551863194697e-06,0.0005627922732772014,0.0008187909901696234,5.27478412523148e-05
164,0,son,,False,2.6947915555885546e-05,3.2192334497037803e-06,3.6478537675800286e-06,7.889262586245034e-07,3.535625074174432e-06,1.670142184809518e-06,0.0004910863985343963,1.0953122821495382e-06,0.00022222751156548602,0.002934750458319067,3.625900662832244e-05,0.0005914388320078819,5.144221374220898e-06,3.2192334497037803e-06,7.889262586245034e-07,1.670142184809518e-06,0.00022222751156548602,1.0953122821495382e-06,0.0004910863985343963,3.625900662832244e-05,5.144221374220898e-06
164,1,son,,False,2.453694805426225e-05,2.931153855960119e-06,2.212566909570261e-06,5.594337713435001e-07,2.840974294610978e-06,1.0129990980873922e-06,0.0004588061938267481,8.398072034951531e-07,4.53978687024344e-06,0.0009309527809802363,1.0720880092159908e-05,0.000566725899170637,6.014151777699533e-06,2.931153855960119e-06,5.594337713435001e-07,1.0129990980873922e-06,4.53978687024344e-06,8.398072034951531e-07,0.0004588061938267481,1.0720880092159908e-05,6.014151777699533e-06
164,2,son,,False,9.253848866495987e-05,6.502816785764437e-06,4.069457790466838e-06,6.748051590048605e-07,3.944258675190877e-06,1.0129990980873922e-06,0.0005169984478568978,1.6442494559854523e-06,0.0002233150331012493,9.850082967450695e-05,9.915273115920183e-06,0.0006191494980250567,4.264746818557914e-06,6.502816785764437e-06,6.748051590048605e-07,1.0129990980873922e-06,0.0002233150331012493,1.6442494559854523e-06,0.0005169984478568978,9.915273115920183e-06,4.264746818557914e-06
165,0,child,,False,0.0005765709440160247,2.4156629828672456e-05,9.610241549947397e-06,3.321419494792514e-06,9.028039015031105e-06,4.61127481426412e-06,0.004734938465764139,5.307507822667365e-06,0.0002556957937118527,0.01042511913352564,3.8596609058077356e-05,0.04728804774892971,4.044814978420809e-05,2.4156629828672456e-05,3.321419494792514e-06,4.61127481426412e-06,0.0002556957937118527,5.307507822667365e-06,0.004734938465764139,3.8596609058077356e-05,4.044814978420809e-05
165,1,child,,False,7.843789122138342e-06,2.5071593847983196e-06,1.2219076020491008e-06,2.4824800371656586e-07,5.391084403253366e-06,1.0783312222985275e-06,0.00045535542432847726,4.936988949458183e-07,3.321419494792514e-06,0.0007742406513215074,5.193048644949271e-05,0.0005175603499223236,6.014151777699533e-06,2.5071593847983196e-06,2.4824800371656586e-07,1.0783312222985275e-06,3.321419494792514e-06,4.936988949458183e-07,0.00045535542432847726,5.193048644949271e-05,6.014151777699533e-06
165,2,child,,False,0.0001048469267161009,4.802972318863164e-05,1.0554685795431098e-05,4.198630823683514e-06,1.6865275398914433e-05,9.761566060239504e-06,0.004851736974025462,0.00021276919924655138,0.00026064009985893153,0.0001048469267161009,1.5598027633743823e-05,0.1288715012506291,0.0024634469038624807,4.802972318863164e-05,4.198630823683514e-06,9.761566060239504e-06,0.00026064009985893153,0.00021276919924655138,0.004851736974025462,1.5598027633743823e-05,0.0024634469038624807
166,0,daughter,,False,5.527786369235996e-05,4.683888424952456e-06,2.2827997192887966e-06,5.594337713435001e-07,3.8831109868779005e-06,7.646537350121258e-07,0.0004660187641789279,6.85431721163334e-07,0.00021384334033892964,0.000703746720165797,2.653023768982879e-05,0.0006069710175518718,5.829126566113866e-06,4.683888424952456e-06,5.594337713435001e-07,7.646537350121258e-07,0.00021384334033892964,6.85431721163334e-07,0.0004660187641789279,2.653023768982879e-05,5.829126566113866e-06
166,1,daughter,,False,8.220189478350845e-06,1.8342893327886845e-06,1.0451548051737735e-06,2.123378462433771e-07,1.6187581436151335e-06,4.6378732973537256e-07,0.00046372467876705764,7.071895057311757e-07,3.944258675190877e-06,0.0007007652612809208,5.357805383473943e-05,0.0005204719129728484,5.649793328376294e-06,1.8342893327886845e-06,2.123378462433771e-07,4.6378732973537256e-07,3.944258675190877e-06,7.071895057311757e-07,0.00046372467876705764,5.357805383473943e-05,5.649793328376294e-06
166,2,daughter,,False,1.2731104162213555e-05,2.586743108135441e-06,1.4738981974494932e-06,3.089494448007139e-07,2.710880136557205e-06,7.646537350121258e-07,0.00045853454316705595,6.962256250138369e-07,4.683888424952456e-06,0.0007622196052140348,6.878511550552459e-05,0.0005204719129728484,4.832563818725537e-06,2.586743108135441e-06,3.089494448007139e-07,7.646537350121258e-07,4.683888424952456e-06,6.962256250138369e-07,0.00045853454316705595,6.878511550552459e-05,4.832563818725537e-06
167,0,son,,False,2.199533724320648e-05,5.649793328376294e-06,2.5071593847983196e-06,4.6378732973537256e-07,3.321419494792514e-06,6.540437226933637e-07,0.0004709032361132395,9.516251694168764e-07,6.10885510164857e-06,0.0006978298516223775,5.27478412523148e-05,0.000571992748445894,9.028039015031105e-06,5.649793328376294e-06,4.6378732973537256e-07,6.540437226933637e-07,6.10885510164857e-06,9.516251694168764e-07,0.0004709032361132395,5.27478412523148e-05,9.028039015031105e-06
167,1,son,,False,6.771942330385674e-05,2.6119031909571944e-05,6.40200641038395e-06,2.2827997192887966e-06,1.141223854434603e-05,6.709224499600877e-06,0.00468805525498733,4.98595821272702e-06,0.0002519149280417731,5.527786369235996e-05,2.7535691114583474e-06,0.08888484474220938,0.0023951302232741774,2.6119031909571944e-05,2.2827997192887966e-06,6.709224499600877e-06,0.0002519149280417731,4.98595821272702e-06,0.00468805525498733,2.7535691114583474e-06,0.0023951302232741774
167,2,son,,False,0.0006259907508777644,0.0007552556355312161,1.2533751425646102e-05,5.144221374220898e-06,1.0554685795431098e-05,9.028039015031105e-06,0.0006048941865527812,3.535625074174432e-06,0.00022477355484446784,0.020433757142136064,0.0002673006032788653,0.1256798312583421,0.0016082622770097628,0.0007552556355312161,5.144221374220898e-06,9.028039015031105e-06,0.00022477355484446784,3.535625074174432e-06,0.0006048941865527812,0.0002673006032788653,0.0016082622770097628
168,0,child,,False,2.305067219931397e-05,2.6688529572628562e-06,1.5206840370677115e-06,3.9669859149467314e-07,2.1782649863110498e-06,9.516251694168764e-07,0.00047853957910020344,1.1659530314852966e-06,0.00021250413756646795,0.00012448433020883747,3.120191139396651e-06,0.0011944104731679238,7.967300986103147e-06,2.6688529572628562e-06,3.9669859149467314e-07,9.516251694168764e-07,0.00021250413756646795,1.1659530314852966e-06,0.00047853957910020344,3.120191139396651e-06,7.967300986103147e-06
168,1,child,,False,7.0311842669149565e-06,1.2219076020491008e-06,1.3846004563753396e-06,2.1907815825757866e-07,2.355261854303796e-06,6.144174602214718e-07,1.2731104162213555e-05,4.5659700648367735e-07,2.0785170435063726e-06,0.00015011822567369918,4.264746818557914e-06,0.0005130006664921807,3.8831109868779005e-06,1.2219076020491008e-06,2.1907815825757866e-07,6.144174602214718e-07,2.0785170435063726e-06,4.5659700648367735e-07,1.2731104162213555e-05,4.264746818557914e-06,3.8831109868779005e-06
168,2,child,,False,2.653023768982879e-05,2.2827997192887966e-06,1.9525885208642222e-06,3.089494448007139e-07,2.01456908529364e-06,6.540437226933637e-07,0.00045705387164279285,7.411279871974134e-07,3.373722476473661e-06,0.0001048469267161009,3.944258675190877e-06,0.0005553536215526795,5.144221374220898e-06,2.2827997192887966e-06,3.089494448007139e-07,6.540437226933637e-07,3.373722476473661e-06,7.411279871974134e-07,0.00045705387164279285,3.944258675190877e-06,5.144221374220898e-06
169,0,daughter,,False,1.941131867789626e-05,3.5913010679499402e-06,3.4268490542555014e-06,4.78509449489012e-07,1.8058518261159955e-06,6.339210403977636e-07,0.00046686495697165274,7.889262586245034e-07,0.0002117642425769555,0.010433640888789751,0.00023967308701289605,0.0005794095367164778,9.314593042575101e-06,3.5913010679499402e-06,4.78509449489012e-07,6.339210403977636e-07,0.0002117642425769555,7.889262586245034e-07,0.00046686495697165274,0.00023967308701289605,9.314593042575101e-06
169,1,daughter,,False,2.4156629828672456e-05,4.1335397768930325e-06,2.4300240743279605e-06,9.368717268777097e-07,3.944258675190877e-06,1.1125607488784412e-06,0.00047624913019932136,6.540437226933637e-07,0.00021713669539495865,0.00011335690050875118,2.1318756129065198e-05,0.0011812131826251435,1.0889691002655445e-05,4.1335397768930325e-06,9.368717268777097e-07,1.1125607488784412e-06,0.00021713669539495865,6.540437226933637e-07,0.00047624913019932136,2.1318756129065198e-05,1.0889691002655445e-05
169,2,daughter,,False,2.8240807799315707e-05,4.61127481426412e-06,3.120191139396651e-06,5.594337713435001e-07,2.3187477504664324e-06,7.183260399857925e-07,0.00045747920821094843,6.339210403977636e-07,3.0718185454758057e-06,0.010238988609384374,0.0001206589712246389,0.0005289365944662937,8.481104172358076e-06,4.61127481426412e-06,5.594337713435001e-07,7.183260399857925e-07,3.0718185454758057e-06,6.339210403977636e-07,0.00045747920821094843,0.0001206589712246389,8.481104172358076e-06
170,0,son,,False,2.6947915555885546e-05,3.024195853395102e-06,2.931153855960119e-06,4.495181578513688e-07,2.0462932829931794e-06,6.540437226933637e-07,0.0004639461111252634,5.955139348629957e-07,0.00021273082914771238,4.108485376346404e-05,7.722191834067996e-06,0.0005323933551511255,3.8831109868779005e-06,3.024195853395102e-06,4.495181578513688e-07,6.540437226933637e-07,0.00021273082914771238,5.955139348629957e-07,0.0004639461111252634,7.722191834067996e-06,3.8831109868779005e-06
170,1,son,,False,2.0988308820313112e-05,2.355261854303796e-06,1.8342893327886845e-06,3.9669859149467314e-07,2.2474089854291757e-06,6.144174602214718e-07,0.00046748369537513777,5.093705003229987e-07,0.0002117642425769555,9.253848866495987e-05,1.3552078562406772e-05,0.0005756433412898068,6.605214485464791e-06,2.355261854303796e-06,3.9669859149467314e-07,6.144174602214718e-07,0.0002117642425769555,5.093705003229987e-07,0.00046748369537513777,1.3552078562406772e-05,6.605214485464791e-06
170,2,son,,False,9.399438806628559e-05,3.1015598671268335e-05,1.0889691002655445e-05,5.144221374220898e-06,1.488384825728813e-05,1.141223854434603e-05,0.0005894565498138354,3.120191139396651e-06,0.00024277179663959579,0.0006949397826019072,7.722191834067996e-06,0.10067420791728775,0.002427338004813118,3.1015598671268335e-05,5.144221374220898e-06,1.141223854434603e-05,0.00024277179663959579,3.120191139396651e-06,0.0005894565498138354,7.722191834067996e-06,0.002427338004813118
171,0,child,,False,1.2148175280558357e-05,1.5689549727726036e-06,1.4285517650093407e-06,2.6425858208426533e-07,1.670142184809518e-06,5.955139348629957e-07,1.7130819343483194e-05,5.338155705389253e-07,3.024195853395102e-06,0.0009056139344932517,5.527786369235996e-05,0.0005048825150668042,4.264746818557914e-06,1.5689549727726036e-06,2.6425858208426533e-07,5.955139348629957e-07,3.024195853395102e-06,5.338155705389253e-07,1.7130819343483194e-05,5.527786369235996e-05,4.264746818557914e-06
171,1,child,,True,9.850082967450695e-05,4.7285443452031076e-05,1.1959857805023158e-05,6.709224499600877e-06,2.0662982488383408e-05,1.0720880092159908e-05,0.0046615856841783895,3.705296977158347e-06,0.0002564880266656633,6.070755804415097e-05,1.3135179706526775e-05,0.2017152621145327,0.005546324294997054,4.7285443452031076e-05,6.709224499600877e-06,1.0720880092159908e-05,0.0002564880266656633,3.705296977158347e-06,0.0046615856841783895,1.3135179706526775e-05,0.005546324294997054
171,2,child,,False,0.0006087787255549655,4.7285443452031076e-05,1.5118199327273332e-05,6.205049602300744e-06,1.0229985472581487e-05,7.843789122138342e-06,0.004760847809282531,0.000214407938766389,0.00025729272261606426,0.019341398102757146,0.00013670256456563558,0.12496851103120465,0.0024475782578226328,4.7285443452031076e-05,6.205049602300744e-06,7.843789122138342e-06,0.00025729272261606426,0.000214407938766389,0.004760847809282531,0.00013670256456563558,0.0024475782578226328
172,0,daughter,,False,2.4156629828672456e-05,5.064471653194114e-06,1.8925148246037342e-06,5.77192003016332e-07,2.710880136557205e-06,7.411279871974134e-07,0.00046416927920648823,7.183260399857925e-07,0.00021207146066617245,0.010433640888789751,0.00021489492836254285,0.0005702096923869237,1.1235328063870752e-05,5.064471653194114e-06,5.77192003016332e-07,7.411279871974134e-07,0.00021207146066617245,7.183260399857925e-07,0.00046416927920648823,0.00021489492836254285,1.1235328063870752e-05
172,1,daughter,,False,1.3135179706526775e-05,3.2192334497037803e-06,1.7231572752142392e-06,3.1875652166284776e-07,6.40200641038395e-06,1.2606946239951315e-06,0.0004558265687732626,5.77192003016332e-07,3.705296977158347e-06,0.0008283415380815684,5.7031570707833595e-05,0.0005256379073836972,7.0311842669149565e-06,3.2192334497037803e-06,3.1875652166284776e-07,1.2606946239951315e-06,3.705296977158347e-06,5.77192003016332e-07,0.0004558265687732626,5.7031570707833595e-05,7.0311842669149565e-06
172,2,daughter,,False,3.4062932773341e-05,8.61465062380632e-06,4.198630823683514e-06,1.5936620247162786e-06,5.562206273647035e-06,2.796930302582677e-06,0.0005609739140102787,1.5689549727726036e-06,0.00022120585807682417,0.010253226208557755,1.2148175280558357e-05,0.010262303811719492,1.488384825728813e-05,8.61465062380632e-06,1.5936620247162786e-06,2.796930302582677e-06,0.00022120585807682417,1.5689549727726036e-06,0.0005609739140102787,1.2148175280558357e-05,1.488384825728813e-05
173,0,son,,False,8.969393236719384e-05,1.6346470245419304e-05,7.14190139989638e-06,2.4300240743279605e-06,7.368592981140821e-06,2.1782649863110498e-06,0.000518119630895629,1.8631746484712008e-06,0.0002227627797192805,0.0007193703321376295,3.250358452365473e-05,0.016283158259871405,4.305570813246149e-05,1.6346470245419304e-05,2.4300240743279605e-06,2.1782649863110498e-06,0.0002227627797192805,1.8631746484712008e-06,0.000518119630895629,3.250358452365473e-05,4.305570813246149e-05
173,1,son,,False,1.442598644847886e-05,3.024195853395102e-06,1.6187581436151335e-06,2.994440981371515e-07,1.8058518261159955e-06,5.955139348629957e-07,1.4539114412297376e-05,4.6378732973537256e-07,3.4268490542555014e-06,7.321812616608614e-05,1.3765463368900109e-05,0.0004948512433533591,3.2192334497037803e-06,3.024195853395102e-06,2.994440981371515e-07,5.955139348629957e-07,3.4268490542555014e-06,4.6378732973537256e-07,1.4539114412297376e-05,1.3765463368900109e-05,3.2192334497037803e-06
173,2,son,,False,1.2339457598623173e-05,2.931153855960119e-06,1.8925148246037342e-06,6.748051590048605e-07,5.064471653194114e-06,2.3187477504664324e-06,0.000465311635123257,6.643433442159853e-07,5.649793328376294e-06,0.0008594156731411163,6.563728324346652e-05,0.0006191494980250567,7.484622751061123e-06,2.931153855960119e-06,6.748051590048605e-07,2.3187477504664324e-06,5.649793328376294e-06,6.643433442159853e-07,0.000465311635123257,6.563728324346652e-05,7.484622751061123e-06
174,0,child,,False,3.9204178923762816e-05,4.264746818557914e-06,6.014151777699533e-06,1.0129990980873922e-06,3.5913010679499402e-06,1.8925148246037342e-06,0.000524306923308154,1.8631746484712008e-06,0.0002263505449868847,0.010238988609384374,0.00012255674483830522,0.000566725899170637,6.014151777699533e-06,4.264746818557914e-06,1.0129990980873922e-06,1.8925148246037342e-06,0.0002263505449868847,1.8631746484712008e-06,0.000524306923308154,0.00012255674483830522,6.014151777699533e-06
174,1,child,,False,1.6346470245419304e-05,2.931153855960119e-06,1.4285517650093407e-06,2.2603242979035749e-07,1.9525885208642222e-06,4.495181578513688e-07,1.7265154827585877e-05,5.093705003229987e-07,0.0002115672857688723,0.00010005044009099887,2.305067219931397e-05,0.0004833830295680014,2.0785170435063726e-06,2.931153855960119e-06,2.2603242979035749e-07,4.495181578513688e-07,0.0002115672857688723,5.093705003229987e-07,1.7265154827585877e-05,2.305067219931397e-05,2.0785170435063726e-06
174,2,child,,False,1.6865275398914433e-05,2.7535691114583474e-06,1.4738981974494932e-06,6.144174602214718e-07,3.169325442919291e-06,8.139692624947503e-07,0.0004587152898300176,5.173918770225734e-07,0.00021196745065203636,0.0007129746438779075,3.459916031782155e-05,0.0005398117107140829,4.832563818725537e-06,2.7535691114583474e-06,6.144174602214718e-07,8.139692624947503e-07,0.00021196745065203636,5.173918770225734e-07,0.0004587152898300176,3.459916031782155e-05,4.832563818725537e-06
175,0,daughter,,False,2.453694805426225e-05,4.908661889889002e-06,2.4300240743279605e-06,6.144174602214718e-07,3.2192334497037803e-06,8.664653147910923e-07,0.00046372467876705764,9.818326983657703e-07,5.562206273647035e-06,0.0028601092173492736,0.0001206589712246389,0.0005538279886564313,8.750299760661308e-06,4.908661889889002e-06,6.144174602214718e-07,8.664653147910923e-07,5.562206273647035e-06,9.818326983657703e-07,0.00046372467876705764,0.0001206589712246389,8.750299760661308e-06
175,1,daughter,,False,8.888084683809127e-06,1.7778551863194697e-06,1.1843139025979655e-06,3.1875652166284776e-07,2.3923509443082866e-06,5.77192003016332e-07,1.7265154827585877e-05,4.222833444659923e-07,3.822911232549001e-06,0.0007583355694965269,4.7285443452031076e-05,0.0004973009416623807,4.832563818725537e-06,1.7778551863194697e-06,3.1875652166284776e-07,5.77192003016332e-07,3.822911232549001e-06,4.222833444659923e-07,1.7265154827585877e-05,4.7285443452031076e-05,4.832563818725537e-06
175,2,daughter,,False,2.4156629828672456e-05,5.829126566113866e-06,2.355261854303796e-06,7.646537350121258e-07,2.97731143841062e-06,1.1478768127080353e-06,0.00047640861561708075,7.889262586245034e-07,0.00021453243307176662,0.010359240122396841,0.000138852327569001,0.0012013235565837077,1.442598644847886e-05,5.829126566113866e-06,7.646537350121258e-07,1.1478768127080353e-06,0.00021453243307176662,7.889262586245034e-07,0.00047640861561708075,0.000138852327569001,1.442598644847886e-05
176,0,son,,False,9.253848866495987e-05,2.6947915555885546e-05,8.092757566536092e-06,4.331903899346328e-06,8.481104172358076e-06,4.908661889889002e-06,0.0005210739346422647,1.3846004563753396e-06,0.00022388481049310266,0.010274996187545843,3.569706350376584e-05,0.07106719365468472,7.096703991005882e-05,2.6947915555885546e-05,4.331903899346328e-06,4.908661889889002e-06,0.00022388481049310266,1.3846004563753396e-06,0.0005210739346422647,3.569706350376584e-05,7.096703991005882e-05
176,1,son,,False,7.793660930208434e-05,1.8814207550495463e-05,5.649793328376294e-06,2.5071593847983196e-06,7.2543618230189156e-06,3.169325442919291e-06,0.0005287474710982832,1.7502925788778209e-06,0.00022303674997692745,0.0007259681821955923,2.4923252458203565e-05,0.03203323533426587,5.792916699214217e-05,1.8814207550495463e-05,2.5071593847983196e-06,3.169325442919291e-06,0.00022303674997692745,1.7502925788778209e-06,0.0005287474710982832,2.4923252458203565e-05,5.792916699214217e-05
176,2,son,,False,6.263341581094202e-05,8.888084683809127e-06,2.796930302582677e-06,7.411279871974134e-07,5.391084403253366e-06,1.4285517650093407e-06,0.0004929624887242293,1.4064044342149064e-06,0.00021642339588120966,0.00089952090870963,4.802972318863164e-05,0.0011462110697769345,8.481104172358076e-06,8.888084683809127e-06,7.411279871974134e-07,1.4285517650093407e-06,0.00021642339588120966,1.4064044342149064e-06,0.0004929624887242293,4.802972318863164e-05,8.481104172358076e-06
177,0,child,,False,1.0720880092159908e-05,2.212566909570261e-06,1.4738981974494932e-06,3.6119830612765795e-07,2.4300240743279605e-06,9.516251694168764e-07,0.0004544456121966584,5.173918770225734e-07,4.61127481426412e-06,0.0027641006197803124,5.9766937110286536e-05,0.0005204719129728484,6.014151777699533e-06,2.212566909570261e-06,3.6119830612765795e-07,9.516251694168764e-07,4.61127481426412e-06,5.173918770225734e-07,0.0004544456121966584,5.9766937110286536e-05,6.014151777699533e-06
177,1,child,,False,5.8840881855693875e-05,9.761566060239504e-06,7.2543618230189156e-06,2.0785170435063726e-06,5.738759521437678e-06,3.944258675190877e-06,0.0005457865351075576,2.2827997192887966e-06,0.0002445664150903344,0.0028428458272168377,0.00011513995656772139,0.016053900477043873,1.6865275398914433e-05,9.761566060239504e-06,2.0785170435063726e-06,3.944258675190877e-06,0.0002445664150903344,2.2827997192887966e-06,0.0005457865351075576,0.00011513995656772139,1.6865275398914433e-05
177,2,child,,False,1.1235328063870752e-05,2.01456908529364e-06,2.355261854303796e-06,3.089494448007139e-07,3.2699273422345685e-06,8.139692624947503e-07,0.0004556682925965673,4.222833444659923e-07,2.796930302582677e-06,0.00013045066466158166,2.5315637215092633e-05,0.0005323933551511255,5.144221374220898e-06,2.01456908529364e-06,3.089494448007139e-07,8.139692624947503e-07,2.796930302582677e-06,4.222833444659923e-07,0.0004556682925965673,2.5315637215092633e-05,5.144221374220898e-06
178,0,daughter,,False,2.3413582477639402e-05,4.683888424952456e-06,3.2192334497037803e-06,7.646537350121258e-07,3.0718185454758057e-06,1.0129990980873922e-06,0.0004847481042366493,8.139692624947503e-07,0.0002154336363883092,0.0029970979054966492,8.969393236719384e-05,0.0005893550335994887,6.605214485464791e-06,4.683888424952456e-06,7.646537350121258e-07,1.0129990980873922e-06,0.0002154336363883092,8.139692624947503e-07,0.0004847481042366493,8.969393236719384e-05,6.605214485464791e-06
178,1,daughter,,False,4.044814978420809e-05,6.302758756443267e-06,2.840974294610978e-06,9.818326983657703e-07,4.331903899346328e-06,1.3007128466476034e-06,0.0004740804800258193,6.540437226933637e-07,0.0002142503208503807,0.000770171190275983,4.173157606777201e-05,0.0012476373755339234,1.535623976496012e-05,6.302758756443267e-06,9.818326983657703e-07,1.3007128466476034e-06,0.0002142503208503807,6.540437226933637e-07,0.0004740804800258193,4.173157606777201e-05,1.535623976496012e-05
178,2,daughter,,False,2.0662982488383408e-05,3.321419494792514e-06,2.7535691114583474e-06,6.339210403977636e-07,3.944258675190877e-06,1.3846004563753396e-06,0.0005012493929124193,9.818326983657703e-07,0.0002253896128383855,0.0029056745866044694,0.00016743993037101191,0.0005267203585267405,4.98595821272702e-06,3.321419494792514e-06,6.339210403977636e-07,1.3846004563753396e-06,0.0002253896128383855,9.818326983657703e-07,0.0005012493929124193,0.00016743993037101191,4.98595821272702e-06
179,0,son,,False,0.0005788235783983012,2.95957113513077e-05,5.920916517463734e-06,1.670142184809518e-06,1.8235460794662427e-05,4.069457790466838e-06,0.004826577927254904,0.00022011622820665742,0.00028962646704221216,8.969393236719384e-05,1.3342001090985438e-05,0.01619081453744255,1.5598027633743823e-05,2.95957113513077e-05,1.670142184809518e-06,4.069457790466838e-06,0.00028962646704221216,0.00022011622820665742,0.004826577927254904,1.3342001090985438e-05,1.5598027633743823e-05
179,1,son,,False,1.1061159714638084e-05,2.01456908529364e-06,2.0785170435063726e-06,2.6425858208426533e-07,2.627477314480822e-06,5.594337713435001e-07,1.6603846953733614e-05,5.255395707074638e-07,3.535625074174432e-06,0.00016484829418512883,2.868540823874629e-05,0.0004909157246515137,3.6478537675800286e-06,2.01456908529364e-06,2.6425858208426533e-07,5.594337713435001e-07,3.535625074174432e-06,5.255395707074638e-07,1.6603846953733614e-05,2.868540823874629e-05,3.6478537675800286e-06
179,2,son,,False,3.353501304664781e-05,9.461262661302227e-06,2.97731143841062e-06,1.4738981974494932e-06,6.814872211615988e-06,2.6688529572628562e-06,0.0005011211542112085,1.2805474213228684e-06,0.00022914444123060576,0.0007433895060961777,4.305570813246149e-05,0.010188854592563546,1.0554685795431098e-05,9.461262661302227e-06,1.4738981974494932e-06,2.6688529572628562e-06,0.00022914444123060576,1.2805474213228684e-06,0.0005011211542112085,4.305570813246149e-05,1.0554685795431098e-05
180,0,child,,False,2.737216731838081e-05,3.120191139396651e-06,3.321419494792514e-06,6.144174602214718e-07,3.535625074174432e-06,1.5206840370677115e-06,0.0005155011148298277,1.2411496080609794e-06,0.00022249305551005476,0.0009118021484241878,0.00012843081201339694,0.0005372613854410962,4.683888424952456e-06,3.120191139396651e-06,6.144174602214718e-07,1.5206840370677115e-06,0.00022249305551005476,1.2411496080609794e-06,0.0005155011148298277,0.00012843081201339694,4.683888424952456e-06
180,1,child,,False,9.399438806628559e-05,0.000760033874770198,1.2148175280558357e-05,7.967300986103147e-06,2.305067219931397e-05,1.5598027633743823e-05,0.004719694367014722,5.225226840386988e-06,0.00027744603875469264,0.0007661644959617213,6.361912109467577e-05,0.12921156938103046,0.0034482292367455166,0.000760033874770198,7.967300986103147e-06,1.5598027633743823e-05,0.00027744603875469264,5.225226840386988e-06,0.004719694367014722,6.361912109467577e-05,0.0034482292367455166
180,2,child,,False,8.750299760661308e-06,2.355261854303796e-06,1.9525885208642222e-06,3.3931448129766124e-07,2.627477314480822e-06,6.962256250138369e-07,0.00046285603828612274,5.862814011886353e-07,4.198630823683514e-06,0.00018102110262026484,3.514382632807918e-05,0.0005300709180442588,8.481104172358076e-06,2.355261854303796e-06,3.3931448129766124e-07,6.962256250138369e-07,4.198630823683514e-06,5.862814011886353e-07,0.00046285603828612274,3.514382632807918e-05,8.481104172358076e-06
181,0,daughter,,False,2.6119031909571944e-05,6.302758756443267e-06,3.321419494792514e-06,7.889262586245034e-07,2.6688529572628562e-06,1.3846004563753396e-06,0.00046954680374108296,1.7231572752142392e-06,0.00021659756423044233,0.052401484312379266,0.0013848610215564574,0.0005616997185942735,8.220189478350845e-06,6.302758756443267e-06,7.889262586245034e-07,1.3846004563753396e-06,0.00021659756423044233,1.7231572752142392e-06,0.00046954680374108296,0.0013848610215564574,8.220189478350845e-06
181,1,daughter,,False,1.5118199327273332e-05,3.6478537675800286e-06,1.4738981974494932e-06,2.994440981371515e-07,2.5071593847983196e-06,6.144174602214718e-07,0.0004601168302651517,8.267873072601938e-07,4.98595821272702e-06,0.0007622196052140348,4.373344035182828e-05,0.0005372613854410962,6.40200641038395e-06,3.6478537675800286e-06,2.994440981371515e-07,6.144174602214718e-07,4.98595821272702e-06,8.267873072601938e-07,0.0004601168302651517,4.373344035182828e-05,6.40200641038395e-06
181,2,daughter,,False,1.3135179706526775e-05,4.400118457925303e-06,1.5689549727726036e-06,4.356879983467376e-07,4.908661889889002e-06,1.4738981974494932e-06,0.0004911950427828109,1.363134508591315e-06,0.00021497247771651897,0.00089952090870963,7.321812616608614e-05,0.0011409871228185344,8.220189478350845e-06,4.400118457925303e-06,4.356879983467376e-07,1.4738981974494932e-06,0.00021497247771651897,1.363134508591315e-06,0.0004911950427828109,7.321812616608614e-05,8.220189478350845e-06
182,0,son,,False,2.199533724320648e-05,3.120191139396651e-06,4.53978687024344e-06,8.398072034951531e-07,3.0718185454758057e-06,1.4738981974494932e-06,0.0004718847396776921,1.3846004563753396e-06,0.0002167744747109176,0.01042511913352564,0.0002217013022947387,0.0005245722151820294,4.006369222920725e-06,3.120191139396651e-06,8.398072034951531e-07,1.4738981974494932e-06,0.0002167744747109176,1.3846004563753396e-06,0.0004718847396776921,0.0002217013022947387,4.006369222920725e-06
182,1,son,,False,1.0391067562761452e-05,2.840974294610978e-06,1.0783312222985275e-06,2.72647027069593e-07,3.8831109868779005e-06,1.2606946239951315e-06,0.00045663675831385605,5.594337713435001e-07,4.683888424952456e-06,0.0007007652612809208,2.868540823874629e-05,0.0005335820331640444,6.014151777699533e-06,2.840974294610978e-06,2.72647027069593e-07,1.2606946239951315e-06,4.683888424952456e-06,5.594337713435001e-07,0.00045663675831385605,2.868540823874629e-05,6.014151777699533e-06
182,2,son,,False,4.173157606777201e-05,6.502816785764437e-06,2.4300240743279605e-06,7.646537350121258e-07,2.710880136557205e-06,6.962256250138369e-07,0.0004837014865369547,6.540437226933637e-07,0.0002142503208503807,0.0008383797509002126,6.771942330385674e-05,0.0006069710175518718,1.0554685795431098e-05,6.502816785764437e-06,7.646537350121258e-07,6.962256250138369e-07,0.0002142503208503807,6.540437226933637e-07,0.0004837014865369547,6.771942330385674e-05,1.0554685795431098e-05
183,0,child,,False,1.4653129390717958e-05,2.840974294610978e-06,1.5689549727726036e-06,2.994440981371515e-07,2.4300240743279605e-06,6.748051590048605e-07,0.00045889745344538133,5.507606023968348e-07,0.000211865052952336,6.563728324346652e-05,1.2731104162213555e-05,0.0005056385041563992,4.683888424952456e-06,2.840974294610978e-06,2.994440981371515e-07,6.748051590048605e-07,0.000211865052952336,5.507606023968348e-07,0.00045889745344538133,1.2731104162213555e-05,4.683888424952456e-06
183,1,child,,False,3.3015272509780104e-05,3.822911232549001e-06,3.6478537675800286e-06,5.955139348629957e-07,3.2192334497037803e-06,8.939696304799168e-07,0.00045357744795714874,1.0616134237448653e-06,4.198630823683514e-06,0.0008138567562898873,8.559006367452268e-05,0.0004985843679459446,2.931153855960119e-06,3.822911232549001e-06,5.955139348629957e-07,8.939696304799168e-07,4.198630823683514e-06,1.0616134237448653e-06,0.00045357744795714874,8.559006367452268e-05,2.931153855960119e-06
183,2,child,,False,6.878511550552459e-05,1.15919343186331e-05,6.40200641038395e-06,2.0462932829931794e-06,6.922183404468203e-06,3.4268490542555014e-06,0.0005222511248257806,2.2474089854291757e-06,0.0002253896128383855,0.052290632372351445,0.0006192990157855187,0.010216877736395754,1.7952796934677738e-05,1.15919343186331e-05,2.0462932829931794e-06,3.4268490542555014e-06,0.0002253896128383855,2.2474089854291757e-06,0.0005222511248257806,0.0006192990157855187,1.7952796934677738e-05
184,0,daughter,,False,2.95957113513077e-05,1.1061159714638084e-05,4.331903899346328e-06,1.3846004563753396e-06,5.225226840386988e-06,2.0785170435063726e-06,0.004665540740176853,2.0785170435063726e-06,0.00023889724921321938,0.0028601092173492736,8.830458477845481e-05,0.01598033076099035,1.971694219622292e-05,1.1061159714638084e-05,1.3846004563753396e-06,2.0785170435063726e-06,0.00023889724921321938,2.0785170435063726e-06,0.004665540740176853,8.830458477845481e-05,1.971694219622292e-05
184,1,daughter,,False,1.9110431587777674e-05,3.2192334497037803e-06,3.2192334497037803e-06,7.411279871974134e-07,4.908661889889002e-06,1.3846004563753396e-06,0.0005037340617940835,1.0783312222985275e-06,0.0002214553186652644,0.002887025252971318,0.00016875096190311083,0.0005479579113182372,8.220189478350845e-06,3.2192334497037803e-06,7.411279871974134e-07,1.3846004563753396e-06,0.0002214553186652644,1.0783312222985275e-06,0.0005037340617940835,0.00016875096190311083,8.220189478350845e-06
184,2,daughter,,False,3.514382632807918e-05,4.1335397768930325e-06,3.7636447180974406e-06,5.955139348629957e-07,2.4300240743279605e-06,1.1843139025979655e-06,0.00047561737708130716,1.6187581436151335e-06,0.00022120585807682417,0.010327781932783636,0.00019877742123839117,0.0005289365944662937,3.4268490542555014e-06,4.1335397768930325e-06,5.955139348629957e-07,1.1843139025979655e-06,0.00022120585807682417,1.6187581436151335e-06,0.00047561737708130716,0.00019877742123839117,3.4268490542555014e-06
185,0,son,,False,2.5315637215092633e-05,5.144221374220898e-06,2.2827997192887966e-06,8.664653147910923e-07,3.6478537675800286e-06,1.0451548051737735e-06,0.00046554550685017136,6.748051590048605e-07,0.00021250413756646795,0.0007742406513215074,4.373344035182828e-05,0.0012983872610336491,1.15919343186331e-05,5.144221374220898e-06,8.664653147910923e-07,1.0451548051737735e-06,0.00021250413756646795,6.748051590048605e-07,0.00046554550685017136,4.373344035182828e-05,1.15919343186331e-05
185,1,son,,False,1.6346470245419304e-05,2.840974294610978e-06,2.931153855960119e-06,7.183260399857925e-07,3.6478537675800286e-06,1.670142184809518e-06,0.000494497289104268,1.5446309562386385e-06,0.00021978822261505042,0.0028601092173492736,0.0001048469267161009,0.0005523259629862285,3.4268490542555014e-06,2.840974294610978e-06,7.183260399857925e-07,1.670142184809518e-06,0.00021978822261505042,1.5446309562386385e-06,0.000494497289104268,0.0001048469267161009,3.4268490542555014e-06
185,2,son,,False,7.14190139989638e-06,2.1444948420913954e-06,1.3846004563753396e-06,2.9023119852110973e-07,3.535625074174432e-06,7.646537350121258e-07,0.0004616029028773139,5.862814011886353e-07,4.400118457925303e-06,0.0007327745561277882,3.514382632807918e-05,0.0005278198317882314,5.307507822667365e-06,2.1444948420913954e-06,2.9023119852110973e-07,7.646537350121258e-07,4.400118457925303e-06,5.862814011886353e-07,0.0004616029028773139,3.514382632807918e-05,5.307507822667365e-06
186,0,child,,False,9.028039015031105e-06,3.8831109868779005e-06,1.1125607488784412e-06,4.356879983467376e-07,4.61127481426412e-06,1.2219076020491008e-06,0.0006004364144572699,2.627477314480822e-06,0.0002344992422345146,7.208380258812108e-05,2.0662982488383408e-05,0.0011462110697769345,8.220189478350845e-06,3.8831109868779005e-06,4.356879983467376e-07,1.2219076020491008e-06,0.0002344992422345146,2.627477314480822e-06,0.0006004364144572699,2.0662982488383408e-05,8.220189478350845e-06
186,1,child,,False,4.173157606777201e-05,8.220189478350845e-06,4.683888424952456e-06,1.7778551863194697e-06,4.757645425657629e-06,2.2827997192887966e-06,0.00048542592528307775,8.139692624947503e-07,0.00021384334033892964,0.05186997421265481,0.0005865338360797102,0.010162514907210875,2.0988308820313112e-05,8.220189478350845e-06,1.7778551863194697e-06,2.2827997192887966e-06,0.00021384334033892964,8.139692624947503e-07,0.00048542592528307775,0.0005865338360797102,2.0988308820313112e-05
186,2,child,,False,6.563728324346652e-05,1.2533751425646102e-05,4.264746818557914e-06,1.1843139025979655e-06,5.562206273647035e-06,1.6442494559854523e-06,0.0005102908729513893,1.6442494559854523e-06,0.00022120585807682417,0.002809879477103823,6.986756664856784e-05,0.010290815777601946,2.1318756129065198e-05,1.2533751425646102e-05,1.1843139025979655e-06,1.6442494559854523e-06,0.00022120585807682417,1.6442494559854523e-06,0.0005102908729513893,6.986756664856784e-05,2.1318756129065198e-05
187,0,daughter,,False,8.888084683809127e-06,1.9525885208642222e-06,1.2606946239951315e-06,1.8738753836511972e-07,2.01456908529364e-06,5.422218970016178e-07,0.00045908104511603316,6.540437226933637e-07,5.307507822667365e-06,0.0007783738571119147,5.193048644949271e-05,0.00048691442776060197,3.120191139396651e-06,1.9525885208642222e-06,1.8738753836511972e-07,5.422218970016178e-07,5.307507822667365e-06,6.540437226933637e-07,0.00045908104511603316,5.193048644949271e-05,3.120191139396651e-06
187,1,daughter,,False,6.771942330385674e-05,2.3413582477639402e-05,7.2543618230189156e-06,2.710880136557205e-06,1.177445922838707e-05,6.814872211615988e-06,0.0005616796603787213,3.120191139396651e-06,0.00024219202876817753,6.771942330385674e-05,4.1335397768930325e-06,0.0870898220318549,0.0024043552029257443,2.3413582477639402e-05,2.710880136557205e-06,6.814872211615988e-06,0.00024219202876817753,3.120191139396651e-06,0.0005616796603787213,4.1335397768930325e-06,0.0024043552029257443
187,2,daughter,,False,1.177445922838707e-05,1.8342893327886845e-06,1.6187581436151335e-06,1.5057017254045334e-07,4.469407144215697e-06,9.516251694168764e-07,0.00045889745344538133,5.682435212870505e-07,3.5913010679499402e-06,5.8840881855693875e-05,2.01456908529364e-06,0.00048422495919655346,3.7636447180974406e-06,1.8342893327886845e-06,1.5057017254045334e-07,9.516251694168764e-07,3.5913010679499402e-06,5.682435212870505e-07,0.00045889745344538133,2.01456908529364e-06,3.7636447180974406e-06
188,0,son,,False,2.0988308820313112e-05,3.535625074174432e-06,3.2192334497037803e-06,6.962256250138369e-07,4.683888424952456e-06,1.7778551863194697e-06,0.00047640861561708075,1.2029639084557005e-06,0.00021591692196200267,0.010197563316236873,0.00016484829418512883,0.0005256379073836972,5.475976980449466e-06,3.535625074174432e-06,6.962256250138369e-07,1.7778551863194697e-06,0.00021591692196200267,1.2029639084557005e-06,0.00047640861561708075,0.00016484829418512883,5.475976980449466e-06
188,1,son,,False,1.0720880092159908e-05,1.1478768127080353e-06,1.1125607488784412e-06,2.0580491096133835e-07,1.3007128466476034e-06,4.936988949458183e-07,0.0004530208647415158,3.3931448129766124e-07,3.5913010679499402e-06,0.00013250224172131609,2.95957113513077e-05,0.0004825669898577503,1.7231572752142392e-06,1.1478768127080353e-06,2.0580491096133835e-07,4.936988949458183e-07,3.5913010679499402e-06,3.3931448129766124e-07,0.0004530208647415158,2.95957113513077e-05,1.7231572752142392e-06
188,2,son,,False,1.0071400221737608e-05,2.355261854303796e-06,1.4738981974494932e-06,2.4061023397180247e-07,4.469407144215697e-06,8.939696304799168e-07,1.4091855924157303e-05,4.6378732973537256e-07,3.024195853395102e-06,0.00013045066466158166,2.453694805426225e-05,0.0004925498553819385,3.120191139396651e-06,2.355261854303796e-06,2.4061023397180247e-07,8.939696304799168e-07,3.024195853395102e-06,4.6378732973537256e-07,1.4091855924157303e-05,2.453694805426225e-05,3.120191139396651e-06
189,0,child,,False,4.8785712278226595e-05,2.1318756129065198e-05,6.205049602300744e-06,1.9833367060283617e-06,7.484622751061123e-06,2.88571183887091e-06,0.0006071490107260804,2.88571183887091e-06,0.000249784072058715,8.167381046669487e-05,4.006369222920725e-06,0.02278544125101113,2.913700606794303e-05,2.1318756129065198e-05,1.9833367060283617e-06,2.88571183887091e-06,0.000249784072058715,2.88571183887091e-06,0.0006071490107260804,4.006369222920725e-06,2.913700606794303e-05
189,1,child,,False,4.173157606777201e-05,7.967300986103147e-06,5.829126566113866e-06,1.3846004563753396e-06,2.97731143841062e-06,1.9525885208642222e-06,0.0004890619248024814,3.4808121961114687e-06,0.00022668099229563676,0.06459870755608439,0.0013325147705881427,0.0011462110697769345,7.2543618230189156e-06,7.967300986103147e-06,1.3846004563753396e-06,1.9525885208642222e-06,0.00022668099229563676,3.4808121961114687e-06,0.0004890619248024814,0.0013325147705881427,7.2543618230189156e-06
189,2,child,,False,2.95957113513077e-05,4.264746818557914e-06,3.7636447180974406e-06,5.77192003016332e-07,1.8631746484712008e-06,9.818326983657703e-07,0.00046578121174862316,1.4285517650093407e-06,0.0002167744747109176,0.020541375440576118,0.00041339680904524455,0.000566725899170637,7.484622751061123e-06,4.264746818557914e-06,5.77192003016332e-07,9.818326983657703e-07,0.0002167744747109176,1.4285517650093407e-06,0.00046578121174862316,0.00041339680904524455,7.484622751061123e-06
190,0,daughter,,False,1.3135179706526775e-05,2.3923509443082866e-06,1.4285517650093407e-06,3.1875652166284776e-07,2.6688529572628562e-06,6.748051590048605e-07,0.00046450731558329313,7.296379465971514e-07,0.00021332953715267472,7.793660930208434e-05,1.3552078562406772e-05,0.0005138843625860062,2.7535691114583474e-06,2.3923509443082866e-06,3.1875652166284776e-07,6.748051590048605e-07,0.00021332953715267472,7.296379465971514e-07,0.00046450731558329313,1.3552078562406772e-05,2.7535691114583474e-06
190,1,daughter,,False,1.6346470245419304e-05,4.469407144215697e-06,1.4738981974494932e-06,2.561282210758673e-07,3.4268490542555014e-06,6.339210403977636e-07,0.00048823171222005674,1.1125607488784412e-06,0.00021453243307176662,0.000924470062878294,6.667023092435894e-05,0.0005245722151820294,1.0554685795431098e-05,4.469407144215697e-06,2.561282210758673e-07,6.339210403977636e-07,0.00021453243307176662,1.1125607488784412e-06,0.00048823171222005674,6.667023092435894e-05,1.0554685795431098e-05
190,2,daughter,,False,2.1318756129065198e-05,5.225226840386988e-06,1.670142184809518e-06,5.862814011886353e-07,4.331903899346328e-06,1.0129990980873922e-06,0.00047705281867000977,1.0451548051737735e-06,0.00021411253592723288,0.00014550629385328434,2.7803096387751555e-05,0.0011600053574022634,1.0889691002655445e-05,5.225226840386988e-06,5.862814011886353e-07,1.0129990980873922e-06,0.00021411253592723288,1.0451548051737735e-06,0.00047705281867000977,2.7803096387751555e-05,1.0889691002655445e-05
191,0,son,,False,1.0229985472581487e-05,2.01456908529364e-06,1.6187581436151335e-06,2.6425858208426533e-07,2.796930302582677e-06,5.955139348629957e-07,1.2533751425646102e-05,3.84493505874534e-07,2.2474089854291757e-06,0.00014325365947100792,2.868540823874629e-05,0.0004966741009398081,4.53978687024344e-06,2.01456908529364e-06,2.6425858208426533e-07,5.955139348629957e-07,2.2474089854291757e-06,3.84493505874534e-07,1.2533751425646102e-05,2.868540823874629e-05,4.53978687024344e-06
191,1,son,,False,7.484622751061123e-06,1.8925148246037342e-06,1.4285517650093407e-06,2.4061023397180247e-07,2.627477314480822e-06,5.255395707074638e-07,1.6219281637167375e-05,5.014734822853044e-07,3.4808121961114687e-06,0.00012644219446392274,3.150386940813393e-05,0.0004992412660775476,4.006369222920725e-06,1.8925148246037342e-06,2.4061023397180247e-07,5.255395707074638e-07,3.4808121961114687e-06,5.014734822853044e-07,1.6219281637167375e-05,3.150386940813393e-05,4.006369222920725e-06
191,2,son,,False,2.737216731838081e-05,1.3342001090985438e-05,3.705296977158347e-06,1.9223170236538178e-06,7.14190139989638e-06,3.0718185454758057e-06,0.0005861887573036803,1.8631746484712008e-06,0.00023996139648439313,0.00011160142598430911,1.5843621910252592e-05,0.01632587434337637,2.5315637215092633e-05,1.3342001090985438e-05,1.9223170236538178e-06,3.0718185454758057e-06,0.00023996139648439313,1.8631746484712008e-06,0.0005861887573036803,1.5843621910252592e-05,2.5315637215092633e-05
192,0,child,,False,2.0342697805520655e-05,2.2827997192887966e-06,2.01456908529364e-06,3.288749065460498e-07,2.840974294610978e-06,8.939696304799168e-07,0.00047981906856274953,1.3007128466476034e-06,0.00021308442800063956,5.0333557545281144e-05,1.4738981974494932e-06,0.0005756433412898068,5.475976980449466e-06,2.2827997192887966e-06,3.288749065460498e-07,8.939696304799168e-07,0.00021308442800063956,1.3007128466476034e-06,0.00047981906856274953,1.4738981974494932e-06,5.475976980449466e-06
192,1,child,,False,1.0720880092159908e-05,1.8925148246037342e-06,1.6187581436151335e-06,2.6425858208426533e-07,1.4064044342149064e-06,4.495181578513688e-07,1.3342001090985438e-05,4.356879983467376e-07,3.169325442919291e-06,0.0006949397826019072,3.9204178923762816e-05,0.0004948512433533591,3.024195853395102e-06,1.8925148246037342e-06,2.6425858208426533e-07,4.495181578513688e-07,3.169325442919291e-06,4.356879983467376e-07,1.3342001090985438e-05,3.9204178923762816e-05,3.024195853395102e-06
192,2,child,,False,4.044814978420809e-05,6.205049602300744e-06,2.1444948420913954e-06,4.6378732973537256e-07,3.705296977158347e-06,7.411279871974134e-07,0.0004699481884315314,9.516251694168764e-07,0.0002128468589176327,0.00015011822567369918,2.653023768982879e-05,0.0006046470898997678,7.2543618230189156e-06,6.205049602300744e-06,4.6378732973537256e-07,7.411279871974134e-07,0.0002128468589176327,9.516251694168764e-07,0.0004699481884315314,2.653023768982879e-05,7.2543618230189156e-06
193,0,daughter,,False,5.357805383473943e-05,1.1061159714638084e-05,5.144221374220898e-06,1.7502925788778209e-06,6.10885510164857e-06,3.024195853395102e-06,0.0005368112842655159,1.6442494559854523e-06,0.00023148126807614352,0.010327781932783636,0.0002050743539917378,0.010250548954466275,1.2731104162213555e-05,1.1061159714638084e-05,1.7502925788778209e-06,3.024195853395102e-06,0.00023148126807614352,1.6442494559854523e-06,0.0005368112842655159,0.0002050743539917378,1.2731104162213555e-05
193,1,daughter,,False,1.1061159714638084e-05,3.120191139396651e-06,1.3846004563753396e-06,2.1907815825757866e-07,2.355261854303796e-06,7.183260399857925e-07,0.00045782550698601917,6.85431721163334e-07,3.822911232549001e-06,0.0008594156731411163,8.559006367452268e-05,0.0005214731209501454,5.307507822667365e-06,3.120191139396651e-06,2.1907815825757866e-07,7.183260399857925e-07,3.822911232549001e-06,6.85431721163334e-07,0.00045782550698601917,8.559006367452268e-05,5.307507822667365e-06
193,2,daughter,,False,1.2533751425646102e-05,3.535625074174432e-06,2.1444948420913954e-06,3.9669859149467314e-07,2.2827997192887966e-06,6.962256250138369e-07,0.0004597350242437647,6.748051590048605e-07,5.391084403253366e-06,0.0030897177774876707,0.00015247863912257493,0.0005121306555705326,4.98595821272702e-06,3.535625074174432e-06,3.9669859149467314e-07,6.962256250138369e-07,5.391084403253366e-06,6.748051590048605e-07,0.0004597350242437647,0.00015247863912257493,4.98595821272702e-06
194,0,son,,False,1.5598027633743823e-05,2.88571183887091e-06,1.4285517650093407e-06,2.8130174840733105e-07,4.1335397768930325e-06,9.516251694168764e-07,0.0004537193317624044,4.6378732973537256e-07,3.944258675190877e-06,0.00016229670614688406,1.8522574326531083e-05,0.0005267203585267405,6.40200641038395e-06,2.88571183887091e-06,2.8130174840733105e-07,9.516251694168764e-07,3.944258675190877e-06,4.6378732973537256e-07,0.0004537193317624044,1.8522574326531083e-05,6.40200641038395e-06
194,1,son,,False,2.6119031909571944e-05,3.024195853395102e-06,5.649793328376294e-06,8.139692624947503e-07,2.5071593847983196e-06,6.748051590048605e-07,1.4036924696166276e-05,4.356879983467376e-07,3.944258675190877e-06,0.000703746720165797,2.2693385749600554e-05,0.0005194862076891146,4.832563818725537e-06,3.024195853395102e-06,8.139692624947503e-07,6.748051590048605e-07,3.944258675190877e-06,4.356879983467376e-07,1.4036924696166276e-05,2.2693385749600554e-05,4.832563818725537e-06
194,2,son,,False,3.9204178923762816e-05,7.2543618230189156e-06,5.225226840386988e-06,1.2606946239951315e-06,5.144221374220898e-06,2.355261854303796e-06,0.0004895874266528124,1.363134508591315e-06,0.0002253896128383855,0.002944745327012609,9.253848866495987e-05,0.0012013235565837077,9.028039015031105e-06,7.2543618230189156e-06,1.2606946239951315e-06,2.355261854303796e-06,0.0002253896128383855,1.363134508591315e-06,0.0004895874266528124,9.253848866495987e-05,9.028039015031105e-06
195,0,child,,False,7.437028637763686e-05,1.9110431587777674e-05,5.144221374220898e-06,2.796930302582677e-06,7.843789122138342e-06,2.212566909570261e-06,0.004691828302245051,2.0785170435063726e-06,0.00022914444123060576,0.002954895533654995,0.00011335690050875118,0.03207250619203825,0.0015957748310576833,1.9110431587777674e-05,2.796930302582677e-06,2.212566909570261e-06,0.00022914444123060576,2.0785170435063726e-06,0.004691828302245051,0.00011335690050875118,0.0015957748310576833
195,1,child,,False,8.559006367452268e-05,1.2148175280558357e-05,8.220189478350845e-06,2.4300240743279605e-06,6.302758756443267e-06,4.006369222920725e-06,0.000547194214144806,3.535625074174432e-06,0.00023942516893991257,0.020653904321193687,0.00039148236056371676,0.023170988711376638,3.4062932773341e-05,1.2148175280558357e-05,2.4300240743279605e-06,4.006369222920725e-06,0.00023942516893991257,3.535625074174432e-06,0.000547194214144806,0.00039148236056371676,3.4062932773341e-05
195,2,child,,False,0.00010162440410680168,1.141223854434603e-05,4.264746818557914e-06,1.1659530314852966e-06,5.738759521437678e-06,1.7231572752142392e-06,0.00047274763973393307,1.363134508591315e-06,0.00021642339588120966,0.0006978298516223775,2.305067219931397e-05,0.01009262251729912,1.2339457598623173e-05,1.141223854434603e-05,1.1659530314852966e-06,1.7231572752142392e-06,0.00021642339588120966,1.363134508591315e-06,0.00047274763973393307,2.305067219931397e-05,1.2339457598623173e-05
196,0,daughter,,False,1.6603846953733614e-05,2.931153855960119e-06,1.8342893327886845e-06,2.994440981371515e-07,2.0462932829931794e-06,6.339210403977636e-07,0.00045945255747000983,7.646537350121258e-07,0.00021320602528870992,0.0027788905419273728,9.399438806628559e-05,0.0004973009416623807,3.120191139396651e-06,2.931153855960119e-06,2.994440981371515e-07,6.339210403977636e-07,0.00021320602528870992,7.646537350121258e-07,0.00045945255747000983,9.399438806628559e-05,3.120191139396651e-06
196,1,daughter,,False,2.737216731838081e-05,4.908661889889002e-06,1.7778551863194697e-06,5.955139348629957e-07,4.198630823683514e-06,1.3846004563753396e-06,0.0004788771226696619,7.411279871974134e-07,0.00021439027518160267,0.0027358596836205874,6.986756664856784e-05,0.0011944104731679238,1.3982207564732913e-05,4.908661889889002e-06,5.955139348629957e-07,1.3846004563753396e-06,0.00021439027518160267,7.411279871974134e-07,0.0004788771226696619,6.986756664856784e-05,1.3982207564732913e-05
196,2,daughter,,False,2.868540823874629e-05,6.302758756443267e-06,2.7535691114583474e-06,4.936988949458183e-07,3.5913010679499402e-06,7.889262586245034e-07,0.0005030712481603208,1.8342893327886845e-06,0.00022877581864421098,0.00018102110262026484,2.1318756129065198e-05,0.0005437895311587944,4.98595821272702e-06,6.302758756443267e-06,4.936988949458183e-07,7.889262586245034e-07,0.00022877581864421098,1.8342893327886845e-06,0.0005030712481603208,2.1318756129065198e-05,4.98595821272702e-06
197,0,son,,False,2.6947915555885546e-05,5.391084403253366e-06,2.4300240743279605e-06,4.78509449489012e-07,5.064471653194114e-06,8.398072034951531e-07,0.0004667426519547087,1.1843139025979655e-06,0.00021196745065203636,0.0006949397826019072,6.46203290719727e-05,0.0005147819588703148,4.006369222920725e-06,5.391084403253366e-06,4.78509449489012e-07,8.398072034951531e-07,0.00021196745065203636,1.1843139025979655e-06,0.0004667426519547087,6.46203290719727e-05,4.006369222920725e-06
197,1,son,,False,5.225226840386988e-06,1.670142184809518e-06,7.411279871974134e-07,1.5534977545950122e-07,3.8831109868779005e-06,7.183260399857925e-07,0.0004583552024398536,4.78509449489012e-07,3.8831109868779005e-06,0.0001064962672055945,3.1999824407395835e-05,0.0004936825844797785,4.683888424952456e-06,1.670142184809518e-06,1.5534977545950122e-07,7.183260399857925e-07,3.8831109868779005e-06,4.78509449489012e-07,0.0004583552024398536,3.1999824407395835e-05,4.683888424952456e-06
197,2,son,,False,3.3015272509780104e-05,7.2543618230189156e-06,3.373722476473661e-06,7.646537350121258e-07,4.331903899346328e-06,1.3420013504783412e-06,0.0005154230735683692,1.7231572752142392e-06,0.000218704237257557,0.0007470393220393539,3.625900662832244e-05,0.010106130587133003,1.3982207564732913e-05,7.2543618230189156e-06,7.646537350121258e-07,1.3420013504783412e-06,0.000218704237257557,1.7231572752142392e-06,0.0005154230735683692,3.625900662832244e-05,1.3982207564732913e-05
198,0,child,,False,1.0720880092159908e-05,2.586743108135441e-06,1.4738981974494932e-06,2.0580491096133835e-07,3.535625074174432e-06,6.748051590048605e-07,1.5236754767429125e-05,5.173918770225734e-07,3.4268490542555014e-06,6.667023092435894e-05,1.6865275398914433e-05,0.0005026840819416764,3.6478537675800286e-06,2.586743108135441e-06,2.0580491096133835e-07,6.748051590048605e-07,3.4268490542555014e-06,5.173918770225734e-07,1.5236754767429125e-05,1.6865275398914433e-05,3.6478537675800286e-06
198,1,child,,False,1.535623976496012e-05,2.6688529572628562e-06,1.670142184809518e-06,5.255395707074638e-07,2.6688529572628562e-06,8.664653147910923e-07,0.00045535542432847726,5.255395707074638e-07,4.469407144215697e-06,0.0030654830851861575,9.850082967450695e-05,0.0005465467242453664,5.649793328376294e-06,2.6688529572628562e-06,5.255395707074638e-07,8.664653147910923e-07,4.469407144215697e-06,5.255395707074638e-07,0.00045535542432847726,9.850082967450695e-05,5.649793328376294e-06
198,2,child,,False,1.2339457598623173e-05,2.6688529572628562e-06,1.5689549727726036e-06,3.288749065460498e-07,2.586743108135441e-06,5.955139348629957e-07,0.00045696979624789015,4.936988949458183e-07,4.53978687024344e-06,0.00014779429802159512,2.913700606794303e-05,0.0005048825150668042,3.7636447180974406e-06,2.6688529572628562e-06,3.288749065460498e-07,5.955139348629957e-07,4.53978687024344e-06,4.936988949458183e-07,0.00045696979624789015,2.913700606794303e-05,3.7636447180974406e-06
199,0,daughter,,False,1.0071400221737608e-05,2.5071593847983196e-06,1.4285517650093407e-06,3.1875652166284776e-07,2.0462932829931794e-06,5.255395707074638e-07,0.000468757999308423,6.643433442159853e-07,0.0002128468589176327,0.0008935216182967705,8.693673928062173e-05,0.0005019738542559919,3.7636447180974406e-06,2.5071593847983196e-06,3.1875652166284776e-07,5.255395707074638e-07,0.0002128468589176327,6.643433442159853e-07,0.000468757999308423,8.693673928062173e-05,3.7636447180974406e-06
199,1,daughter,,False,9.610241549947397e-06,2.355261854303796e-06,1.8925148246037342e-06,2.72647027069593e-07,3.0718185454758057e-06,6.144174602214718e-07,0.0004601168302651517,5.682435212870505e-07,3.822911232549001e-06,0.0007470393220393539,4.8785712278226595e-05,0.0005079785823772643,4.98595821272702e-06,2.355261854303796e-06,2.72647027069593e-07,6.144174602214718e-07,3.822911232549001e-06,5.682435212870505e-07,0.0004601168302651517,4.8785712278226595e-05,4.98595821272702e-06
199,2,daughter,,False,1.15919343186331e-05,2.5071593847983196e-06,1.5689549727726036e-06,3.1875652166284776e-07,2.1782649863110498e-06,5.77192003016332e-07,0.0004730397933324441,6.962256250138369e-07,5.920916517463734e-06,0.0027290685694033377,9.697519677825862e-05,0.0005235230228025316,4.683888424952456e-06,2.5071593847983196e-06,3.1875652166284776e-07,5.77192003016332e-07,5.920916517463734e-06,6.962256250138369e-07,0.0004730397933324441,9.697519677825862e-05,4.683888424952456e-06
200,0,son,,False,1.8235460794662427e-05,5.144221374220898e-06,2.1444948420913954e-06,3.9669859149467314e-07,3.024195853395102e-06,8.664653147910923e-07,0.0004606025498168151,1.5206840370677115e-06,0.00021239342043348654,0.0027568755852843594,6.070755804415097e-05,0.0005465467242453664,5.829126566113866e-06,5.144221374220898e-06,3.9669859149467314e-07,8.664653147910923e-07,0.00021239342043348654,1.5206840370677115e-06,0.0004606025498168151,6.070755804415097e-05,5.829126566113866e-06
200,1,son,,False,1.8235460794662427e-05,3.321419494792514e-06,2.355261854303796e-06,4.495181578513688e-07,2.2474089854291757e-06,5.955139348629957e-07,0.00047593202075195005,6.439037799292652e-07,0.00021467682920914668,0.00017007224114352882,1.8235460794662427e-05,0.0005553536215526795,3.7636447180974406e-06,3.321419494792514e-06,4.495181578513688e-07,5.955139348629957e-07,0.00021467682920914668,6.439037799292652e-07,0.00047593202075195005,1.8235460794662427e-05,3.7636447180974406e-06
200,2,son,,False,4.173157606777201e-05,1.141223854434603e-05,4.683888424952456e-06,1.4510478554719287e-06,4.61127481426412e-06,1.670142184809518e-06,0.0005336010590884599,1.8925148246037342e-06,0.0002202460844238597,0.0001048469267161009,1.4653129390717958e-05,0.022711607180267674,4.173157606777201e-05,1.141223854434603e-05,1.4510478554719287e-06,1.670142184809518e-06,0.0002202460844238597,1.8925148246037342e-06,0.0005336010590884599,1.4653129390717958e-05,4.173157606777201e-05
201,0,child,,False,1.1959857805023158e-05,2.01456908529364e-06,1.670142184809518e-06,3.500854414401442e-07,2.4300240743279605e-06,6.962256250138369e-07,0.000467358979648701,6.144174602214718e-07,4.198630823683514e-06,0.0007868354905725904,5.357805383473943e-05,0.0005096006331304874,4.400118457925303e-06,2.01456908529364e-06,3.500854414401442e-07,6.962256250138369e-07,4.198630823683514e-06,6.144174602214718e-07,0.000467358979648701,5.357805383473943e-05,4.400118457925303e-06
201,1,child,,False,1.1235328063870752e-05,1.8342893327886845e-06,1.670142184809518e-06,2.1907815825757866e-07,2.710880136557205e-06,5.594337713435001e-07,1.1959857805023158e-05,4.6378732973537256e-07,3.0718185454758057e-06,9.850082967450695e-05,2.0662982488383408e-05,0.000480266374355812,3.4268490542555014e-06,1.8342893327886845e-06,2.1907815825757866e-07,5.594337713435001e-07,3.0718185454758057e-06,4.6378732973537256e-07,1.1959857805023158e-05,2.0662982488383408e-05,3.4268490542555014e-06
201,2,child,,False,8.295891883591029e-05,9.610241549947397e-06,8.481104172358076e-06,1.5936620247162786e-06,3.7636447180974406e-06,1.7778551863194697e-06,0.0004930747966362707,2.796930302582677e-06,0.00022770387218484876,0.03596170596538844,0.0005730246514992079,0.010111682239566159,9.610241549947397e-06,9.610241549947397e-06,1.5936620247162786e-06,1.7778551863194697e-06,0.00022770387218484876,2.796930302582677e-06,0.0004930747966362707,0.0005730246514992079,9.610241549947397e-06
202,0,daughter,,False,6.709224499600877e-06,1.8925148246037342e-06,9.223470110117277e-07,2.4061023397180247e-07,5.064471653194114e-06,9.818326983657703e-07,0.0004568026270968072,5.255395707074638e-07,4.264746818557914e-06,0.0008091765268185392,0.00013250224172131609,0.0005012746277703161,7.484622751061123e-06,1.8925148246037342e-06,2.4061023397180247e-07,9.818326983657703e-07,4.264746818557914e-06,5.255395707074638e-07,0.0004568026270968072,0.00013250224172131609,7.484622751061123e-06
202,1,daughter,,False,4.955359475635505e-05,6.922183404468203e-06,4.832563818725537e-06,1.1843139025979655e-06,2.627477314480822e-06,1.3846004563753396e-06,0.0004874650691790651,2.3923509443082866e-06,0.00022841290836588554,0.037595450016746065,0.0007695647178392189,0.0006093314310007475,5.649793328376294e-06,6.922183404468203e-06,1.1843139025979655e-06,1.3846004563753396e-06,0.00022841290836588554,2.3923509443082866e-06,0.0004874650691790651,0.0007695647178392189,5.649793328376294e-06
202,2,daughter,,False,2.234163601827719e-05,4.98595821272702e-06,2.01456908529364e-06,7.889262586245034e-07,3.705296977158347e-06,1.1843139025979655e-06,0.0004901180798892147,9.818326983657703e-07,0.00021411253592723288,0.0008935216182967705,7.554056327295277e-05,0.0012719291054583215,1.2339457598623173e-05,4.98595821272702e-06,7.889262586245034e-07,1.1843139025979655e-06,0.00021411253592723288,9.818326983657703e-07,0.0004901180798892147,7.554056327295277e-05,1.2339457598623173e-05
203,0,son,,False,3.682979260160596e-05,4.908661889889002e-06,4.1335397768930325e-06,1.3846004563753396e-06,6.014151777699533e-06,2.355261854303796e-06,0.0005098541573453788,1.0953122821495382e-06,0.00022770387218484876,0.002944745327012609,0.00011879054941163418,0.001243439431912271,1.1235328063870752e-05,4.908661889889002e-06,1.3846004563753396e-06,2.355261854303796e-06,0.00022770387218484876,1.0953122821495382e-06,0.0005098541573453788,0.00011879054941163418,1.1235328063870752e-05
203,1,son,,False,0.0005721696121140179,3.1015598671268335e-05,9.761566060239504e-06,3.5913010679499402e-06,1.2339457598623173e-05,3.535625074174432e-06,0.0005475216032074356,3.373722476473661e-06,0.00022805562191617214,0.00011879054941163418,7.967300986103147e-06,0.03203323533426587,5.527786369235996e-05,3.1015598671268335e-05,3.5913010679499402e-06,3.535625074174432e-06,0.00022805562191617214,3.373722476473661e-06,0.0005475216032074356,7.967300986103147e-06,5.527786369235996e-05
203,2,son,,False,2.5315637215092633e-05,4.53978687024344e-06,2.1444948420913954e-06,7.646537350121258e-07,2.586743108135441e-06,1.3420013504783412e-06,0.00046383517882651323,3.84493505874534e-07,6.10885510164857e-06,0.0029397286228952666,4.955359475635505e-05,0.0012195770294839382,1.2731104162213555e-05,4.53978687024344e-06,7.646537350121258e-07,1.3420013504783412e-06,6.10885510164857e-06,3.84493505874534e-07,0.00046383517882651323,4.955359475635505e-05,1.2731104162213555e-05
204,0,child,,False,1.0391067562761452e-05,2.2827997192887966e-06,1.5689549727726036e-06,3.726639284186561e-07,2.5466403947055455e-06,8.939696304799168e-07,0.0004562277093068981,5.594337713435001e-07,4.006369222920725e-06,0.0030305010247946448,9.399438806628559e-05,0.0005194862076891146,4.98595821272702e-06,2.2827997192887966e-06,3.726639284186561e-07,8.939696304799168e-07,4.006369222920725e-06,5.594337713435001e-07,0.0004562277093068981,9.399438806628559e-05,4.98595821272702e-06
204,1,child,,False,1.0071400221737608e-05,2.212566909570261e-06,1.3846004563753396e-06,2.332074525844782e-07,2.2827997192887966e-06,8.398072034951531e-07,0.0004959548957933152,1.0129990980873922e-06,0.00021912769953547168,8.426423087564058e-05,1.6603846953733614e-05,0.0005372613854410962,4.832563818725537e-06,2.212566909570261e-06,2.332074525844782e-07,8.398072034951531e-07,0.00021912769953547168,1.0129990980873922e-06,0.0004959548957933152,1.6603846953733614e-05,4.832563818725537e-06
204,2,child,,False,1.15919343186331e-05,2.212566909570261e-06,1.3007128466476034e-06,3.500854414401442e-07,2.627477314480822e-06,9.223470110117277e-07,1.5118199327273332e-05,5.594337713435001e-07,3.535625074174432e-06,0.0009056139344932517,6.878511550552459e-05,0.0005245722151820294,4.98595821272702e-06,2.212566909570261e-06,3.500854414401442e-07,9.223470110117277e-07,3.535625074174432e-06,5.594337713435001e-07,1.5118199327273332e-05,6.878511550552459e-05,4.98595821272702e-06
205,0,daughter,,False,7.437028637763686e-05,8.481104172358076e-06,5.225226840386988e-06,9.368717268777097e-07,5.225226840386988e-06,1.6442494559854523e-06,0.0004993518312321139,1.670142184809518e-06,0.0002167744747109176,0.00015731121653489972,5.475976980449466e-06,0.010295016316316685,2.305067219931397e-05,8.481104172358076e-06,9.368717268777097e-07,1.6442494559854523e-06,0.0002167744747109176,1.670142184809518e-06,0.0004993518312321139,5.475976980449466e-06,2.305067219931397e-05
205,1,daughter,,False,1.0720880092159908e-05,1.9525885208642222e-06,1.670142184809518e-06,2.561282210758673e-07,2.0785170435063726e-06,5.255395707074638e-07,0.0005016356132551542,8.664653147910923e-07,0.00021713669539495865,0.00011879054941163418,2.1318756129065198e-05,0.0005166197289884592,2.586743108135441e-06,1.9525885208642222e-06,2.561282210758673e-07,5.255395707074638e-07,0.00021713669539495865,8.664653147910923e-07,0.0005016356132551542,2.1318756129065198e-05,2.586743108135441e-06
205,2,daughter,,False,0.0005700198491106524,1.3765463368900109e-05,5.144221374220898e-06,1.4510478554719287e-06,5.738759521437678e-06,1.6442494559854523e-06,0.0005152672191311762,1.670142184809518e-06,0.0002250791783627945,0.00016229670614688406,2.305067219931397e-05,0.015971149220695098,2.7803096387751555e-05,1.3765463368900109e-05,1.4510478554719287e-06,1.6442494559854523e-06,0.0002250791783627945,1.670142184809518e-06,0.0005152672191311762,2.305067219931397e-05,2.7803096387751555e-05
206,0,son,,False,3.459916031782155e-05,5.738759521437678e-06,2.710880136557205e-06,5.955139348629957e-07,2.88571183887091e-06,6.748051590048605e-07,0.0005382548179111572,2.1782649863110498e-06,0.000223597696961234,0.00014779429802159512,2.1654404989510328e-05,0.0006069710175518718,6.814872211615988e-06,5.738759521437678e-06,5.955139348629957e-07,6.748051590048605e-07,0.000223597696961234,2.1782649863110498e-06,0.0005382548179111572,2.1654404989510328e-05,6.814872211615988e-06
206,1,son,,False,7.0311842669149565e-06,1.4285517650093407e-06,1.2606946239951315e-06,2.994440981371515e-07,2.5466403947055455e-06,8.664653147910923e-07,0.00045357744795714874,4.6378732973537256e-07,3.2192334497037803e-06,0.00017546144100994869,4.044814978420809e-05,0.0005323933551511255,4.98595821272702e-06,1.4285517650093407e-06,2.994440981371515e-07,8.664653147910923e-07,3.2192334497037803e-06,4.6378732973537256e-07,0.00045357744795714874,4.044814978420809e-05,4.98595821272702e-06
206,2,son,,False,5.649793328376294e-06,1.3420013504783412e-06,8.939696304799168e-07,1.8738753836511972e-07,4.683888424952456e-06,1.0129990980873922e-06,1.3238186559744398e-05,2.994440981371515e-07,1.9833367060283617e-06,0.0007583355694965269,5.527786369235996e-05,0.0004903878049248205,6.014151777699533e-06,1.3420013504783412e-06,1.8738753836511972e-07,1.0129990980873922e-06,1.9833367060283617e-06,2.994440981371515e-07,1.3238186559744398e-05,5.527786369235996e-05,6.014151777699533e-06
207,0,child,,False,3.569706350376584e-05,6.40200641038395e-06,3.6478537675800286e-06,4.222833444659923e-07,2.3923509443082866e-06,6.748051590048605e-07,0.0004768908238063255,8.398072034951531e-07,0.0002126165979895905,0.0008138567562898873,4.173157606777201e-05,0.010143804341987866,1.442598644847886e-05,6.40200641038395e-06,4.222833444659923e-07,6.748051590048605e-07,0.0002126165979895905,8.398072034951531e-07,0.0004768908238063255,4.173157606777201e-05,1.442598644847886e-05
207,1,child,,False,6.563728324346652e-05,7.484622751061123e-06,2.88571183887091e-06,7.889262586245034e-07,4.331903899346328e-06,1.2606946239951315e-06,0.0004609980105272653,8.013499398837462e-07,5.829126566113866e-06,0.002749761539826477,7.554056327295277e-05,0.0005312230782558095,3.535625074174432e-06,7.484622751061123e-06,7.889262586245034e-07,1.2606946239951315e-06,5.829126566113866e-06,8.013499398837462e-07,0.0004609980105272653,7.554056327295277e-05,3.535625074174432e-06
207,2,child,,False,7.602479448313689e-06,1.9525885208642222e-06,1.3007128466476034e-06,2.4824800371656586e-07,2.931153855960119e-06,6.962256250138369e-07,0.00045386232796869417,5.507606023968348e-07,3.705296977158347e-06,0.0007293448983675676,3.514382632807918e-05,0.0005166197289884592,5.307507822667365e-06,1.9525885208642222e-06,2.4824800371656586e-07,6.962256250138369e-07,3.705296977158347e-06,5.507606023968348e-07,0.00045386232796869417,3.514382632807918e-05,5.307507822667365e-06
208,0,daughter,,False,2.1654404989510328e-05,3.944258675190877e-06,1.8342893327886845e-06,4.222833444659923e-07,3.4808121961114687e-06,9.223470110117277e-07,0.00047546097391956043,9.516251694168764e-07,0.00021751041144712992,0.00015247863912257493,2.3782205064034188e-05,0.0005633490590837672,7.967300986103147e-06,3.944258675190877e-06,4.222833444659923e-07,9.223470110117277e-07,0.00021751041144712992,9.516251694168764e-07,0.00047546097391956043,2.3782205064034188e-05,7.967300986103147e-06
208,1,daughter,,False,6.922183404468203e-06,1.3007128466476034e-06,1.1478768127080353e-06,1.136563710667868e-07,4.469407144215697e-06,9.223470110117277e-07,0.0004530208647415158,5.422218970016178e-07,2.6688529572628562e-06,7.321812616608614e-05,1.4738981974494932e-06,0.0005012746277703161,3.8831109868779005e-06,1.3007128466476034e-06,1.136563710667868e-07,9.223470110117277e-07,2.6688529572628562e-06,5.422218970016178e-07,0.0004530208647415158,1.4738981974494932e-06,3.8831109868779005e-06
208,2,daughter,,False,2.4923252458203565e-05,7.722191834067996e-06,2.931153855960119e-06,8.267873072601938e-07,4.400118457925303e-06,1.7502925788778209e-06,0.0004950179375921885,1.0783312222985275e-06,0.0002207184759315317,0.0001597845494017344,3.3015272509780104e-05,0.01029924944129405,2.653023768982879e-05,7.722191834067996e-06,8.267873072601938e-07,1.7502925788778209e-06,0.0002207184759315317,1.0783312222985275e-06,0.0004950179375921885,3.3015272509780104e-05,2.653023768982879e-05
209,0,son,,False,3.1015598671268335e-05,4.757645425657629e-06,2.4300240743279605e-06,6.748051590048605e-07,2.586743108135441e-06,9.223470110117277e-07,0.0004760902660503319,8.398072034951531e-07,0.00021332953715267472,0.0007955642203309994,3.1999824407395835e-05,0.0006093314310007475,9.314593042575101e-06,4.757645425657629e-06,6.748051590048605e-07,9.223470110117277e-07,0.00021332953715267472,8.398072034951531e-07,0.0004760902660503319,3.1999824407395835e-05,9.314593042575101e-06
209,1,son,,False,4.512106237781923e-05,8.349627818261147e-06,3.4268490542555014e-06,8.664653147910923e-07,3.6478537675800286e-06,1.0451548051737735e-06,0.0004896931435821077,1.1478768127080353e-06,0.00021345499373310768,0.0027568755852843594,9.110511944006454e-05,0.0012606297951313558,1.3552078562406772e-05,8.349627818261147e-06,8.664653147910923e-07,1.0451548051737735e-06,0.00021345499373310768,1.1478768127080353e-06,0.0004896931435821077,9.110511944006454e-05,1.3552078562406772e-05
209,2,son,,False,2.0988308820313112e-05,5.829126566113866e-06,2.5071593847983196e-06,5.955139348629957e-07,6.605214485464791e-06,1.3211958228877664e-06,0.00047672945997876326,8.664653147910923e-07,0.00021228441957103978,0.00011160142598430911,2.0662982488383408e-05,0.0012606297951313558,1.1235328063870752e-05,5.829126566113866e-06,5.955139348629957e-07,1.3211958228877664e-06,0.00021228441957103978,8.664653147910923e-07,0.00047672945997876326,2.0662982488383408e-05,1.1235328063870752e-05
210,0,child,,False,3.1015598671268335e-05,4.832563818725537e-06,4.53978687024344e-06,8.664653147910923e-07,3.4268490542555014e-06,1.5689549727726036e-06,0.0005128144417801662,2.710880136557205e-06,0.0002202460844238597,0.010267683829227305,0.00013250224172131609,0.0005600758955536546,4.832563818725537e-06,4.832563818725537e-06,8.664653147910923e-07,1.5689549727726036e-06,0.0002202460844238597,2.710880136557205e-06,0.0005128144417801662,0.00013250224172131609,4.832563818725537e-06
210,1,child,,False,5.7031570707833595e-05,7.484622751061123e-06,5.144221374220898e-06,1.5689549727726036e-06,2.840974294610978e-06,2.2827997192887966e-06,0.0004806931066576614,1.6442494559854523e-06,0.00022447266775434924,0.052290632372351445,0.0009196552423046734,0.010120172874311722,1.7674513810355872e-05,7.484622751061123e-06,1.5689549727726036e-06,2.2827997192887966e-06,0.00022447266775434924,1.6442494559854523e-06,0.0004806931066576614,0.0009196552423046734,1.7674513810355872e-05
210,2,child,,False,9.547317110805593e-05,1.3342001090985438e-05,7.602479448313689e-06,2.7535691114583474e-06,5.920916517463734e-06,2.7535691114583474e-06,0.0005325537243707135,2.2827997192887966e-06,0.0002270166411560819,0.019360147680314216,0.0002550912421286719,0.010209708409186832,1.5843621910252592e-05,1.3342001090985438e-05,2.7535691114583474e-06,2.7535691114583474e-06,0.0002270166411560819,2.2827997192887966e-06,0.0005325537243707135,0.0002550912421286719,1.5843621910252592e-05
211,0,daughter,,False,1.2731104162213555e-05,3.8831109868779005e-06,1.4285517650093407e-06,5.093705003229987e-07,2.7535691114583474e-06,1.4285517650093407e-06,0.0004683704714579369,7.296379465971514e-07,0.00021695417048520467,0.0029152173831324575,2.737216731838081e-05,0.0012742421016188955,2.305067219931397e-05,3.8831109868779005e-06,5.093705003229987e-07,1.4285517650093407e-06,0.00021695417048520467,7.296379465971514e-07,0.0004683704714579369,2.737216731838081e-05,2.305067219931397e-05
211,1,daughter,,False,0.0005449187105293259,0.0007491625949278371,1.2533751425646102e-05,4.757645425657629e-06,2.8240807799315707e-05,1.609308249869283e-05,0.00468393971162967,0.00021296615605463458,0.00026702520964274283,0.00011879054941163418,5.307507822667365e-06,0.15346322232701212,0.005428631411123649,0.0007491625949278371,4.757645425657629e-06,1.609308249869283e-05,0.00026702520964274283,0.00021296615605463458,0.00468393971162967,5.307507822667365e-06,0.005428631411123649
211,2,daughter,,False,1.7130819343483194e-05,2.6688529572628562e-06,1.7778551863194697e-06,3.3931448129766124e-07,2.7535691114583474e-06,7.183260399857925e-07,0.00046050464587104033,7.411279871974134e-07,0.0002115672857688723,0.00013670256456563558,2.8240807799315707e-05,0.0005096006331304874,2.6688529572628562e-06,2.6688529572628562e-06,3.3931448129766124e-07,7.183260399857925e-07,0.0002115672857688723,7.411279871974134e-07,0.00046050464587104033,2.8240807799315707e-05,2.6688529572628562e-06
212,0,son,,False,1.1235328063870752e-05,2.01456908529364e-06,1.4285517650093407e-06,3.288749065460498e-07,2.4682904407607285e-06,8.398072034951531e-07,0.0004573080764948252,5.422218970016178e-07,4.1335397768930325e-06,0.0008138567562898873,3.250358452365473e-05,0.0005385266023448675,6.40200641038395e-06,2.01456908529364e-06,3.288749065460498e-07,8.398072034951531e-07,4.1335397768930325e-06,5.422218970016178e-07,0.0004573080764948252,3.250358452365473e-05,6.40200641038395e-06
212,1,son,,False,1.535623976496012e-05,3.321419494792514e-06,1.5689549727726036e-06,3.500854414401442e-07,2.7535691114583474e-06,6.748051590048605e-07,1.6734050747377145e-05,3.726639284186561e-07,3.4268490542555014e-06,0.0007661644959617213,3.150386940813393e-05,0.0005553536215526795,5.829126566113866e-06,3.321419494792514e-06,3.500854414401442e-07,6.748051590048605e-07,3.4268490542555014e-06,3.726639284186561e-07,1.6734050747377145e-05,3.150386940813393e-05,5.829126566113866e-06
212,2,son,,False,8.559006367452268e-05,1.7674513810355872e-05,7.722191834067996e-06,2.796930302582677e-06,1.1061159714638084e-05,6.302758756443267e-06,0.0005283842085654113,2.1112482331487175e-06,0.0002233150331012493,0.0027358596836205874,3.0534893211185946e-05,0.08258127315756164,0.0023929124134649715,1.7674513810355872e-05,2.796930302582677e-06,6.302758756443267e-06,0.0002233150331012493,2.1112482331487175e-06,0.0005283842085654113,3.0534893211185946e-05,0.0023929124134649715
213,0,child,,False,1.0720880092159908e-05,1.9525885208642222e-06,1.2606946239951315e-06,2.332074525844782e-07,1.5446309562386385e-06,7.889262586245034e-07,1.5843621910252592e-05,5.507606023968348e-07,3.4268490542555014e-06,0.0030305010247946448,4.8785712278226595e-05,0.0004973009416623807,5.144221374220898e-06,1.9525885208642222e-06,2.332074525844782e-07,7.889262586245034e-07,3.4268490542555014e-06,5.507606023968348e-07,1.5843621910252592e-05,4.8785712278226595e-05,5.144221374220898e-06
213,1,child,,False,3.0061635882429376e-05,6.814872211615988e-06,2.01456908529364e-06,7.411279871974134e-07,3.2699273422345685e-06,1.2606946239951315e-06,0.0004700830312855635,6.144174602214718e-07,0.00021467682920914668,0.0029056745866044694,4.655269187520153e-05,0.01014076963630073,1.7952796934677738e-05,6.814872211615988e-06,7.411279871974134e-07,1.2606946239951315e-06,0.00021467682920914668,6.144174602214718e-07,0.0004700830312855635,4.655269187520153e-05,1.7952796934677738e-05
213,2,child,,False,8.349627818261147e-06,2.5071593847983196e-06,1.0783312222985275e-06,2.561282210758673e-07,2.4300240743279605e-06,8.398072034951531e-07,0.0004588061938267481,5.77192003016332e-07,5.064471653194114e-06,0.0007067749478525128,2.95957113513077e-05,0.0005398117107140829,7.2543618230189156e-06,2.5071593847983196e-06,2.561282210758673e-07,8.398072034951531e-07,5.064471653194114e-06,5.77192003016332e-07,0.0004588061938267481,2.95957113513077e-05,7.2543618230189156e-06
214,0,daughter,,False,3.353501304664781e-05,6.814872211615988e-06,4.400118457925303e-06,1.3420013504783412e-06,5.475976980449466e-06,2.4300240743279605e-06,0.0005097091523478721,1.2805474213228684e-06,0.000226025218654955,0.019341398102757146,0.00016743993037101191,0.0012158119156463016,1.15919343186331e-05,6.814872211615988e-06,1.3420013504783412e-06,2.4300240743279605e-06,0.000226025218654955,1.2805474213228684e-06,0.0005097091523478721,0.00016743993037101191,1.15919343186331e-05
214,1,daughter,,False,3.459916031782155e-05,5.475976980449466e-06,2.2827997192887966e-06,8.139692624947503e-07,3.2192334497037803e-06,1.3846004563753396e-06,0.0004892715105842414,5.77192003016332e-07,0.0002202460844238597,0.0008283415380815684,1.141223854434603e-05,0.0013085825177989695,1.3982207564732913e-05,5.475976980449466e-06,8.139692624947503e-07,1.3846004563753396e-06,0.0002202460844238597,5.77192003016332e-07,0.0004892715105842414,1.141223854434603e-05,1.3982207564732913e-05
214,2,daughter,,False,9.170196905195049e-06,2.0785170435063726e-06,1.4738981974494932e-06,2.1907815825757866e-07,2.6688529572628562e-06,7.646537350121258e-07,0.00046030998099568334,5.862814011886353e-07,5.225226840386988e-06,0.0007067749478525128,3.4062932773341e-05,0.0004966741009398081,4.53978687024344e-06,2.0785170435063726e-06,2.1907815825757866e-07,7.646537350121258e-07,5.225226840386988e-06,5.862814011886353e-07,0.00046030998099568334,3.4062932773341e-05,4.53978687024344e-06
215,0,son,,False,2.0662982488383408e-05,5.225226840386988e-06,2.2827997192887966e-06,8.664653147910923e-07,2.710880136557205e-06,1.1843139025979655e-06,0.0004699481884315314,4.6378732973537256e-07,0.00021332953715267472,0.003041982713740955,5.8840881855693875e-05,0.0012048615892203932,1.2339457598623173e-05,5.225226840386988e-06,8.664653147910923e-07,1.1843139025979655e-06,0.00021332953715267472,4.6378732973537256e-07,0.0004699481884315314,5.8840881855693875e-05,1.2339457598623173e-05
215,1,son,,False,4.373344035182828e-05,7.602479448313689e-06,5.829126566113866e-06,1.5936620247162786e-06,3.8831109868779005e-06,2.1444948420913954e-06,0.0005479047686194909,1.7778551863194697e-06,0.0002378658206902263,0.010312410400820201,0.00017274586267297022,0.010131805403428543,9.028039015031105e-06,7.602479448313689e-06,1.5936620247162786e-06,2.1444948420913954e-06,0.0002378658206902263,1.7778551863194697e-06,0.0005479047686194909,0.00017274586267297022,9.028039015031105e-06
215,2,son,,False,3.1999824407395835e-05,4.908661889889002e-06,3.7636447180974406e-06,7.411279871974134e-07,3.944258675190877e-06,2.0785170435063726e-06,0.0005107301510983406,1.4510478554719287e-06,0.00022303674997692745,0.010459600223602468,0.00011160142598430911,0.0006046470898997678,7.2543618230189156e-06,4.908661889889002e-06,7.411279871974134e-07,2.0785170435063726e-06,0.00022303674997692745,1.4510478554719287e-06,0.0005107301510983406,0.00011160142598430911,7.2543618230189156e-06
216,0,child,,False,3.0061635882429376e-05,5.064471653194114e-06,3.4268490542555014e-06,8.939696304799168e-07,3.705296977158347e-06,2.355261854303796e-06,0.0005178780874128291,1.5206840370677115e-06,0.0002253896128383855,0.019702385022300335,0.00021322616859826855,0.0011409871228185344,1.0554685795431098e-05,5.064471653194114e-06,8.939696304799168e-07,2.355261854303796e-06,0.0002253896128383855,1.5206840370677115e-06,0.0005178780874128291,0.00021322616859826855,1.0554685795431098e-05
216,1,child,,False,0.00010005044009099887,3.625900662832244e-05,9.915273115920183e-06,3.4268490542555014e-06,1.5843621910252592e-05,9.170196905195049e-06,0.0006022721036852289,4.400118457925303e-06,0.0002511935262300754,7.437028637763686e-05,3.120191139396651e-06,0.12934107425647554,0.0024701482083376875,3.625900662832244e-05,3.4268490542555014e-06,9.170196905195049e-06,0.0002511935262300754,4.400118457925303e-06,0.0006022721036852289,3.120191139396651e-06,0.0024701482083376875
216,2,child,,False,2.3413582477639402e-05,5.064471653194114e-06,2.4300240743279605e-06,9.516251694168764e-07,2.796930302582677e-06,1.3420013504783412e-06,0.00046849914347752206,4.6378732973537256e-07,0.00021239342043348654,0.0029756715223842765,6.070755804415097e-05,0.0012393062261218638,1.442598644847886e-05,5.064471653194114e-06,9.516251694168764e-07,1.3420013504783412e-06,0.00021239342043348654,4.6378732973537256e-07,0.00046849914347752206,6.070755804415097e-05,1.442598644847886e-05
217,0,daughter,,False,9.610241549947397e-06,2.0785170435063726e-06,1.0451548051737735e-06,2.332074525844782e-07,2.3923509443082866e-06,5.255395707074638e-07,0.0004676088989121183,3.726639284186561e-07,0.00021345499373310768,8.426423087564058e-05,1.8814207550495463e-05,0.0005166197289884592,7.967300986103147e-06,2.0785170435063726e-06,2.332074525844782e-07,5.255395707074638e-07,0.00021345499373310768,3.726639284186561e-07,0.0004676088989121183,1.8814207550495463e-05,7.967300986103147e-06
217,1,daughter,,False,7.967300986103147e-06,1.8925148246037342e-06,9.818326983657703e-07,2.2603242979035749e-07,2.01456908529364e-06,5.255395707074638e-07,0.00046416927920648823,5.77192003016332e-07,4.98595821272702e-06,0.0009118021484241878,7.321812616608614e-05,0.0005096006331304874,5.475976980449466e-06,1.8925148246037342e-06,2.2603242979035749e-07,5.255395707074638e-07,4.98595821272702e-06,5.77192003016332e-07,0.00046416927920648823,7.321812616608614e-05,5.475976980449466e-06
217,2,daughter,,False,1.177445922838707e-05,3.120191139396651e-06,2.7535691114583474e-06,5.422218970016178e-07,3.535625074174432e-06,1.1478768127080353e-06,0.000477215447035514,1.3846004563753396e-06,0.00021770169376519476,0.020063133943110382,0.0004231587478161331,0.0005538279886564313,8.481104172358076e-06,3.120191139396651e-06,5.422218970016178e-07,1.1478768127080353e-06,0.00021770169376519476,1.3846004563753396e-06,0.000477215447035514,0.0004231587478161331,8.481104172358076e-06
218,0,son,,False,1.6346470245419304e-05,2.796930302582677e-06,1.4738981974494932e-06,3.500854414401442e-07,2.796930302582677e-06,8.939696304799168e-07,0.000468757999308423,8.139692624947503e-07,5.475976980449466e-06,0.0008333216862332929,3.682979260160596e-05,0.0005600758955536546,7.0311842669149565e-06,2.796930302582677e-06,3.500854414401442e-07,8.939696304799168e-07,5.475976980449466e-06,8.139692624947503e-07,0.000468757999308423,3.682979260160596e-05,7.0311842669149565e-06
218,1,son,,False,4.044814978420809e-05,6.10885510164857e-06,5.391084403253366e-06,9.666109404131067e-07,3.5913010679499402e-06,1.1843139025979655e-06,0.0004760902660503319,1.0289513485400628e-06,0.00021196745065203636,0.00017821963223663923,2.212566909570261e-06,0.010199160408073261,2.305067219931397e-05,6.10885510164857e-06,9.666109404131067e-07,1.1843139025979655e-06,0.00021196745065203636,1.0289513485400628e-06,0.0004760902660503319,2.212566909570261e-06,2.305067219931397e-05
218,2,son,,False,1.0554685795431098e-05,2.5071593847983196e-06,1.3846004563753396e-06,3.500854414401442e-07,2.88571183887091e-06,8.139692624947503e-07,0.0004615011009150436,8.139692624947503e-07,3.4808121961114687e-06,0.0008760719569540332,4.044814978420809e-05,0.000565024317150732,7.0311842669149565e-06,2.5071593847983196e-06,3.500854414401442e-07,8.139692624947503e-07,3.4808121961114687e-06,8.139692624947503e-07,0.0004615011009150436,4.044814978420809e-05,7.0311842669149565e-06
219,0,child,,False,8.349627818261147e-06,2.931153855960119e-06,1.6187581436151335e-06,2.8130174840733105e-07,3.535625074174432e-06,9.818326983657703e-07,0.0005351446400949713,1.7231572752142392e-06,0.0002250791783627945,8.693673928062173e-05,1.4202364022997911e-05,0.0005347894011802569,5.144221374220898e-06,2.931153855960119e-06,2.8130174840733105e-07,9.818326983657703e-07,0.0002250791783627945,1.7231572752142392e-06,0.0005351446400949713,1.4202364022997911e-05,5.144221374220898e-06
219,1,child,,False,6.205049602300744e-06,2.355261854303796e-06,1.1478768127080353e-06,2.8130174840733105e-07,2.627477314480822e-06,8.939696304799168e-07,0.0004568026270968072,5.862814011886353e-07,4.1335397768930325e-06,0.0007098506750714406,3.353501304664781e-05,0.0005130006664921807,6.40200641038395e-06,2.355261854303796e-06,2.8130174840733105e-07,8.939696304799168e-07,4.1335397768930325e-06,5.862814011886353e-07,0.0004568026270968072,3.353501304664781e-05,6.40200641038395e-06
219,2,child,,False,1.0720880092159908e-05,3.535625074174432e-06,1.4738981974494932e-06,5.093705003229987e-07,2.5071593847983196e-06,7.411279871974134e-07,0.0004677345921664252,6.240930669504435e-07,0.0002117642425769555,0.0009056139344932517,6.878511550552459e-05,0.0005451573766566274,7.484622751061123e-06,3.535625074174432e-06,5.093705003229987e-07,7.411279871974134e-07,0.0002117642425769555,6.240930669504435e-07,0.0004677345921664252,6.878511550552459e-05,7.484622751061123e-06
220,0,daughter,,False,2.737216731838081e-05,4.98595821272702e-06,3.6478537675800286e-06,8.939696304799168e-07,4.264746818557914e-06,1.8925148246037342e-06,0.0005199539024079954,2.2827997192887966e-06,0.000226025218654955,0.01949970367927649,0.00020667944781501153,0.0006069710175518718,9.610241549947397e-06,4.98595821272702e-06,8.939696304799168e-07,1.8925148246037342e-06,0.000226025218654955,2.2827997192887966e-06,0.0005199539024079954,0.00020667944781501153,9.610241549947397e-06
220,1,daughter,,False,1.442598644847886e-05,4.53978687024344e-06,1.670142184809518e-06,4.356879983467376e-07,3.705296977158347e-06,1.0129990980873922e-06,0.0004866096614668337,1.5689549727726036e-06,0.0002154336363883092,0.0008333216862332929,4.8785712278226595e-05,0.000566725899170637,9.915273115920183e-06,4.53978687024344e-06,4.356879983467376e-07,1.0129990980873922e-06,0.0002154336363883092,1.5689549727726036e-06,0.0004866096614668337,4.8785712278226595e-05,9.915273115920183e-06
220,2,daughter,,False,1.6603846953733614e-05,4.61127481426412e-06,1.9525885208642222e-06,3.9669859149467314e-07,3.705296977158347e-06,8.139692624947503e-07,0.0004648493342993404,8.398072034951531e-07,0.00021411253592723288,0.0007433895060961777,3.740956047302422e-05,0.0005633490590837672,7.484622751061123e-06,4.61127481426412e-06,3.9669859149467314e-07,8.139692624947503e-07,0.00021411253592723288,8.398072034951531e-07,0.0004648493342993404,3.740956047302422e-05,7.484622751061123e-06
221,0,son,,False,6.40200641038395e-06,1.8925148246037342e-06,1.4738981974494932e-06,2.8130174840733105e-07,3.169325442919291e-06,7.646537350121258e-07,0.00045598608581835884,4.78509449489012e-07,3.944258675190877e-06,0.00017007224114352882,2.913700606794303e-05,0.0005166197289884592,7.0311842669149565e-06,1.8925148246037342e-06,2.8130174840733105e-07,7.646537350121258e-07,3.944258675190877e-06,4.78509449489012e-07,0.00045598608581835884,2.913700606794303e-05,7.0311842669149565e-06
221,1,son,,False,2.0988308820313112e-05,4.400118457925303e-06,3.2192334497037803e-06,1.0451548051737735e-06,4.198630823683514e-06,2.212566909570261e-06,0.0005232730118634665,1.8925148246037342e-06,0.00022001536555728952,0.010343390645853583,0.00010817152527255935,0.0012048615892203932,7.967300986103147e-06,4.400118457925303e-06,1.0451548051737735e-06,2.212566909570261e-06,0.00022001536555728952,1.8925148246037342e-06,0.0005232730118634665,0.00010817152527255935,7.967300986103147e-06
221,2,son,,False,9.461262661302227e-06,2.0785170435063726e-06,1.3846004563753396e-06,2.994440981371515e-07,2.1444948420913954e-06,6.144174602214718e-07,0.00045598608581835884,6.144174602214718e-07,3.5913010679499402e-06,0.0008487344920069995,3.799845147518645e-05,0.0005451573766566274,6.40200641038395e-06,2.0785170435063726e-06,2.994440981371515e-07,6.144174602214718e-07,3.5913010679499402e-06,6.144174602214718e-07,0.00045598608581835884,3.799845147518645e-05,6.40200641038395e-06
222,0,child,,False,2.0027376671813928e-05,3.2192334497037803e-06,2.212566909570261e-06,2.8130174840733105e-07,3.0718185454758057e-06,8.139692624947503e-07,0.0004623267547584493,6.540437226933637e-07,5.920916517463734e-06,0.00011513995656772139,3.120191139396651e-06,0.0005508471799444582,1.0889691002655445e-05,3.2192334497037803e-06,2.8130174840733105e-07,8.139692624947503e-07,5.920916517463734e-06,6.540437226933637e-07,0.0004623267547584493,3.120191139396651e-06,1.0889691002655445e-05
222,1,child,,False,5.193048644949271e-05,1.177445922838707e-05,4.006369222920725e-06,1.7778551863194697e-06,6.40200641038395e-06,1.5936620247162786e-06,0.000540740725021219,2.0785170435063726e-06,0.00022447266775434924,0.000782571800733567,4.655269187520153e-05,0.016107891764963293,4.373344035182828e-05,1.177445922838707e-05,1.7778551863194697e-06,1.5936620247162786e-06,0.00022447266775434924,2.0785170435063726e-06,0.000540740725021219,4.655269187520153e-05,4.373344035182828e-05
222,2,child,,False,2.0342697805520655e-05,4.400118457925303e-06,2.2827997192887966e-06,5.955139348629957e-07,3.2699273422345685e-06,8.939696304799168e-07,0.0004807814521955314,8.398072034951531e-07,0.00021308442800063956,0.000782571800733567,3.740956047302422e-05,0.0005813371220870101,9.028039015031105e-06,4.400118457925303e-06,5.955139348629957e-07,8.939696304799168e-07,0.00021308442800063956,8.398072034951531e-07,0.0004807814521955314,3.740956047302422e-05,9.028039015031105e-06
223,0,daughter,,False,3.353501304664781e-05,7.602479448313689e-06,3.2192334497037803e-06,1.0129990980873922e-06,6.10885510164857e-06,1.7778551863194697e-06,0.000504001002462806,1.8058518261159955e-06,0.00021912769953547168,0.0029863021744691264,0.0001410358496618023,0.0011488846913063758,7.2543618230189156e-06,7.602479448313689e-06,1.0129990980873922e-06,1.7778551863194697e-06,0.00021912769953547168,1.8058518261159955e-06,0.000504001002462806,0.0001410358496618023,7.2543618230189156e-06
223,1,daughter,,False,1.3135179706526775e-05,2.7535691114583474e-06,1.7778551863194697e-06,3.500854414401442e-07,2.5466403947055455e-06,8.398072034951531e-07,0.0004686283187719674,6.339210403977636e-07,0.00021439027518160267,0.00014779429802159512,1.9110431587777674e-05,0.0005465467242453664,5.307507822667365e-06,2.7535691114583474e-06,3.500854414401442e-07,8.398072034951531e-07,0.00021439027518160267,6.339210403977636e-07,0.0004686283187719674,1.9110431587777674e-05,5.307507822667365e-06
223,2,daughter,,False,1.488384825728813e-05,2.796930302582677e-06,1.5689549727726036e-06,2.6425858208426533e-07,2.88571183887091e-06,7.183260399857925e-07,0.0004571382759572523,8.267873072601938e-07,4.683888424952456e-06,0.0006949397826019072,3.1999824407395835e-05,0.0005064063866345277,4.1335397768930325e-06,2.796930302582677e-06,2.6425858208426533e-07,7.183260399857925e-07,4.683888424952456e-06,8.267873072601938e-07,0.0004571382759572523,3.1999824407395835e-05,4.1335397768930325e-06
224,0,son,,False,7.793660930208434e-05,3.9204178923762816e-05,1.1061159714638084e-05,4.908661889889002e-06,1.7952796934677738e-05,1.15919343186331e-05,0.0005492839329482249,2.88571183887091e-06,0.00024162124279489402,0.00011513995656772139,2.234163601827719e-05,0.11653508732550334,0.0024246224264761395,3.9204178923762816e-05,4.908661889889002e-06,1.15919343186331e-05,0.00024162124279489402,2.88571183887091e-06,0.0005492839329482249,2.234163601827719e-05,0.0024246224264761395
224,1,son,,False,3.1999824407395835e-05,3.321419494792514e-06,4.264746818557914e-06,5.955139348629957e-07,2.796930302582677e-06,1.0783312222985275e-06,0.0004971468444439132,1.7231572752142392e-06,0.00021956460018956949,0.002851410837716049,0.00011160142598430911,0.0005437895311587944,4.683888424952456e-06,3.321419494792514e-06,5.955139348629957e-07,1.0783312222985275e-06,0.00021956460018956949,1.7231572752142392e-06,0.0004971468444439132,0.00011160142598430911,4.683888424952456e-06
224,2,son,,False,5.562206273647035e-06,1.2606946239951315e-06,8.398072034951531e-07,1.9333584585546466e-07,1.8925148246037342e-06,6.748051590048605e-07,0.00045535542432847726,5.093705003229987e-07,3.535625074174432e-06,0.00012843081201339694,2.95957113513077e-05,0.0005005862322300009,3.2192334497037803e-06,1.2606946239951315e-06,1.9333584585546466e-07,6.748051590048605e-07,3.535625074174432e-06,5.093705003229987e-07,0.00045535542432847726,2.95957113513077e-05,3.2192334497037803e-06
225,0,child,,False,4.512106237781923e-05,1.3135179706526775e-05,4.069457790466838e-06,1.1478768127080353e-06,7.2543618230189156e-06,3.120191139396651e-06,0.0005064509108778008,2.0462932829931794e-06,0.00021732209397159474,0.010170987564578925,8.830458477845481e-05,0.016038497882338888,2.2693385749600554e-05,1.3135179706526775e-05,1.1478768127080353e-06,3.120191139396651e-06,0.00021732209397159474,2.0462932829931794e-06,0.0005064509108778008,8.830458477845481e-05,2.2693385749600554e-05
225,1,child,,False,1.5843621910252592e-05,2.7535691114583474e-06,1.6187581436151335e-06,2.8130174840733105e-07,2.88571183887091e-06,6.748051590048605e-07,0.00046578121174862316,7.071895057311757e-07,5.391084403253366e-06,9.253848866495987e-05,1.7130819343483194e-05,0.0004936825844797785,3.024195853395102e-06,2.7535691114583474e-06,2.8130174840733105e-07,6.748051590048605e-07,5.391084403253366e-06,7.071895057311757e-07,0.00046578121174862316,1.7130819343483194e-05,3.024195853395102e-06
225,2,child,,False,3.1015598671268335e-05,5.738759521437678e-06,2.931153855960119e-06,7.071895057311757e-07,3.822911232549001e-06,1.0783312222985275e-06,0.0005570287410582878,1.9525885208642222e-06,0.000223597696961234,0.00011335690050875118,3.120191139396651e-06,0.0013085825177989695,9.610241549947397e-06,5.738759521437678e-06,7.071895057311757e-07,1.0783312222985275e-06,0.000223597696961234,1.9525885208642222e-06,0.0005570287410582878,3.120191139396651e-06,9.610241549947397e-06
226,0,daughter,,False,3.0061635882429376e-05,6.10885510164857e-06,2.01456908529364e-06,4.6378732973537256e-07,4.61127481426412e-06,9.818326983657703e-07,0.0004799057068598854,1.5446309562386385e-06,0.0002139768867903779,0.00012644219446392274,5.193048644949271e-05,0.0005424428555526953,7.484622751061123e-06,6.10885510164857e-06,4.6378732973537256e-07,9.818326983657703e-07,0.0002139768867903779,1.5446309562386385e-06,0.0004799057068598854,5.193048644949271e-05,7.484622751061123e-06
226,1,daughter,,False,5.144221374220898e-06,1.8342893327886845e-06,9.516251694168764e-07,2.123378462433771e-07,5.144221374220898e-06,1.0129990980873922e-06,0.0004563088814869741,4.6378732973537256e-07,3.0718185454758057e-06,0.0008383797509002126,8.426423087564058e-05,0.0005121306555705326,7.2543618230189156e-06,1.8342893327886845e-06,2.123378462433771e-07,1.0129990980873922e-06,3.0718185454758057e-06,4.6378732973537256e-07,0.0004563088814869741,8.426423087564058e-05,7.2543618230189156e-06
226,2,daughter,,False,2.737216731838081e-05,4.683888424952456e-06,1.8342893327886845e-06,4.78509449489012e-07,3.373722476473661e-06,8.398072034951531e-07,0.0004631786033745193,7.296379465971514e-07,5.475976980449466e-06,0.00015487610942879803,2.6119031909571944e-05,0.0005398117107140829,7.967300986103147e-06,4.683888424952456e-06,4.78509449489012e-07,8.398072034951531e-07,5.475976980449466e-06,7.296379465971514e-07,0.0004631786033745193,2.6119031909571944e-05,7.967300986103147e-06
227,0,son,,False,2.3413582477639402e-05,4.832563818725537e-06,2.2827997192887966e-06,5.422218970016178e-07,3.705296977158347e-06,9.818326983657703e-07,0.0004709032361132395,8.139692624947503e-07,0.00021332953715267472,0.0027427567939960506,5.8840881855693875e-05,0.0005600758955536546,8.750299760661308e-06,4.832563818725537e-06,5.422218970016178e-07,9.818326983657703e-07,0.00021332953715267472,8.139692624947503e-07,0.0004709032361132395,5.8840881855693875e-05,8.750299760661308e-06
227,1,son,,False,8.969393236719384e-05,4.238847419937498e-05,9.610241549947397e-06,5.562206273647035e-06,2.0988308820313112e-05,7.484622751061123e-06,0.0006111164436431917,4.832563818725537e-06,0.00022770387218484876,0.0008704335119750585,5.9766937110286536e-05,0.08336914326092265,0.0024067526732319674,4.238847419937498e-05,5.562206273647035e-06,7.484622751061123e-06,0.00022770387218484876,4.832563818725537e-06,0.0006111164436431917,5.9766937110286536e-05,0.0024067526732319674
227,2,son,,False,9.314593042575101e-06,2.0785170435063726e-06,1.4738981974494932e-06,3.1875652166284776e-07,1.9525885208642222e-06,6.339210403977636e-07,0.00046264308424245535,7.527989669055592e-07,4.757645425657629e-06,0.0030080612419204488,9.110511944006454e-05,0.0005147819588703148,4.683888424952456e-06,2.0785170435063726e-06,3.1875652166284776e-07,6.339210403977636e-07,4.757645425657629e-06,7.527989669055592e-07,0.00046264308424245535,9.110511944006454e-05,4.683888424952456e-06
228,0,child,,False,8.61465062380632e-06,2.01456908529364e-06,1.3846004563753396e-06,1.6536895860212648e-07,1.5446309562386385e-06,3.288749065460498e-07,1.7265154827585877e-05,5.255395707074638e-07,4.757645425657629e-06,7.096703991005882e-05,1.3765463368900109e-05,0.0004898680643879527,2.931153855960119e-06,2.01456908529364e-06,1.6536895860212648e-07,3.288749065460498e-07,4.757645425657629e-06,5.255395707074638e-07,1.7265154827585877e-05,1.3765463368900109e-05,2.931153855960119e-06
228,1,child,,False,1.3342001090985438e-05,2.0785170435063726e-06,1.5689549727726036e-06,3.3931448129766124e-07,1.8631746484712008e-06,5.093705003229987e-07,0.0004642815183884054,5.422218970016178e-07,0.00021217710837818755,0.0007161476078247872,4.173157606777201e-05,0.0004973009416623807,2.7535691114583474e-06,2.0785170435063726e-06,3.3931448129766124e-07,5.093705003229987e-07,0.00021217710837818755,5.422218970016178e-07,0.0004642815183884054,4.173157606777201e-05,2.7535691114583474e-06
228,2,child,,False,3.0061635882429376e-05,2.5071593847983196e-06,2.5071593847983196e-06,4.0929110499856e-07,2.0785170435063726e-06,6.962256250138369e-07,0.0004563088814869741,9.516251694168764e-07,4.832563818725537e-06,0.0007742406513215074,6.10885510164857e-06,0.0005465467242453664,6.814872211615988e-06,2.5071593847983196e-06,4.0929110499856e-07,6.962256250138369e-07,4.832563818725537e-06,9.516251694168764e-07,0.0004563088814869741,6.10885510164857e-06,6.814872211615988e-06
229,0,daughter,,False,3.0534893211185946e-05,5.738759521437678e-06,2.01456908529364e-06,5.77192003016332e-07,2.931153855960119e-06,1.0129990980873922e-06,0.0004782046600624745,8.530321297909616e-07,0.00021591692196200267,8.830458477845481e-05,1.5118199327273332e-05,0.010123047268862772,1.7952796934677738e-05,5.738759521437678e-06,5.77192003016332e-07,1.0129990980873922e-06,0.00021591692196200267,8.530321297909616e-07,0.0004782046600624745,1.5118199327273332e-05,1.7952796934677738e-05
229,1,daughter,,False,6.667023092435894e-05,2.0027376671813928e-05,4.908661889889002e-06,3.373722476473661e-06,8.61465062380632e-06,3.705296977158347e-06,0.0005104370135339874,1.6964426510543331e-06,0.0002263505449868847,0.0009056139344932517,0.00010322310367548195,0.0230504305160948,4.512106237781923e-05,2.0027376671813928e-05,3.373722476473661e-06,3.705296977158347e-06,0.0002263505449868847,1.6964426510543331e-06,0.0005104370135339874,0.00010322310367548195,4.512106237781923e-05
229,2,daughter,,False,1.8814207550495463e-05,2.4300240743279605e-06,1.8925148246037342e-06,2.332074525844782e-07,2.710880136557205e-06,5.77192003016332e-07,0.00046372467876705764,6.85431721163334e-07,0.00021166499492301485,5.112579049909173e-05,1.3007128466476034e-06,0.0004985843679459446,5.144221374220898e-06,2.4300240743279605e-06,2.332074525844782e-07,5.77192003016332e-07,0.00021166499492301485,6.85431721163334e-07,0.00046372467876705764,1.3007128466476034e-06,5.144221374220898e-06
230,0,son,,False,7.437028637763686e-05,3.4062932773341e-05,8.750299760661308e-06,4.53978687024344e-06,1.4653129390717958e-05,1.0720880092159908e-05,0.0005815588284628446,3.4808121961114687e-06,0.00024219202876817753,0.0001410358496618023,2.737216731838081e-05,0.12552981662334592,0.002456950917794907,3.4062932773341e-05,4.53978687024344e-06,1.0720880092159908e-05,0.00024219202876817753,3.4808121961114687e-06,0.0005815588284628446,2.737216731838081e-05,0.002456950917794907
230,1,son,,False,1.7674513810355872e-05,4.400118457925303e-06,1.670142184809518e-06,5.594337713435001e-07,5.562206273647035e-06,1.3420013504783412e-06,0.0004700830312855635,5.594337713435001e-07,0.00021345499373310768,0.0007327745561277882,8.750299760661308e-06,0.0011435787590044176,1.1235328063870752e-05,4.400118457925303e-06,5.594337713435001e-07,1.3420013504783412e-06,0.00021345499373310768,5.594337713435001e-07,0.0004700830312855635,8.750299760661308e-06,1.1235328063870752e-05
230,2,son,,False,2.868540823874629e-05,4.198630823683514e-06,5.475976980449466e-06,1.0451548051737735e-06,3.2192334497037803e-06,1.7231572752142392e-06,0.000498117286778684,1.9525885208642222e-06,0.00022388481049310266,0.01042511913352564,0.00020667944781501153,0.0006141640084130724,6.814872211615988e-06,4.198630823683514e-06,1.0451548051737735e-06,1.7231572752142392e-06,0.00022388481049310266,1.9525885208642222e-06,0.000498117286778684,0.00020667944781501153,6.814872211615988e-06
231,0,child,,False,9.461262661302227e-06,1.9525885208642222e-06,1.4738981974494932e-06,2.6425858208426533e-07,3.705296977158347e-06,7.889262586245034e-07,0.0004537193317624044,4.495181578513688e-07,2.88571183887091e-06,0.0001206589712246389,2.4156629828672456e-05,0.0005256379073836972,4.98595821272702e-06,1.9525885208642222e-06,2.6425858208426533e-07,7.889262586245034e-07,2.88571183887091e-06,4.495181578513688e-07,0.0004537193317624044,2.4156629828672456e-05,4.98595821272702e-06
231,1,child,,False,8.61465062380632e-06,2.01456908529364e-06,1.9525885208642222e-06,3.84493505874534e-07,4.61127481426412e-06,1.3846004563753396e-06,0.0004782046600624745,1.2029639084557005e-06,0.00021527750928249177,0.010442227995274726,0.00023413406510475264,0.0005245722151820294,5.144221374220898e-06,2.01456908529364e-06,3.84493505874534e-07,1.3846004563753396e-06,0.00021527750928249177,1.2029639084557005e-06,0.0004782046600624745,0.00023413406510475264,5.144221374220898e-06
231,2,child,,False,4.8785712278226595e-05,1.2339457598623173e-05,5.829126566113866e-06,1.2606946239951315e-06,4.264746818557914e-06,2.355261854303796e-06,0.0004913038991974848,4.832563818725537e-06,0.00023495794751787928,0.0649810877371351,0.0017848738449988992,0.0011600053574022634,8.750299760661308e-06,1.2339457598623173e-05,1.2606946239951315e-06,2.355261854303796e-06,0.00023495794751787928,4.832563818725537e-06,0.0004913038991974848,0.0017848738449988992,8.750299760661308e-06
232,0,daughter,,False,8.167381046669487e-05,4.512106237781923e-05,9.761566060239504e-06,5.475976980449466e-06,1.5843621910252592e-05,1.141223854434603e-05,0.000609243123685377,3.944258675190877e-06,0.00025414794844479815,0.0001064962672055945,1.8522574326531083e-05,0.12395696802312019,0.0024019947894768686,4.512106237781923e-05,5.475976980449466e-06,1.141223854434603e-05,0.00025414794844479815,3.944258675190877e-06,0.000609243123685377,1.8522574326531083e-05,0.0024019947894768686
232,1,daughter,,False,5.8840881855693875e-05,2.8240807799315707e-05,9.170196905195049e-06,4.683888424952456e-06,1.9110431587777674e-05,1.141223854434603e-05,0.00468393971162967,4.331903899346328e-06,0.00023273440348495238,0.0030897177774876707,0.00012255674483830522,0.12915878320391225,0.005433689475790568,2.8240807799315707e-05,4.683888424952456e-06,1.141223854434603e-05,0.00023273440348495238,4.331903899346328e-06,0.00468393971162967,0.00012255674483830522,0.005433689475790568
232,2,daughter,,False,4.108485376346404e-05,1.0889691002655445e-05,2.840974294610978e-06,1.4510478554719287e-06,4.98595821272702e-06,1.9525885208642222e-06,0.0005192562221905721,1.0451548051737735e-06,0.00022096026380031539,0.0008333216862332929,5.4421326243255744e-05,0.01611352314297458,2.6947915555885546e-05,1.0889691002655445e-05,1.4510478554719287e-06,1.9525885208642222e-06,0.00022096026380031539,1.0451548051737735e-06,0.0005192562221905721,5.4421326243255744e-05,2.6947915555885546e-05
233,0,son,,False,7.437028637763686e-05,9.461262661302227e-06,6.014151777699533e-06,1.4738981974494932e-06,3.321419494792514e-06,1.7778551863194697e-06,0.0005129655085039826,3.7636447180974406e-06,0.00023495794751787928,0.051937624290790046,0.0008711384457705508,0.0011571599312536706,8.750299760661308e-06,9.461262661302227e-06,1.4738981974494932e-06,1.7778551863194697e-06,0.00023495794751787928,3.7636447180974406e-06,0.0005129655085039826,0.0008711384457705508,8.750299760661308e-06
233,1,son,,False,6.46203290719727e-05,6.922183404468203e-06,4.1335397768930325e-06,1.0783312222985275e-06,3.0718185454758057e-06,1.5689549727726036e-06,0.0005237884557461967,1.7231572752142392e-06,0.00022805562191617214,0.0030191947476948433,0.0001597845494017344,0.001243439431912271,1.3982207564732913e-05,6.922183404468203e-06,1.0783312222985275e-06,1.5689549727726036e-06,0.00022805562191617214,1.7231572752142392e-06,0.0005237884557461967,0.0001597845494017344,1.3982207564732913e-05
233,2,son,,False,2.868540823874629e-05,3.169325442919291e-06,2.212566909570261e-06,3.726639284186561e-07,2.5071593847983196e-06,7.411279871974134e-07,0.0004836074486906681,1.6442494559854523e-06,0.00021659756423044233,0.00017546144100994869,4.683888424952456e-06,0.000602359085731457,3.8831109868779005e-06,3.169325442919291e-06,3.726639284186561e-07,7.411279871974134e-07,0.00021659756423044233,1.6442494559854523e-06,0.0004836074486906681,4.683888424952456e-06,3.8831109868779005e-06
234,0,child,,False,2.0027376671813928e-05,5.829126566113866e-06,2.5071593847983196e-06,5.594337713435001e-07,4.400118457925303e-06,1.1843139025979655e-06,0.0004984851248376378,1.4510478554719287e-06,0.00021559222163915307,0.0007955642203309994,6.878511550552459e-05,0.0006117289013069706,8.220189478350845e-06,5.829126566113866e-06,5.594337713435001e-07,1.1843139025979655e-06,0.00021559222163915307,1.4510478554719287e-06,0.0004984851248376378,6.878511550552459e-05,8.220189478350845e-06
234,1,child,,False,4.802972318863164e-05,8.220189478350845e-06,4.98595821272702e-06,9.818326983657703e-07,3.024195853395102e-06,1.5689549727726036e-06,0.0004893766105546772,2.355261854303796e-06,0.0002310764341461493,0.02001933314017697,0.0005060332031966209,0.0005775117631028116,6.014151777699533e-06,8.220189478350845e-06,9.818326983657703e-07,1.5689549727726036e-06,0.0002310764341461493,2.355261854303796e-06,0.0004893766105546772,0.0005060332031966209,6.014151777699533e-06
234,2,child,,False,7.321812616608614e-05,2.4923252458203565e-05,6.922183404468203e-06,2.710880136557205e-06,8.888084683809127e-06,3.4268490542555014e-06,0.0005067284701317172,1.8631746484712008e-06,0.00022303674997692745,0.0007293448983675676,5.4421326243255744e-05,0.02315960837292408,3.569706350376584e-05,2.4923252458203565e-05,2.710880136557205e-06,3.4268490542555014e-06,0.00022303674997692745,1.8631746484712008e-06,0.0005067284701317172,5.4421326243255744e-05,3.569706350376584e-05
235,0,daughter,,False,2.3782205064034188e-05,5.391084403253366e-06,2.840974294610978e-06,6.748051590048605e-07,3.535625074174432e-06,1.7778551863194697e-06,0.0005108771491932923,2.3923509443082866e-06,0.00022477355484446784,0.003041982713740955,0.00013045066466158166,0.0005832949863420954,4.400118457925303e-06,5.391084403253366e-06,6.748051590048605e-07,1.7778551863194697e-06,0.00022477355484446784,2.3923509443082866e-06,0.0005108771491932923,0.00013045066466158166,4.400118457925303e-06
235,1,daughter,,False,7.096703991005882e-05,1.7952796934677738e-05,1.0720880092159908e-05,3.705296977158347e-06,1.0720880092159908e-05,8.481104172358076e-06,0.004685781804188333,3.822911232549001e-06,0.0002763292760766304,0.0027641006197803124,0.00013458604012970922,0.0827123125875659,0.0015643325470709956,1.7952796934677738e-05,3.705296977158347e-06,8.481104172358076e-06,0.0002763292760766304,3.822911232549001e-06,0.004685781804188333,0.00013458604012970922,0.0015643325470709956
235,2,daughter,,False,1.5118199327273332e-05,3.373722476473661e-06,3.120191139396651e-06,6.144174602214718e-07,3.120191139396651e-06,1.3420013504783412e-06,0.0004841744379918175,1.4064044342149064e-06,0.00022170870641199087,0.010477239776896663,0.00026522597057856566,0.0005335820331640444,4.98595821272702e-06,3.373722476473661e-06,6.144174602214718e-07,1.3420013504783412e-06,0.00022170870641199087,1.4064044342149064e-06,0.0004841744379918175,0.00026522597057856566,4.98595821272702e-06
236,0,son,,False,5.614787461400803e-05,1.1061159714638084e-05,5.144221374220898e-06,8.398072034951531e-07,4.006369222920725e-06,1.7502925788778209e-06,0.00047348232244292843,1.6187581436151335e-06,0.00021228441957103978,0.002954895533654995,7.096703991005882e-05,0.0011516002696433543,1.2731104162213555e-05,1.1061159714638084e-05,8.398072034951531e-07,1.7502925788778209e-06,0.00021228441957103978,1.6187581436151335e-06,0.00047348232244292843,7.096703991005882e-05,1.2731104162213555e-05
236,1,son,,False,1.488384825728813e-05,3.4268490542555014e-06,2.0785170435063726e-06,3.9669859149467314e-07,2.931153855960119e-06,7.411279871974134e-07,0.0004730397933324441,8.267873072601938e-07,0.0002115672857688723,0.0001597845494017344,3.250358452365473e-05,0.0005360157526065469,5.144221374220898e-06,3.4268490542555014e-06,3.9669859149467314e-07,7.411279871974134e-07,0.0002115672857688723,8.267873072601938e-07,0.0004730397933324441,3.250358452365473e-05,5.144221374220898e-06
236,2,son,,False,5.614787461400803e-05,6.922183404468203e-06,5.475976980449466e-06,1.1125607488784412e-06,3.169325442919291e-06,1.7231572752142392e-06,0.0004847481042366493,2.6688529572628562e-06,0.00023148126807614352,0.019801724152056405,0.0002182716445345181,0.0012519010653729468,7.967300986103147e-06,6.922183404468203e-06,1.1125607488784412e-06,1.7231572752142392e-06,0.00023148126807614352,2.6688529572628562e-06,0.0004847481042366493,0.0002182716445345181,7.967300986103147e-06
237,0,child,,False,7.602479448313689e-06,2.0785170435063726e-06,9.516251694168764e-07,1.7061832388634166e-07,4.400118457925303e-06,8.398072034951531e-07,0.00045747920821094843,4.936988949458183e-07,3.4268490542555014e-06,0.00011879054941163418,4.442183589214344e-05,0.0005156936737338665,7.484622751061123e-06,2.0785170435063726e-06,1.7061832388634166e-07,8.398072034951531e-07,3.4268490542555014e-06,4.936988949458183e-07,0.00045747920821094843,4.442183589214344e-05,7.484622751061123e-06
237,1,child,,False,5.9766937110286536e-05,9.761566060239504e-06,6.40200641038395e-06,1.7502925788778209e-06,5.391084403253366e-06,2.7535691114583474e-06,0.0005603329801210514,2.710880136557205e-06,0.0002410592996703374,0.010297272518613728,0.00018386652876885775,0.010156181138574706,9.028039015031105e-06,9.761566060239504e-06,1.7502925788778209e-06,2.7535691114583474e-06,0.0002410592996703374,2.710880136557205e-06,0.0005603329801210514,0.00018386652876885775,9.028039015031105e-06
237,2,child,,False,1.0071400221737608e-05,2.97731143841062e-06,1.3420013504783412e-06,2.9023119852110973e-07,4.61127481426412e-06,1.1478768127080353e-06,0.00046439419660855385,7.889262586245034e-07,4.006369222920725e-06,0.0008283415380815684,4.955359475635505e-05,0.0006046470898997678,1.6865275398914433e-05,2.97731143841062e-06,2.9023119852110973e-07,1.1478768127080353e-06,4.006369222920725e-06,7.889262586245034e-07,0.00046439419660855385,4.955359475635505e-05,1.6865275398914433e-05
238,0,daughter,,False,7.0311842669149565e-06,2.0785170435063726e-06,1.4285517650093407e-06,2.4824800371656586e-07,4.469407144215697e-06,9.223470110117277e-07,0.0004596405007964144,5.955139348629957e-07,4.006369222920725e-06,0.0007470393220393539,6.563728324346652e-05,0.0004999085000106341,3.7636447180974406e-06,2.0785170435063726e-06,2.4824800371656586e-07,9.223470110117277e-07,4.006369222920725e-06,5.955139348629957e-07,0.0004596405007964144,6.563728324346652e-05,3.7636447180974406e-06
238,1,daughter,,False,3.0534893211185946e-05,4.400118457925303e-06,3.4268490542555014e-06,6.144174602214718e-07,2.5466403947055455e-06,1.1843139025979655e-06,0.0004907617346601019,1.7231572752142392e-06,0.00022668099229563676,0.019341398102757146,0.0003376612381739501,0.0005553536215526795,5.307507822667365e-06,4.400118457925303e-06,6.144174602214718e-07,1.1843139025979655e-06,0.00022668099229563676,1.7231572752142392e-06,0.0004907617346601019,0.0003376612381739501,5.307507822667365e-06
238,2,daughter,,False,1.4653129390717958e-05,2.4300240743279605e-06,1.5689549727726036e-06,2.9023119852110973e-07,1.8925148246037342e-06,5.422218970016178e-07,0.0004591733799654918,6.048918580418918e-07,4.331903899346328e-06,0.0008876146323004368,4.583129006350382e-05,0.0004992412660775476,4.53978687024344e-06,2.4300240743279605e-06,2.9023119852110973e-07,5.422218970016178e-07,4.331903899346328e-06,6.048918580418918e-07,0.0004591733799654918,4.583129006350382e-05,4.53978687024344e-06
239,0,son,,False,7.722191834067996e-06,1.8925148246037342e-06,9.818326983657703e-07,1.9333584585546466e-07,3.6478537675800286e-06,7.889262586245034e-07,1.2436225128319384e-05,3.84493505874534e-07,2.3923509443082866e-06,0.0001597845494017344,4.373344035182828e-05,0.0004925498553819385,4.53978687024344e-06,1.8925148246037342e-06,1.9333584585546466e-07,7.889262586245034e-07,2.3923509443082866e-06,3.84493505874534e-07,1.2436225128319384e-05,4.373344035182828e-05,4.53978687024344e-06
239,1,son,,False,2.6119031909571944e-05,3.8831109868779005e-06,2.5071593847983196e-06,4.356879983467376e-07,2.88571183887091e-06,7.889262586245034e-07,0.0004956018218002171,9.972941593827283e-07,0.0002204804354938449,9.253848866495987e-05,1.0554685795431098e-05,0.0006117289013069706,7.2543618230189156e-06,3.8831109868779005e-06,4.356879983467376e-07,7.889262586245034e-07,0.0002204804354938449,9.972941593827283e-07,0.0004956018218002171,1.0554685795431098e-05,7.2543618230189156e-06
239,2,son,,False,6.263341581094202e-05,6.814872211615988e-06,2.3923509443082866e-06,6.144174602214718e-07,3.321419494792514e-06,1.0783312222985275e-06,0.00046542834273342664,5.77192003016332e-07,0.00021411253592723288,0.0001597845494017344,1.2731104162213555e-05,0.0011571599312536706,7.967300986103147e-06,6.814872211615988e-06,6.144174602214718e-07,1.0783312222985275e-06,0.00021411253592723288,5.77192003016332e-07,0.00046542834273342664,1.2731104162213555e-05,7.967300986103147e-06
240,0,child,,False,0.000606063147217987,8.61465062380632e-06,9.610241549947397e-06,1.1125607488784412e-06,3.5913010679499402e-06,1.6187581436151335e-06,0.0005470104779202526,2.796930302582677e-06,0.00025491583092292664,0.002944745327012609,0.00010987310729246431,0.0012048615892203932,5.649793328376294e-06,8.61465062380632e-06,1.1125607488784412e-06,1.6187581436151335e-06,0.00025491583092292664,2.796930302582677e-06,0.0005470104779202526,0.00010987310729246431,5.649793328376294e-06
240,1,child,,False,2.653023768982879e-05,4.757645425657629e-06,2.931153855960119e-06,5.093705003229987e-07,3.705296977158347e-06,8.139692624947503e-07,0.0004972673231464611,9.972941593827283e-07,0.000218704237257557,4.7285443452031076e-05,7.843789122138342e-06,0.0005873034565397543,5.829126566113866e-06,4.757645425657629e-06,5.093705003229987e-07,8.139692624947503e-07,0.000218704237257557,9.972941593827283e-07,0.0004972673231464611,7.843789122138342e-06,5.829126566113866e-06
240,2,child,,False,1.4202364022997911e-05,3.120191139396651e-06,2.6688529572628562e-06,6.339210403977636e-07,3.8831109868779005e-06,1.4285517650093407e-06,0.000504134863796172,1.4738981974494932e-06,0.00022417644371706703,0.0029970979054966492,0.00019570169401946335,0.0005224900751216392,4.832563818725537e-06,3.120191139396651e-06,6.339210403977636e-07,1.4285517650093407e-06,0.00022417644371706703,1.4738981974494932e-06,0.000504134863796172,0.00019570169401946335,4.832563818725537e-06
241,0,daughter,,False,2.0342697805520655e-05,3.120191139396651e-06,2.1444948420913954e-06,4.222833444659923e-07,5.144221374220898e-06,1.0451548051737735e-06,0.00046040712342594554,7.646537350121258e-07,5.829126566113866e-06,0.000782571800733567,3.9821309061635425e-05,0.0005832949863420954,7.0311842669149565e-06,3.120191139396651e-06,4.222833444659923e-07,1.0451548051737735e-06,5.829126566113866e-06,7.646537350121258e-07,0.00046040712342594554,3.9821309061635425e-05,7.0311842669149565e-06
241,1,daughter,,False,4.955359475635505e-05,1.3342001090985438e-05,7.843789122138342e-06,2.7535691114583474e-06,8.61465062380632e-06,5.064471653194114e-06,0.0005155792322185961,1.9223170236538178e-06,0.00022417644371706703,0.01038347373249708,0.00023967308701289605,0.016013605598304635,2.0342697805520655e-05,1.3342001090985438e-05,2.7535691114583474e-06,5.064471653194114e-06,0.00022417644371706703,1.9223170236538178e-06,0.0005155792322185961,0.00023967308701289605,2.0342697805520655e-05
241,2,daughter,,False,3.682979260160596e-05,7.967300986103147e-06,2.5071593847983196e-06,1.2219076020491008e-06,4.61127481426412e-06,1.5206840370677115e-06,0.0004726024159923188,8.139692624947503e-07,0.0002128468589176327,0.0008435169429986132,5.614787461400803e-05,0.010274334550779989,1.7952796934677738e-05,7.967300986103147e-06,1.2219076020491008e-06,1.5206840370677115e-06,0.0002128468589176327,8.139692624947503e-07,0.0004726024159923188,5.614787461400803e-05,1.7952796934677738e-05
242,0,son,,False,5.357805383473943e-05,1.2931563954607948e-05,4.61127481426412e-06,1.7231572752142392e-06,5.649793328376294e-06,3.5913010679499402e-06,0.000538505771270493,2.01456908529364e-06,0.00022951886599524403,0.0008935216182967705,4.108485376346404e-05,0.03201002355767521,5.112579049909173e-05,1.2931563954607948e-05,1.7231572752142392e-06,3.5913010679499402e-06,0.00022951886599524403,2.01456908529364e-06,0.000538505771270493,4.108485376346404e-05,5.112579049909173e-05
242,1,son,,False,3.1999824407395835e-05,4.006369222920725e-06,7.0311842669149565e-06,1.1125607488784412e-06,2.796930302582677e-06,1.7231572752142392e-06,0.0004852313165264701,1.670142184809518e-06,0.00022170870641199087,0.0030191947476948433,0.00013458604012970922,0.0012013235565837077,6.605214485464791e-06,4.006369222920725e-06,1.1125607488784412e-06,1.7231572752142392e-06,0.00022170870641199087,1.670142184809518e-06,0.0004852313165264701,0.00013458604012970922,6.605214485464791e-06
242,2,son,,False,6.563728324346652e-05,8.888084683809127e-06,7.484622751061123e-06,1.8925148246037342e-06,4.198630823683514e-06,2.4300240743279605e-06,0.0004958369747991839,5.064471653194114e-06,0.00022951886599524403,0.021226916002854618,0.000530189486940215,0.0011435787590044176,6.205049602300744e-06,8.888084683809127e-06,1.8925148246037342e-06,2.4300240743279605e-06,0.00022951886599524403,5.064471653194114e-06,0.0004958369747991839,0.000530189486940215,6.205049602300744e-06
243,0,child,,False,1.2731104162213555e-05,2.0785170435063726e-06,1.8342893327886845e-06,2.4061023397180247e-07,1.7502925788778209e-06,3.84493505874534e-07,0.00045889745344538133,5.955139348629957e-07,5.475976980449466e-06,0.0008283415380815684,7.67292412858718e-05,0.0004825669898577503,2.2827997192887966e-06,2.0785170435063726e-06,2.4061023397180247e-07,3.84493505874534e-07,5.475976980449466e-06,5.955139348629957e-07,0.00045889745344538133,7.67292412858718e-05,2.2827997192887966e-06
243,1,child,,False,2.7803096387751555e-05,5.829126566113866e-06,4.264746818557914e-06,1.0129990980873922e-06,3.2699273422345685e-06,2.01456908529364e-06,0.0004676088989121183,2.1444948420913954e-06,0.00022001536555728952,0.05211100837038826,0.0009412589587609823,0.0005398117107140829,5.649793328376294e-06,5.829126566113866e-06,1.0129990980873922e-06,2.01456908529364e-06,0.00022001536555728952,2.1444948420913954e-06,0.0004676088989121183,0.0009412589587609823,5.649793328376294e-06
243,2,child,,False,1.971694219622292e-05,3.4808121961114687e-06,4.264746818557914e-06,7.889262586245034e-07,2.5071593847983196e-06,1.7778551863194697e-06,0.00048680965944992766,1.3211958228877664e-06,0.00022222751156548602,0.0030080612419204488,0.00013458604012970922,0.0011571599312536706,5.829126566113866e-06,3.4808121961114687e-06,7.889262586245034e-07,1.7778551863194697e-06,0.00022222751156548602,1.3211958228877664e-06,0.00048680965944992766,0.00013458604012970922,5.829126566113866e-06
244,0,daughter,,False,1.442598644847886e-05,2.5071593847983196e-06,2.0785170435063726e-06,3.9669859149467314e-07,1.8342893327886845e-06,5.255395707074638e-07,0.0004606025498168151,6.240930669504435e-07,5.475976980449466e-06,0.0007868354905725904,7.208380258812108e-05,0.0005121306555705326,4.683888424952456e-06,2.5071593847983196e-06,3.9669859149467314e-07,5.255395707074638e-07,5.475976980449466e-06,6.240930669504435e-07,0.0004606025498168151,7.208380258812108e-05,4.683888424952456e-06
244,1,daughter,,False,2.0988308820313112e-05,5.562206273647035e-06,3.535625074174432e-06,6.748051590048605e-07,3.373722476473661e-06,1.1478768127080353e-06,0.0005182003025126402,1.5206840370677115e-06,0.00022096026380031539,0.0030080612419204488,0.00011695102650555148,0.0005914388320078819,5.307507822667365e-06,5.562206273647035e-06,6.748051590048605e-07,1.1478768127080353e-06,0.00022096026380031539,1.5206840370677115e-06,0.0005182003025126402,0.00011695102650555148,5.307507822667365e-06
244,2,daughter,,False,4.173157606777201e-05,9.170196905195049e-06,3.024195853395102e-06,1.2606946239951315e-06,5.064471653194114e-06,1.4285517650093407e-06,0.00048426958324596857,9.368717268777097e-07,0.00021439027518160267,0.0008000313556104121,3.682979260160596e-05,0.010224158906926902,1.535623976496012e-05,9.170196905195049e-06,1.2606946239951315e-06,1.4285517650093407e-06,0.00021439027518160267,9.368717268777097e-07,0.00048426958324596857,3.682979260160596e-05,1.535623976496012e-05
245,0,son,,False,8.092757566536092e-06,2.01456908529364e-06,9.516251694168764e-07,1.8738753836511972e-07,5.225226840386988e-06,8.939696304799168e-07,1.6346470245419304e-05,3.726639284186561e-07,2.840974294610978e-06,0.00012644219446392274,3.0534893211185946e-05,0.0004960569708019354,4.264746818557914e-06,2.01456908529364e-06,1.8738753836511972e-07,8.939696304799168e-07,2.840974294610978e-06,3.726639284186561e-07,1.6346470245419304e-05,3.0534893211185946e-05,4.264746818557914e-06
245,1,son,,False,1.1235328063870752e-05,2.7535691114583474e-06,1.6187581436151335e-06,4.356879983467376e-07,3.321419494792514e-06,7.183260399857925e-07,0.0004711809344715078,6.144174602214718e-07,6.10885510164857e-06,0.00017546144100994869,3.1999824407395835e-05,0.0006001064513491806,1.0229985472581487e-05,2.7535691114583474e-06,4.356879983467376e-07,7.183260399857925e-07,6.10885510164857e-06,6.144174602214718e-07,0.0004711809344715078,3.1999824407395835e-05,1.0229985472581487e-05
245,2,son,,False,2.4923252458203565e-05,8.349627818261147e-06,3.2699273422345685e-06,9.223470110117277e-07,3.373722476473661e-06,1.1125607488784412e-06,0.00046473488269551934,8.398072034951531e-07,0.00021239342043348654,0.0028261078542871536,6.166297347617125e-05,0.0006117289013069706,7.2543618230189156e-06,8.349627818261147e-06,9.223470110117277e-07,1.1125607488784412e-06,0.00021239342043348654,8.398072034951531e-07,0.00046473488269551934,6.166297347617125e-05,7.2543618230189156e-06
246,0,child,,False,0.000606063147217987,0.000782004817350045,1.2533751425646102e-05,6.302758756443267e-06,1.9110431587777674e-05,5.738759521437678e-06,0.0006106035478452502,3.822911232549001e-06,0.00023542387204900095,0.00089952090870963,8.040859356292355e-05,0.08891564744679477,0.0015940995729907183,0.000782004817350045,6.302758756443267e-06,5.738759521437678e-06,0.00023542387204900095,3.822911232549001e-06,0.0006106035478452502,8.040859356292355e-05,0.0015940995729907183
246,1,child,,False,3.9821309061635425e-05,6.302758756443267e-06,4.832563818725537e-06,1.3420013504783412e-06,5.562206273647035e-06,2.5071593847983196e-06,0.0004953675844757652,1.2219076020491008e-06,0.00022096026380031539,0.019564213543644616,0.00018386652876885775,0.0012519010653729468,9.610241549947397e-06,6.302758756443267e-06,1.3420013504783412e-06,2.5071593847983196e-06,0.00022096026380031539,1.2219076020491008e-06,0.0004953675844757652,0.00018386652876885775,9.610241549947397e-06
246,2,child,,False,2.5315637215092633e-05,4.006369222920725e-06,3.7636447180974406e-06,8.139692624947503e-07,2.6688529572628562e-06,1.3007128466476034e-06,0.000494901842618932,1.2606946239951315e-06,0.00022388481049310266,0.01040826973575264,0.0002867158593393787,0.0005584771959849743,4.683888424952456e-06,4.006369222920725e-06,8.139692624947503e-07,1.3007128466476034e-06,0.00022388481049310266,1.2606946239951315e-06,0.000494901842618932,0.0002867158593393787,4.683888424952456e-06
247,0,daughter,,False,2.7803096387751555e-05,3.024195853395102e-06,2.586743108135441e-06,5.093705003229987e-07,2.97731143841062e-06,1.0783312222985275e-06,0.00046849914347752206,1.2805474213228684e-06,0.00021217710837818755,0.0007293448983675676,3.822911232549001e-06,0.0005794095367164778,4.400118457925303e-06,3.024195853395102e-06,5.093705003229987e-07,1.0783312222985275e-06,0.00021217710837818755,1.2805474213228684e-06,0.00046849914347752206,3.822911232549001e-06,4.400118457925303e-06
247,1,daughter,,False,1.5598027633743823e-05,2.586743108135441e-06,1.5689549727726036e-06,5.255395707074638e-07,3.0718185454758057e-06,8.664653147910923e-07,0.00047083414960971426,7.071895057311757e-07,0.00021207146066617245,0.0009118021484241878,5.792916699214217e-05,0.0005437895311587944,5.829126566113866e-06,2.586743108135441e-06,5.255395707074638e-07,8.664653147910923e-07,0.00021207146066617245,7.071895057311757e-07,0.00047083414960971426,5.792916699214217e-05,5.829126566113866e-06
247,2,daughter,,False,3.682979260160596e-05,4.53978687024344e-06,2.355261854303796e-06,4.495181578513688e-07,3.2699273422345685e-06,8.139692624947503e-07,0.00047593202075195005,9.516251694168764e-07,0.00021273082914771238,0.0007470393220393539,3.740956047302422e-05,0.0005832949863420954,1.0229985472581487e-05,4.53978687024344e-06,4.495181578513688e-07,8.139692624947503e-07,0.00021273082914771238,9.516251694168764e-07,0.00047593202075195005,3.740956047302422e-05,1.0229985472581487e-05
248,0,son,,False,2.913700606794303e-05,4.908661889889002e-06,5.829126566113866e-06,1.0451548051737735e-06,3.169325442919291e-06,1.9525885208642222e-06,0.0005146468316961163,2.1444948420913954e-06,0.0002310764341461493,0.010282364805175475,0.00015487610942879803,0.0006166373412799071,5.649793328376294e-06,4.908661889889002e-06,1.0451548051737735e-06,1.9525885208642222e-06,0.0002310764341461493,2.1444948420913954e-06,0.0005146468316961163,0.00015487610942879803,5.649793328376294e-06
248,1,son,,False,0.0005398135517506113,2.4923252458203565e-05,1.1959857805023158e-05,4.832563818725537e-06,1.2731104162213555e-05,1.1235328063870752e-05,0.0046855763301775575,0.00021221394297262693,0.00028703604663326643,0.010297272518613728,0.00019267346633274757,0.07147135584204424,6.46203290719727e-05,2.4923252458203565e-05,4.832563818725537e-06,1.1235328063870752e-05,0.00028703604663326643,0.00021221394297262693,0.0046855763301775575,0.00019267346633274757,6.46203290719727e-05
248,2,son,,False,1.2931563954607948e-05,2.88571183887091e-06,1.5689549727726036e-06,4.356879983467376e-07,4.331903899346328e-06,1.7231572752142392e-06,0.0004619107043966434,6.339210403977636e-07,5.064471653194114e-06,0.0027427567939960506,5.614787461400803e-05,0.0005893550335994887,6.205049602300744e-06,2.88571183887091e-06,4.356879983467376e-07,1.7231572752142392e-06,5.064471653194114e-06,6.339210403977636e-07,0.0004619107043966434,5.614787461400803e-05,6.205049602300744e-06
249,0,child,,False,8.559006367452268e-05,1.1061159714638084e-05,7.0311842669149565e-06,1.670142184809518e-06,7.0311842669149565e-06,2.931153855960119e-06,0.000585181843300991,4.069457790466838e-06,0.000245183545228207,0.019341398102757146,0.0002182716445345181,0.010106130587133003,1.3552078562406772e-05,1.1061159714638084e-05,1.670142184809518e-06,2.931153855960119e-06,0.000245183545228207,4.069457790466838e-06,0.000585181843300991,0.0002182716445345181,1.3552078562406772e-05
249,1,child,,False,1.3552078562406772e-05,2.6688529572628562e-06,1.7778551863194697e-06,3.726639284186561e-07,1.8631746484712008e-06,8.139692624947503e-07,0.0004573080764948252,8.80110037979258e-07,4.198630823683514e-06,0.002934750458319067,1.7952796934677738e-05,0.0005813371220870101,9.915273115920183e-06,2.6688529572628562e-06,3.726639284186561e-07,8.139692624947503e-07,4.198630823683514e-06,8.80110037979258e-07,0.0004573080764948252,1.7952796934677738e-05,9.915273115920183e-06
249,2,child,,False,2.0988308820313112e-05,2.1444948420913954e-06,3.0718185454758057e-06,3.3931448129766124e-07,2.796930302582677e-06,7.183260399857925e-07,0.00045889745344538133,1.1659530314852966e-06,4.757645425657629e-06,6.878511550552459e-05,1.7231572752142392e-06,0.0005479579113182372,5.475976980449466e-06,2.1444948420913954e-06,3.3931448129766124e-07,7.183260399857925e-07,4.757645425657629e-06,1.1659530314852966e-06,0.00045889745344538133,1.7231572752142392e-06,5.475976980449466e-06
250,0,daughter,,False,1.2533751425646102e-05,3.120191139396651e-06,1.5206840370677115e-06,2.4824800371656586e-07,2.0785170435063726e-06,6.962256250138369e-07,0.0004612986854919548,6.540437226933637e-07,4.98595821272702e-06,0.0007911659505451469,3.8596609058077356e-05,0.0005071863494234538,2.7535691114583474e-06,3.120191139396651e-06,2.4824800371656586e-07,6.962256250138369e-07,4.98595821272702e-06,6.540437226933637e-07,0.0004612986854919548,3.8596609058077356e-05,2.7535691114583474e-06
250,1,daughter,,False,3.459916031782155e-05,9.170196905195049e-06,3.321419494792514e-06,1.5689549727726036e-06,5.144221374220898e-06,1.8342893327886845e-06,0.0004848443699268337,1.2411496080609794e-06,0.00021575330372933303,0.0029056745866044694,8.693673928062173e-05,0.01595320607813817,2.5315637215092633e-05,9.170196905195049e-06,1.5689549727726036e-06,1.8342893327886845e-06,0.00021575330372933303,1.2411496080609794e-06,0.0004848443699268337,8.693673928062173e-05,2.5315637215092633e-05
250,2,daughter,,False,7.67292412858718e-05,3.150386940813393e-05,8.349627818261147e-06,3.8831109868779005e-06,1.7400543552708932e-05,1.1061159714638084e-05,0.0005566145160189753,3.6478537675800286e-06,0.00023889724921321938,0.000754511454683582,4.305570813246149e-05,0.12481128315357651,0.003444522217938925,3.150386940813393e-05,3.8831109868779005e-06,1.1061159714638084e-05,0.00023889724921321938,3.6478537675800286e-06,0.0005566145160189753,4.305570813246149e-05,0.003444522217938925
251,0,son,,False,1.8235460794662427e-05,3.535625074174432e-06,3.8831109868779005e-06,7.183260399857925e-07,4.757645425657629e-06,2.212566909570261e-06,0.0005089883541371382,1.7778551863194697e-06,0.00021956460018956949,0.010253226208557755,0.00018386652876885775,0.0005873034565397543,7.484622751061123e-06,3.535625074174432e-06,7.183260399857925e-07,2.212566909570261e-06,0.00021956460018956949,1.7778551863194697e-06,0.0005089883541371382,0.00018386652876885775,7.484622751061123e-06
251,1,son,,False,2.8240807799315707e-05,3.120191139396651e-06,2.0785170435063726e-06,3.3931448129766124e-07,2.931153855960119e-06,7.183260399857925e-07,0.00046473488269551934,8.530321297909616e-07,5.829126566113866e-06,0.00015011822567369918,2.6119031909571944e-05,0.0005121306555705326,3.8831109868779005e-06,3.120191139396651e-06,3.3931448129766124e-07,7.183260399857925e-07,5.829126566113866e-06,8.530321297909616e-07,0.00046473488269551934,2.6119031909571944e-05,3.8831109868779005e-06
251,2,son,,False,2.7803096387751555e-05,4.400118457925303e-06,1.7231572752142392e-06,3.6119830612765795e-07,2.3187477504664324e-06,8.664653147910923e-07,0.00047921731131957026,8.80110037979258e-07,0.00021789598759221768,0.0001206589712246389,1.6603846953733614e-05,0.0005633490590837672,5.307507822667365e-06,4.400118457925303e-06,3.6119830612765795e-07,8.664653147910923e-07,0.00021789598759221768,8.80110037979258e-07,0.00047921731131957026,1.6603846953733614e-05,5.307507822667365e-06
252,0,child,,False,3.353501304664781e-05,3.2192334497037803e-06,2.840974294610978e-06,4.356879983467376e-07,3.169325442919291e-06,1.2606946239951315e-06,0.0004672347498334401,1.1300808333434096e-06,6.10885510164857e-06,0.0007470393220393539,4.757645425657629e-06,0.000602359085731457,5.649793328376294e-06,3.2192334497037803e-06,4.356879983467376e-07,1.2606946239951315e-06,6.10885510164857e-06,1.1300808333434096e-06,0.0004672347498334401,4.757645425657629e-06,5.649793328376294e-06
252,1,child,,False,1.5843621910252592e-05,2.6688529572628562e-06,1.2219076020491008e-06,2.4061023397180247e-07,1.7231572752142392e-06,5.422218970016178e-07,0.00045853454316705595,6.643433442159853e-07,4.908661889889002e-06,0.0007161476078247872,2.913700606794303e-05,0.0005235230228025316,6.205049602300744e-06,2.6688529572628562e-06,2.4061023397180247e-07,5.422218970016178e-07,4.908661889889002e-06,6.643433442159853e-07,0.00045853454316705595,2.913700606794303e-05,6.205049602300744e-06
252,2,child,,False,2.305067219931397e-05,3.024195853395102e-06,2.97731143841062e-06,2.72647027069593e-07,1.363134508591315e-06,6.339210403977636e-07,0.00045705387164279285,6.643433442159853e-07,5.064471653194114e-06,5.112579049909173e-05,1.3846004563753396e-06,0.0005538279886564313,5.649793328376294e-06,3.024195853395102e-06,2.72647027069593e-07,6.339210403977636e-07,5.064471653194114e-06,6.643433442159853e-07,0.00045705387164279285,1.3846004563753396e-06,5.649793328376294e-06
253,0,daughter,,False,8.830458477845481e-05,3.9821309061635425e-05,1.3342001090985438e-05,4.61127481426412e-06,2.453694805426225e-05,9.314593042575101e-06,0.12470483993789784,0.0002809344360218875,0.008545751557218371,0.0027788905419273728,2.737216731838081e-05,0.12361655795470713,0.001600960206293875,3.9821309061635425e-05,4.61127481426412e-06,9.314593042575101e-06,0.008545751557218371,0.0002809344360218875,0.12470483993789784,2.737216731838081e-05,0.001600960206293875
253,1,daughter,,False,0.0006482122129075596,1.488384825728813e-05,1.2148175280558357e-05,2.4300240743279605e-06,7.967300986103147e-06,2.796930302582677e-06,0.0005257044208836382,3.120191139396651e-06,0.0002445664150903344,0.0028779143257728393,4.7285443452031076e-05,0.010192263297697799,1.2731104162213555e-05,1.488384825728813e-05,2.4300240743279605e-06,2.796930302582677e-06,0.0002445664150903344,3.120191139396651e-06,0.0005257044208836382,4.7285443452031076e-05,1.2731104162213555e-05
253,2,daughter,,False,2.4923252458203565e-05,3.4808121961114687e-06,1.8925148246037342e-06,3.3931448129766124e-07,2.710880136557205e-06,6.748051590048605e-07,0.0004782046600624745,9.666109404131067e-07,5.920916517463734e-06,0.0007129746438779075,2.5315637215092633e-05,0.0005832949863420954,7.722191834067996e-06,3.4808121961114687e-06,3.3931448129766124e-07,6.748051590048605e-07,5.920916517463734e-06,9.666109404131067e-07,0.0004782046600624745,2.5315637215092633e-05,7.722191834067996e-06
254,0,son,,False,2.3413582477639402e-05,4.198630823683514e-06,1.5206840370677115e-06,3.1875652166284776e-07,2.1782649863110498e-06,6.748051590048605e-07,0.00045535542432847726,4.78509449489012e-07,3.7636447180974406e-06,0.00011513995656772139,2.0988308820313112e-05,0.0005267203585267405,6.605214485464791e-06,4.198630823683514e-06,3.1875652166284776e-07,6.748051590048605e-07,3.7636447180974406e-06,4.78509449489012e-07,0.00045535542432847726,2.0988308820313112e-05,6.605214485464791e-06
254,1,son,,False,2.7803096387751555e-05,9.761566060239504e-06,2.355261854303796e-06,1.0451548051737735e-06,3.6478537675800286e-06,1.7502925788778209e-06,0.0004940954884194094,7.411279871974134e-07,0.00021732209397159474,0.0028689430188461465,6.166297347617125e-05,0.010199160408073261,2.0988308820313112e-05,9.761566060239504e-06,1.0451548051737735e-06,1.7502925788778209e-06,0.00021732209397159474,7.411279871974134e-07,0.0004940954884194094,6.166297347617125e-05,2.0988308820313112e-05
254,2,son,,False,5.527786369235996e-05,8.481104172358076e-06,5.144221374220898e-06,1.4971083692627422e-06,4.400118457925303e-06,2.7535691114583474e-06,0.0004991029920624177,1.2219076020491008e-06,0.00022388481049310266,0.037710205824884886,0.0001064962672055945,0.015975722270239766,2.5315637215092633e-05,8.481104172358076e-06,1.4971083692627422e-06,2.7535691114583474e-06,0.00022388481049310266,1.2219076020491008e-06,0.0004991029920624177,0.0001064962672055945,2.5315637215092633e-05
255,0,child,,False,6.166297347617125e-05,2.234163601827719e-05,7.484622751061123e-06,2.97731143841062e-06,1.442598644847886e-05,7.967300986103147e-06,0.0046579801003725696,4.469407144215697e-06,0.0002564880266656633,9.547317110805593e-05,6.014151777699533e-06,0.09584532410410969,0.002409187780338069,2.234163601827719e-05,2.97731143841062e-06,7.967300986103147e-06,0.0002564880266656633,4.469407144215697e-06,0.0046579801003725696,6.014151777699533e-06,0.002409187780338069
255,1,child,,False,1.0229985472581487e-05,2.627477314480822e-06,1.7778551863194697e-06,3.500854414401442e-07,2.2474089854291757e-06,7.183260399857925e-07,0.00046450731558329313,8.013499398837462e-07,5.920916517463734e-06,0.0007868354905725904,5.112579049909173e-05,0.0005041382353302037,3.6478537675800286e-06,2.627477314480822e-06,3.500854414401442e-07,7.183260399857925e-07,5.920916517463734e-06,8.013499398837462e-07,0.00046450731558329313,5.112579049909173e-05,3.6478537675800286e-06
255,2,child,,False,1.8814207550495463e-05,3.024195853395102e-06,2.2827997192887966e-06,2.6425858208426533e-07,3.705296977158347e-06,6.962256250138369e-07,0.0004607995081828346,5.422218970016178e-07,5.649793328376294e-06,5.792916699214217e-05,2.0785170435063726e-06,0.0005360157526065469,4.683888424952456e-06,3.024195853395102e-06,2.6425858208426533e-07,6.962256250138369e-07,5.649793328376294e-06,5.422218970016178e-07,0.0004607995081828346,2.0785170435063726e-06,4.683888424952456e-06
256,0,daughter,,False,1.0554685795431098e-05,2.355261854303796e-06,2.01456908529364e-06,3.1875652166284776e-07,2.88571183887091e-06,5.093705003229987e-07,0.00045705387164279285,6.540437226933637e-07,4.069457790466838e-06,0.0006949397826019072,3.4062932773341e-05,0.0004999085000106341,4.53978687024344e-06,2.355261854303796e-06,3.1875652166284776e-07,5.093705003229987e-07,4.069457790466838e-06,6.540437226933637e-07,0.00045705387164279285,3.4062932773341e-05,4.53978687024344e-06
256,1,daughter,,False,6.070755804415097e-05,2.3413582477639402e-05,6.814872211615988e-06,2.88571183887091e-06,1.4202364022997911e-05,8.888084683809127e-06,0.0005921827502227462,3.8831109868779005e-06,0.0002511935262300754,9.253848866495987e-05,5.307507822667365e-06,0.11622739842183873,0.0024167248579882983,2.3413582477639402e-05,2.88571183887091e-06,8.888084683809127e-06,0.0002511935262300754,3.8831109868779005e-06,0.0005921827502227462,5.307507822667365e-06,0.0024167248579882983
256,2,daughter,,False,7.0311842669149565e-06,2.0785170435063726e-06,1.1125607488784412e-06,2.332074525844782e-07,2.1782649863110498e-06,6.144174602214718e-07,0.00046253722914952185,7.071895057311757e-07,6.10885510164857e-06,0.0008383797509002126,6.46203290719727e-05,0.0005071863494234538,3.535625074174432e-06,2.0785170435063726e-06,2.332074525844782e-07,6.144174602214718e-07,6.10885510164857e-06,7.071895057311757e-07,0.00046253722914952185,6.46203290719727e-05,3.535625074174432e-06
257,0,son,,False,2.4923252458203565e-05,4.908661889889002e-06,2.586743108135441e-06,4.936988949458183e-07,4.264746818557914e-06,1.1843139025979655e-06,0.0004806049333455612,1.0451548051737735e-06,0.0002115672857688723,0.0008333216862332929,5.7031570707833595e-05,0.0011435787590044176,8.481104172358076e-06,4.908661889889002e-06,4.936988949458183e-07,1.1843139025979655e-06,0.0002115672857688723,1.0451548051737735e-06,0.0004806049333455612,5.7031570707833595e-05,8.481104172358076e-06
257,1,son,,False,5.27478412523148e-05,2.571419797957771e-05,6.014151777699533e-06,2.627477314480822e-06,1.141223854434603e-05,8.750299760661308e-06,0.0005732571298700168,3.024195853395102e-06,0.00023996139648439313,0.00011695102650555148,1.609308249869283e-05,0.10080367922925967,0.0024067526732319674,2.571419797957771e-05,2.627477314480822e-06,8.750299760661308e-06,0.00023996139648439313,3.024195853395102e-06,0.0005732571298700168,1.609308249869283e-05,0.0024067526732319674
257,2,son,,False,1.7130819343483194e-05,2.5466403947055455e-06,2.01456908529364e-06,4.222833444659923e-07,2.1444948420913954e-06,6.748051590048605e-07,0.000465311635123257,6.540437226933637e-07,0.000211865052952336,0.0007362579817833515,2.4923252458203565e-05,0.0005312230782558095,3.8831109868779005e-06,2.5466403947055455e-06,4.222833444659923e-07,6.748051590048605e-07,0.000211865052952336,6.540437226933637e-07,0.000465311635123257,2.4923252458203565e-05,3.8831109868779005e-06
258,0,child,,False,4.512106237781923e-05,1.3342001090985438e-05,4.069457790466838e-06,1.3420013504783412e-06,8.220189478350845e-06,2.627477314480822e-06,0.000535339285687879,1.6442494559854523e-06,0.00022735757340977805,0.00012843081201339694,5.391084403253366e-06,0.016013605598304635,2.653023768982879e-05,1.3342001090985438e-05,1.3420013504783412e-06,2.627477314480822e-06,0.00022735757340977805,1.6442494559854523e-06,0.000535339285687879,5.391084403253366e-06,2.653023768982879e-05
258,1,child,,False,3.625900662832244e-05,5.064471653194114e-06,3.2192334497037803e-06,9.516251694168764e-07,3.6478537675800286e-06,1.9525885208642222e-06,0.0005273028806262366,1.7231572752142392e-06,0.00023273440348495238,0.010132624023293487,0.0001064962672055945,0.0011780402186782639,9.028039015031105e-06,5.064471653194114e-06,9.516251694168764e-07,1.9525885208642222e-06,0.00023273440348495238,1.7231572752142392e-06,0.0005273028806262366,0.0001064962672055945,9.028039015031105e-06
258,2,child,,False,3.514382632807918e-05,6.709224499600877e-06,3.8831109868779005e-06,9.080474758713811e-07,2.586743108135441e-06,1.2219076020491008e-06,0.0005511867570864098,2.627477314480822e-06,0.00022570493397209223,0.003041982713740955,0.000138852327569001,0.0011488846913063758,9.314593042575101e-06,6.709224499600877e-06,9.080474758713811e-07,1.2219076020491008e-06,0.00022570493397209223,2.627477314480822e-06,0.0005511867570864098,0.000138852327569001,9.314593042575101e-06
259,0,daughter,,False,5.27478412523148e-05,9.610241549947397e-06,4.006369222920725e-06,1.2219076020491008e-06,4.1335397768930325e-06,1.3846004563753396e-06,0.0004788771226696619,6.540437226933637e-07,0.00021625192716922701,0.019934641147342655,0.00016484829418512883,0.0012393062261218638,1.5843621910252592e-05,9.610241549947397e-06,1.2219076020491008e-06,1.3846004563753396e-06,0.00021625192716922701,6.540437226933637e-07,0.0004788771226696619,0.00016484829418512883,1.5843621910252592e-05
259,1,daughter,,False,1.7674513810355872e-05,4.264746818557914e-06,2.5071593847983196e-06,4.6378732973537256e-07,3.120191139396651e-06,6.962256250138369e-07,0.00046786077705228494,9.368717268777097e-07,0.0002117642425769555,0.0008876146323004368,8.295891883591029e-05,0.0005112741181214284,4.264746818557914e-06,4.264746818557914e-06,4.6378732973537256e-07,6.962256250138369e-07,0.0002117642425769555,9.368717268777097e-07,0.00046786077705228494,8.295891883591029e-05,4.264746818557914e-06
259,2,daughter,,False,1.2533751425646102e-05,3.705296977158347e-06,1.4285517650093407e-06,2.8130174840733105e-07,2.840974294610978e-06,8.664653147910923e-07,0.0004686283187719674,9.368717268777097e-07,4.832563818725537e-06,0.010282364805175475,0.00011879054941163418,0.0005738038183837241,4.53978687024344e-06,3.705296977158347e-06,2.8130174840733105e-07,8.664653147910923e-07,4.832563818725537e-06,9.368717268777097e-07,0.0004686283187719674,0.00011879054941163418,4.53978687024344e-06
260,0,son,,False,8.295891883591029e-05,1.2148175280558357e-05,6.814872211615988e-06,1.5689549727726036e-06,4.53978687024344e-06,2.2827997192887966e-06,0.0004957192836172622,3.0718185454758057e-06,0.00022951886599524403,0.0030654830851861575,0.00015731121653489972,0.015975722270239766,1.2731104162213555e-05,1.2148175280558357e-05,1.5689549727726036e-06,2.2827997192887966e-06,0.00022951886599524403,3.0718185454758057e-06,0.0004957192836172622,0.00015731121653489972,1.2731104162213555e-05
260,1,son,,False,0.000596884817468907,3.569706350376584e-05,9.028039015031105e-06,3.4808121961114687e-06,1.7400543552708932e-05,5.649793328376294e-06,0.0005294782590340275,1.7778551863194697e-06,0.00022096026380031539,0.0008594156731411163,1.7674513810355872e-05,0.023125980624895504,2.7803096387751555e-05,3.569706350376584e-05,3.4808121961114687e-06,5.649793328376294e-06,0.00022096026380031539,1.7778551863194697e-06,0.0005294782590340275,1.7674513810355872e-05,2.7803096387751555e-05
260,2,son,,False,4.802972318863164e-05,5.738759521437678e-06,8.349627818261147e-06,1.4971083692627422e-06,4.400118457925303e-06,2.355261854303796e-06,0.0005392117021381564,2.0462932829931794e-06,0.0002310764341461493,0.0027941453403890646,9.850082967450695e-05,0.001154358460870045,6.205049602300744e-06,5.738759521437678e-06,1.4971083692627422e-06,2.355261854303796e-06,0.0002310764341461493,2.0462932829931794e-06,0.0005392117021381564,9.850082967450695e-05,6.205049602300744e-06
261,0,child,,False,2.868540823874629e-05,8.220189478350845e-06,2.355261854303796e-06,1.0129990980873922e-06,2.796930302582677e-06,1.3846004563753396e-06,0.0004751499930392176,6.144174602214718e-07,0.00021332953715267472,0.0029970979054966492,0.00010817152527255935,0.001256231525345503,1.6346470245419304e-05,8.220189478350845e-06,1.0129990980873922e-06,1.3846004563753396e-06,0.00021332953715267472,6.144174602214718e-07,0.0004751499930392176,0.00010817152527255935,1.6346470245419304e-05
261,1,child,,False,1.609308249869283e-05,2.6688529572628562e-06,1.8925148246037342e-06,4.6378732973537256e-07,2.1782649863110498e-06,7.411279871974134e-07,0.00045459430255551965,5.255395707074638e-07,3.4808121961114687e-06,0.0008817985412716716,5.614787461400803e-05,0.0005335820331640444,5.144221374220898e-06,2.6688529572628562e-06,4.6378732973537256e-07,7.411279871974134e-07,3.4808121961114687e-06,5.255395707074638e-07,0.00045459430255551965,5.614787461400803e-05,5.144221374220898e-06
261,2,child,,False,4.802972318863164e-05,2.1318756129065198e-05,5.738759521437678e-06,2.3923509443082866e-06,6.40200641038395e-06,2.840974294610978e-06,0.0005812742197838553,1.6964426510543331e-06,0.0002306778733816642,0.0008045684283044233,3.8596609058077356e-05,0.023229202196135924,5.357805383473943e-05,2.1318756129065198e-05,2.3923509443082866e-06,2.840974294610978e-06,0.0002306778733816642,1.6964426510543331e-06,0.0005812742197838553,3.8596609058077356e-05,5.357805383473943e-05
262,0,daughter,,False,2.305067219931397e-05,3.2192334497037803e-06,1.9525885208642222e-06,6.748051590048605e-07,2.931153855960119e-06,7.889262586245034e-07,0.00047021840153368906,4.6378732973537256e-07,0.0002117642425769555,0.0006978298516223775,3.353501304664781e-05,0.0005633490590837672,7.484622751061123e-06,3.2192334497037803e-06,6.748051590048605e-07,7.889262586245034e-07,0.0002117642425769555,4.6378732973537256e-07,0.00047021840153368906,3.353501304664781e-05,7.484622751061123e-06
262,1,daughter,,False,9.170196905195049e-06,1.5689549727726036e-06,8.664653147910923e-07,1.4144759985825914e-07,1.1300808333434096e-06,4.6378732973537256e-07,1.4768038336604361e-05,4.222833444659923e-07,3.120191139396651e-06,0.0007007652612809208,5.7031570707833595e-05,0.0004833830295680014,3.535625074174432e-06,1.5689549727726036e-06,1.4144759985825914e-07,4.6378732973537256e-07,3.120191139396651e-06,4.222833444659923e-07,1.4768038336604361e-05,5.7031570707833595e-05,3.535625074174432e-06
262,2,daughter,,False,5.193048644949271e-05,7.14190139989638e-06,3.024195853395102e-06,5.955139348629957e-07,4.198630823683514e-06,7.411279871974134e-07,0.00047274763973393307,9.818326983657703e-07,0.00021770169376519476,0.0001597845494017344,2.234163601827719e-05,0.0006191494980250567,4.832563818725537e-06,7.14190139989638e-06,5.955139348629957e-07,7.411279871974134e-07,0.00021770169376519476,9.818326983657703e-07,0.00047274763973393307,2.234163601827719e-05,4.832563818725537e-06
263,0,son,,False,1.8522574326531083e-05,3.4268490542555014e-06,3.4268490542555014e-06,6.540437226933637e-07,6.10885510164857e-06,2.355261854303796e-06,0.0004938671167868664,1.2606946239951315e-06,0.00021642339588120966,0.002924908581036187,0.00013458604012970922,0.0005775117631028116,5.307507822667365e-06,3.4268490542555014e-06,6.540437226933637e-07,2.355261854303796e-06,0.00021642339588120966,1.2606946239951315e-06,0.0004938671167868664,0.00013458604012970922,5.307507822667365e-06
263,1,son,,False,2.7803096387751555e-05,4.400118457925303e-06,2.4300240743279605e-06,4.356879983467376e-07,2.88571183887091e-06,6.962256250138369e-07,0.00047837179279292826,9.368717268777097e-07,0.00022096026380031539,6.361912109467577e-05,1.3765463368900109e-05,0.0005479579113182372,4.683888424952456e-06,4.400118457925303e-06,4.356879983467376e-07,6.962256250138369e-07,0.00022096026380031539,9.368717268777097e-07,0.00047837179279292826,1.3765463368900109e-05,4.683888424952456e-06
263,2,son,,False,6.986756664856784e-05,1.7674513810355872e-05,4.832563818725537e-06,2.5071593847983196e-06,7.484622751061123e-06,2.1444948420913954e-06,0.0005381045391148169,1.9833367060283617e-06,0.00024277179663959579,0.00016484829418512883,3.150386940813393e-05,0.01616620426354425,1.6865275398914433e-05,1.7674513810355872e-05,2.5071593847983196e-06,2.1444948420913954e-06,0.00024277179663959579,1.9833367060283617e-06,0.0005381045391148169,3.150386940813393e-05,1.6865275398914433e-05
264,0,child,,False,8.750299760661308e-06,2.355261854303796e-06,1.5206840370677115e-06,3.6119830612765795e-07,4.1335397768930325e-06,8.139692624947503e-07,0.0004636146092636593,6.339210403977636e-07,5.391084403253366e-06,8.426423087564058e-05,2.95957113513077e-05,0.0005312230782558095,9.314593042575101e-06,2.355261854303796e-06,3.6119830612765795e-07,8.139692624947503e-07,5.391084403253366e-06,6.339210403977636e-07,0.0004636146092636593,2.95957113513077e-05,9.314593042575101e-06
264,1,child,,False,0.0006230092919928882,0.0007534463243833559,1.1235328063870752e-05,7.484622751061123e-06,2.0988308820313112e-05,8.220189478350845e-06,0.004790096168018098,5.144221374220898e-06,0.00024909567651839985,0.002809879477103823,9.547317110805593e-05,0.08242264934266122,4.802972318863164e-05,0.0007534463243833559,7.484622751061123e-06,8.220189478350845e-06,0.00024909567651839985,5.144221374220898e-06,0.004790096168018098,9.547317110805593e-05,4.802972318863164e-05
264,2,child,,False,1.7952796934677738e-05,2.7535691114583474e-06,2.931153855960119e-06,5.255395707074638e-07,3.6478537675800286e-06,1.3846004563753396e-06,0.000511914201923901,1.3846004563753396e-06,0.00022303674997692745,0.0027568755852843594,8.693673928062173e-05,0.0005493912805431325,5.144221374220898e-06,2.7535691114583474e-06,5.255395707074638e-07,1.3846004563753396e-06,0.00022303674997692745,1.3846004563753396e-06,0.000511914201923901,8.693673928062173e-05,5.144221374220898e-06
265,0,daughter,,False,2.0342697805520655e-05,4.908661889889002e-06,1.670142184809518e-06,6.144174602214718e-07,3.535625074174432e-06,1.3420013504783412e-06,0.0004736309874439777,8.80110037979258e-07,0.0002128468589176327,0.0028689430188461465,8.969393236719384e-05,0.0005616997185942735,6.205049602300744e-06,4.908661889889002e-06,6.144174602214718e-07,1.3420013504783412e-06,0.0002128468589176327,8.80110037979258e-07,0.0004736309874439777,8.969393236719384e-05,6.205049602300744e-06
265,1,daughter,,False,4.108485376346404e-05,8.092757566536092e-06,3.7636447180974406e-06,9.516251694168764e-07,3.4268490542555014e-06,1.4738981974494932e-06,0.00046968007670061194,2.3923509443082866e-06,0.00021978822261505042,0.09723352851604018,0.002237145983776148,0.0005451573766566274,7.722191834067996e-06,8.092757566536092e-06,9.516251694168764e-07,1.4738981974494932e-06,0.00021978822261505042,2.3923509443082866e-06,0.00046968007670061194,0.002237145983776148,7.722191834067996e-06
265,2,daughter,,False,7.602479448313689e-06,1.7778551863194697e-06,1.2219076020491008e-06,2.332074525844782e-07,2.212566909570261e-06,4.936988949458183e-07,0.00046119806894731965,7.183260399857925e-07,4.53978687024344e-06,0.0008383797509002126,6.361912109467577e-05,0.0005041382353302037,5.649793328376294e-06,1.7778551863194697e-06,2.332074525844782e-07,4.936988949458183e-07,4.53978687024344e-06,7.183260399857925e-07,0.00046119806894731965,6.361912109467577e-05,5.649793328376294e-06
266,0,son,,False,2.913700606794303e-05,4.1335397768930325e-06,2.7535691114583474e-06,5.594337713435001e-07,3.169325442919291e-06,6.962256250138369e-07,0.0004807814521955314,1.0953122821495382e-06,0.00021512380222681108,0.0007583355694965269,3.799845147518645e-05,0.0005852836038915696,8.220189478350845e-06,4.1335397768930325e-06,5.594337713435001e-07,6.962256250138369e-07,0.00021512380222681108,1.0953122821495382e-06,0.0004807814521955314,3.799845147518645e-05,8.220189478350845e-06
266,1,son,,False,1.1235328063870752e-05,1.9525885208642222e-06,1.0451548051737735e-06,2.332074525844782e-07,1.363134508591315e-06,4.6378732973537256e-07,0.0004624317865236275,6.048918580418918e-07,5.829126566113866e-06,0.0007583355694965269,3.4062932773341e-05,0.0004903878049248205,2.1444948420913954e-06,1.9525885208642222e-06,2.332074525844782e-07,4.6378732973537256e-07,5.829126566113866e-06,6.048918580418918e-07,0.0004624317865236275,3.4062932773341e-05,2.1444948420913954e-06
266,2,son,,False,1.177445922838707e-05,3.0718185454758057e-06,1.3420013504783412e-06,2.72647027069593e-07,2.4300240743279605e-06,7.183260399857925e-07,0.00046070083675492065,9.516251694168764e-07,5.738759521437678e-06,0.0007470393220393539,3.9204178923762816e-05,0.0005256379073836972,4.264746818557914e-06,3.0718185454758057e-06,2.72647027069593e-07,7.183260399857925e-07,5.738759521437678e-06,9.516251694168764e-07,0.00046070083675492065,3.9204178923762816e-05,4.264746818557914e-06
267,0,child,,False,2.6119031909571944e-05,3.6478537675800286e-06,2.6688529572628562e-06,6.540437226933637e-07,2.5071593847983196e-06,1.1478768127080353e-06,0.00046686495697165274,9.223470110117277e-07,0.00021358242564492241,0.002944745327012609,1.1061159714638084e-05,0.0006046470898997678,5.144221374220898e-06,3.6478537675800286e-06,6.540437226933637e-07,1.1478768127080353e-06,0.00021358242564492241,9.223470110117277e-07,0.00046686495697165274,1.1061159714638084e-05,5.144221374220898e-06
267,1,child,,False,2.868540823874629e-05,3.2699273422345685e-06,2.0785170435063726e-06,2.8130174840733105e-07,1.8058518261159955e-06,7.889262586245034e-07,0.0004555112476395559,5.173918770225734e-07,4.331903899346328e-06,9.547317110805593e-05,1.4738981974494932e-06,0.0006001064513491806,6.40200641038395e-06,3.2699273422345685e-06,2.8130174840733105e-07,7.889262586245034e-07,4.331903899346328e-06,5.173918770225734e-07,0.0004555112476395559,1.4738981974494932e-06,6.40200641038395e-06
267,2,child,,False,1.0720880092159908e-05,2.840974294610978e-06,1.5206840370677115e-06,2.4824800371656586e-07,6.10885510164857e-06,1.0783312222985275e-06,0.00045357744795714874,5.422218970016178e-07,2.710880136557205e-06,0.00017007224114352882,5.527786369235996e-05,0.0005048825150668042,5.829126566113866e-06,2.840974294610978e-06,2.4824800371656586e-07,1.0783312222985275e-06,2.710880136557205e-06,5.422218970016178e-07,0.00045357744795714874,5.527786369235996e-05,5.829126566113866e-06
268,0,daughter,,False,1.488384825728813e-05,3.535625074174432e-06,1.1843139025979655e-06,3.500854414401442e-07,2.97731143841062e-06,8.139692624947503e-07,0.0004913038991974848,1.1300808333434096e-06,0.0002202460844238597,0.0007161476078247872,5.193048644949271e-05,0.0005245722151820294,4.832563818725537e-06,3.535625074174432e-06,3.500854414401442e-07,8.139692624947503e-07,0.0002202460844238597,1.1300808333434096e-06,0.0004913038991974848,5.193048644949271e-05,4.832563818725537e-06
268,1,daughter,,False,1.442598644847886e-05,3.321419494792514e-06,1.2606946239951315e-06,2.6425858208426533e-07,3.4808121961114687e-06,7.646537350121258e-07,1.3342001090985438e-05,5.093705003229987e-07,3.2699273422345685e-06,0.00015011822567369918,3.1999824407395835e-05,0.0005465467242453664,6.014151777699533e-06,3.321419494792514e-06,2.6425858208426533e-07,7.646537350121258e-07,3.2699273422345685e-06,5.093705003229987e-07,1.3342001090985438e-05,3.1999824407395835e-05,6.014151777699533e-06
268,2,daughter,,False,3.799845147518645e-05,4.98595821272702e-06,2.796930302582677e-06,4.710908830437064e-07,3.120191139396651e-06,7.646537350121258e-07,0.00047217013049174436,9.223470110117277e-07,0.00021770169376519476,4.512106237781923e-05,6.014151777699533e-06,0.0005813371220870101,4.683888424952456e-06,4.98595821272702e-06,4.710908830437064e-07,7.646537350121258e-07,0.00021770169376519476,9.223470110117277e-07,0.00047217013049174436,6.014151777699533e-06,4.683888424952456e-06
269,0,son,,False,2.4156629828672456e-05,7.0311842669149565e-06,3.4268490542555014e-06,1.5206840370677115e-06,4.198630823683514e-06,1.8925148246037342e-06,0.0004848443699268337,8.139692624947503e-07,0.00021978822261505042,0.003077507246275801,7.554056327295277e-05,0.0012742421016188955,1.3135179706526775e-05,7.0311842669149565e-06,1.5206840370677115e-06,1.8925148246037342e-06,0.00021978822261505042,8.139692624947503e-07,0.0004848443699268337,7.554056327295277e-05,1.3135179706526775e-05
269,1,son,,False,1.177445922838707e-05,2.5071593847983196e-06,1.3420013504783412e-06,3.1875652166284776e-07,2.88571183887091e-06,6.962256250138369e-07,0.0004563088814869741,4.222833444659923e-07,4.98595821272702e-06,0.0008138567562898873,5.27478412523148e-05,0.0005214731209501454,7.722191834067996e-06,2.5071593847983196e-06,3.1875652166284776e-07,6.962256250138369e-07,4.98595821272702e-06,4.222833444659923e-07,0.0004563088814869741,5.27478412523148e-05,7.722191834067996e-06
269,2,son,,False,5.738759521437678e-06,1.1125607488784412e-06,9.818326983657703e-07,1.4144759985825914e-07,1.7502925788778209e-06,5.093705003229987e-07,1.3982207564732913e-05,4.222833444659923e-07,5.144221374220898e-06,4.955359475635505e-05,8.888084683809127e-06,0.00048138973993243486,2.0785170435063726e-06,1.1125607488784412e-06,1.4144759985825914e-07,5.093705003229987e-07,5.144221374220898e-06,4.222833444659923e-07,1.3982207564732913e-05,8.888084683809127e-06,2.0785170435063726e-06
270,0,child,,False,5.7031570707833595e-05,5.391084403253366e-06,4.53978687024344e-06,7.527989669055592e-07,3.373722476473661e-06,8.939696304799168e-07,0.00047476466527125244,1.0616134237448653e-06,0.00021659756423044233,0.00015247863912257493,3.2192334497037803e-06,0.0011435787590044176,5.475976980449466e-06,5.391084403253366e-06,7.527989669055592e-07,8.939696304799168e-07,0.00021659756423044233,1.0616134237448653e-06,0.00047476466527125244,3.2192334497037803e-06,5.475976980449466e-06
270,1,child,,False,4.512106237781923e-05,6.10885510164857e-06,5.144221374220898e-06,1.1478768127080353e-06,4.331903899346328e-06,1.8925148246037342e-06,0.0005241337637323174,1.7502925788778209e-06,0.00022951886599524403,0.010391675954438939,0.00018386652876885775,0.000602359085731457,5.144221374220898e-06,6.10885510164857e-06,1.1478768127080353e-06,1.8925148246037342e-06,0.00022951886599524403,1.7502925788778209e-06,0.0005241337637323174,0.00018386652876885775,5.144221374220898e-06
270,2,child,,False,9.697519677825862e-05,1.2731104162213555e-05,6.40200641038395e-06,1.5689549727726036e-06,7.843789122138342e-06,2.3923509443082866e-06,0.0005405355616133043,3.8831109868779005e-06,0.00022668099229563676,0.0008817985412716716,1.1061159714638084e-05,0.016043592550923445,1.8235460794662427e-05,1.2731104162213555e-05,1.5689549727726036e-06,2.3923509443082866e-06,0.00022668099229563676,3.8831109868779005e-06,0.0005405355616133043,1.1061159714638084e-05,1.8235460794662427e-05
271,0,daughter,,False,4.683888424952456e-06,1.6187581436151335e-06,8.139692624947503e-07,1.602810987828144e-07,4.757645425657629e-06,7.889262586245034e-07,0.0004530208647415158,4.222833444659923e-07,3.024195853395102e-06,0.00012843081201339694,2.737216731838081e-05,0.0005041382353302037,4.832563818725537e-06,1.6187581436151335e-06,1.602810987828144e-07,7.889262586245034e-07,3.024195853395102e-06,4.222833444659923e-07,0.0004530208647415158,2.737216731838081e-05,4.832563818725537e-06
271,1,daughter,,False,1.7130819343483194e-05,3.2192334497037803e-06,1.5689549727726036e-06,4.6378732973537256e-07,2.3187477504664324e-06,1.2219076020491008e-06,0.00046462087703568497,5.955139348629957e-07,5.144221374220898e-06,0.0028344121635247347,2.913700606794303e-05,0.0011516002696433543,1.3552078562406772e-05,3.2192334497037803e-06,4.6378732973537256e-07,1.2219076020491008e-06,5.144221374220898e-06,5.955139348629957e-07,0.00046462087703568497,2.913700606794303e-05,1.3552078562406772e-05
271,2,daughter,,False,4.955359475635505e-05,9.028039015031105e-06,2.710880136557205e-06,9.223470110117277e-07,7.967300986103147e-06,1.5689549727726036e-06,0.004695238010757049,3.6478537675800286e-06,0.00025264767961860266,0.0008045684283044233,4.238847419937498e-05,0.001283675813638229,8.750299760661308e-06,9.028039015031105e-06,9.223470110117277e-07,1.5689549727726036e-06,0.00025264767961860266,3.6478537675800286e-06,0.004695238010757049,4.238847419937498e-05,8.750299760661308e-06
272,0,son,,False,7.793660930208434e-05,7.967300986103147e-06,4.61127481426412e-06,8.139692624947503e-07,4.908661889889002e-06,1.4971083692627422e-06,0.000482769314419773,1.5936620247162786e-06,0.00021439027518160267,0.00013250224172131609,5.829126566113866e-06,0.0012253356139949408,1.3342001090985438e-05,7.967300986103147e-06,8.139692624947503e-07,1.4971083692627422e-06,0.00021439027518160267,1.5936620247162786e-06,0.000482769314419773,5.829126566113866e-06,1.3342001090985438e-05
272,1,son,,False,5.829126566113866e-06,1.3420013504783412e-06,8.939696304799168e-07,1.6536895860212648e-07,4.1335397768930325e-06,8.398072034951531e-07,1.3873412257921791e-05,3.089494448007139e-07,1.9223170236538178e-06,0.0007259681821955923,5.357805383473943e-05,0.00048691442776060197,4.53978687024344e-06,1.3420013504783412e-06,1.6536895860212648e-07,8.398072034951531e-07,1.9223170236538178e-06,3.089494448007139e-07,1.3873412257921791e-05,5.357805383473943e-05,4.53978687024344e-06
272,2,son,,False,2.0662982488383408e-05,3.2699273422345685e-06,4.006369222920725e-06,5.955139348629957e-07,3.6478537675800286e-06,1.4285517650093407e-06,0.0004911950427828109,1.670142184809518e-06,0.00021956460018956949,0.019341398102757146,0.00022872276058698749,0.0005584771959849743,4.400118457925303e-06,3.2699273422345685e-06,5.955139348629957e-07,1.4285517650093407e-06,0.00021956460018956949,1.670142184809518e-06,0.0004911950427828109,0.00022872276058698749,4.400118457925303e-06
273,0,child,,False,3.353501304664781e-05,2.586743108135441e-06,2.4300240743279605e-06,4.0929110499856e-07,2.212566909570261e-06,6.339210403977636e-07,0.000476568724731206,9.368717268777097e-07,0.00021345499373310768,0.0007129746438779075,4.198630823683514e-06,0.000597888641539975,6.40200641038395e-06,2.586743108135441e-06,4.0929110499856e-07,6.339210403977636e-07,0.00021345499373310768,9.368717268777097e-07,0.000476568724731206,4.198630823683514e-06,6.40200641038395e-06
273,1,child,,False,2.95957113513077e-05,2.97731143841062e-06,3.535625074174432e-06,4.860448402299843e-07,2.2827997192887966e-06,6.962256250138369e-07,0.0004573080764948252,5.682435212870505e-07,4.469407144215697e-06,6.166297347617125e-05,7.183260399857925e-07,0.0005738038183837241,6.605214485464791e-06,2.97731143841062e-06,4.860448402299843e-07,6.962256250138369e-07,4.469407144215697e-06,5.682435212870505e-07,0.0004573080764948252,7.183260399857925e-07,6.605214485464791e-06
273,2,child,,False,0.000565819526266333,1.2339457598623173e-05,6.40200641038395e-06,1.6442494559854523e-06,9.461262661302227e-06,3.2699273422345685e-06,0.000490331794854473,1.7502925788778209e-06,0.00021527750928249177,0.0008540336462424981,7.368592981140821e-06,0.0160967582591889,2.305067219931397e-05,1.2339457598623173e-05,1.6442494559854523e-06,3.2699273422345685e-06,0.00021527750928249177,1.7502925788778209e-06,0.000490331794854473,7.368592981140821e-06,2.305067219931397e-05
274,0,daughter,,False,6.709224499600877e-06,1.670142184809518e-06,9.818326983657703e-07,1.8738753836511972e-07,4.1335397768930325e-06,7.411279871974134e-07,1.0071400221737608e-05,2.8130174840733105e-07,2.0462932829931794e-06,0.00014550629385328434,3.799845147518645e-05,0.000493111798506495,4.400118457925303e-06,1.670142184809518e-06,1.8738753836511972e-07,7.411279871974134e-07,2.0462932829931794e-06,2.8130174840733105e-07,1.0071400221737608e-05,3.799845147518645e-05,4.400118457925303e-06
274,1,daughter,,False,7.321812616608614e-05,2.3413582477639402e-05,5.225226840386988e-06,2.710880136557205e-06,9.461262661302227e-06,2.931153855960119e-06,0.0005070071141709016,1.4971083692627422e-06,0.00021642339588120966,0.01022496774572234,0.00011335690050875118,0.02276026324886088,3.0534893211185946e-05,2.3413582477639402e-05,2.710880136557205e-06,2.931153855960119e-06,0.00021642339588120966,1.4971083692627422e-06,0.0005070071141709016,0.00011335690050875118,3.0534893211185946e-05
274,2,daughter,,False,1.941131867789626e-05,2.7535691114583474e-06,2.7535691114583474e-06,5.77192003016332e-07,4.069457790466838e-06,1.5689549727726036e-06,0.0004806049333455612,1.2029639084557005e-06,0.0002154336363883092,0.010477239776896663,0.00018675659778932805,0.0005312230782558095,4.683888424952456e-06,2.7535691114583474e-06,5.77192003016332e-07,1.5689549727726036e-06,0.0002154336363883092,1.2029639084557005e-06,0.0004806049333455612,0.00018675659778932805,4.683888424952456e-06
275,0,son,,False,8.349627818261147e-06,2.212566909570261e-06,1.2606946239951315e-06,1.994729721527057e-07,5.064471653194114e-06,8.664653147910923e-07,1.442598644847886e-05,4.222833444659923e-07,2.586743108135441e-06,0.00011695102650555148,3.150386940813393e-05,0.0005147819588703148,5.475976980449466e-06,2.212566909570261e-06,1.994729721527057e-07,8.664653147910923e-07,2.586743108135441e-06,4.222833444659923e-07,1.442598644847886e-05,3.150386940813393e-05,5.475976980449466e-06
275,1,son,,False,2.913700606794303e-05,6.709224499600877e-06,2.7535691114583474e-06,7.183260399857925e-07,5.225226840386988e-06,1.3007128466476034e-06,0.0004936396344533515,1.1843139025979655e-06,0.0002139768867903779,0.00017546144100994869,1.971694219622292e-05,0.0012958875223580482,1.3135179706526775e-05,6.709224499600877e-06,7.183260399857925e-07,1.3007128466476034e-06,0.0002139768867903779,1.1843139025979655e-06,0.0004936396344533515,1.971694219622292e-05,1.3135179706526775e-05
275,2,son,,False,5.649793328376294e-06,1.3420013504783412e-06,6.540437226933637e-07,1.2482708949986417e-07,3.321419494792514e-06,6.144174602214718e-07,8.547616611085638e-06,2.6425858208426533e-07,2.0785170435063726e-06,7.208380258812108e-05,2.1654404989510328e-05,2.2693385749600554e-05,2.840974294610978e-06,1.3420013504783412e-06,1.2482708949986417e-07,6.144174602214718e-07,2.0785170435063726e-06,2.6425858208426533e-07,8.547616611085638e-06,2.1654404989510328e-05,2.840974294610978e-06
276,0,child,,False,4.442183589214344e-05,3.2192334497037803e-06,3.2192334497037803e-06,5.093705003229987e-07,3.2192334497037803e-06,9.223470110117277e-07,0.0004598299174656405,7.766951856747235e-07,4.832563818725537e-06,6.563728324346652e-05,2.4300240743279605e-06,0.000565024317150732,5.829126566113866e-06,3.2192334497037803e-06,5.093705003229987e-07,9.223470110117277e-07,4.832563818725537e-06,7.766951856747235e-07,0.0004598299174656405,2.4300240743279605e-06,5.829126566113866e-06
276,1,child,,False,4.583129006350382e-05,4.908661889889002e-06,4.264746818557914e-06,1.2219076020491008e-06,2.4682904407607285e-06,1.9525885208642222e-06,0.0004677345921664252,1.3846004563753396e-06,0.0002202460844238597,0.020634799610223534,0.00010162440410680168,0.001165830836081277,1.1959857805023158e-05,4.908661889889002e-06,1.2219076020491008e-06,1.9525885208642222e-06,0.0002202460844238597,1.3846004563753396e-06,0.0004677345921664252,0.00010162440410680168,1.1959857805023158e-05
276,2,child,,False,3.1999824407395835e-05,4.400118457925303e-06,3.4808121961114687e-06,4.495181578513688e-07,3.4808121961114687e-06,7.889262586245034e-07,0.0004669877403758759,1.0783312222985275e-06,5.738759521437678e-06,7.096703991005882e-05,2.1444948420913954e-06,0.0006001064513491806,7.484622751061123e-06,4.400118457925303e-06,4.495181578513688e-07,7.889262586245034e-07,5.738759521437678e-06,1.0783312222985275e-06,0.0004669877403758759,2.1444948420913954e-06,7.484622751061123e-06
277,0,daughter,,False,4.655269187520153e-05,9.314593042575101e-06,3.8831109868779005e-06,1.4738981974494932e-06,3.5913010679499402e-06,1.7778551863194697e-06,0.0004820365628429435,7.183260399857925e-07,0.00021789598759221768,0.037296470350082996,0.00041662561210387947,0.010146862662084352,1.7952796934677738e-05,9.314593042575101e-06,1.4738981974494932e-06,1.7778551863194697e-06,0.00021789598759221768,7.183260399857925e-07,0.0004820365628429435,0.00041662561210387947,1.7952796934677738e-05
277,1,daughter,,False,8.167381046669487e-05,1.2533751425646102e-05,5.064471653194114e-06,1.2805474213228684e-06,8.750299760661308e-06,2.4682904407607285e-06,0.0005647944964577889,2.6688529572628562e-06,0.00023360304396588728,0.00017274586267297022,8.750299760661308e-06,0.01616620426354425,3.799845147518645e-05,1.2533751425646102e-05,1.2805474213228684e-06,2.4682904407607285e-06,0.00023360304396588728,2.6688529572628562e-06,0.0005647944964577889,8.750299760661308e-06,3.799845147518645e-05
277,2,daughter,,False,1.2731104162213555e-05,2.627477314480822e-06,1.3846004563753396e-06,2.72647027069593e-07,2.840974294610978e-06,8.664653147910923e-07,0.00045386232796869417,5.093705003229987e-07,3.6478537675800286e-06,0.0027568755852843594,4.173157606777201e-05,0.0005360157526065469,5.144221374220898e-06,2.627477314480822e-06,2.72647027069593e-07,8.664653147910923e-07,3.6478537675800286e-06,5.093705003229987e-07,0.00045386232796869417,4.173157606777201e-05,5.144221374220898e-06
278,0,son,,False,2.234163601827719e-05,3.169325442919291e-06,3.6478537675800286e-06,3.726639284186561e-07,2.97731143841062e-06,7.889262586245034e-07,0.0004953675844757652,1.0783312222985275e-06,0.0002126165979895905,0.0001048469267161009,5.475976980449466e-06,0.0005702096923869237,5.829126566113866e-06,3.169325442919291e-06,3.726639284186561e-07,7.889262586245034e-07,0.0002126165979895905,1.0783312222985275e-06,0.0004953675844757652,5.475976980449466e-06,5.829126566113866e-06
278,1,son,,False,7.843789122138342e-06,2.0785170435063726e-06,1.1125607488784412e-06,1.9333584585546466e-07,4.98595821272702e-06,9.223470110117277e-07,0.0004581772567173425,7.411279871974134e-07,4.53978687024344e-06,0.0007293448983675676,3.8596609058077356e-05,0.0005071863494234538,4.264746818557914e-06,2.0785170435063726e-06,1.9333584585546466e-07,9.223470110117277e-07,4.53978687024344e-06,7.411279871974134e-07,0.0004581772567173425,3.8596609058077356e-05,4.264746818557914e-06
278,2,son,,False,0.0005484572411127382,0.0007561816907858088,1.2533751425646102e-05,6.014151777699533e-06,2.5315637215092633e-05,1.5598027633743823e-05,0.004777907523684148,5.144221374220898e-06,0.0002519149280417731,8.040859356292355e-05,1.488384825728813e-05,0.18533450280391664,0.003444522217938925,0.0007561816907858088,6.014151777699533e-06,1.5598027633743823e-05,0.0002519149280417731,5.144221374220898e-06,0.004777907523684148,1.488384825728813e-05,0.003444522217938925
279,0,child,,False,6.302758756443267e-06,1.5206840370677115e-06,1.0783312222985275e-06,1.602810987828144e-07,3.2699273422345685e-06,8.139692624947503e-07,9.685608308164992e-06,3.1875652166284776e-07,2.01456908529364e-06,0.0001048469267161009,1.1235328063870752e-05,0.0004810094217068451,4.006369222920725e-06,1.5206840370677115e-06,1.602810987828144e-07,8.139692624947503e-07,2.01456908529364e-06,3.1875652166284776e-07,9.685608308164992e-06,1.1235328063870752e-05,4.006369222920725e-06
279,1,child,,False,1.5118199327273332e-05,3.321419494792514e-06,1.4285517650093407e-06,2.6425858208426533e-07,2.97731143841062e-06,9.818326983657703e-07,1.647465607888151e-05,3.9669859149467314e-07,3.0718185454758057e-06,0.0007507463408459455,2.6947915555885546e-05,0.0006141640084130724,1.3135179706526775e-05,3.321419494792514e-06,2.6425858208426533e-07,9.818326983657703e-07,3.0718185454758057e-06,3.9669859149467314e-07,1.647465607888151e-05,2.6947915555885546e-05,1.3135179706526775e-05
279,2,child,,False,9.610241549947397e-06,1.1478768127080353e-06,1.0451548051737735e-06,1.370957206857845e-07,3.321419494792514e-06,4.356879983467376e-07,1.15919343186331e-05,3.3931448129766124e-07,2.01456908529364e-06,2.7803096387751555e-05,1.8925148246037342e-06,0.00048598979794611563,4.53978687024344e-06,1.1478768127080353e-06,1.370957206857845e-07,4.356879983467376e-07,2.01456908529364e-06,3.3931448129766124e-07,1.15919343186331e-05,1.8925148246037342e-06,4.53978687024344e-06
280,0,daughter,,False,0.0005721696121140179,3.514382632807918e-05,6.709224499600877e-06,4.469407144215697e-06,9.915273115920183e-06,3.2192334497037803e-06,0.0005324590677460005,1.8631746484712008e-06,0.00022477355484446784,0.0027941453403890646,9.399438806628559e-05,0.02326520309533279,4.238847419937498e-05,3.514382632807918e-05,4.469407144215697e-06,3.2192334497037803e-06,0.00022477355484446784,1.8631746484712008e-06,0.0005324590677460005,9.399438806628559e-05,4.238847419937498e-05
280,1,daughter,,False,1.4202364022997911e-05,2.2827997192887966e-06,1.8342893327886845e-06,3.84493505874534e-07,2.586743108135441e-06,6.962256250138369e-07,0.0004548195267187677,5.594337713435001e-07,3.169325442919291e-06,0.0008704335119750585,7.437028637763686e-05,0.0005235230228025316,5.144221374220898e-06,2.2827997192887966e-06,3.84493505874534e-07,6.962256250138369e-07,3.169325442919291e-06,5.594337713435001e-07,0.0004548195267187677,7.437028637763686e-05,5.144221374220898e-06
280,2,daughter,,False,1.6865275398914433e-05,3.535625074174432e-06,2.931153855960119e-06,5.955139348629957e-07,3.6478537675800286e-06,1.670142184809518e-06,0.0005065895551705573,2.0785170435063726e-06,0.0002270166411560819,0.0028261078542871536,0.00013670256456563558,0.0005312230782558095,5.144221374220898e-06,3.535625074174432e-06,5.955139348629957e-07,1.670142184809518e-06,0.0002270166411560819,2.0785170435063726e-06,0.0005065895551705573,0.00013670256456563558,5.144221374220898e-06
281,0,son,,False,3.353501304664781e-05,4.069457790466838e-06,2.2474089854291757e-06,4.495181578513688e-07,3.4268490542555014e-06,1.3007128466476034e-06,0.0004748414303188522,1.0616134237448653e-06,5.829126566113866e-06,0.00012255674483830522,2.2827997192887966e-06,0.001256231525345503,1.609308249869283e-05,4.069457790466838e-06,4.495181578513688e-07,1.3007128466476034e-06,5.829126566113866e-06,1.0616134237448653e-06,0.0004748414303188522,2.2827997192887966e-06,1.609308249869283e-05
281,1,son,,False,3.514382632807918e-05,6.302758756443267e-06,4.1335397768930325e-06,7.646537350121258e-07,4.832563818725537e-06,1.1125607488784412e-06,0.0005353956211533158,2.3923509443082866e-06,0.00022477355484446784,6.46203290719727e-05,2.2827997192887966e-06,0.0013085825177989695,9.915273115920183e-06,6.302758756443267e-06,7.646537350121258e-07,1.1125607488784412e-06,0.00022477355484446784,2.3923509443082866e-06,0.0005353956211533158,2.2827997192887966e-06,9.915273115920183e-06
281,2,son,,False,2.0342697805520655e-05,3.321419494792514e-06,3.535625074174432e-06,6.748051590048605e-07,4.832563818725537e-06,1.5689549727726036e-06,0.0005056246997376632,1.4064044342149064e-06,0.00021849741587309833,0.010312410400820201,0.00019723357407638167,0.0005451573766566274,5.649793328376294e-06,3.321419494792514e-06,6.748051590048605e-07,1.5689549727726036e-06,0.00021849741587309833,1.4064044342149064e-06,0.0005056246997376632,0.00019723357407638167,5.649793328376294e-06
282,0,child,,False,5.527786369235996e-05,4.98595821272702e-06,4.683888424952456e-06,4.222833444659923e-07,2.2474089854291757e-06,6.339210403977636e-07,0.0005046729276671714,2.0785170435063726e-06,0.00021934444373130447,0.00015011822567369918,2.653023768982879e-05,0.0005385266023448675,4.683888424952456e-06,4.98595821272702e-06,4.222833444659923e-07,6.339210403977636e-07,0.00021934444373130447,2.0785170435063726e-06,0.0005046729276671714,2.653023768982879e-05,4.683888424952456e-06
282,1,child,,False,1.1061159714638084e-05,1.2606946239951315e-06,1.8342893327886845e-06,2.1907815825757866e-07,1.7502925788778209e-06,6.962256250138369e-07,0.0004539342459440207,7.296379465971514e-07,2.586743108135441e-06,0.00011335690050875118,2.7535691114583474e-06,0.0005493912805431325,5.829126566113866e-06,1.2606946239951315e-06,2.1907815825757866e-07,6.962256250138369e-07,2.586743108135441e-06,7.296379465971514e-07,0.0004539342459440207,2.7535691114583474e-06,5.829126566113866e-06
282,2,child,,False,1.0229985472581487e-05,1.2606946239951315e-06,1.0783312222985275e-06,2.1907815825757866e-07,1.4510478554719287e-06,4.495181578513688e-07,1.5118199327273332e-05,4.936988949458183e-07,4.006369222920725e-06,0.00014779429802159512,4.198630823683514e-06,0.0005087832783276653,3.2192334497037803e-06,1.2606946239951315e-06,2.1907815825757866e-07,4.495181578513688e-07,4.006369222920725e-06,4.936988949458183e-07,1.5118199327273332e-05,4.198630823683514e-06,3.2192334497037803e-06
283,0,daughter,,False,1.1235328063870752e-05,1.4738981974494932e-06,1.7231572752142392e-06,2.8130174840733105e-07,1.670142184809518e-06,6.540437226933637e-07,0.0004537193317624044,6.540437226933637e-07,4.006369222920725e-06,4.512106237781923e-05,9.818326983657703e-07,0.0005185157653543439,3.535625074174432e-06,1.4738981974494932e-06,2.8130174840733105e-07,6.540437226933637e-07,4.006369222920725e-06,6.540437226933637e-07,0.0004537193317624044,9.818326983657703e-07,3.535625074174432e-06
283,1,daughter,,False,6.502816785764437e-06,1.5206840370677115e-06,7.646537350121258e-07,1.5534977545950122e-07,3.5913010679499402e-06,6.962256250138369e-07,1.4768038336604361e-05,3.84493505874534e-07,3.120191139396651e-06,4.238847419937498e-05,1.488384825728813e-05,0.0004948512433533591,4.832563818725537e-06,1.5206840370677115e-06,1.5534977545950122e-07,6.962256250138369e-07,3.120191139396651e-06,3.84493505874534e-07,1.4768038336604361e-05,1.488384825728813e-05,4.832563818725537e-06
283,2,daughter,,False,1.941131867789626e-05,4.198630823683514e-06,2.7535691114583474e-06,6.339210403977636e-07,3.2699273422345685e-06,1.3420013504783412e-06,0.0004943247528234358,1.8342893327886845e-06,0.0002207184759315317,0.01932293225576745,0.00030515101629349155,0.0005360157526065469,4.264746818557914e-06,4.198630823683514e-06,6.339210403977636e-07,1.3420013504783412e-06,0.0002207184759315317,1.8342893327886845e-06,0.0004943247528234358,0.00030515101629349155,4.264746818557914e-06
284,0,son,,False,9.110511944006454e-05,4.442183589214344e-05,1.0889691002655445e-05,6.014151777699533e-06,2.1318756129065198e-05,1.1235328063870752e-05,0.004703551846976049,4.198630823683514e-06,0.0002615101107805796,0.00015487610942879803,3.569706350376584e-05,0.15322938380864903,0.0034482292367455166,4.442183589214344e-05,6.014151777699533e-06,1.1235328063870752e-05,0.0002615101107805796,4.198630823683514e-06,0.004703551846976049,3.569706350376584e-05,0.0034482292367455166
284,1,son,,False,6.605214485464791e-06,2.1444948420913954e-06,1.3420013504783412e-06,3.1875652166284776e-07,3.535625074174432e-06,1.2606946239951315e-06,0.00046439419660855385,7.766951856747235e-07,5.064471653194114e-06,0.002851410837716049,0.00013670256456563558,0.0005026840819416764,5.307507822667365e-06,2.1444948420913954e-06,3.1875652166284776e-07,1.2606946239951315e-06,5.064471653194114e-06,7.766951856747235e-07,0.00046439419660855385,0.00013670256456563558,5.307507822667365e-06
284,2,son,,False,8.693673928062173e-05,3.250358452365473e-05,6.205049602300744e-06,3.4808121961114687e-06,1.2533751425646102e-05,4.53978687024344e-06,0.0005220819695330309,1.5936620247162786e-06,0.0002219660831203052,0.0030897177774876707,5.112579049909173e-05,0.07136265893072367,6.263341581094202e-05,3.250358452365473e-05,3.4808121961114687e-06,4.53978687024344e-06,0.0002219660831203052,1.5936620247162786e-06,0.0005220819695330309,5.112579049909173e-05,6.263341581094202e-05
285,0,child,,False,1.4653129390717958e-05,3.321419494792514e-06,1.6187581436151335e-06,2.6425858208426533e-07,3.373722476473661e-06,8.139692624947503e-07,1.7130819343483194e-05,5.255395707074638e-07,3.0718185454758057e-06,0.000703746720165797,3.250358452365473e-05,0.0005121306555705326,3.8831109868779005e-06,3.321419494792514e-06,2.6425858208426533e-07,8.139692624947503e-07,3.0718185454758057e-06,5.255395707074638e-07,1.7130819343483194e-05,3.250358452365473e-05,3.8831109868779005e-06
285,1,child,,False,0.0005765709440160247,3.0534893211185946e-05,7.368592981140821e-06,2.710880136557205e-06,1.0720880092159908e-05,4.198630823683514e-06,0.0005428145022587049,3.169325442919291e-06,0.00022222751156548602,0.00013458604012970922,2.7535691114583474e-06,0.07105490062561941,6.771942330385674e-05,3.0534893211185946e-05,2.710880136557205e-06,4.198630823683514e-06,0.00022222751156548602,3.169325442919291e-06,0.0005428145022587049,2.7535691114583474e-06,6.771942330385674e-05
285,2,child,,False,2.8240807799315707e-05,5.307507822667365e-06,3.7636447180974406e-06,8.664653147910923e-07,3.944258675190877e-06,1.7778551863194697e-06,0.00047921731131957026,1.8631746484712008e-06,0.0002263505449868847,0.037402441553938466,0.0007695647178392189,0.0005569032319691715,6.014151777699533e-06,5.307507822667365e-06,8.664653147910923e-07,1.7778551863194697e-06,0.0002263505449868847,1.8631746484712008e-06,0.00047921731131957026,0.0007695647178392189,6.014151777699533e-06
286,0,daughter,,False,4.583129006350382e-05,7.722191834067996e-06,2.6688529572628562e-06,8.139692624947503e-07,4.683888424952456e-06,1.2606946239951315e-06,0.0004726024159923188,1.2029639084557005e-06,0.0002148234988278738,0.0027568755852843594,5.112579049909173e-05,0.0006166373412799071,8.220189478350845e-06,7.722191834067996e-06,8.139692624947503e-07,1.2606946239951315e-06,0.0002148234988278738,1.2029639084557005e-06,0.0004726024159923188,5.112579049909173e-05,8.220189478350845e-06
286,1,daughter,,False,1.7952796934677738e-05,3.822911232549001e-06,1.6187581436151335e-06,3.84493505874534e-07,2.2827997192887966e-06,7.411279871974134e-07,0.0004573934753055137,7.071895057311757e-07,4.264746818557914e-06,0.0027568755852843594,7.321812616608614e-05,0.0005185157653543439,3.8831109868779005e-06,3.822911232549001e-06,3.84493505874534e-07,7.411279871974134e-07,4.264746818557914e-06,7.071895057311757e-07,0.0004573934753055137,7.321812616608614e-05,3.8831109868779005e-06
286,2,daughter,,False,3.4062932773341e-05,4.400118457925303e-06,4.683888424952456e-06,1.1843139025979655e-06,2.2827997192887966e-06,1.2606946239951315e-06,0.0004899051972109976,1.9833367060283617e-06,0.0002253896128383855,0.010145215860635945,6.771942330385674e-05,0.001171840522652869,8.750299760661308e-06,4.400118457925303e-06,1.1843139025979655e-06,1.2606946239951315e-06,0.0002253896128383855,1.9833367060283617e-06,0.0004899051972109976,6.771942330385674e-05,8.750299760661308e-06
287,0,son,,False,0.00010005044009099887,0.0007534463243833559,1.0071400221737608e-05,6.205049602300744e-06,1.941131867789626e-05,1.5598027633743823e-05,0.004673994350173958,4.469407144215697e-06,0.0002504832985443908,0.000782571800733567,5.527786369235996e-05,0.18557646664031344,0.003467654086175554,0.0007534463243833559,6.205049602300744e-06,1.5598027633743823e-05,0.0002504832985443908,4.469407144215697e-06,0.004673994350173958,5.527786369235996e-05,0.003467654086175554
287,1,son,,False,1.1235328063870752e-05,2.4300240743279605e-06,1.8925148246037342e-06,4.0929110499856e-07,3.024195853395102e-06,8.939696304799168e-07,0.0004714608092839256,7.411279871974134e-07,5.307507822667365e-06,0.0008876146323004368,7.321812616608614e-05,0.0005553536215526795,7.2543618230189156e-06,2.4300240743279605e-06,4.0929110499856e-07,8.939696304799168e-07,5.307507822667365e-06,7.411279871974134e-07,0.0004714608092839256,7.321812616608614e-05,7.2543618230189156e-06
287,2,son,,False,6.667023092435894e-05,9.915273115920183e-06,8.481104172358076e-06,2.1444948420913954e-06,5.225226840386988e-06,3.321419494792514e-06,0.0005113198674311622,2.88571183887091e-06,0.00023889724921321938,0.01932293225576745,0.00030994155155094483,0.010120172874311722,9.915273115920183e-06,9.915273115920183e-06,2.1444948420913954e-06,3.321419494792514e-06,0.00023889724921321938,2.88571183887091e-06,0.0005113198674311622,0.00030994155155094483,9.915273115920183e-06
288,0,child,,False,3.150386940813393e-05,4.98595821272702e-06,6.814872211615988e-06,1.5689549727726036e-06,3.7636447180974406e-06,2.5071593847983196e-06,0.00048426958324596857,2.0462932829931794e-06,0.00023028548862477513,0.010343390645853583,8.167381046669487e-05,0.0011844359069379858,7.0311842669149565e-06,4.98595821272702e-06,1.5689549727726036e-06,2.5071593847983196e-06,0.00023028548862477513,2.0462932829931794e-06,0.00048426958324596857,8.167381046669487e-05,7.0311842669149565e-06
288,1,child,,False,1.2533751425646102e-05,2.0785170435063726e-06,1.670142184809518e-06,2.994440981371515e-07,2.1444948420913954e-06,5.77192003016332e-07,0.0004556682925965673,4.6378732973537256e-07,3.169325442919291e-06,0.000138852327569001,4.238847419937498e-05,0.0005166197289884592,5.475976980449466e-06,2.0785170435063726e-06,2.994440981371515e-07,5.77192003016332e-07,3.169325442919291e-06,4.6378732973537256e-07,0.0004556682925965673,4.238847419937498e-05,5.475976980449466e-06
288,2,child,,False,1.7400543552708932e-05,2.2827997192887966e-06,2.586743108135441e-06,4.936988949458183e-07,2.3187477504664324e-06,1.0451548051737735e-06,0.00046954680374108296,1.1125607488784412e-06,0.00021273082914771238,0.00016484829418512883,2.931153855960119e-06,0.0005813371220870101,4.683888424952456e-06,2.2827997192887966e-06,4.936988949458183e-07,1.0451548051737735e-06,0.00021273082914771238,1.1125607488784412e-06,0.00046954680374108296,2.931153855960119e-06,4.683888424952456e-06
289,0,daughter,,False,2.199533724320648e-05,1.2533751425646102e-05,3.120191139396651e-06,1.2219076020491008e-06,6.014151777699533e-06,2.3923509443082866e-06,0.0005573254819956884,2.0785170435063726e-06,0.0002378658206902263,0.0007661644959617213,4.802972318863164e-05,0.010270293258459857,1.3982207564732913e-05,1.2533751425646102e-05,1.2219076020491008e-06,2.3923509443082866e-06,0.0002378658206902263,2.0785170435063726e-06,0.0005573254819956884,4.802972318863164e-05,1.3982207564732913e-05
289,1,daughter,,False,5.357805383473943e-05,5.475976980449466e-06,2.586743108135441e-06,4.222833444659923e-07,3.7636447180974406e-06,6.144174602214718e-07,0.0004748414303188522,7.766951856747235e-07,0.00021166499492301485,0.00015731121653489972,2.453694805426225e-05,0.001243439431912271,1.2339457598623173e-05,5.475976980449466e-06,4.222833444659923e-07,6.144174602214718e-07,0.00021166499492301485,7.766951856747235e-07,0.0004748414303188522,2.453694805426225e-05,1.2339457598623173e-05
289,2,daughter,,False,4.173157606777201e-05,1.2148175280558357e-05,6.10885510164857e-06,1.3007128466476034e-06,8.481104172358076e-06,3.0718185454758057e-06,0.0005946876972379417,2.2474089854291757e-06,0.00023837750867635168,0.0008045684283044233,9.028039015031105e-06,0.016053900477043873,2.2693385749600554e-05,1.2148175280558357e-05,1.3007128466476034e-06,3.0718185454758057e-06,0.00023837750867635168,2.2474089854291757e-06,0.0005946876972379417,9.028039015031105e-06,2.2693385749600554e-05
290,0,son,,False,1.3552078562406772e-05,2.931153855960119e-06,2.0785170435063726e-06,4.936988949458183e-07,3.4268490542555014e-06,7.889262586245034e-07,0.00047217013049174436,6.962256250138369e-07,0.00021358242564492241,0.0009118021484241878,7.554056327295277e-05,0.0005437895311587944,6.605214485464791e-06,2.931153855960119e-06,4.936988949458183e-07,7.889262586245034e-07,0.00021358242564492241,6.962256250138369e-07,0.00047217013049174436,7.554056327295277e-05,6.605214485464791e-06
290,1,son,,False,1.0229985472581487e-05,2.5071593847983196e-06,1.4738981974494932e-06,2.2603242979035749e-07,3.120191139396651e-06,5.594337713435001e-07,1.7265154827585877e-05,5.682435212870505e-07,3.7636447180974406e-06,9.253848866495987e-05,1.941131867789626e-05,0.0004909157246515137,3.535625074174432e-06,2.5071593847983196e-06,2.2603242979035749e-07,5.594337713435001e-07,3.7636447180974406e-06,5.682435212870505e-07,1.7265154827585877e-05,1.941131867789626e-05,3.535625074174432e-06
290,2,son,,False,1.0391067562761452e-05,2.3187477504664324e-06,1.3420013504783412e-06,1.602810987828144e-07,4.069457790466838e-06,9.516251694168764e-07,0.00045889745344538133,6.048918580418918e-07,4.006369222920725e-06,0.00010005044009099887,3.169325442919291e-06,0.0005235230228025316,7.967300986103147e-06,2.3187477504664324e-06,1.602810987828144e-07,9.516251694168764e-07,4.006369222920725e-06,6.048918580418918e-07,0.00045889745344538133,3.169325442919291e-06,7.967300986103147e-06
291,0,child,,False,6.771942330385674e-05,1.442598644847886e-05,5.144221374220898e-06,2.6688529572628562e-06,4.683888424952456e-06,2.7535691114583474e-06,0.0004870104393978988,1.0129990980873922e-06,0.00021891431472897835,0.06543465780352492,0.0005260852257235712,0.016074999191737577,2.3782205064034188e-05,1.442598644847886e-05,2.6688529572628562e-06,2.7535691114583474e-06,0.00021891431472897835,1.0129990980873922e-06,0.0004870104393978988,0.0005260852257235712,2.3782205064034188e-05
291,1,child,,False,2.1654404989510328e-05,3.024195853395102e-06,2.5071593847983196e-06,5.422218970016178e-07,3.169325442919291e-06,1.0783312222985275e-06,0.000468757999308423,8.267873072601938e-07,0.00021608311625873148,0.0007742406513215074,4.955359475635505e-05,0.0005267203585267405,4.53978687024344e-06,3.024195853395102e-06,5.422218970016178e-07,1.0783312222985275e-06,0.00021608311625873148,8.267873072601938e-07,0.000468757999308423,4.955359475635505e-05,4.53978687024344e-06
291,2,child,,False,2.653023768982879e-05,3.8831109868779005e-06,3.6478537675800286e-06,6.962256250138369e-07,2.355261854303796e-06,1.3420013504783412e-06,0.00047913201505101627,1.5936620247162786e-06,0.0002233150331012493,0.01040826973575264,0.0003429603924094487,0.0005616997185942735,5.144221374220898e-06,3.8831109868779005e-06,6.962256250138369e-07,1.3420013504783412e-06,0.0002233150331012493,1.5936620247162786e-06,0.00047913201505101627,0.0003429603924094487,5.144221374220898e-06
292,0,daughter,,False,5.649793328376294e-06,2.0785170435063726e-06,9.818326983657703e-07,2.1907815825757866e-07,5.391084403253366e-06,1.1478768127080353e-06,1.699752890963125e-05,4.495181578513688e-07,2.97731143841062e-06,0.0007583355694965269,5.7031570707833595e-05,0.0005267203585267405,8.750299760661308e-06,2.0785170435063726e-06,2.1907815825757866e-07,1.1478768127080353e-06,2.97731143841062e-06,4.495181578513688e-07,1.699752890963125e-05,5.7031570707833595e-05,8.750299760661308e-06
292,1,daughter,,False,1.5843621910252592e-05,4.832563818725537e-06,1.8925148246037342e-06,4.222833444659923e-07,2.840974294610978e-06,9.516251694168764e-07,0.0004910863985343963,1.3211958228877664e-06,0.00021695417048520467,0.0007327745561277882,4.108485376346404e-05,0.0005633490590837672,5.307507822667365e-06,4.832563818725537e-06,4.222833444659923e-07,9.516251694168764e-07,0.00021695417048520467,1.3211958228877664e-06,0.0004910863985343963,4.108485376346404e-05,5.307507822667365e-06
292,2,daughter,,False,4.955359475635505e-05,6.502816785764437e-06,4.53978687024344e-06,9.516251694168764e-07,2.840974294610978e-06,1.3420013504783412e-06,0.0004883347815196899,1.7231572752142392e-06,0.00022417644371706703,0.02028109306868244,0.0005554924703691103,0.0006093314310007475,6.014151777699533e-06,6.502816785764437e-06,9.516251694168764e-07,1.3420013504783412e-06,0.00022417644371706703,1.7231572752142392e-06,0.0004883347815196899,0.0005554924703691103,6.014151777699533e-06
293,0,son,,False,2.2693385749600554e-05,4.53978687024344e-06,2.586743108135441e-06,2.9023119852110973e-07,3.120191139396651e-06,5.955139348629957e-07,0.0004661382377368219,8.013499398837462e-07,4.98595821272702e-06,0.0007098506750714406,3.8596609058077356e-05,0.0005312230782558095,5.829126566113866e-06,4.53978687024344e-06,2.9023119852110973e-07,5.955139348629957e-07,4.98595821272702e-06,8.013499398837462e-07,0.0004661382377368219,3.8596609058077356e-05,5.829126566113866e-06
293,1,son,,False,2.737216731838081e-05,3.024195853395102e-06,1.8342893327886845e-06,4.222833444659923e-07,2.2474089854291757e-06,5.955139348629957e-07,0.00047318672763725406,6.643433442159853e-07,0.0002126165979895905,0.00012843081201339694,1.5118199327273332e-05,0.0005684542178624818,1.0554685795431098e-05,3.024195853395102e-06,4.222833444659923e-07,5.955139348629957e-07,0.0002126165979895905,6.643433442159853e-07,0.00047318672763725406,1.5118199327273332e-05,1.0554685795431098e-05
293,2,son,,False,2.653023768982879e-05,4.264746818557914e-06,4.98595821272702e-06,8.939696304799168e-07,5.064471653194114e-06,2.4300240743279605e-06,0.0004965479636647953,2.3923509443082866e-06,0.00023542387204900095,0.0029152173831324575,0.00015487610942879803,0.0005360157526065469,3.535625074174432e-06,4.264746818557914e-06,8.939696304799168e-07,2.4300240743279605e-06,0.00023542387204900095,2.3923509443082866e-06,0.0004965479636647953,0.00015487610942879803,3.535625074174432e-06
294,0,child,,False,0.0005743531342068192,2.571419797957771e-05,9.915273115920183e-06,4.069457790466838e-06,1.141223854434603e-05,5.649793328376294e-06,0.0005107301510983406,1.3846004563753396e-06,0.0002204804354938449,0.0973166388127015,0.0011419614645648403,0.022910874517132526,4.173157606777201e-05,2.571419797957771e-05,4.069457790466838e-06,5.649793328376294e-06,0.0002204804354938449,1.3846004563753396e-06,0.0005107301510983406,0.0011419614645648403,4.173157606777201e-05
294,1,child,,False,2.653023768982879e-05,4.006369222920725e-06,4.400118457925303e-06,1.0783312222985275e-06,4.006369222920725e-06,1.8925148246037342e-06,0.0005071468443073198,1.6187581436151335e-06,0.00021912769953547168,0.010375333996460123,0.00019877742123839117,0.000602359085731457,6.814872211615988e-06,4.006369222920725e-06,1.0783312222985275e-06,1.8925148246037342e-06,0.00021912769953547168,1.6187581436151335e-06,0.0005071468443073198,0.00019877742123839117,6.814872211615988e-06
294,2,child,,False,1.6346470245419304e-05,6.814872211615988e-06,1.8342893327886845e-06,8.530321297909616e-07,4.908661889889002e-06,1.8925148246037342e-06,0.0005105834393976184,1.2805474213228684e-06,0.00022120585807682417,0.00010987310729246431,2.6119031909571944e-05,0.010097962948230692,1.3552078562406772e-05,6.814872211615988e-06,8.530321297909616e-07,1.8925148246037342e-06,0.00022120585807682417,1.2805474213228684e-06,0.0005105834393976184,2.6119031909571944e-05,1.3552078562406772e-05
295,0,daughter,,False,5.920916517463734e-06,1.3007128466476034e-06,1.1478768127080353e-06,2.2603242979035749e-07,2.0462932829931794e-06,8.939696304799168e-07,0.0004543717013361988,4.356879983467376e-07,3.2192334497037803e-06,0.000754511454683582,5.649793328376294e-06,0.0005185157653543439,7.722191834067996e-06,1.3007128466476034e-06,2.2603242979035749e-07,8.939696304799168e-07,3.2192334497037803e-06,4.356879983467376e-07,0.0004543717013361988,5.649793328376294e-06,7.722191834067996e-06
295,1,daughter,,False,3.1999824407395835e-05,9.028039015031105e-06,3.705296977158347e-06,1.363134508591315e-06,5.064471653194114e-06,3.4268490542555014e-06,0.0005008654260033248,1.9525885208642222e-06,0.00022001536555728952,0.0007783738571119147,5.4421326243255744e-05,0.02278544125101113,4.044814978420809e-05,9.028039015031105e-06,1.363134508591315e-06,3.4268490542555014e-06,0.00022001536555728952,1.9525885208642222e-06,0.0005008654260033248,5.4421326243255744e-05,4.044814978420809e-05
295,2,daughter,,False,4.955359475635505e-05,4.53978687024344e-06,2.7535691114583474e-06,3.089494448007139e-07,3.4268490542555014e-06,6.748051590048605e-07,0.0005800003174768378,3.2192334497037803e-06,0.00023996139648439313,3.514382632807918e-05,1.2219076020491008e-06,0.000597888641539975,5.144221374220898e-06,4.53978687024344e-06,3.089494448007139e-07,6.748051590048605e-07,0.00023996139648439313,3.2192334497037803e-06,0.0005800003174768378,1.2219076020491008e-06,5.144221374220898e-06
296,0,son,,False,1.5598027633743823e-05,2.4300240743279605e-06,2.4300240743279605e-06,2.6425858208426533e-07,2.7535691114583474e-06,9.516251694168764e-07,0.00047561737708130716,9.368717268777097e-07,0.0002117642425769555,7.67292412858718e-05,5.738759521437678e-06,0.0005147819588703148,4.53978687024344e-06,2.4300240743279605e-06,2.6425858208426533e-07,9.516251694168764e-07,0.0002117642425769555,9.368717268777097e-07,0.00047561737708130716,5.738759521437678e-06,4.53978687024344e-06
296,1,son,,False,1.2731104162213555e-05,3.373722476473661e-06,1.9525885208642222e-06,3.9669859149467314e-07,5.225226840386988e-06,9.223470110117277e-07,0.0004737802338585972,1.3211958228877664e-06,0.00021217710837818755,0.0007661644959617213,3.625900662832244e-05,0.0005756433412898068,7.2543618230189156e-06,3.373722476473661e-06,3.9669859149467314e-07,9.223470110117277e-07,0.00021217710837818755,1.3211958228877664e-06,0.0004737802338585972,3.625900662832244e-05,7.2543618230189156e-06
296,2,son,,False,9.028039015031105e-06,1.8925148246037342e-06,1.1843139025979655e-06,2.72647027069593e-07,2.4300240743279605e-06,6.339210403977636e-07,0.0004623267547584493,5.77192003016332e-07,5.562206273647035e-06,0.0001064962672055945,2.0027376671813928e-05,0.0005289365944662937,5.307507822667365e-06,1.8925148246037342e-06,2.72647027069593e-07,6.339210403977636e-07,5.562206273647035e-06,5.77192003016332e-07,0.0004623267547584493,2.0027376671813928e-05,5.307507822667365e-06
297,0,child,,False,2.913700606794303e-05,3.7636447180974406e-06,3.2192334497037803e-06,6.643433442159853e-07,5.144221374220898e-06,1.2606946239951315e-06,0.0004656631292580584,1.3211958228877664e-06,5.225226840386988e-06,0.00017007224114352882,2.2827997192887966e-06,0.0011628954264227337,1.3552078562406772e-05,3.7636447180974406e-06,6.643433442159853e-07,1.2606946239951315e-06,5.225226840386988e-06,1.3211958228877664e-06,0.0004656631292580584,2.2827997192887966e-06,1.3552078562406772e-05
297,1,child,,False,1.2148175280558357e-05,3.2699273422345685e-06,1.0129990980873922e-06,3.9669859149467314e-07,3.944258675190877e-06,1.3007128466476034e-06,0.00045386232796869417,8.80110037979258e-07,4.908661889889002e-06,8.559006367452268e-05,1.3982207564732913e-05,0.0005289365944662937,5.475976980449466e-06,3.2699273422345685e-06,3.9669859149467314e-07,1.3007128466476034e-06,4.908661889889002e-06,8.80110037979258e-07,0.00045386232796869417,1.3982207564732913e-05,5.475976980449466e-06
297,2,child,,False,3.3015272509780104e-05,3.4808121961114687e-06,2.710880136557205e-06,5.093705003229987e-07,3.169325442919291e-06,9.223470110117277e-07,0.0004698138709183132,1.1843139025979655e-06,5.144221374220898e-06,9.110511944006454e-05,2.355261854303796e-06,0.0006069710175518718,6.605214485464791e-06,3.4808121961114687e-06,5.093705003229987e-07,9.223470110117277e-07,5.144221374220898e-06,1.1843139025979655e-06,0.0004698138709183132,2.355261854303796e-06,6.605214485464791e-06
298,0,daughter,,False,2.571419797957771e-05,3.7636447180974406e-06,2.931153855960119e-06,7.646537350121258e-07,4.264746818557914e-06,1.9525885208642222e-06,0.0005000411657724566,1.4971083692627422e-06,0.00022222751156548602,0.0009056139344932517,2.1654404989510328e-05,0.0011628954264227337,9.028039015031105e-06,3.7636447180974406e-06,7.646537350121258e-07,1.9525885208642222e-06,0.00022222751156548602,1.4971083692627422e-06,0.0005000411657724566,2.1654404989510328e-05,9.028039015031105e-06
298,1,daughter,,False,0.0005558740293833221,3.0534893211185946e-05,1.3342001090985438e-05,4.400118457925303e-06,1.609308249869283e-05,4.61127481426412e-06,0.0005505115703323505,2.3187477504664324e-06,0.0002410592996703374,5.792916699214217e-05,2.01456908529364e-06,0.023534306408906268,2.6947915555885546e-05,3.0534893211185946e-05,4.400118457925303e-06,4.61127481426412e-06,0.0002410592996703374,2.3187477504664324e-06,0.0005505115703323505,2.01456908529364e-06,2.6947915555885546e-05
298,2,daughter,,False,1.2931563954607948e-05,3.169325442919291e-06,1.8925148246037342e-06,2.8130174840733105e-07,2.840974294610978e-06,5.594337713435001e-07,0.00046798745549139667,9.080474758713811e-07,0.00021207146066617245,0.00016743993037101191,3.625900662832244e-05,0.0005048825150668042,4.400118457925303e-06,3.169325442919291e-06,2.8130174840733105e-07,5.594337713435001e-07,0.00021207146066617245,9.080474758713811e-07,0.00046798745549139667,3.625900662832244e-05,4.400118457925303e-06
299,0,son,,False,1.7952796934677738e-05,3.2192334497037803e-06,2.931153855960119e-06,7.889262586245034e-07,3.6478537675800286e-06,1.8925148246037342e-06,0.0004983622728967738,9.972941593827283e-07,0.00022170870641199087,0.0008540336462424981,0.00010987310729246431,0.0005584771959849743,3.8831109868779005e-06,3.2192334497037803e-06,7.889262586245034e-07,1.8925148246037342e-06,0.00022170870641199087,9.972941593827283e-07,0.0004983622728967738,0.00010987310729246431,3.8831109868779005e-06
299,1,son,,False,2.1318756129065198e-05,4.53978687024344e-06,1.9525885208642222e-06,4.936988949458183e-07,3.4808121961114687e-06,1.4738981974494932e-06,0.0004557472761811735,6.339210403977636e-07,3.2699273422345685e-06,0.0007327745561277882,3.459916031782155e-05,0.0005893550335994887,6.40200641038395e-06,4.53978687024344e-06,4.936988949458183e-07,1.4738981974494932e-06,3.2699273422345685e-06,6.339210403977636e-07,0.0004557472761811735,3.459916031782155e-05,6.40200641038395e-06
299,2,son,,False,1.3342001090985438e-05,2.931153855960119e-06,1.2606946239951315e-06,2.4824800371656586e-07,3.8831109868779005e-06,8.139692624947503e-07,0.0004573934753055137,6.048918580418918e-07,4.331903899346328e-06,7.916296072837432e-05,1.3765463368900109e-05,0.0005256379073836972,4.53978687024344e-06,2.931153855960119e-06,2.4824800371656586e-07,8.139692624947503e-07,4.331903899346328e-06,6.048918580418918e-07,0.0004573934753055137,1.3765463368900109e-05,4.53978687024344e-06
300,0,child,,False,2.0662982488383408e-05,3.7636447180974406e-06,2.355261854303796e-06,6.339210403977636e-07,3.6478537675800286e-06,9.818326983657703e-07,0.000467358979648701,7.411279871974134e-07,0.00021273082914771238,0.01038347373249708,0.000138852327569001,0.0005633490590837672,5.829126566113866e-06,3.7636447180974406e-06,6.339210403977636e-07,9.818326983657703e-07,0.00021273082914771238,7.411279871974134e-07,0.000467358979648701,0.000138852327569001,5.829126566113866e-06
300,1,child,,False,0.00010162440410680168,4.238847419937498e-05,1.2731104162213555e-05,4.683888424952456e-06,2.4156629828672456e-05,1.5843621910252592e-05,0.004688888012200138,0.00021239327621036451,0.00024219202876817753,0.00013250224172131609,5.649793328376294e-06,0.19991724914189118,0.005433689475790568,4.238847419937498e-05,4.683888424952456e-06,1.5843621910252592e-05,0.00024219202876817753,0.00021239327621036451,0.004688888012200138,5.649793328376294e-06,0.005433689475790568
300,2,child,,False,2.95957113513077e-05,4.469407144215697e-06,3.2192334497037803e-06,7.411279871974134e-07,1.9525885208642222e-06,1.1843139025979655e-06,0.000478708021537921,1.5446309562386385e-06,0.00022447266775434924,0.019379185236452084,0.00028009269671209737,0.0005398117107140829,5.307507822667365e-06,4.469407144215697e-06,7.411279871974134e-07,1.1843139025979655e-06,0.00022447266775434924,1.5446309562386385e-06,0.000478708021537921,0.00028009269671209737,5.307507822667365e-06
301,0,daughter,,False,1.609308249869283e-05,2.7535691114583474e-06,1.8342893327886845e-06,2.8130174840733105e-07,2.627477314480822e-06,6.339210403977636e-07,0.00045504740472045987,7.527989669055592e-07,4.683888424952456e-06,0.0007397960144200369,6.771942330385674e-05,0.00048644850322948033,2.840974294610978e-06,2.7535691114583474e-06,2.8130174840733105e-07,6.339210403977636e-07,4.683888424952456e-06,7.527989669055592e-07,0.00045504740472045987,6.771942330385674e-05,2.840974294610978e-06
301,1,daughter,,False,1.4202364022997911e-05,2.586743108135441e-06,2.01456908529364e-06,5.093705003229987e-07,1.9833367060283617e-06,5.77192003016332e-07,0.00047104181429577426,6.144174602214718e-07,0.0002148234988278738,0.0007507463408459455,4.173157606777201e-05,0.0005335820331640444,4.683888424952456e-06,2.586743108135441e-06,5.093705003229987e-07,5.77192003016332e-07,0.0002148234988278738,6.144174602214718e-07,0.00047104181429577426,4.173157606777201e-05,4.683888424952456e-06
301,2,daughter,,False,9.314593042575101e-06,2.1444948420913954e-06,1.4285517650093407e-06,2.9023119852110973e-07,3.2192334497037803e-06,9.516251694168764e-07,0.0004562277093068981,8.013499398837462e-07,5.144221374220898e-06,0.0008935216182967705,0.00010817152527255935,0.0004942623523511968,3.120191139396651e-06,2.1444948420913954e-06,2.9023119852110973e-07,9.516251694168764e-07,5.144221374220898e-06,8.013499398837462e-07,0.0004562277093068981,0.00010817152527255935,3.120191139396651e-06
302,0,son,,False,2.4156629828672456e-05,3.535625074174432e-06,1.7778551863194697e-06,4.0929110499856e-07,3.373722476473661e-06,9.818326983657703e-07,0.0004800794914748689,8.398072034951531e-07,0.0002137118639848327,0.0007783738571119147,3.740956047302422e-05,0.000602359085731457,7.484622751061123e-06,3.535625074174432e-06,4.0929110499856e-07,9.818326983657703e-07,0.0002137118639848327,8.398072034951531e-07,0.0004800794914748689,3.740956047302422e-05,7.484622751061123e-06
302,1,son,,False,4.583129006350382e-05,7.2543618230189156e-06,4.98595821272702e-06,1.1478768127080353e-06,4.53978687024344e-06,2.627477314480822e-06,0.0005647629711427064,3.8831109868779005e-06,0.00023148126807614352,0.010170987564578925,0.00011513995656772139,0.001235236765076339,7.722191834067996e-06,7.2543618230189156e-06,1.1478768127080353e-06,2.627477314480822e-06,0.00023148126807614352,3.8831109868779005e-06,0.0005647629711427064,0.00011513995656772139,7.722191834067996e-06
302,2,son,,False,7.602479448313689e-06,1.670142184809518e-06,1.3420013504783412e-06,1.6536895860212648e-07,5.064471653194114e-06,8.939696304799168e-07,0.00045400644529427304,4.860448402299843e-07,2.840974294610978e-06,8.426423087564058e-05,1.7400543552708932e-05,0.0005019738542559919,4.264746818557914e-06,1.670142184809518e-06,1.6536895860212648e-07,8.939696304799168e-07,2.840974294610978e-06,4.860448402299843e-07,0.00045400644529427304,1.7400543552708932e-05,4.264746818557914e-06
303,0,child,,False,1.8235460794662427e-05,3.705296977158347e-06,1.8925148246037342e-06,3.500854414401442e-07,4.069457790466838e-06,1.0451548051737735e-06,0.0004640574773531187,7.411279871974134e-07,5.920916517463734e-06,0.00010987310729246431,2.234163601827719e-05,0.0005312230782558095,5.307507822667365e-06,3.705296977158347e-06,3.500854414401442e-07,1.0451548051737735e-06,5.920916517463734e-06,7.411279871974134e-07,0.0004640574773531187,2.234163601827719e-05,5.307507822667365e-06
303,1,child,,False,7.484622751061123e-06,1.2606946239951315e-06,1.1478768127080353e-06,1.370957206857845e-07,1.4738981974494932e-06,2.72647027069593e-07,1.2053648825760124e-05,4.5659700648367735e-07,2.7535691114583474e-06,9.253848866495987e-05,2.4156629828672456e-05,0.0005087832783276653,4.400118457925303e-06,1.2606946239951315e-06,1.370957206857845e-07,2.72647027069593e-07,2.7535691114583474e-06,4.5659700648367735e-07,1.2053648825760124e-05,2.4156629828672456e-05,4.400118457925303e-06
303,2,child,,False,3.459916031782155e-05,8.220189478350845e-06,4.98595821272702e-06,1.1843139025979655e-06,5.307507822667365e-06,2.1444948420913954e-06,0.0005275271154119671,3.169325442919291e-06,0.00023996139648439313,0.021157478857872898,0.0006192990157855187,0.010172201508571337,7.722191834067996e-06,8.220189478350845e-06,1.1843139025979655e-06,2.1444948420913954e-06,0.00023996139648439313,3.169325442919291e-06,0.0005275271154119671,0.0006192990157855187,7.722191834067996e-06
304,0,daughter,,False,1.5843621910252592e-05,3.4268490542555014e-06,2.931153855960119e-06,7.183260399857925e-07,3.321419494792514e-06,1.6187581436151335e-06,0.00048690995148769364,1.2606946239951315e-06,0.00021713669539495865,0.01939851507928994,0.00020348170007479765,0.0005289365944662937,4.98595821272702e-06,3.4268490542555014e-06,7.183260399857925e-07,1.6187581436151335e-06,0.00021713669539495865,1.2606946239951315e-06,0.00048690995148769364,0.00020348170007479765,4.98595821272702e-06
304,1,daughter,,False,6.771942330385674e-05,3.459916031782155e-05,7.484622751061123e-06,3.4268490542555014e-06,1.2731104162213555e-05,8.61465062380632e-06,0.0005515258334857348,2.88571183887091e-06,0.00024709381223434357,0.00013458604012970922,2.653023768982879e-05,0.09565481349287676,0.0023843788055244856,3.459916031782155e-05,3.4268490542555014e-06,8.61465062380632e-06,0.00024709381223434357,2.88571183887091e-06,0.0005515258334857348,2.653023768982879e-05,0.0023843788055244856
304,2,daughter,,False,2.305067219931397e-05,3.822911232549001e-06,2.7535691114583474e-06,7.183260399857925e-07,2.2827997192887966e-06,1.3420013504783412e-06,0.0004627493534150243,1.5446309562386385e-06,0.00022001536555728952,0.019776323402749808,0.0004792316673138822,0.0005323933551511255,5.307507822667365e-06,3.822911232549001e-06,7.183260399857925e-07,1.3420013504783412e-06,0.00022001536555728952,1.5446309562386385e-06,0.0004627493534150243,0.0004792316673138822,5.307507822667365e-06
305,0,son,,False,3.799845147518645e-05,7.722191834067996e-06,3.024195853395102e-06,1.1478768127080353e-06,4.61127481426412e-06,1.6964426510543331e-06,0.0004706276972958211,6.962256250138369e-07,0.00021196745065203636,0.010267683829227305,8.830458477845481e-05,0.0012393062261218638,1.488384825728813e-05,7.722191834067996e-06,1.1478768127080353e-06,1.6964426510543331e-06,0.00021196745065203636,6.962256250138369e-07,0.0004706276972958211,8.830458477845481e-05,1.488384825728813e-05
305,1,son,,False,9.850082967450695e-05,1.141223854434603e-05,4.53978687024344e-06,1.2805474213228684e-06,5.920916517463734e-06,2.1112482331487175e-06,0.0004943247528234358,1.4971083692627422e-06,0.00022001536555728952,9.253848866495987e-05,4.006369222920725e-06,0.016249033178287745,2.571419797957771e-05,1.141223854434603e-05,1.2805474213228684e-06,2.1112482331487175e-06,0.00022001536555728952,1.4971083692627422e-06,0.0004943247528234358,4.006369222920725e-06,2.571419797957771e-05
305,2,son,,False,2.95957113513077e-05,8.888084683809127e-06,3.120191139396651e-06,1.1478768127080353e-06,4.61127481426412e-06,1.7778551863194697e-06,0.00047104181429577426,5.955139348629957e-07,0.00021332953715267472,0.010246080112770995,0.0001064962672055945,0.0012934071128819246,1.971694219622292e-05,8.888084683809127e-06,1.1478768127080353e-06,1.7778551863194697e-06,0.00021332953715267472,5.955139348629957e-07,0.00047104181429577426,0.0001064962672055945,1.971694219622292e-05
306,0,child,,False,1.15919343186331e-05,3.535625074174432e-06,1.7778551863194697e-06,3.6119830612765795e-07,3.535625074174432e-06,8.398072034951531e-07,0.0004822186797755494,9.666109404131067e-07,0.00021512380222681108,0.00014550629385328434,3.9821309061635425e-05,0.0005523259629862285,6.814872211615988e-06,3.535625074174432e-06,3.6119830612765795e-07,8.398072034951531e-07,0.00021512380222681108,9.666109404131067e-07,0.0004822186797755494,3.9821309061635425e-05,6.814872211615988e-06
306,1,child,,False,6.709224499600877e-06,2.1444948420913954e-06,1.1125607488784412e-06,2.4061023397180247e-07,5.391084403253366e-06,8.939696304799168e-07,0.00046139969563489515,5.862814011886353e-07,3.6478537675800286e-06,0.002722381836565666,0.00010005044009099887,0.0005335820331640444,9.610241549947397e-06,2.1444948420913954e-06,2.4061023397180247e-07,8.939696304799168e-07,3.6478537675800286e-06,5.862814011886353e-07,0.00046139969563489515,0.00010005044009099887,9.610241549947397e-06
306,2,child,,False,1.3342001090985438e-05,1.8342893327886845e-06,1.5206840370677115e-06,1.8738753836511972e-07,1.4971083692627422e-06,4.6378732973537256e-07,1.7265154827585877e-05,7.183260399857925e-07,0.000211865052952336,0.00017546144100994869,4.305570813246149e-05,0.0004810094217068451,2.5071593847983196e-06,1.8342893327886845e-06,1.8738753836511972e-07,4.6378732973537256e-07,0.000211865052952336,7.183260399857925e-07,1.7265154827585877e-05,4.305570813246149e-05,2.5071593847983196e-06
307,0,daughter,,False,7.484622751061123e-06,1.9525885208642222e-06,1.5689549727726036e-06,2.72647027069593e-07,3.5913010679499402e-06,7.646537350121258e-07,1.5720345248929426e-05,3.500854414401442e-07,2.3923509443082866e-06,0.0007868354905725904,6.070755804415097e-05,0.0005048825150668042,7.2543618230189156e-06,1.9525885208642222e-06,2.72647027069593e-07,7.646537350121258e-07,2.3923509443082866e-06,3.500854414401442e-07,1.5720345248929426e-05,6.070755804415097e-05,7.2543618230189156e-06
307,1,daughter,,False,1.2931563954607948e-05,2.1444948420913954e-06,2.6688529572628562e-06,4.78509449489012e-07,2.97731143841062e-06,9.516251694168764e-07,0.0004602132171001878,4.936988949458183e-07,4.98595821272702e-06,0.0007661644959617213,5.357805383473943e-05,0.0005235230228025316,5.829126566113866e-06,2.1444948420913954e-06,4.78509449489012e-07,9.516251694168764e-07,4.98595821272702e-06,4.936988949458183e-07,0.0004602132171001878,5.357805383473943e-05,5.829126566113866e-06
307,2,daughter,,False,6.205049602300744e-06,2.01456908529364e-06,1.1478768127080353e-06,1.8738753836511972e-07,5.225226840386988e-06,9.818326983657703e-07,1.2830942637841789e-05,3.84493505874534e-07,2.710880136557205e-06,0.00017821963223663923,5.357805383473943e-05,0.0004999085000106341,4.683888424952456e-06,2.01456908529364e-06,1.8738753836511972e-07,9.818326983657703e-07,2.710880136557205e-06,3.84493505874534e-07,1.2830942637841789e-05,5.357805383473943e-05,4.683888424952456e-06
308,0,son,,False,1.6603846953733614e-05,2.5071593847983196e-06,4.1335397768930325e-06,7.411279871974134e-07,3.120191139396651e-06,1.7231572752142392e-06,0.0004864104424062609,9.223470110117277e-07,0.00021559222163915307,0.002786458937919142,0.0001410358496618023,0.0005289365944662937,3.8831109868779005e-06,2.5071593847983196e-06,7.411279871974134e-07,1.7231572752142392e-06,0.00021559222163915307,9.223470110117277e-07,0.0004864104424062609,0.0001410358496618023,3.8831109868779005e-06
308,1,son,,False,8.61465062380632e-06,1.8925148246037342e-06,1.7231572752142392e-06,2.72647027069593e-07,4.469407144215697e-06,8.398072034951531e-07,9.761566060239504e-06,3.288749065460498e-07,2.0462932829931794e-06,0.00013458604012970922,3.740956047302422e-05,0.0004979376456416367,4.400118457925303e-06,1.8925148246037342e-06,2.72647027069593e-07,8.398072034951531e-07,2.0462932829931794e-06,3.288749065460498e-07,9.761566060239504e-06,3.740956047302422e-05,4.400118457925303e-06
308,2,son,,False,4.044814978420809e-05,6.922183404468203e-06,3.4268490542555014e-06,8.398072034951531e-07,2.88571183887091e-06,7.889262586245034e-07,0.0004568026270968072,5.955139348629957e-07,5.920916517463734e-06,0.00016229670614688406,2.653023768982879e-05,0.0011462110697769345,1.3765463368900109e-05,6.922183404468203e-06,8.398072034951531e-07,7.889262586245034e-07,5.920916517463734e-06,5.955139348629957e-07,0.0004568026270968072,2.653023768982879e-05,1.3765463368900109e-05
309,0,child,,False,1.0391067562761452e-05,2.212566909570261e-06,1.6187581436151335e-06,3.089494448007139e-07,5.391084403253366e-06,1.0129990980873922e-06,8.415109250079664e-06,2.72647027069593e-07,1.9525885208642222e-06,0.0007129746438779075,4.373344035182828e-05,0.0004999085000106341,3.7636447180974406e-06,2.212566909570261e-06,3.089494448007139e-07,1.0129990980873922e-06,1.9525885208642222e-06,2.72647027069593e-07,8.415109250079664e-06,4.373344035182828e-05,3.7636447180974406e-06
309,1,child,,False,7.14190139989638e-06,1.3846004563753396e-06,1.4738981974494932e-06,1.4144759985825914e-07,4.006369222920725e-06,8.398072034951531e-07,1.5598027633743823e-05,3.138146753575985e-07,2.88571183887091e-06,6.263341581094202e-05,3.024195853395102e-06,0.0004898680643879527,4.400118457925303e-06,1.3846004563753396e-06,1.4144759985825914e-07,8.398072034951531e-07,2.88571183887091e-06,3.138146753575985e-07,1.5598027633743823e-05,3.024195853395102e-06,4.400118457925303e-06
309,2,child,,False,2.3782205064034188e-05,3.4808121961114687e-06,4.53978687024344e-06,5.682435212870505e-07,2.586743108135441e-06,7.889262586245034e-07,0.0004619107043966434,7.411279871974134e-07,0.00021196745065203636,5.8840881855693875e-05,1.2339457598623173e-05,0.000510430845712912,2.2827997192887966e-06,3.4808121961114687e-06,5.682435212870505e-07,7.889262586245034e-07,0.00021196745065203636,7.411279871974134e-07,0.0004619107043966434,1.2339457598623173e-05,2.2827997192887966e-06
310,0,daughter,,False,1.3765463368900109e-05,2.5071593847983196e-06,2.931153855960119e-06,8.139692624947503e-07,3.0718185454758057e-06,1.2606946239951315e-06,0.00046798745549139667,6.144174602214718e-07,0.00021332953715267472,0.003077507246275801,0.0001597845494017344,0.0005138843625860062,3.8831109868779005e-06,2.5071593847983196e-06,8.139692624947503e-07,1.2606946239951315e-06,0.00021332953715267472,6.144174602214718e-07,0.00046798745549139667,0.0001597845494017344,3.8831109868779005e-06
310,1,daughter,,False,9.314593042575101e-06,1.670142184809518e-06,1.670142184809518e-06,2.332074525844782e-07,1.5446309562386385e-06,3.3931448129766124e-07,1.2830942637841789e-05,3.6119830612765795e-07,2.6688529572628562e-06,0.00010162440410680168,2.5315637215092633e-05,0.0004833830295680014,3.321419494792514e-06,1.670142184809518e-06,2.332074525844782e-07,3.3931448129766124e-07,2.6688529572628562e-06,3.6119830612765795e-07,1.2830942637841789e-05,2.5315637215092633e-05,3.321419494792514e-06
310,2,daughter,,False,2.0988308820313112e-05,2.5071593847983196e-06,1.8925148246037342e-06,4.0929110499856e-07,2.931153855960119e-06,6.540437226933637e-07,0.00046439419660855385,4.495181578513688e-07,5.475976980449466e-06,0.00013045066466158166,2.0027376671813928e-05,0.0005147819588703148,5.144221374220898e-06,2.5071593847983196e-06,4.0929110499856e-07,6.540437226933637e-07,5.475976980449466e-06,4.495181578513688e-07,0.00046439419660855385,2.0027376671813928e-05,5.144221374220898e-06
311,0,son,,False,2.305067219931397e-05,2.931153855960119e-06,3.2192334497037803e-06,5.255395707074638e-07,2.88571183887091e-06,8.398072034951531e-07,0.0004551239591883165,6.339210403977636e-07,4.198630823683514e-06,0.0007507463408459455,4.955359475635505e-05,0.0005156936737338665,3.321419494792514e-06,2.931153855960119e-06,5.255395707074638e-07,8.398072034951531e-07,4.198630823683514e-06,6.339210403977636e-07,0.0004551239591883165,4.955359475635505e-05,3.321419494792514e-06
311,1,son,,False,1.3552078562406772e-05,2.2827997192887966e-06,3.024195853395102e-06,3.9669859149467314e-07,4.469407144215697e-06,1.0783312222985275e-06,0.00045926607603177615,5.338155705389253e-07,5.064471653194114e-06,9.547317110805593e-05,2.7803096387751555e-05,0.0004999085000106341,4.400118457925303e-06,2.2827997192887966e-06,3.9669859149467314e-07,1.0783312222985275e-06,5.064471653194114e-06,5.338155705389253e-07,0.00045926607603177615,2.7803096387751555e-05,4.400118457925303e-06
311,2,son,,False,5.649793328376294e-06,1.8925148246037342e-06,1.3420013504783412e-06,3.288749065460498e-07,4.400118457925303e-06,9.223470110117277e-07,1.535623976496012e-05,3.288749065460498e-07,2.586743108135441e-06,0.00018102110262026484,4.655269187520153e-05,0.0005347894011802569,9.028039015031105e-06,1.8925148246037342e-06,3.288749065460498e-07,9.223470110117277e-07,2.586743108135441e-06,3.288749065460498e-07,1.535623976496012e-05,4.655269187520153e-05,9.028039015031105e-06
312,0,child,,False,1.3342001090985438e-05,2.6688529572628562e-06,2.586743108135441e-06,6.540437226933637e-07,2.6688529572628562e-06,8.139692624947503e-07,0.0004676088989121183,4.78509449489012e-07,6.10885510164857e-06,0.0008000313556104121,5.112579049909173e-05,0.0005323933551511255,4.832563818725537e-06,2.6688529572628562e-06,6.540437226933637e-07,8.139692624947503e-07,6.10885510164857e-06,4.78509449489012e-07,0.0004676088989121183,5.112579049909173e-05,4.832563818725537e-06
312,1,child,,False,7.967300986103147e-06,1.8342893327886845e-06,1.8925148246037342e-06,2.6425858208426533e-07,1.9525885208642222e-06,5.77192003016332e-07,0.00045614685345612537,5.507606023968348e-07,3.6478537675800286e-06,0.00011879054941163418,3.8596609058077356e-05,0.0005034054837533741,4.264746818557914e-06,1.8342893327886845e-06,2.6425858208426533e-07,5.77192003016332e-07,3.6478537675800286e-06,5.507606023968348e-07,0.00045614685345612537,3.8596609058077356e-05,4.264746818557914e-06
312,2,child,,False,9.028039015031105e-06,2.1444948420913954e-06,1.670142184809518e-06,2.6425858208426533e-07,5.064471653194114e-06,9.223470110117277e-07,0.0004556682925965673,6.048918580418918e-07,2.931153855960119e-06,0.00015731121653489972,4.173157606777201e-05,0.0005214731209501454,4.832563818725537e-06,2.1444948420913954e-06,2.6425858208426533e-07,9.223470110117277e-07,2.931153855960119e-06,6.048918580418918e-07,0.0004556682925965673,4.173157606777201e-05,4.832563818725537e-06
313,0,daughter,,False,1.0720880092159908e-05,2.6688529572628562e-06,1.3420013504783412e-06,2.9023119852110973e-07,2.3187477504664324e-06,7.183260399857925e-07,0.00047333423659217847,9.972941593827283e-07,0.00021384334033892964,0.0028261078542871536,7.096703991005882e-05,0.0005026840819416764,3.535625074174432e-06,2.6688529572628562e-06,2.9023119852110973e-07,7.183260399857925e-07,0.00021384334033892964,9.972941593827283e-07,0.00047333423659217847,7.096703991005882e-05,3.535625074174432e-06
313,1,daughter,,False,7.368592981140821e-06,1.4285517650093407e-06,1.2219076020491008e-06,2.72647027069593e-07,3.6478537675800286e-06,5.594337713435001e-07,0.0004563088814869741,4.356879983467376e-07,4.1335397768930325e-06,0.00010987310729246431,3.459916031782155e-05,0.0005204719129728484,7.967300986103147e-06,1.4285517650093407e-06,2.72647027069593e-07,5.594337713435001e-07,4.1335397768930325e-06,4.356879983467376e-07,0.0004563088814869741,3.459916031782155e-05,7.967300986103147e-06
313,2,daughter,,False,2.305067219931397e-05,5.829126566113866e-06,2.355261854303796e-06,6.748051590048605e-07,4.331903899346328e-06,1.4738981974494932e-06,0.0004837014865369547,6.339210403977636e-07,0.00021575330372933303,0.002722381836565666,6.986756664856784e-05,0.0012048615892203932,1.15919343186331e-05,5.829126566113866e-06,6.748051590048605e-07,1.4738981974494932e-06,0.00021575330372933303,6.339210403977636e-07,0.0004837014865369547,6.986756664856784e-05,1.15919343186331e-05
314,0,son,,False,1.2931563954607948e-05,2.4300240743279605e-06,3.2192334497037803e-06,5.955139348629957e-07,2.3923509443082866e-06,1.3846004563753396e-06,0.0004757743918954101,8.013499398837462e-07,0.00021345499373310768,0.002851410837716049,0.000138852327569001,0.0005437895311587944,4.832563818725537e-06,2.4300240743279605e-06,5.955139348629957e-07,1.3846004563753396e-06,0.00021345499373310768,8.013499398837462e-07,0.0004757743918954101,0.000138852327569001,4.832563818725537e-06
314,1,son,,False,7.368592981140821e-06,1.3846004563753396e-06,1.0783312222985275e-06,1.994729721527057e-07,2.4682904407607285e-06,8.939696304799168e-07,0.00045364825135188567,5.422218970016178e-07,3.5913010679499402e-06,0.0001597845494017344,3.459916031782155e-05,0.0005026840819416764,3.2192334497037803e-06,1.3846004563753396e-06,1.994729721527057e-07,8.939696304799168e-07,3.5913010679499402e-06,5.422218970016178e-07,0.00045364825135188567,3.459916031782155e-05,3.2192334497037803e-06
314,2,son,,False,8.092757566536092e-06,2.212566909570261e-06,2.2827997192887966e-06,3.726639284186561e-07,5.738759521437678e-06,1.3007128466476034e-06,1.7130819343483194e-05,5.594337713435001e-07,2.97731143841062e-06,0.000138852327569001,2.95957113513077e-05,0.0005087832783276653,4.832563818725537e-06,2.212566909570261e-06,3.726639284186561e-07,1.3007128466476034e-06,2.97731143841062e-06,5.594337713435001e-07,1.7130819343483194e-05,2.95957113513077e-05,4.832563818725537e-06
315,0,child,,False,2.305067219931397e-05,6.205049602300744e-06,4.61127481426412e-06,1.0953122821495382e-06,4.832563818725537e-06,2.3923509443082866e-06,0.0004894819157773981,1.1125607488784412e-06,0.0002137118639848327,0.0007661644959617213,4.373344035182828e-05,0.0005852836038915696,6.814872211615988e-06,6.205049602300744e-06,1.0953122821495382e-06,2.3923509443082866e-06,0.0002137118639848327,1.1125607488784412e-06,0.0004894819157773981,4.373344035182828e-05,6.814872211615988e-06
315,1,child,,False,0.00010322310367548195,1.8814207550495463e-05,1.1061159714638084e-05,3.2699273422345685e-06,6.10885510164857e-06,4.069457790466838e-06,0.0005580406158060472,2.3923509443082866e-06,0.00025414794844479815,0.0027641006197803124,6.166297347617125e-05,0.01617841479475612,1.6865275398914433e-05,1.8814207550495463e-05,3.2699273422345685e-06,4.069457790466838e-06,0.00025414794844479815,2.3923509443082866e-06,0.0005580406158060472,6.166297347617125e-05,1.6865275398914433e-05
315,2,child,,False,1.177445922838707e-05,3.024195853395102e-06,1.3420013504783412e-06,2.9023119852110973e-07,5.649793328376294e-06,1.3007128466476034e-06,1.7130819343483194e-05,5.255395707074638e-07,3.535625074174432e-06,9.547317110805593e-05,1.7674513810355872e-05,0.0005112741181214284,5.307507822667365e-06,3.024195853395102e-06,2.9023119852110973e-07,1.3007128466476034e-06,3.535625074174432e-06,5.255395707074638e-07,1.7130819343483194e-05,1.7674513810355872e-05,5.307507822667365e-06
316,0,daughter,,False,8.295891883591029e-05,1.7130819343483194e-05,5.144221374220898e-06,1.8631746484712008e-06,7.0311842669149565e-06,1.6187581436151335e-06,0.0005026766516422264,1.4971083692627422e-06,0.00022001536555728952,0.0008186102388378728,6.263341581094202e-05,0.016080376265353025,3.353501304664781e-05,1.7130819343483194e-05,1.8631746484712008e-06,1.6187581436151335e-06,0.00022001536555728952,1.4971083692627422e-06,0.0005026766516422264,6.263341581094202e-05,3.353501304664781e-05
316,1,daughter,,False,5.27478412523148e-05,1.442598644847886e-05,4.832563818725537e-06,2.3187477504664324e-06,5.738759521437678e-06,2.4682904407607285e-06,0.000526057214305579,1.7778551863194697e-06,0.00022770387218484876,0.0007622196052140348,3.3015272509780104e-05,0.022828708452516652,3.569706350376584e-05,1.442598644847886e-05,2.3187477504664324e-06,2.4682904407607285e-06,0.00022770387218484876,1.7778551863194697e-06,0.000526057214305579,3.3015272509780104e-05,3.569706350376584e-05
316,2,daughter,,False,8.61465062380632e-06,1.8342893327886845e-06,1.0783312222985275e-06,2.2603242979035749e-07,1.8925148246037342e-06,4.6378732973537256e-07,1.699752890963125e-05,3.9669859149467314e-07,3.4268490542555014e-06,0.00015487610942879803,4.173157606777201e-05,0.000493111798506495,4.98595821272702e-06,1.8342893327886845e-06,2.2603242979035749e-07,4.6378732973537256e-07,3.4268490542555014e-06,3.9669859149467314e-07,1.699752890963125e-05,4.173157606777201e-05,4.98595821272702e-06
317,0,son,,False,2.3413582477639402e-05,3.535625074174432e-06,3.120191139396651e-06,6.144174602214718e-07,3.169325442919291e-06,1.1843139025979655e-06,0.0004746880498915048,1.0451548051737735e-06,0.00022120585807682417,0.0009056139344932517,7.793660930208434e-05,0.0005437895311587944,3.321419494792514e-06,3.535625074174432e-06,6.144174602214718e-07,1.1843139025979655e-06,0.00022120585807682417,1.0451548051737735e-06,0.0004746880498915048,7.793660930208434e-05,3.321419494792514e-06
317,1,son,,False,4.683888424952456e-06,1.4285517650093407e-06,1.4738981974494932e-06,2.9023119852110973e-07,2.840974294610978e-06,8.398072034951531e-07,0.0004682423007537106,7.296379465971514e-07,6.10885510164857e-06,9.253848866495987e-05,3.1999824407395835e-05,0.0005147819588703148,5.475976980449466e-06,1.4285517650093407e-06,2.9023119852110973e-07,8.398072034951531e-07,6.10885510164857e-06,7.296379465971514e-07,0.0004682423007537106,3.1999824407395835e-05,5.475976980449466e-06
317,2,son,,False,1.7674513810355872e-05,3.5913010679499402e-06,2.355261854303796e-06,5.422218970016178e-07,3.2192334497037803e-06,1.1125607488784412e-06,0.0004661382377368219,9.368717268777097e-07,0.0002142503208503807,0.0028962779470040876,0.00011513995656772139,0.0005096006331304874,4.006369222920725e-06,3.5913010679499402e-06,5.422218970016178e-07,1.1125607488784412e-06,0.0002142503208503807,9.368717268777097e-07,0.0004661382377368219,0.00011513995656772139,4.006369222920725e-06
318,0,child,,False,1.535623976496012e-05,2.6688529572628562e-06,2.2827997192887966e-06,2.561282210758673e-07,3.321419494792514e-06,6.962256250138369e-07,1.5236754767429125e-05,5.682435212870505e-07,3.169325442919291e-06,0.00016743993037101191,3.0061635882429376e-05,0.0004806349969422068,2.5071593847983196e-06,2.6688529572628562e-06,2.561282210758673e-07,6.962256250138369e-07,3.169325442919291e-06,5.682435212870505e-07,1.5236754767429125e-05,3.0061635882429376e-05,2.5071593847983196e-06
318,1,child,,False,2.4923252458203565e-05,4.469407144215697e-06,2.840974294610978e-06,5.093705003229987e-07,2.586743108135441e-06,9.516251694168764e-07,0.0004663785886365138,7.183260399857925e-07,0.00021345499373310768,0.010197563316236873,8.693673928062173e-05,0.0006141640084130724,9.915273115920183e-06,4.469407144215697e-06,5.093705003229987e-07,9.516251694168764e-07,0.00021345499373310768,7.183260399857925e-07,0.0004663785886365138,8.693673928062173e-05,9.915273115920183e-06
318,2,child,,False,8.040859356292355e-05,1.4202364022997911e-05,1.0071400221737608e-05,4.069457790466838e-06,6.502816785764437e-06,3.535625074174432e-06,0.0005114680166961016,2.1112482331487175e-06,0.00024909567651839985,0.020063133943110382,0.00045032724170892245,0.01013775836411532,1.1235328063870752e-05,1.4202364022997911e-05,4.069457790466838e-06,3.535625074174432e-06,0.00024909567651839985,2.1112482331487175e-06,0.0005114680166961016,0.00045032724170892245,1.1235328063870752e-05
319,0,daughter,,False,1.7130819343483194e-05,3.2699273422345685e-06,3.120191139396651e-06,4.78509449489012e-07,2.3187477504664324e-06,8.398072034951531e-07,0.0004816744542579805,8.013499398837462e-07,0.00021467682920914668,9.850082967450695e-05,1.4202364022997911e-05,0.0006046470898997678,8.481104172358076e-06,3.2699273422345685e-06,4.78509449489012e-07,8.398072034951531e-07,0.00021467682920914668,8.013499398837462e-07,0.0004816744542579805,1.4202364022997911e-05,8.481104172358076e-06
319,1,daughter,,False,4.7285443452031076e-05,2.6947915555885546e-05,7.368592981140821e-06,3.4268490542555014e-06,1.3342001090985438e-05,1.0554685795431098e-05,0.011951931259214676,0.00021276919924655138,0.00031353376143913094,0.00013458604012970922,2.3413582477639402e-05,0.08333140604500044,0.0023864626039328788,2.6947915555885546e-05,3.4268490542555014e-06,1.0554685795431098e-05,0.00031353376143913094,0.00021276919924655138,0.011951931259214676,2.3413582477639402e-05,0.0023864626039328788
319,2,daughter,,False,1.0720880092159908e-05,2.01456908529364e-06,1.5206840370677115e-06,2.123378462433771e-07,3.705296977158347e-06,3.9669859149467314e-07,0.00046253722914952185,4.710908830437064e-07,2.931153855960119e-06,0.00016743993037101191,3.459916031782155e-05,0.0005300709180442588,4.400118457925303e-06,2.01456908529364e-06,2.123378462433771e-07,3.9669859149467314e-07,2.931153855960119e-06,4.710908830437064e-07,0.00046253722914952185,3.459916031782155e-05,4.400118457925303e-06
320,0,son,,False,4.583129006350382e-05,2.653023768982879e-05,6.922183404468203e-06,4.61127481426412e-06,1.1235328063870752e-05,5.475976980449466e-06,0.0004911950427828109,1.2606946239951315e-06,0.00022249305551005476,0.00016743993037101191,3.9204178923762816e-05,0.07145759580098497,0.0016120876359939614,2.653023768982879e-05,4.61127481426412e-06,5.475976980449466e-06,0.00022249305551005476,1.2606946239951315e-06,0.0004911950427828109,3.9204178923762816e-05,0.0016120876359939614
320,1,son,,False,4.655269187520153e-05,9.915273115920183e-06,3.5913010679499402e-06,1.0289513485400628e-06,4.198630823683514e-06,1.2606946239951315e-06,0.0004838901135969594,1.0783312222985275e-06,0.00021809334032878513,0.0007193703321376295,3.569706350376584e-05,0.0012934071128819246,1.3552078562406772e-05,9.915273115920183e-06,1.0289513485400628e-06,1.2606946239951315e-06,0.00021809334032878513,1.0783312222985275e-06,0.0004838901135969594,3.569706350376584e-05,1.3552078562406772e-05
320,2,son,,False,7.368592981140821e-06,1.3420013504783412e-06,1.4738981974494932e-06,2.0580491096133835e-07,1.6187581436151335e-06,6.962256250138369e-07,1.2632042438707805e-05,4.029456601378866e-07,2.5071593847983196e-06,0.0007129746438779075,2.3782205064034188e-05,0.0005019738542559919,5.649793328376294e-06,1.3420013504783412e-06,2.0580491096133835e-07,6.962256250138369e-07,2.5071593847983196e-06,4.029456601378866e-07,1.2632042438707805e-05,2.3782205064034188e-05,5.649793328376294e-06
321,0,child,,False,1.0391067562761452e-05,2.5071593847983196e-06,1.8342893327886845e-06,2.994440981371515e-07,2.355261854303796e-06,7.183260399857925e-07,0.00045504740472045987,4.860448402299843e-07,2.7535691114583474e-06,0.0008138567562898873,5.9766937110286536e-05,0.0005147819588703148,5.475976980449466e-06,2.5071593847983196e-06,2.994440981371515e-07,7.183260399857925e-07,2.7535691114583474e-06,4.860448402299843e-07,0.00045504740472045987,5.9766937110286536e-05,5.475976980449466e-06
321,1,child,,False,3.799845147518645e-05,7.722191834067996e-06,4.069457790466838e-06,1.7778551863194697e-06,4.1335397768930325e-06,2.1444948420913954e-06,0.00047217013049174436,8.398072034951531e-07,0.00021559222163915307,0.0030305010247946448,7.793660930208434e-05,0.010117320684545133,1.6865275398914433e-05,7.722191834067996e-06,1.7778551863194697e-06,2.1444948420913954e-06,0.00021559222163915307,8.398072034951531e-07,0.00047217013049174436,7.793660930208434e-05,1.6865275398914433e-05
321,2,child,,False,7.722191834067996e-06,2.2827997192887966e-06,1.670142184809518e-06,2.4061023397180247e-07,4.53978687024344e-06,1.2606946239951315e-06,1.6219281637167375e-05,5.77192003016332e-07,2.88571183887091e-06,9.399438806628559e-05,1.8814207550495463e-05,0.0005214731209501454,5.829126566113866e-06,2.2827997192887966e-06,2.4061023397180247e-07,1.2606946239951315e-06,2.88571183887091e-06,5.77192003016332e-07,1.6219281637167375e-05,1.8814207550495463e-05,5.829126566113866e-06
322,0,daughter,,False,1.15919343186331e-05,2.840974294610978e-06,1.5689549727726036e-06,2.72647027069593e-07,1.9223170236538178e-06,6.540437226933637e-07,0.00047274763973393307,8.664653147910923e-07,0.00021250413756646795,0.000770171190275983,3.625900662832244e-05,0.0005064063866345277,4.006369222920725e-06,2.840974294610978e-06,2.72647027069593e-07,6.540437226933637e-07,0.00021250413756646795,8.664653147910923e-07,0.00047274763973393307,3.625900662832244e-05,4.006369222920725e-06
322,1,daughter,,False,7.843789122138342e-06,1.4285517650093407e-06,1.1843139025979655e-06,2.0580491096133835e-07,2.6688529572628562e-06,5.255395707074638e-07,0.00045945255747000983,4.495181578513688e-07,5.064471653194114e-06,0.0007161476078247872,3.9204178923762816e-05,0.0004903878049248205,4.006369222920725e-06,1.4285517650093407e-06,2.0580491096133835e-07,5.255395707074638e-07,5.064471653194114e-06,4.495181578513688e-07,0.00045945255747000983,3.9204178923762816e-05,4.006369222920725e-06
322,2,daughter,,False,1.7130819343483194e-05,2.931153855960119e-06,1.7231572752142392e-06,4.0929110499856e-07,3.0718185454758057e-06,1.0129990980873922e-06,0.0005050792393572377,1.7502925788778209e-06,0.0002250791783627945,0.00013045066466158166,1.8235460794662427e-05,0.0005245722151820294,4.006369222920725e-06,2.931153855960119e-06,4.0929110499856e-07,1.0129990980873922e-06,0.0002250791783627945,1.7502925788778209e-06,0.0005050792393572377,1.8235460794662427e-05,4.006369222920725e-06
323,0,son,,False,4.512106237781923e-05,7.0311842669149565e-06,3.2192334497037803e-06,6.144174602214718e-07,3.944258675190877e-06,7.889262586245034e-07,0.00048426958324596857,1.2029639084557005e-06,0.0002137118639848327,0.0008648818595419032,3.682979260160596e-05,0.0011516002696433543,1.15919343186331e-05,7.0311842669149565e-06,6.144174602214718e-07,7.889262586245034e-07,0.0002137118639848327,1.2029639084557005e-06,0.00048426958324596857,3.682979260160596e-05,1.15919343186331e-05
323,1,son,,False,1.1235328063870752e-05,2.1444948420913954e-06,2.01456908529364e-06,2.4824800371656586e-07,2.97731143841062e-06,7.646537350121258e-07,0.0004599251819078887,7.889262586245034e-07,4.908661889889002e-06,0.00013670256456563558,2.305067219931397e-05,0.0004960569708019354,5.475976980449466e-06,2.1444948420913954e-06,2.4824800371656586e-07,7.646537350121258e-07,4.908661889889002e-06,7.889262586245034e-07,0.0004599251819078887,2.305067219931397e-05,5.475976980449466e-06
323,2,son,,False,1.0071400221737608e-05,1.8342893327886845e-06,1.670142184809518e-06,2.2603242979035749e-07,2.3923509443082866e-06,6.339210403977636e-07,1.2436225128319384e-05,4.157364752513335e-07,2.97731143841062e-06,9.547317110805593e-05,1.3765463368900109e-05,0.0004883566612863065,3.8831109868779005e-06,1.8342893327886845e-06,2.2603242979035749e-07,6.339210403977636e-07,2.97731143841062e-06,4.157364752513335e-07,1.2436225128319384e-05,1.3765463368900109e-05,3.8831109868779005e-06
324,0,child,,False,7.437028637763686e-05,1.5118199327273332e-05,6.814872211615988e-06,2.5466403947055455e-06,7.843789122138342e-06,3.6478537675800286e-06,0.000496191429011893,1.3211958228877664e-06,0.00021770169376519476,0.09831798483646792,0.0010013570623173139,0.016028425640163716,2.6947915555885546e-05,1.5118199327273332e-05,2.5466403947055455e-06,3.6478537675800286e-06,0.00021770169376519476,1.3211958228877664e-06,0.000496191429011893,0.0010013570623173139,2.6947915555885546e-05
324,1,child,,False,1.6346470245419304e-05,3.535625074174432e-06,2.4300240743279605e-06,4.222833444659923e-07,3.535625074174432e-06,8.664653147910923e-07,0.0004573080764948252,6.439037799292652e-07,3.8831109868779005e-06,0.0027358596836205874,9.253848866495987e-05,0.0005034054837533741,5.144221374220898e-06,3.535625074174432e-06,4.222833444659923e-07,8.664653147910923e-07,3.8831109868779005e-06,6.439037799292652e-07,0.0004573080764948252,9.253848866495987e-05,5.144221374220898e-06
324,2,child,,False,3.0534893211185946e-05,4.1335397768930325e-06,4.264746818557914e-06,7.411279871974134e-07,3.5913010679499402e-06,1.5689549727726036e-06,0.00046686495697165274,1.0289513485400628e-06,0.0002128468589176327,0.019520881172689956,0.00015487610942879803,0.0005398117107140829,7.967300986103147e-06,4.1335397768930325e-06,7.411279871974134e-07,1.5689549727726036e-06,0.0002128468589176327,1.0289513485400628e-06,0.00046686495697165274,0.00015487610942879803,7.967300986103147e-06
325,0,daughter,,False,9.915273115920183e-06,2.586743108135441e-06,1.6187581436151335e-06,3.9669859149467314e-07,2.7535691114583474e-06,6.748051590048605e-07,0.0004589890700764786,8.530321297909616e-07,0.00021250413756646795,0.00015731121653489972,2.3413582477639402e-05,0.0005245722151820294,7.0311842669149565e-06,2.586743108135441e-06,3.9669859149467314e-07,6.748051590048605e-07,0.00021250413756646795,8.530321297909616e-07,0.0004589890700764786,2.3413582477639402e-05,7.0311842669149565e-06
325,1,daughter,,False,6.205049602300744e-06,1.1843139025979655e-06,1.1843139025979655e-06,2.4824800371656586e-07,2.3923509443082866e-06,7.889262586245034e-07,1.3238186559744398e-05,4.222833444659923e-07,2.710880136557205e-06,0.0007007652612809208,5.193048644949271e-05,0.00048380070743405816,2.355261854303796e-06,1.1843139025979655e-06,2.4824800371656586e-07,7.889262586245034e-07,2.710880136557205e-06,4.222833444659923e-07,1.3238186559744398e-05,5.193048644949271e-05,2.355261854303796e-06
325,2,daughter,,False,8.969393236719384e-05,7.722191834067996e-06,9.915273115920183e-06,1.9223170236538178e-06,5.144221374220898e-06,3.0718185454758057e-06,0.0005117651833782575,1.4510478554719287e-06,0.00022841290836588554,0.0008186102388378728,1.0720880092159908e-05,0.010303515402504852,1.3765463368900109e-05,7.722191834067996e-06,1.9223170236538178e-06,3.0718185454758057e-06,0.00022841290836588554,1.4510478554719287e-06,0.0005117651833782575,1.0720880092159908e-05,1.3765463368900109e-05
326,0,son,,False,3.8596609058077356e-05,5.391084403253366e-06,6.40200641038395e-06,1.0289513485400628e-06,3.373722476473661e-06,2.1112482331487175e-06,0.0005516957437040186,2.2474089854291757e-06,0.00023495794751787928,0.0008333216862332929,1.0554685795431098e-05,0.0013138000668073558,8.481104172358076e-06,5.391084403253366e-06,1.0289513485400628e-06,2.1112482331487175e-06,0.00023495794751787928,2.2474089854291757e-06,0.0005516957437040186,1.0554685795431098e-05,8.481104172358076e-06
326,1,son,,False,0.0006567535265395168,1.609308249869283e-05,1.1235328063870752e-05,2.212566909570261e-06,4.908661889889002e-06,1.6187581436151335e-06,0.0005251778033349358,1.8925148246037342e-06,0.00022303674997692745,8.295891883591029e-05,2.586743108135441e-06,0.01611352314297458,1.4653129390717958e-05,1.609308249869283e-05,2.212566909570261e-06,1.6187581436151335e-06,0.00022303674997692745,1.8925148246037342e-06,0.0005251778033349358,2.586743108135441e-06,1.4653129390717958e-05
326,2,son,,False,2.0027376671813928e-05,4.832563818725537e-06,2.0785170435063726e-06,4.356879983467376e-07,3.2192334497037803e-06,1.0129990980873922e-06,0.00046285603828612274,9.818326983657703e-07,6.014151777699533e-06,0.00015487610942879803,1.6865275398914433e-05,0.0005347894011802569,7.0311842669149565e-06,4.832563818725537e-06,4.356879983467376e-07,1.0129990980873922e-06,6.014151777699533e-06,9.818326983657703e-07,0.00046285603828612274,1.6865275398914433e-05,7.0311842669149565e-06
327,0,child,,False,4.655269187520153e-05,5.225226840386988e-06,7.14190139989638e-06,8.398072034951531e-07,4.069457790466838e-06,2.2827997192887966e-06,0.0005024148671484224,1.8925148246037342e-06,0.00022447266775434924,0.0028689430188461465,3.740956047302422e-05,0.0006191494980250567,5.144221374220898e-06,5.225226840386988e-06,8.398072034951531e-07,2.2827997192887966e-06,0.00022447266775434924,1.8925148246037342e-06,0.0005024148671484224,3.740956047302422e-05,5.144221374220898e-06
327,1,child,,False,0.0005539762557696557,1.7674513810355872e-05,7.368592981140821e-06,1.4971083692627422e-06,6.922183404468203e-06,3.8831109868779005e-06,0.0005204084331370591,3.944258675190877e-06,0.00021713669539495865,0.002722381836565666,4.683888424952456e-06,0.023019261758539952,2.95957113513077e-05,1.7674513810355872e-05,1.4971083692627422e-06,3.8831109868779005e-06,0.00021713669539495865,3.944258675190877e-06,0.0005204084331370591,4.683888424952456e-06,2.95957113513077e-05
327,2,child,,False,6.46203290719727e-05,9.915273115920183e-06,5.649793328376294e-06,9.666109404131067e-07,5.829126566113866e-06,2.2474089854291757e-06,0.0005003569527817763,3.120191139396651e-06,0.00021273082914771238,0.00017007224114352882,3.8831109868779005e-06,0.022901463997932324,2.453694805426225e-05,9.915273115920183e-06,9.666109404131067e-07,2.2474089854291757e-06,0.00021273082914771238,3.120191139396651e-06,0.0005003569527817763,3.8831109868779005e-06,2.453694805426225e-05
328,0,daughter,,False,4.442183589214344e-05,5.829126566113866e-06,2.840974294610978e-06,6.144174602214718e-07,3.8831109868779005e-06,7.889262586245034e-07,0.0004897990669672525,1.4971083692627422e-06,0.00021345499373310768,0.0007259681821955923,3.1015598671268335e-05,0.0011516002696433543,1.2731104162213555e-05,5.829126566113866e-06,6.144174602214718e-07,7.889262586245034e-07,0.00021345499373310768,1.4971083692627422e-06,0.0004897990669672525,3.1015598671268335e-05,1.2731104162213555e-05
328,1,daughter,,False,8.040859356292355e-05,3.0534893211185946e-05,8.092757566536092e-06,3.944258675190877e-06,1.2148175280558357e-05,6.10885510164857e-06,0.0006045641888505872,3.169325442919291e-06,0.000249784072058715,0.00016484829418512883,2.868540823874629e-05,0.08261368353686094,0.0016045543322906755,3.0534893211185946e-05,3.944258675190877e-06,6.10885510164857e-06,0.000249784072058715,3.169325442919291e-06,0.0006045641888505872,2.868540823874629e-05,0.0016045543322906755
328,2,daughter,,False,1.8235460794662427e-05,3.169325442919291e-06,4.1335397768930325e-06,3.3931448129766124e-07,2.627477314480822e-06,8.398072034951531e-07,0.0004720271565867992,1.2029639084557005e-06,5.064471653194114e-06,6.986756664856784e-05,2.6688529572628562e-06,0.0005278198317882314,2.931153855960119e-06,3.169325442919291e-06,3.3931448129766124e-07,8.398072034951531e-07,5.064471653194114e-06,1.2029639084557005e-06,0.0004720271565867992,2.6688529572628562e-06,2.931153855960119e-06
329,0,son,,False,0.0006620400451320043,0.0007561816907858088,2.0662982488383408e-05,5.649793328376294e-06,1.3135179706526775e-05,1.0720880092159908e-05,0.004704668815210601,0.0002120401266247001,0.0002556957937118527,0.0001206589712246389,3.321419494792514e-06,0.12413434712674003,0.001592450232501225,0.0007561816907858088,5.649793328376294e-06,1.0720880092159908e-05,0.0002556957937118527,0.0002120401266247001,0.004704668815210601,3.321419494792514e-06,0.001592450232501225
329,1,son,,False,5.792916699214217e-05,1.7674513810355872e-05,5.649793328376294e-06,2.212566909570261e-06,5.475976980449466e-06,2.0785170435063726e-06,0.000557801773275072,1.670142184809518e-06,0.00023148126807614352,0.00017007224114352882,3.625900662832244e-05,0.022988795999336092,2.7803096387751555e-05,1.7674513810355872e-05,2.212566909570261e-06,2.0785170435063726e-06,0.00023148126807614352,1.670142184809518e-06,0.000557801773275072,3.625900662832244e-05,2.7803096387751555e-05
329,2,son,,False,8.349627818261147e-06,1.9525885208642222e-06,1.670142184809518e-06,2.6425858208426533e-07,4.757645425657629e-06,8.664653147910923e-07,1.3238186559744398e-05,3.726639284186561e-07,2.01456908529364e-06,0.00016743993037101191,3.9821309061635425e-05,0.0005056385041563992,4.683888424952456e-06,1.9525885208642222e-06,2.6425858208426533e-07,8.664653147910923e-07,2.01456908529364e-06,3.726639284186561e-07,1.3238186559744398e-05,3.9821309061635425e-05,4.683888424952456e-06
330,0,child,,False,0.0005981655787301457,2.4156629828672456e-05,1.1959857805023158e-05,2.627477314480822e-06,6.302758756443267e-06,3.120191139396651e-06,0.007443843509474713,0.00021257830142195017,0.00028577082972949515,0.000924470062878294,1.1061159714638084e-05,0.032262920003303726,3.459916031782155e-05,2.4156629828672456e-05,2.627477314480822e-06,3.120191139396651e-06,0.00028577082972949515,0.00021257830142195017,0.007443843509474713,1.1061159714638084e-05,3.459916031782155e-05
330,1,child,,False,4.238847419937498e-05,6.709224499600877e-06,1.0071400221737608e-05,1.2606946239951315e-06,4.683888424952456e-06,1.9223170236538178e-06,0.0004661382377368219,1.1659530314852966e-06,4.264746818557914e-06,0.0007470393220393539,5.307507822667365e-06,0.001235236765076339,1.2339457598623173e-05,6.709224499600877e-06,1.2606946239951315e-06,1.9223170236538178e-06,4.264746818557914e-06,1.1659530314852966e-06,0.0004661382377368219,5.307507822667365e-06,1.2339457598623173e-05
330,2,child,,False,9.850082967450695e-05,1.6865275398914433e-05,9.461262661302227e-06,2.0785170435063726e-06,6.709224499600877e-06,2.840974294610978e-06,0.0004966672729750374,1.1300808333434096e-06,0.00022417644371706703,0.0007507463408459455,5.738759521437678e-06,0.022873659092585756,2.868540823874629e-05,1.6865275398914433e-05,2.0785170435063726e-06,2.840974294610978e-06,0.00022417644371706703,1.1300808333434096e-06,0.0004966672729750374,5.738759521437678e-06,2.868540823874629e-05
331,0,daughter,,False,2.234163601827719e-05,4.006369222920725e-06,3.373722476473661e-06,5.955139348629957e-07,3.0718185454758057e-06,8.398072034951531e-07,0.000488128843819232,8.013499398837462e-07,0.00021751041144712992,0.0001064962672055945,1.5598027633743823e-05,0.0005775117631028116,4.006369222920725e-06,4.006369222920725e-06,5.955139348629957e-07,8.398072034951531e-07,0.00021751041144712992,8.013499398837462e-07,0.000488128843819232,1.5598027633743823e-05,4.006369222920725e-06
331,1,daughter,,False,0.0005637679492065985,2.8240807799315707e-05,1.3135179706526775e-05,3.4808121961114687e-06,1.15919343186331e-05,3.8831109868779005e-06,0.004733927022831995,4.1335397768930325e-06,0.00023542387204900095,0.0008435169429986132,1.7400543552708932e-05,0.023584550659128373,5.27478412523148e-05,2.8240807799315707e-05,3.4808121961114687e-06,3.8831109868779005e-06,0.00023542387204900095,4.1335397768930325e-06,0.004733927022831995,1.7400543552708932e-05,5.27478412523148e-05
331,2,daughter,,False,1.5598027633743823e-05,4.61127481426412e-06,2.355261854303796e-06,5.594337713435001e-07,3.0718185454758057e-06,6.748051590048605e-07,0.0004601168302651517,4.936988949458183e-07,4.61127481426412e-06,0.010145215860635945,0.00012843081201339694,0.0005893550335994887,1.0554685795431098e-05,4.61127481426412e-06,5.594337713435001e-07,6.748051590048605e-07,4.61127481426412e-06,4.936988949458183e-07,0.0004601168302651517,0.00012843081201339694,1.0554685795431098e-05
332,0,son,,False,5.792916699214217e-05,1.3765463368900109e-05,5.829126566113866e-06,1.7502925788778209e-06,4.908661889889002e-06,1.6187581436151335e-06,0.0005225904264439497,1.3211958228877664e-06,0.00022096026380031539,0.0028344121635247347,6.46203290719727e-05,0.016080376265353025,3.250358452365473e-05,1.3765463368900109e-05,1.7502925788778209e-06,1.6187581436151335e-06,0.00022096026380031539,1.3211958228877664e-06,0.0005225904264439497,6.46203290719727e-05,3.250358452365473e-05
332,1,son,,False,2.6119031909571944e-05,6.922183404468203e-06,3.321419494792514e-06,5.77192003016332e-07,4.757645425657629e-06,1.363134508591315e-06,0.0004622221322539132,1.1478768127080353e-06,0.00021166499492301485,9.697519677825862e-05,1.535623976496012e-05,0.0011688122949661533,1.15919343186331e-05,6.922183404468203e-06,5.77192003016332e-07,1.363134508591315e-06,0.00021166499492301485,1.1478768127080353e-06,0.0004622221322539132,1.535623976496012e-05,1.15919343186331e-05
332,2,son,,False,0.00010322310367548195,0.0007543439206676645,1.3552078562406772e-05,6.605214485464791e-06,1.8522574326531083e-05,1.4202364022997911e-05,0.0046565573980340445,3.6478537675800286e-06,0.00024277179663959579,0.00015731121653489972,1.941131867789626e-05,0.1836678982021171,0.0024601736421077493,0.0007543439206676645,6.605214485464791e-06,1.4202364022997911e-05,0.00024277179663959579,3.6478537675800286e-06,0.0046565573980340445,1.941131867789626e-05,0.0024601736421077493
333,0,child,,False,0.0006129322000350537,0.000748345240125015,1.3552078562406772e-05,7.484622751061123e-06,1.2148175280558357e-05,4.198630823683514e-06,0.004723480281336723,4.400118457925303e-06,0.0002533919593552032,0.000703746720165797,1.2931563954607948e-05,0.07082967788482158,0.0015643325470709956,0.000748345240125015,7.484622751061123e-06,4.198630823683514e-06,0.0002533919593552032,4.400118457925303e-06,0.004723480281336723,1.2931563954607948e-05,0.0015643325470709956
333,1,child,,False,8.750299760661308e-06,1.7778551863194697e-06,2.0785170435063726e-06,2.1907815825757866e-07,4.006369222920725e-06,8.398072034951531e-07,0.00045459430255551965,4.0929110499856e-07,2.931153855960119e-06,6.771942330385674e-05,3.321419494792514e-06,0.0004960569708019354,7.0311842669149565e-06,1.7778551863194697e-06,2.1907815825757866e-07,8.398072034951531e-07,2.931153855960119e-06,4.0929110499856e-07,0.00045459430255551965,3.321419494792514e-06,7.0311842669149565e-06
333,2,child,,False,9.028039015031105e-06,2.1444948420913954e-06,1.9525885208642222e-06,3.288749065460498e-07,5.391084403253366e-06,1.1478768127080353e-06,1.3135179706526775e-05,3.3931448129766124e-07,2.4300240743279605e-06,0.0001410358496618023,2.571419797957771e-05,0.0005130006664921807,4.683888424952456e-06,2.1444948420913954e-06,3.288749065460498e-07,1.1478768127080353e-06,2.4300240743279605e-06,3.3931448129766124e-07,1.3135179706526775e-05,2.571419797957771e-05,4.683888424952456e-06
334,0,daughter,,False,9.610241549947397e-06,2.5071593847983196e-06,2.5071593847983196e-06,3.3931448129766124e-07,2.3187477504664324e-06,6.962256250138369e-07,0.00045696979624789015,4.936988949458183e-07,3.535625074174432e-06,0.0008383797509002126,6.563728324346652e-05,0.0005300709180442588,5.649793328376294e-06,2.5071593847983196e-06,3.3931448129766124e-07,6.962256250138369e-07,3.535625074174432e-06,4.936988949458183e-07,0.00045696979624789015,6.563728324346652e-05,5.649793328376294e-06
334,1,daughter,,False,3.1999824407395835e-05,1.15919343186331e-05,4.400118457925303e-06,1.5446309562386385e-06,5.144221374220898e-06,2.355261854303796e-06,0.0005483993338182368,1.3211958228877664e-06,0.00022770387218484876,0.0007955642203309994,4.512106237781923e-05,0.016172286056274132,2.0342697805520655e-05,1.15919343186331e-05,1.5446309562386385e-06,2.355261854303796e-06,0.00022770387218484876,1.3211958228877664e-06,0.0005483993338182368,4.512106237781923e-05,2.0342697805520655e-05
334,2,daughter,,False,2.6947915555885546e-05,7.0311842669149565e-06,2.931153855960119e-06,5.255395707074638e-07,3.822911232549001e-06,1.3007128466476034e-06,0.0005026766516422264,2.6688529572628562e-06,0.00021512380222681108,0.0028601092173492736,9.547317110805593e-05,0.0012312300707620777,1.4653129390717958e-05,7.0311842669149565e-06,5.255395707074638e-07,1.3007128466476034e-06,0.00021512380222681108,2.6688529572628562e-06,0.0005026766516422264,9.547317110805593e-05,1.4653129390717958e-05
335,0,son,,False,7.14190139989638e-06,1.5689549727726036e-06,1.4738981974494932e-06,2.123378462433771e-07,3.5913010679499402e-06,7.183260399857925e-07,1.609308249869283e-05,3.288749065460498e-07,2.3187477504664324e-06,0.00014325365947100792,2.5315637215092633e-05,0.0004960569708019354,4.264746818557914e-06,1.5689549727726036e-06,2.123378462433771e-07,7.183260399857925e-07,2.3187477504664324e-06,3.288749065460498e-07,1.609308249869283e-05,2.5315637215092633e-05,4.264746818557914e-06
335,1,son,,False,0.0005721696121140179,2.1654404989510328e-05,1.177445922838707e-05,3.4268490542555014e-06,9.170196905195049e-06,4.198630823683514e-06,0.000497388037097586,1.1478768127080353e-06,0.00021659756423044233,0.09777403139814625,0.0005957153763749636,0.022727578398059053,3.625900662832244e-05,2.1654404989510328e-05,3.4268490542555014e-06,4.198630823683514e-06,0.00021659756423044233,1.1478768127080353e-06,0.000497388037097586,0.0005957153763749636,3.625900662832244e-05
335,2,son,,False,6.014151777699533e-06,1.7778551863194697e-06,1.4285517650093407e-06,2.8130174840733105e-07,3.705296977158347e-06,8.139692624947503e-07,1.4202364022997911e-05,2.6425858208426533e-07,2.4682904407607285e-06,8.969393236719384e-05,1.8814207550495463e-05,0.0005026840819416764,4.98595821272702e-06,1.7778551863194697e-06,2.8130174840733105e-07,8.139692624947503e-07,2.4682904407607285e-06,2.6425858208426533e-07,1.4202364022997911e-05,1.8814207550495463e-05,4.98595821272702e-06
336,0,child,,False,8.349627818261147e-06,2.1444948420913954e-06,1.8342893327886845e-06,2.994440981371515e-07,4.198630823683514e-06,8.939696304799168e-07,0.0004567195307930997,4.6378732973537256e-07,4.069457790466838e-06,0.00015011822567369918,2.95957113513077e-05,0.0005019738542559919,4.1335397768930325e-06,2.1444948420913954e-06,2.994440981371515e-07,8.939696304799168e-07,4.069457790466838e-06,4.6378732973537256e-07,0.0004567195307930997,2.95957113513077e-05,4.1335397768930325e-06
336,1,child,,False,9.461262661302227e-06,1.8342893327886845e-06,1.6187581436151335e-06,2.72647027069593e-07,3.2699273422345685e-06,8.139692624947503e-07,0.00045663675831385605,4.936988949458183e-07,4.198630823683514e-06,0.00010987310729246431,1.7400543552708932e-05,0.0004893563764018274,3.4268490542555014e-06,1.8342893327886845e-06,2.72647027069593e-07,8.139692624947503e-07,4.198630823683514e-06,4.936988949458183e-07,0.00045663675831385605,1.7400543552708932e-05,3.4268490542555014e-06
336,2,child,,False,9.915273115920183e-06,2.4300240743279605e-06,2.2827997192887966e-06,5.422218970016178e-07,2.1782649863110498e-06,7.889262586245034e-07,0.00046507958231904967,6.144174602214718e-07,4.264746818557914e-06,0.002954895533654995,0.00011513995656772139,0.0005553536215526795,6.014151777699533e-06,2.4300240743279605e-06,5.422218970016178e-07,7.889262586245034e-07,4.264746818557914e-06,6.144174602214718e-07,0.00046507958231904967,0.00011513995656772139,6.014151777699533e-06
337,0,daughter,,False,8.167381046669487e-05,4.044814978420809e-05,1.0720880092159908e-05,4.469407144215697e-06,1.6346470245419304e-05,1.2148175280558357e-05,0.004831576282096529,0.0002135953339111656,0.0002785803623326577,0.0007911659505451469,1.2533751425646102e-05,0.1835600184189971,0.0035258244339811395,4.044814978420809e-05,4.469407144215697e-06,1.2148175280558357e-05,0.0002785803623326577,0.0002135953339111656,0.004831576282096529,1.2533751425646102e-05,0.0035258244339811395
337,1,daughter,,False,1.0889691002655445e-05,1.3846004563753396e-06,1.670142184809518e-06,2.6425858208426533e-07,1.5936620247162786e-06,5.955139348629957e-07,0.00045590617158127144,6.144174602214718e-07,3.944258675190877e-06,0.0007583355694965269,5.391084403253366e-06,0.0005156936737338665,6.014151777699533e-06,1.3846004563753396e-06,2.6425858208426533e-07,5.955139348629957e-07,3.944258675190877e-06,6.144174602214718e-07,0.00045590617158127144,5.391084403253366e-06,6.014151777699533e-06
337,2,daughter,,False,3.9204178923762816e-05,4.757645425657629e-06,2.01456908529364e-06,3.726639284186561e-07,3.0718185454758057e-06,6.962256250138369e-07,0.0004748414303188522,6.540437226933637e-07,0.00021273082914771238,0.0008704335119750585,4.173157606777201e-05,0.0005813371220870101,6.814872211615988e-06,4.757645425657629e-06,3.726639284186561e-07,6.962256250138369e-07,0.00021273082914771238,6.540437226933637e-07,0.0004748414303188522,4.173157606777201e-05,6.814872211615988e-06
338,0,son,,False,5.0333557545281144e-05,5.064471653194114e-06,4.1335397768930325e-06,7.766951856747235e-07,3.535625074174432e-06,1.2606946239951315e-06,0.000492738529130986,1.5689549727726036e-06,0.00021789598759221768,0.00015731121653489972,3.373722476473661e-06,0.010095282373833598,1.488384825728813e-05,5.064471653194114e-06,7.766951856747235e-07,1.2606946239951315e-06,0.00021789598759221768,1.5689549727726036e-06,0.000492738529130986,3.373722476473661e-06,1.488384825728813e-05
338,1,son,,False,8.559006367452268e-05,1.177445922838707e-05,6.10885510164857e-06,1.2219076020491008e-06,5.562206273647035e-06,1.4285517650093407e-06,0.0004971468444439132,1.4971083692627422e-06,0.00022914444123060576,0.0001064962672055945,2.931153855960119e-06,0.010266283091181034,1.3982207564732913e-05,1.177445922838707e-05,1.2219076020491008e-06,1.4285517650093407e-06,0.00022914444123060576,1.4971083692627422e-06,0.0004971468444439132,2.931153855960119e-06,1.3982207564732913e-05
338,2,son,,False,6.014151777699533e-06,1.670142184809518e-06,7.889262586245034e-07,1.2878952156558146e-07,3.7636447180974406e-06,5.255395707074638e-07,1.4539114412297376e-05,2.994440981371515e-07,2.2474089854291757e-06,0.0007193703321376295,5.112579049909173e-05,0.0004893563764018274,5.144221374220898e-06,1.670142184809518e-06,1.2878952156558146e-07,5.255395707074638e-07,2.2474089854291757e-06,2.994440981371515e-07,1.4539114412297376e-05,5.112579049909173e-05,5.144221374220898e-06
339,0,child,,False,1.941131867789626e-05,2.97731143841062e-06,2.1782649863110498e-06,7.527989669055592e-07,3.321419494792514e-06,1.7231572752142392e-06,0.0005310502339891216,2.01456908529364e-06,0.00023273440348495238,0.00015247863912257493,2.2827997192887966e-06,0.001171840522652869,6.814872211615988e-06,2.97731143841062e-06,7.527989669055592e-07,1.7231572752142392e-06,0.00023273440348495238,2.01456908529364e-06,0.0005310502339891216,2.2827997192887966e-06,6.814872211615988e-06
339,1,child,,False,3.459916031782155e-05,3.535625074174432e-06,3.2192334497037803e-06,6.240930669504435e-07,2.88571183887091e-06,7.183260399857925e-07,0.0004858174285130231,1.0129990980873922e-06,0.00021575330372933303,9.110511944006454e-05,2.7535691114583474e-06,0.0011435787590044176,5.475976980449466e-06,3.535625074174432e-06,6.240930669504435e-07,7.183260399857925e-07,0.00021575330372933303,1.0129990980873922e-06,0.0004858174285130231,2.7535691114583474e-06,5.475976980449466e-06
339,2,child,,False,2.0988308820313112e-05,2.627477314480822e-06,2.586743108135441e-06,5.255395707074638e-07,3.2699273422345685e-06,8.939696304799168e-07,0.0004922932229656134,1.1478768127080353e-06,0.000218704237257557,7.321812616608614e-05,1.7231572752142392e-06,0.0005347894011802569,3.321419494792514e-06,2.627477314480822e-06,5.255395707074638e-07,8.939696304799168e-07,0.000218704237257557,1.1478768127080353e-06,0.0004922932229656134,1.7231572752142392e-06,3.321419494792514e-06
340,0,daughter,,False,5.475976980449466e-06,1.8925148246037342e-06,9.516251694168764e-07,1.994729721527057e-07,5.738759521437678e-06,1.1478768127080353e-06,0.0004573080764948252,5.862814011886353e-07,2.97731143841062e-06,0.0027788905419273728,0.00011695102650555148,0.0005194862076891146,8.481104172358076e-06,1.8925148246037342e-06,1.994729721527057e-07,1.1478768127080353e-06,2.97731143841062e-06,5.862814011886353e-07,0.0004573080764948252,0.00011695102650555148,8.481104172358076e-06
340,1,daughter,,False,2.571419797957771e-05,4.53978687024344e-06,2.0785170435063726e-06,3.089494448007139e-07,3.822911232549001e-06,9.818326983657703e-07,0.0004714608092839256,1.2411496080609794e-06,5.562206273647035e-06,0.0029863021744691264,4.305570813246149e-05,0.0005372613854410962,9.028039015031105e-06,4.53978687024344e-06,3.089494448007139e-07,9.818326983657703e-07,5.562206273647035e-06,1.2411496080609794e-06,0.0004714608092839256,4.305570813246149e-05,9.028039015031105e-06
340,2,daughter,,False,2.0342697805520655e-05,3.2699273422345685e-06,1.4738981974494932e-06,2.332074525844782e-07,3.2699273422345685e-06,6.962256250138369e-07,0.0004598299174656405,8.139692624947503e-07,0.00021239342043348654,0.00011335690050875118,2.0027376671813928e-05,0.0004966741009398081,3.120191139396651e-06,3.2699273422345685e-06,2.332074525844782e-07,6.962256250138369e-07,0.00021239342043348654,8.139692624947503e-07,0.0004598299174656405,2.0027376671813928e-05,3.120191139396651e-06
341,0,son,,False,6.667023092435894e-05,2.0988308820313112e-05,8.220189478350845e-06,4.198630823683514e-06,1.2148175280558357e-05,1.3135179706526775e-05,0.00057901719416742,3.5913010679499402e-06,0.00024775071036594654,0.0008333216862332929,5.7031570707833595e-05,0.08252510875247761,0.0015801417944500838,2.0988308820313112e-05,4.198630823683514e-06,1.3135179706526775e-05,0.00024775071036594654,3.5913010679499402e-06,0.00057901719416742,5.7031570707833595e-05,0.0015801417944500838
341,1,son,,False,5.9766937110286536e-05,8.092757566536092e-06,4.98595821272702e-06,2.01456908529364e-06,9.314593042575101e-06,2.710880136557205e-06,0.000538505771270493,2.1444948420913954e-06,0.00022570493397209223,0.00011513995656772139,5.225226840386988e-06,0.016074999191737577,2.199533724320648e-05,8.092757566536092e-06,2.01456908529364e-06,2.710880136557205e-06,0.00022570493397209223,2.1444948420913954e-06,0.000538505771270493,5.225226840386988e-06,2.199533724320648e-05
341,2,son,,False,1.141223854434603e-05,1.3007128466476034e-06,1.8342893327886845e-06,2.561282210758673e-07,3.024195853395102e-06,7.183260399857925e-07,0.00045926607603177615,6.048918580418918e-07,2.88571183887091e-06,0.0007362579817833515,3.535625074174432e-06,0.000571992748445894,7.722191834067996e-06,1.3007128466476034e-06,2.561282210758673e-07,7.183260399857925e-07,2.88571183887091e-06,6.048918580418918e-07,0.00045926607603177615,3.535625074174432e-06,7.722191834067996e-06
342,0,child,,False,3.150386940813393e-05,2.4300240743279605e-06,2.627477314480822e-06,3.3931448129766124e-07,2.212566909570261e-06,5.594337713435001e-07,0.0004563088814869741,8.139692624947503e-07,3.535625074174432e-06,0.0007259681821955923,3.7636447180974406e-06,0.0005214731209501454,3.7636447180974406e-06,2.4300240743279605e-06,3.3931448129766124e-07,5.594337713435001e-07,3.535625074174432e-06,8.139692624947503e-07,0.0004563088814869741,3.7636447180974406e-06,3.7636447180974406e-06
342,1,child,,False,8.830458477845481e-05,3.0534893211185946e-05,7.14190139989638e-06,4.908661889889002e-06,1.3765463368900109e-05,5.738759521437678e-06,0.0005685040219589175,2.627477314480822e-06,0.0002378658206902263,0.0007293448983675676,4.305570813246149e-05,0.07158324666332903,0.0015957748310576833,3.0534893211185946e-05,4.908661889889002e-06,5.738759521437678e-06,0.0002378658206902263,2.627477314480822e-06,0.0005685040219589175,4.305570813246149e-05,0.0015957748310576833
342,2,child,,False,2.653023768982879e-05,4.400118457925303e-06,1.8925148246037342e-06,3.1875652166284776e-07,3.169325442919291e-06,5.955139348629957e-07,0.0005134965680105778,1.5936620247162786e-06,0.00022120585807682417,5.9766937110286536e-05,1.2606946239951315e-06,0.000566725899170637,4.1335397768930325e-06,4.400118457925303e-06,3.1875652166284776e-07,5.955139348629957e-07,0.00022120585807682417,1.5936620247162786e-06,0.0005134965680105778,1.2606946239951315e-06,4.1335397768930325e-06
343,0,daughter,,False,1.2931563954607948e-05,3.120191139396651e-06,1.2219076020491008e-06,2.994440981371515e-07,6.10885510164857e-06,9.818326983657703e-07,0.0004599251819078887,6.748051590048605e-07,4.469407144215697e-06,0.0008487344920069995,8.559006367452268e-05,0.0005245722151820294,7.484622751061123e-06,3.120191139396651e-06,2.994440981371515e-07,9.818326983657703e-07,4.469407144215697e-06,6.748051590048605e-07,0.0004599251819078887,8.559006367452268e-05,7.484622751061123e-06
343,1,daughter,,False,8.481104172358076e-06,1.5206840370677115e-06,1.3420013504783412e-06,1.602810987828144e-07,2.97731143841062e-06,6.540437226933637e-07,0.0004548951896456382,4.6378732973537256e-07,3.535625074174432e-06,0.00011513995656772139,2.710880136557205e-06,0.0004925498553819385,4.1335397768930325e-06,1.5206840370677115e-06,1.602810987828144e-07,6.540437226933637e-07,3.535625074174432e-06,4.6378732973537256e-07,0.0004548951896456382,2.710880136557205e-06,4.1335397768930325e-06
343,2,daughter,,False,7.967300986103147e-06,1.8925148246037342e-06,1.4738981974494932e-06,1.8738753836511972e-07,5.064471653194114e-06,9.368717268777097e-07,1.6346470245419304e-05,6.643433442159853e-07,3.169325442919291e-06,0.00010005044009099887,4.331903899346328e-06,0.0004985843679459446,6.814872211615988e-06,1.8925148246037342e-06,1.8738753836511972e-07,9.368717268777097e-07,3.169325442919291e-06,6.643433442159853e-07,1.6346470245419304e-05,4.331903899346328e-06,6.814872211615988e-06
344,0,son,,False,0.000583435510218716,2.0662982488383408e-05,9.170196905195049e-06,4.757645425657629e-06,8.092757566536092e-06,2.710880136557205e-06,0.0004947859739034479,1.3211958228877664e-06,0.00021659756423044233,0.019520881172689956,5.614787461400803e-05,0.01630427062692006,3.682979260160596e-05,2.0662982488383408e-05,4.757645425657629e-06,2.710880136557205e-06,0.00021659756423044233,1.3211958228877664e-06,0.0004947859739034479,5.614787461400803e-05,3.682979260160596e-05
344,1,son,,False,8.426423087564058e-05,2.8240807799315707e-05,7.2543618230189156e-06,3.2192334497037803e-06,1.15919343186331e-05,4.069457790466838e-06,0.0005641654464306145,2.2474089854291757e-06,0.0002233150331012493,0.000770171190275983,3.514382632807918e-05,0.04710010154399437,0.0015759078905635787,2.8240807799315707e-05,3.2192334497037803e-06,4.069457790466838e-06,0.0002233150331012493,2.2474089854291757e-06,0.0005641654464306145,3.514382632807918e-05,0.0015759078905635787
344,2,son,,False,5.475976980449466e-06,1.6187581436151335e-06,9.223470110117277e-07,2.2603242979035749e-07,3.0718185454758057e-06,8.398072034951531e-07,0.00045504740472045987,4.222833444659923e-07,3.373722476473661e-06,0.0008186102388378728,4.955359475635505e-05,0.0005138843625860062,4.400118457925303e-06,1.6187581436151335e-06,2.2603242979035749e-07,8.398072034951531e-07,3.373722476473661e-06,4.222833444659923e-07,0.00045504740472045987,4.955359475635505e-05,4.400118457925303e-06
345,0,child,,False,1.6603846953733614e-05,2.212566909570261e-06,2.212566909570261e-06,3.1875652166284776e-07,4.331903899346328e-06,8.939696304799168e-07,0.0004557472761811735,6.748051590048605e-07,3.2699273422345685e-06,0.00012843081201339694,2.97731143841062e-06,0.0005398117107140829,6.014151777699533e-06,2.212566909570261e-06,3.1875652166284776e-07,8.939696304799168e-07,3.2699273422345685e-06,6.748051590048605e-07,0.0004557472761811735,2.97731143841062e-06,6.014151777699533e-06
345,1,child,,False,6.070755804415097e-05,1.0391067562761452e-05,4.264746818557914e-06,1.0783312222985275e-06,4.61127481426412e-06,8.139692624947503e-07,0.0005897571071770666,2.796930302582677e-06,0.00024219202876817753,5.193048644949271e-05,1.2606946239951315e-06,0.016059114338824593,1.4202364022997911e-05,1.0391067562761452e-05,1.0783312222985275e-06,8.139692624947503e-07,0.00024219202876817753,2.796930302582677e-06,0.0005897571071770666,1.2606946239951315e-06,1.4202364022997911e-05
345,2,child,,False,3.9821309061635425e-05,2.7535691114583474e-06,3.2699273422345685e-06,5.422218970016178e-07,2.355261854303796e-06,6.748051590048605e-07,0.00046109784446807375,7.646537350121258e-07,3.6478537675800286e-06,0.000703746720165797,5.064471653194114e-06,0.0005398117107140829,4.1335397768930325e-06,2.7535691114583474e-06,5.422218970016178e-07,6.748051590048605e-07,3.6478537675800286e-06,7.646537350121258e-07,0.00046109784446807375,5.064471653194114e-06,4.1335397768930325e-06
346,0,daughter,,False,1.0071400221737608e-05,1.4738981974494932e-06,1.0783312222985275e-06,1.136563710667868e-07,3.4268490542555014e-06,5.955139348629957e-07,1.2339457598623173e-05,3.6119830612765795e-07,2.4682904407607285e-06,6.361912109467577e-05,2.6688529572628562e-06,0.00047990346407748657,4.832563818725537e-06,1.4738981974494932e-06,1.136563710667868e-07,5.955139348629957e-07,2.4682904407607285e-06,3.6119830612765795e-07,1.2339457598623173e-05,2.6688529572628562e-06,4.832563818725537e-06
346,1,daughter,,False,2.6119031909571944e-05,4.757645425657629e-06,2.931153855960119e-06,1.1478768127080353e-06,3.8831109868779005e-06,1.6187581436151335e-06,0.0004915222501818795,1.0129990980873922e-06,0.00021625192716922701,0.01962026187455833,0.0002673006032788653,0.0012195770294839382,1.1959857805023158e-05,4.757645425657629e-06,1.1478768127080353e-06,1.6187581436151335e-06,0.00021625192716922701,1.0129990980873922e-06,0.0004915222501818795,0.0002673006032788653,1.1959857805023158e-05
346,2,daughter,,False,7.368592981140821e-06,1.3007128466476034e-06,1.3846004563753396e-06,1.6536895860212648e-07,2.7535691114583474e-06,5.955139348629957e-07,1.3342001090985438e-05,3.3931448129766124e-07,2.4682904407607285e-06,0.0007397960144200369,4.469407144215697e-06,0.00048509359967748836,2.7535691114583474e-06,1.3007128466476034e-06,1.6536895860212648e-07,5.955139348629957e-07,2.4682904407607285e-06,3.3931448129766124e-07,1.3342001090985438e-05,4.469407144215697e-06,2.7535691114583474e-06
347,0,son,,False,3.740956047302422e-05,3.4268490542555014e-06,4.469407144215697e-06,4.222833444659923e-07,3.169325442919291e-06,1.2805474213228684e-06,0.00046383517882651323,9.080474758713811e-07,4.832563818725537e-06,4.108485376346404e-05,8.139692624947503e-07,0.0005424428555526953,6.205049602300744e-06,3.4268490542555014e-06,4.222833444659923e-07,1.2805474213228684e-06,4.832563818725537e-06,9.080474758713811e-07,0.00046383517882651323,8.139692624947503e-07,6.205049602300744e-06
347,1,son,,False,1.5598027633743823e-05,1.6187581436151335e-06,2.931153855960119e-06,1.7603432133424857e-07,2.0785170435063726e-06,6.144174602214718e-07,1.2339457598623173e-05,3.9054837391123835e-07,2.4300240743279605e-06,0.00011335690050875118,3.705296977158347e-06,0.00048598979794611563,2.7535691114583474e-06,1.6187581436151335e-06,1.7603432133424857e-07,6.144174602214718e-07,2.4300240743279605e-06,3.9054837391123835e-07,1.2339457598623173e-05,3.705296977158347e-06,2.7535691114583474e-06
347,2,son,,False,1.8522574326531083e-05,3.8831109868779005e-06,2.2827997192887966e-06,2.9023119852110973e-07,4.53978687024344e-06,7.411279871974134e-07,0.00045459430255551965,5.862814011886353e-07,3.4268490542555014e-06,0.00016743993037101191,3.0061635882429376e-05,0.0005166197289884592,4.1335397768930325e-06,3.8831109868779005e-06,2.9023119852110973e-07,7.411279871974134e-07,3.4268490542555014e-06,5.862814011886353e-07,0.00045459430255551965,3.0061635882429376e-05,4.1335397768930325e-06
348,0,child,,False,9.610241549947397e-06,2.212566909570261e-06,1.2606946239951315e-06,1.816222403812674e-07,5.144221374220898e-06,8.664653147910923e-07,1.7130819343483194e-05,6.048918580418918e-07,3.944258675190877e-06,0.00017821963223663923,4.108485376346404e-05,0.0004966741009398081,5.307507822667365e-06,2.212566909570261e-06,1.816222403812674e-07,8.664653147910923e-07,3.944258675190877e-06,6.048918580418918e-07,1.7130819343483194e-05,4.108485376346404e-05,5.307507822667365e-06
348,1,child,,False,6.563728324346652e-05,3.8831109868779005e-06,3.321419494792514e-06,6.144174602214718e-07,4.069457790466838e-06,1.6187581436151335e-06,0.0004847481042366493,3.169325442919291e-06,0.0002207184759315317,0.0029863021744691264,4.238847419937498e-05,0.0005813371220870101,6.40200641038395e-06,3.8831109868779005e-06,6.144174602214718e-07,1.6187581436151335e-06,0.0002207184759315317,3.169325442919291e-06,0.0004847481042366493,4.238847419937498e-05,6.40200641038395e-06
348,2,child,,False,4.044814978420809e-05,3.8831109868779005e-06,4.832563818725537e-06,7.889262586245034e-07,3.024195853395102e-06,1.5689549727726036e-06,0.0005032694139725701,2.0462932829931794e-06,0.000223597696961234,0.0008704335119750585,1.0720880092159908e-05,0.0005832949863420954,3.7636447180974406e-06,3.8831109868779005e-06,7.889262586245034e-07,1.5689549727726036e-06,0.000223597696961234,2.0462932829931794e-06,0.0005032694139725701,1.0720880092159908e-05,3.7636447180974406e-06
349,0,daughter,,False,7.437028637763686e-05,2.7803096387751555e-05,4.469407144215697e-06,1.670142184809518e-06,6.205049602300744e-06,3.024195853395102e-06,0.0004947859739034479,7.646537350121258e-07,0.0002202460844238597,0.01019084266413868,0.00011513995656772139,0.016107891764963293,2.0988308820313112e-05,2.7803096387751555e-05,1.670142184809518e-06,3.024195853395102e-06,0.0002202460844238597,7.646537350121258e-07,0.0004947859739034479,0.00011513995656772139,2.0988308820313112e-05
349,1,daughter,,False,1.941131867789626e-05,5.562206273647035e-06,2.840974294610978e-06,5.594337713435001e-07,4.908661889889002e-06,1.0451548051737735e-06,0.0004896931435821077,1.2411496080609794e-06,5.144221374220898e-06,0.0028779143257728393,0.00011879054941163418,0.0011780402186782639,9.028039015031105e-06,5.562206273647035e-06,5.594337713435001e-07,1.0451548051737735e-06,5.144221374220898e-06,1.2411496080609794e-06,0.0004896931435821077,0.00011879054941163418,9.028039015031105e-06
349,2,daughter,,False,7.793660930208434e-05,1.442598644847886e-05,6.814872211615988e-06,2.1444948420913954e-06,5.829126566113866e-06,2.931153855960119e-06,0.00047921731131957026,9.818326983657703e-07,0.00021527750928249177,0.09737250504179637,0.0007518718061432194,0.010146862662084352,1.971694219622292e-05,1.442598644847886e-05,2.1444948420913954e-06,2.931153855960119e-06,0.00021527750928249177,9.818326983657703e-07,0.00047921731131957026,0.0007518718061432194,1.971694219622292e-05
350,0,son,,False,2.571419797957771e-05,3.6478537675800286e-06,3.120191139396651e-06,4.0929110499856e-07,2.796930302582677e-06,7.646537350121258e-07,0.00045945255747000983,9.516251694168764e-07,0.00021207146066617245,0.0007293448983675676,4.108485376346404e-05,0.0005138843625860062,4.400118457925303e-06,3.6478537675800286e-06,4.0929110499856e-07,7.646537350121258e-07,0.00021207146066617245,9.516251694168764e-07,0.00045945255747000983,4.108485376346404e-05,4.400118457925303e-06
350,1,son,,False,8.426423087564058e-05,2.6947915555885546e-05,9.761566060239504e-06,4.469407144215697e-06,1.5598027633743823e-05,8.888084683809127e-06,0.0005479596132833155,2.7535691114583474e-06,0.00023589712937775753,0.00017821963223663923,3.0061635882429376e-05,0.12394836871001721,0.0034930471162305703,2.6947915555885546e-05,4.469407144215697e-06,8.888084683809127e-06,0.00023589712937775753,2.7535691114583474e-06,0.0005479596132833155,3.0061635882429376e-05,0.0034930471162305703
350,2,son,,False,2.653023768982879e-05,4.469407144215697e-06,2.7535691114583474e-06,8.530321297909616e-07,3.8831109868779005e-06,1.1125607488784412e-06,0.00046968007670061194,7.296379465971514e-07,0.0002126165979895905,0.00014779429802159512,2.95957113513077e-05,0.0011780402186782639,1.3135179706526775e-05,4.469407144215697e-06,8.530321297909616e-07,1.1125607488784412e-06,0.0002126165979895905,7.296379465971514e-07,0.00046968007670061194,2.95957113513077e-05,1.3135179706526775e-05
351,0,child,,False,4.305570813246149e-05,9.170196905195049e-06,3.169325442919291e-06,1.1659530314852966e-06,5.064471653194114e-06,2.0462932829931794e-06,0.0005125131906864573,1.1659530314852966e-06,0.00022096026380031539,0.00012255674483830522,1.2533751425646102e-05,0.016107891764963293,2.7803096387751555e-05,9.170196905195049e-06,1.1659530314852966e-06,2.0462932829931794e-06,0.00022096026380031539,1.1659530314852966e-06,0.0005125131906864573,1.2533751425646102e-05,2.7803096387751555e-05
351,1,child,,False,2.7803096387751555e-05,3.120191139396651e-06,2.2827997192887966e-06,6.339210403977636e-07,2.2474089854291757e-06,1.1478768127080353e-06,0.00045558961681571076,9.818326983657703e-07,4.832563818725537e-06,0.0027427567939960506,1.0720880092159908e-05,0.000566725899170637,8.220189478350845e-06,3.120191139396651e-06,6.339210403977636e-07,1.1478768127080353e-06,4.832563818725537e-06,9.818326983657703e-07,0.00045558961681571076,1.0720880092159908e-05,8.220189478350845e-06
351,2,child,,False,7.208380258812108e-05,8.220189478350845e-06,5.649793328376294e-06,1.1843139025979655e-06,6.205049602300744e-06,1.6964426510543331e-06,0.00046264308424245535,1.2219076020491008e-06,0.00021439027518160267,0.0007583355694965269,6.709224499600877e-06,0.0012934071128819246,1.5118199327273332e-05,8.220189478350845e-06,1.1843139025979655e-06,1.6964426510543331e-06,0.00021439027518160267,1.2219076020491008e-06,0.00046264308424245535,6.709224499600877e-06,1.5118199327273332e-05
352,0,daughter,,False,1.2731104162213555e-05,2.1444948420913954e-06,1.8925148246037342e-06,2.123378462433771e-07,2.0785170435063726e-06,5.255395707074638e-07,0.0004575652765175886,6.048918580418918e-07,0.0002117642425769555,6.878511550552459e-05,1.6865275398914433e-05,0.00048738768508935855,2.840974294610978e-06,2.1444948420913954e-06,2.123378462433771e-07,5.255395707074638e-07,0.0002117642425769555,6.048918580418918e-07,0.0004575652765175886,1.6865275398914433e-05,2.840974294610978e-06
352,1,daughter,,False,1.0554685795431098e-05,2.2827997192887966e-06,1.5689549727726036e-06,1.7603432133424857e-07,2.586743108135441e-06,7.411279871974134e-07,0.0004612986854919548,9.368717268777097e-07,4.757645425657629e-06,0.00011335690050875118,6.302758756443267e-06,0.0004919966182062518,3.2192334497037803e-06,2.2827997192887966e-06,1.7603432133424857e-07,7.411279871974134e-07,4.757645425657629e-06,9.368717268777097e-07,0.0004612986854919548,6.302758756443267e-06,3.2192334497037803e-06
352,2,daughter,,False,2.4156629828672456e-05,6.40200641038395e-06,2.1444948420913954e-06,6.144174602214718e-07,5.475976980449466e-06,1.2029639084557005e-06,0.0004872120043649615,1.2219076020491008e-06,0.0002139768867903779,0.0007622196052140348,3.4062932773341e-05,0.001256231525345503,1.488384825728813e-05,6.40200641038395e-06,6.144174602214718e-07,1.2029639084557005e-06,0.0002139768867903779,1.2219076020491008e-06,0.0004872120043649615,3.4062932773341e-05,1.488384825728813e-05
353,0,son,,False,3.514382632807918e-05,4.98595821272702e-06,3.6478537675800286e-06,1.1478768127080353e-06,4.61127481426412e-06,1.8925148246037342e-06,0.0005029394593519703,7.889262586245034e-07,0.00022914444123060576,0.0030305010247946448,9.399438806628559e-05,0.0012650969304107685,1.0554685795431098e-05,4.98595821272702e-06,1.1478768127080353e-06,1.8925148246037342e-06,0.00022914444123060576,7.889262586245034e-07,0.0005029394593519703,9.399438806628559e-05,1.0554685795431098e-05
353,1,son,,False,3.353501304664781e-05,2.97731143841062e-06,2.0785170435063726e-06,4.6378732973537256e-07,3.944258675190877e-06,8.939696304799168e-07,0.0004730397933324441,1.5446309562386385e-06,0.00021273082914771238,8.040859356292355e-05,1.6187581436151335e-06,0.0005893550335994887,7.0311842669149565e-06,2.97731143841062e-06,4.6378732973537256e-07,8.939696304799168e-07,0.00021273082914771238,1.5446309562386385e-06,0.0004730397933324441,1.6187581436151335e-06,7.0311842669149565e-06
353,2,son,,False,8.220189478350845e-06,1.7231572752142392e-06,1.8925148246037342e-06,3.089494448007139e-07,2.355261854303796e-06,8.939696304799168e-07,1.3135179706526775e-05,4.0929110499856e-07,2.710880136557205e-06,0.00011513995656772139,2.7803096387751555e-05,0.0005112741181214284,3.8831109868779005e-06,1.7231572752142392e-06,3.089494448007139e-07,8.939696304799168e-07,2.710880136557205e-06,4.0929110499856e-07,1.3135179706526775e-05,2.7803096387751555e-05,3.8831109868779005e-06
354,0,child,,False,0.00010162440410680168,1.941131867789626e-05,5.829126566113866e-06,2.3187477504664324e-06,6.10885510164857e-06,1.6442494559854523e-06,0.0005900582503252539,2.7535691114583474e-06,0.0002378658206902263,0.00016229670614688406,2.4923252458203565e-05,0.022855472787521255,3.1999824407395835e-05,1.941131867789626e-05,2.3187477504664324e-06,1.6442494559854523e-06,0.0002378658206902263,2.7535691114583474e-06,0.0005900582503252539,2.4923252458203565e-05,3.1999824407395835e-05
354,1,child,,False,8.559006367452268e-05,2.0988308820313112e-05,4.757645425657629e-06,3.169325442919291e-06,1.177445922838707e-05,4.53978687024344e-06,0.004794889187324637,2.5466403947055455e-06,0.0002378658206902263,0.0028689430188461465,8.167381046669487e-05,0.047353520148700916,0.0015772972381523178,2.0988308820313112e-05,3.169325442919291e-06,4.53978687024344e-06,0.0002378658206902263,2.5466403947055455e-06,0.004794889187324637,8.167381046669487e-05,0.0015772972381523178
354,2,child,,False,1.4653129390717958e-05,2.1444948420913954e-06,1.7231572752142392e-06,3.9669859149467314e-07,1.6964426510543331e-06,7.183260399857925e-07,0.00045791293006445946,8.939696304799168e-07,4.908661889889002e-06,0.0008817985412716716,5.225226840386988e-06,0.0005323933551511255,4.53978687024344e-06,2.1444948420913954e-06,3.9669859149467314e-07,7.183260399857925e-07,4.908661889889002e-06,8.939696304799168e-07,0.00045791293006445946,5.225226840386988e-06,4.53978687024344e-06
355,0,daughter,,False,1.15919343186331e-05,1.8342893327886845e-06,3.321419494792514e-06,2.8130174840733105e-07,1.8342893327886845e-06,1.0783312222985275e-06,0.0004601168302651517,6.439037799292652e-07,4.61127481426412e-06,0.0007067749478525128,8.750299760661308e-06,0.0004903878049248205,2.586743108135441e-06,1.8342893327886845e-06,2.8130174840733105e-07,1.0783312222985275e-06,4.61127481426412e-06,6.439037799292652e-07,0.0004601168302651517,8.750299760661308e-06,2.586743108135441e-06
355,1,daughter,,False,2.1654404989510328e-05,3.024195853395102e-06,2.6688529572628562e-06,4.0929110499856e-07,2.4300240743279605e-06,5.77192003016332e-07,0.0004627493534150243,6.643433442159853e-07,5.144221374220898e-06,9.850082967450695e-05,1.6603846953733614e-05,0.0005130006664921807,6.40200641038395e-06,3.024195853395102e-06,4.0929110499856e-07,5.77192003016332e-07,5.144221374220898e-06,6.643433442159853e-07,0.0004627493534150243,1.6603846953733614e-05,6.40200641038395e-06
355,2,daughter,,False,3.0061635882429376e-05,4.006369222920725e-06,3.4268490542555014e-06,5.955139348629957e-07,2.6688529572628562e-06,7.889262586245034e-07,0.00047393006395888865,1.0129990980873922e-06,0.00021384334033892964,0.00015247863912257493,2.4923252458203565e-05,0.000566725899170637,5.144221374220898e-06,4.006369222920725e-06,5.955139348629957e-07,7.889262586245034e-07,0.00021384334033892964,1.0129990980873922e-06,0.00047393006395888865,2.4923252458203565e-05,5.144221374220898e-06
356,0,son,,False,0.0005449187105293259,1.6346470245419304e-05,8.888084683809127e-06,1.7778551863194697e-06,7.0311842669149565e-06,2.5466403947055455e-06,0.0005534660996392922,4.006369222920725e-06,0.00022668099229563676,0.0009180870254226622,6.709224499600877e-06,0.01612491679350265,1.535623976496012e-05,1.6346470245419304e-05,1.7778551863194697e-06,2.5466403947055455e-06,0.00022668099229563676,4.006369222920725e-06,0.0005534660996392922,6.709224499600877e-06,1.535623976496012e-05
356,1,son,,False,0.0005743531342068192,2.868540823874629e-05,1.488384825728813e-05,5.649793328376294e-06,1.6603846953733614e-05,7.484622751061123e-06,0.0005912687035634083,4.53978687024344e-06,0.00022914444123060576,0.000754511454683582,5.7031570707833595e-05,0.04712037276298876,0.0023907288913721705,2.868540823874629e-05,5.649793328376294e-06,7.484622751061123e-06,0.00022914444123060576,4.53978687024344e-06,0.0005912687035634083,5.7031570707833595e-05,0.0023907288913721705
356,2,son,,False,4.044814978420809e-05,7.602479448313689e-06,4.006369222920725e-06,9.818326983657703e-07,3.321419494792514e-06,9.223470110117277e-07,0.0004878214401016874,1.1300808333434096e-06,0.000211865052952336,0.002851410837716049,0.00013250224172131609,0.0011600053574022634,1.9110431587777674e-05,7.602479448313689e-06,9.818326983657703e-07,9.223470110117277e-07,0.000211865052952336,1.1300808333434096e-06,0.0004878214401016874,0.00013250224172131609,1.9110431587777674e-05
357,0,child,,False,9.697519677825862e-05,3.1015598671268335e-05,1.2148175280558357e-05,3.120191139396651e-06,1.6346470245419304e-05,9.314593042575101e-06,0.0005861887573036803,4.757645425657629e-06,0.00023837750867635168,0.00011513995656772139,3.321419494792514e-06,0.12380353490304107,0.003444522217938925,3.1015598671268335e-05,3.120191139396651e-06,9.314593042575101e-06,0.00023837750867635168,4.757645425657629e-06,0.0005861887573036803,3.321419494792514e-06,0.003444522217938925
357,1,child,,False,3.150386940813393e-05,4.53978687024344e-06,4.683888424952456e-06,6.339210403977636e-07,3.535625074174432e-06,8.398072034951531e-07,0.00045800069515336577,8.664653147910923e-07,4.331903899346328e-06,0.0007661644959617213,4.655269187520153e-05,0.0005523259629862285,6.814872211615988e-06,4.53978687024344e-06,6.339210403977636e-07,8.398072034951531e-07,4.331903899346328e-06,8.664653147910923e-07,0.00045800069515336577,4.655269187520153e-05,6.814872211615988e-06
357,2,child,,False,2.3413582477639402e-05,2.586743108135441e-06,4.069457790466838e-06,4.4254905561573987e-07,2.88571183887091e-06,1.2219076020491008e-06,0.0004619107043966434,1.2219076020491008e-06,5.562206273647035e-06,7.916296072837432e-05,1.5206840370677115e-06,0.0005553536215526795,6.814872211615988e-06,2.586743108135441e-06,4.4254905561573987e-07,1.2219076020491008e-06,5.562206273647035e-06,1.2219076020491008e-06,0.0004619107043966434,1.5206840370677115e-06,6.814872211615988e-06
358,0,daughter,,False,3.0061635882429376e-05,5.738759521437678e-06,4.198630823683514e-06,1.3420013504783412e-06,3.2699273422345685e-06,1.2219076020491008e-06,0.0004672347498334401,9.516251694168764e-07,0.00021358242564492241,0.000924470062878294,5.9766937110286536e-05,0.0011488846913063758,7.722191834067996e-06,5.738759521437678e-06,1.3420013504783412e-06,1.2219076020491008e-06,0.00021358242564492241,9.516251694168764e-07,0.0004672347498334401,5.9766937110286536e-05,7.722191834067996e-06
358,1,daughter,,False,1.0720880092159908e-05,2.212566909570261e-06,1.5689549727726036e-06,3.089494448007139e-07,5.307507822667365e-06,1.0783312222985275e-06,0.00045889745344538133,6.540437226933637e-07,5.144221374220898e-06,0.0009056139344932517,7.793660930208434e-05,0.0005267203585267405,5.144221374220898e-06,2.212566909570261e-06,3.089494448007139e-07,1.0783312222985275e-06,5.144221374220898e-06,6.540437226933637e-07,0.00045889745344538133,7.793660930208434e-05,5.144221374220898e-06
358,2,daughter,,False,1.971694219622292e-05,3.822911232549001e-06,3.120191139396651e-06,4.356879983467376e-07,2.2827997192887966e-06,8.398072034951531e-07,0.0004730397933324441,1.1659530314852966e-06,0.00021239342043348654,0.0008333216862332929,4.8785712278226595e-05,0.0005204719129728484,4.832563818725537e-06,3.822911232549001e-06,4.356879983467376e-07,8.398072034951531e-07,0.00021239342043348654,1.1659530314852966e-06,0.0004730397933324441,4.8785712278226595e-05,4.832563818725537e-06
359,0,son,,False,9.547317110805593e-05,2.6947915555885546e-05,9.915273115920183e-06,3.705296977158347e-06,1.0391067562761452e-05,4.198630823683514e-06,0.0005667001327988594,2.796930302582677e-06,0.00022222751156548602,0.0007259681821955923,1.15919343186331e-05,0.03212873517934511,0.0015772972381523178,2.6947915555885546e-05,3.705296977158347e-06,4.198630823683514e-06,0.00022222751156548602,2.796930302582677e-06,0.0005667001327988594,1.15919343186331e-05,0.0015772972381523178
359,1,son,,False,6.40200641038395e-06,1.2219076020491008e-06,1.4738981974494932e-06,2.1907815825757866e-07,1.3211958228877664e-06,4.356879983467376e-07,1.3658354314419533e-05,4.6378732973537256e-07,2.627477314480822e-06,6.46203290719727e-05,1.6346470245419304e-05,1.8814207550495463e-05,2.840974294610978e-06,1.2219076020491008e-06,2.1907815825757866e-07,4.356879983467376e-07,2.627477314480822e-06,4.6378732973537256e-07,1.3658354314419533e-05,1.6346470245419304e-05,2.840974294610978e-06
359,2,son,,False,3.0534893211185946e-05,4.006369222920725e-06,2.6688529572628562e-06,4.356879983467376e-07,3.373722476473661e-06,7.411279871974134e-07,0.00047160156818198664,1.0129990980873922e-06,0.000211865052952336,7.554056327295277e-05,1.3552078562406772e-05,0.0005300709180442588,4.98595821272702e-06,4.006369222920725e-06,4.356879983467376e-07,7.411279871974134e-07,0.000211865052952336,1.0129990980873922e-06,0.00047160156818198664,1.3552078562406772e-05,4.98595821272702e-06
360,0,child,,False,2.305067219931397e-05,2.355261854303796e-06,3.024195853395102e-06,5.594337713435001e-07,2.3923509443082866e-06,9.516251694168764e-07,0.00046253722914952185,1.2219076020491008e-06,5.920916517463734e-06,0.0007622196052140348,2.5071593847983196e-06,0.0005312230782558095,4.98595821272702e-06,2.355261854303796e-06,5.594337713435001e-07,9.516251694168764e-07,5.920916517463734e-06,1.2219076020491008e-06,0.00046253722914952185,2.5071593847983196e-06,4.98595821272702e-06
360,1,child,,False,4.7285443452031076e-05,5.920916517463734e-06,6.605214485464791e-06,1.2219076020491008e-06,4.400118457925303e-06,2.4300240743279605e-06,0.0005536388474610019,2.796930302582677e-06,0.0002378658206902263,0.0028344121635247347,8.969393236719384e-05,0.0011628954264227337,1.7130819343483194e-05,5.920916517463734e-06,1.2219076020491008e-06,2.4300240743279605e-06,0.0002378658206902263,2.796930302582677e-06,0.0005536388474610019,8.969393236719384e-05,1.7130819343483194e-05
360,2,child,,False,8.220189478350845e-06,2.212566909570261e-06,1.8342893327886845e-06,2.9023119852110973e-07,5.064471653194114e-06,1.1125607488784412e-06,1.609308249869283e-05,5.093705003229987e-07,2.931153855960119e-06,0.0007259681821955923,5.0333557545281144e-05,0.0004985843679459446,6.205049602300744e-06,2.212566909570261e-06,2.9023119852110973e-07,1.1125607488784412e-06,2.931153855960119e-06,5.093705003229987e-07,1.609308249869283e-05,5.0333557545281144e-05,6.205049602300744e-06
361,0,daughter,,False,4.442183589214344e-05,7.2543618230189156e-06,4.832563818725537e-06,9.516251694168764e-07,3.822911232549001e-06,2.1444948420913954e-06,0.000540279669028992,2.97731143841062e-06,0.0002344992422345146,0.0027941453403890646,9.110511944006454e-05,0.001154358460870045,5.829126566113866e-06,7.2543618230189156e-06,9.516251694168764e-07,2.1444948420913954e-06,0.0002344992422345146,2.97731143841062e-06,0.000540279669028992,9.110511944006454e-05,5.829126566113866e-06
361,1,daughter,,False,3.740956047302422e-05,1.0071400221737608e-05,5.391084403253366e-06,1.5206840370677115e-06,4.61127481426412e-06,2.2827997192887966e-06,0.0004947859739034479,7.889262586245034e-07,0.00021809334032878513,0.020033823822310063,0.0002199798043691517,0.015971149220695098,2.0988308820313112e-05,1.0071400221737608e-05,1.5206840370677115e-06,2.2827997192887966e-06,0.00021809334032878513,7.889262586245034e-07,0.0004947859739034479,0.0002199798043691517,2.0988308820313112e-05
361,2,daughter,,False,0.0005414888098175762,0.0007459683484318774,1.2931563954607948e-05,4.469407144215697e-06,2.305067219931397e-05,1.2533751425646102e-05,0.004719933023670081,0.00021257830142195017,0.00026329140315871374,0.00011160142598430911,5.475976980449466e-06,0.12936900716782898,0.00350665942271811,0.0007459683484318774,4.469407144215697e-06,1.2533751425646102e-05,0.00026329140315871374,0.00021257830142195017,0.004719933023670081,5.475976980449466e-06,0.00350665942271811
362,0,son,,False,2.653023768982879e-05,4.832563818725537e-06,2.627477314480822e-06,5.77192003016332e-07,2.931153855960119e-06,1.1478768127080353e-06,0.0004864104424062609,1.7502925788778209e-06,0.0002115672857688723,0.0007293448983675676,3.705296977158347e-06,0.0012393062261218638,1.7952796934677738e-05,4.832563818725537e-06,5.77192003016332e-07,1.1478768127080353e-06,0.0002115672857688723,1.7502925788778209e-06,0.0004864104424062609,3.705296977158347e-06,1.7952796934677738e-05
362,1,son,,False,3.3015272509780104e-05,6.605214485464791e-06,2.1444948420913954e-06,4.356879983467376e-07,4.264746818557914e-06,1.0783312222985275e-06,0.0004899051972109976,1.1478768127080353e-06,0.00021527750928249177,0.0006949397826019072,2.234163601827719e-05,0.0006166373412799071,8.220189478350845e-06,6.605214485464791e-06,4.356879983467376e-07,1.0783312222985275e-06,0.00021527750928249177,1.1478768127080353e-06,0.0004899051972109976,2.234163601827719e-05,8.220189478350845e-06
362,2,son,,False,2.2693385749600554e-05,5.064471653194114e-06,2.840974294610978e-06,1.0451548051737735e-06,3.8831109868779005e-06,1.670142184809518e-06,0.0004831400020096265,1.0289513485400628e-06,0.0002154336363883092,0.01039994113137539,0.00010987310729246431,0.0006166373412799071,9.314593042575101e-06,5.064471653194114e-06,1.0451548051737735e-06,1.670142184809518e-06,0.0002154336363883092,1.0289513485400628e-06,0.0004831400020096265,0.00010987310729246431,9.314593042575101e-06
363,0,child,,False,1.4202364022997911e-05,2.1444948420913954e-06,1.670142184809518e-06,2.561282210758673e-07,1.8631746484712008e-06,6.540437226933637e-07,0.00045598608581835884,7.411279871974134e-07,3.944258675190877e-06,0.0027427567939960506,5.649793328376294e-06,0.0005738038183837241,9.610241549947397e-06,2.1444948420913954e-06,2.561282210758673e-07,6.540437226933637e-07,3.944258675190877e-06,7.411279871974134e-07,0.00045598608581835884,5.649793328376294e-06,9.610241549947397e-06
363,1,child,,False,1.0720880092159908e-05,2.4682904407607285e-06,2.355261854303796e-06,3.288749065460498e-07,1.4064044342149064e-06,6.540437226933637e-07,0.0004535069204989931,4.78509449489012e-07,2.931153855960119e-06,8.693673928062173e-05,6.922183404468203e-06,0.0005235230228025316,4.53978687024344e-06,2.4682904407607285e-06,3.288749065460498e-07,6.540437226933637e-07,2.931153855960119e-06,4.78509449489012e-07,0.0004535069204989931,6.922183404468203e-06,4.53978687024344e-06
363,2,child,,False,1.7130819343483194e-05,2.5071593847983196e-06,2.840974294610978e-06,3.3931448129766124e-07,3.5913010679499402e-06,1.0783312222985275e-06,0.00045329698301493134,5.862814011886353e-07,3.321419494792514e-06,0.00015247863912257493,2.5466403947055455e-06,0.0005312230782558095,4.98595821272702e-06,2.5071593847983196e-06,3.3931448129766124e-07,1.0783312222985275e-06,3.321419494792514e-06,5.862814011886353e-07,0.00045329698301493134,2.5466403947055455e-06,4.98595821272702e-06
364,0,daughter,,False,9.314593042575101e-06,2.212566909570261e-06,9.818326983657703e-07,2.4824800371656586e-07,4.006369222920725e-06,7.646537350121258e-07,0.0004537193317624044,4.6378732973537256e-07,3.321419494792514e-06,0.0027427567939960506,9.697519677825862e-05,0.0005034054837533741,6.40200641038395e-06,2.212566909570261e-06,2.4824800371656586e-07,7.646537350121258e-07,3.321419494792514e-06,4.6378732973537256e-07,0.0004537193317624044,9.697519677825862e-05,6.40200641038395e-06
364,1,daughter,,False,9.028039015031105e-06,2.2827997192887966e-06,1.2219076020491008e-06,2.2603242979035749e-07,4.908661889889002e-06,9.818326983657703e-07,1.6603846953733614e-05,4.0929110499856e-07,2.97731143841062e-06,0.00018102110262026484,5.7031570707833595e-05,0.0005138843625860062,8.220189478350845e-06,2.2827997192887966e-06,2.2603242979035749e-07,9.818326983657703e-07,2.97731143841062e-06,4.0929110499856e-07,1.6603846953733614e-05,5.7031570707833595e-05,8.220189478350845e-06
364,2,daughter,,False,2.0988308820313112e-05,2.1444948420913954e-06,1.5206840370677115e-06,2.72647027069593e-07,1.9223170236538178e-06,5.955139348629957e-07,0.00046941405001030257,5.77192003016332e-07,0.00021308442800063956,3.569706350376584e-05,1.2606946239951315e-06,0.000566725899170637,7.484622751061123e-06,2.1444948420913954e-06,2.72647027069593e-07,5.955139348629957e-07,0.00021308442800063956,5.77192003016332e-07,0.00046941405001030257,1.2606946239951315e-06,7.484622751061123e-06
365,0,son,,False,0.0005578016147538543,0.0007571223117196732,1.0391067562761452e-05,4.469407144215697e-06,2.199533724320648e-05,1.1235328063870752e-05,0.004677124401925367,4.400118457925303e-06,0.00025264767961860266,0.00011695102650555148,1.7400543552708932e-05,0.1846285809381058,0.003516093134737444,0.0007571223117196732,4.469407144215697e-06,1.1235328063870752e-05,0.00025264767961860266,4.400118457925303e-06,0.004677124401925367,1.7400543552708932e-05,0.003516093134737444
365,1,son,,False,1.2731104162213555e-05,2.6688529572628562e-06,1.3007128466476034e-06,3.1875652166284776e-07,2.796930302582677e-06,6.748051590048605e-07,1.5720345248929426e-05,4.6378732973537256e-07,3.2192334497037803e-06,0.0008760719569540332,5.7031570707833595e-05,0.0005121306555705326,4.006369222920725e-06,2.6688529572628562e-06,3.1875652166284776e-07,6.748051590048605e-07,3.2192334497037803e-06,4.6378732973537256e-07,1.5720345248929426e-05,5.7031570707833595e-05,4.006369222920725e-06
365,2,son,,False,2.8240807799315707e-05,4.331903899346328e-06,3.2192334497037803e-06,5.255395707074638e-07,2.796930302582677e-06,8.939696304799168e-07,0.0005259688869450659,3.120191139396651e-06,0.0002253896128383855,0.0007507463408459455,6.302758756443267e-06,0.0005794095367164778,8.220189478350845e-06,4.331903899346328e-06,5.255395707074638e-07,8.939696304799168e-07,0.0002253896128383855,3.120191139396651e-06,0.0005259688869450659,6.302758756443267e-06,8.220189478350845e-06
366,0,child,,False,4.442183589214344e-05,4.264746818557914e-06,5.829126566113866e-06,7.183260399857925e-07,5.144221374220898e-06,1.3211958228877664e-06,0.0004584446977466745,7.411279871974134e-07,3.169325442919291e-06,0.00011513995656772139,2.931153855960119e-06,0.0006093314310007475,7.967300986103147e-06,4.264746818557914e-06,7.183260399857925e-07,1.3211958228877664e-06,3.169325442919291e-06,7.411279871974134e-07,0.0004584446977466745,2.931153855960119e-06,7.967300986103147e-06
366,1,child,,False,2.234163601827719e-05,3.120191139396651e-06,3.321419494792514e-06,7.411279871974134e-07,3.373722476473661e-06,1.8342893327886845e-06,0.0004966672729750374,2.1112482331487175e-06,0.00021956460018956949,0.0027427567939960506,1.8814207550495463e-05,0.0005813371220870101,4.832563818725537e-06,3.120191139396651e-06,7.411279871974134e-07,1.8342893327886845e-06,0.00021956460018956949,2.1112482331487175e-06,0.0004966672729750374,1.8814207550495463e-05,4.832563818725537e-06
366,2,child,,False,2.1318756129065198e-05,2.931153855960119e-06,1.6187581436151335e-06,2.9023119852110973e-07,2.97731143841062e-06,1.0451548051737735e-06,1.7400543552708932e-05,7.646537350121258e-07,3.373722476473661e-06,0.0008333216862332929,3.8831109868779005e-06,0.001165830836081277,1.442598644847886e-05,2.931153855960119e-06,2.9023119852110973e-07,1.0451548051737735e-06,3.373722476473661e-06,7.646537350121258e-07,1.7400543552708932e-05,3.8831109868779005e-06,1.442598644847886e-05
367,0,daughter,,False,0.0005484572411127382,3.353501304664781e-05,1.15919343186331e-05,3.373722476473661e-06,1.3982207564732913e-05,8.61465062380632e-06,0.0005825593349105359,3.535625074174432e-06,0.00022668099229563676,0.01932293225576745,4.373344035182828e-05,0.07079552838916982,0.0015861041354596308,3.353501304664781e-05,3.373722476473661e-06,8.61465062380632e-06,0.00022668099229563676,3.535625074174432e-06,0.0005825593349105359,4.373344035182828e-05,0.0015861041354596308
367,1,daughter,,False,6.205049602300744e-06,1.8342893327886845e-06,7.889262586245034e-07,2.2603242979035749e-07,4.331903899346328e-06,8.398072034951531e-07,1.5967865134838004e-05,4.0929110499856e-07,3.4808121961114687e-06,0.0007622196052140348,5.8840881855693875e-05,0.0004833830295680014,4.264746818557914e-06,1.8342893327886845e-06,2.2603242979035749e-07,8.398072034951531e-07,3.4808121961114687e-06,4.0929110499856e-07,1.5967865134838004e-05,5.8840881855693875e-05,4.264746818557914e-06
367,2,daughter,,False,5.064471653194114e-06,7.889262586245034e-07,1.4285517650093407e-06,1.0348531401872454e-07,4.757645425657629e-06,8.267873072601938e-07,1.1866796497892348e-05,3.089494448007139e-07,1.9833367060283617e-06,4.655269187520153e-05,1.1843139025979655e-06,2.234163601827719e-05,2.840974294610978e-06,7.889262586245034e-07,1.0348531401872454e-07,8.267873072601938e-07,1.9833367060283617e-06,3.089494448007139e-07,1.1866796497892348e-05,1.1843139025979655e-06,2.840974294610978e-06
368,0,son,,False,7.14190139989638e-06,7.889262586245034e-07,1.1478768127080353e-06,9.422445939071362e-08,3.0718185454758057e-06,5.093705003229987e-07,7.722191834067996e-06,2.1907815825757866e-07,1.6187581436151335e-06,2.4156629828672456e-05,2.1444948420913954e-06,1.3135179706526775e-05,2.4300240743279605e-06,7.889262586245034e-07,9.422445939071362e-08,5.093705003229987e-07,1.6187581436151335e-06,2.1907815825757866e-07,7.722191834067996e-06,2.1444948420913954e-06,2.4300240743279605e-06
368,1,son,,False,2.4923252458203565e-05,1.9525885208642222e-06,2.0785170435063726e-06,2.72647027069593e-07,2.627477314480822e-06,3.726639284186561e-07,0.0004584446977466745,4.6378732973537256e-07,3.822911232549001e-06,7.916296072837432e-05,1.2339457598623173e-05,0.0005256379073836972,4.400118457925303e-06,1.9525885208642222e-06,2.72647027069593e-07,3.726639284186561e-07,3.822911232549001e-06,4.6378732973537256e-07,0.0004584446977466745,1.2339457598623173e-05,4.400118457925303e-06
368,2,son,,False,2.653023768982879e-05,4.908661889889002e-06,2.2474089854291757e-06,4.6378732973537256e-07,5.064471653194114e-06,1.2411496080609794e-06,0.0004717428775960644,5.594337713435001e-07,0.00021217710837818755,0.0001064962672055945,2.1318756129065198e-05,0.0006141640084130724,8.481104172358076e-06,4.908661889889002e-06,4.6378732973537256e-07,1.2411496080609794e-06,0.00021217710837818755,5.594337713435001e-07,0.0004717428775960644,2.1318756129065198e-05,8.481104172358076e-06
369,0,child,,False,0.0005449187105293259,1.0554685795431098e-05,9.610241549947397e-06,2.4300240743279605e-06,5.829126566113866e-06,3.2192334497037803e-06,0.0005546806526485601,4.198630823683514e-06,0.00024709381223434357,0.0028689430188461465,2.2693385749600554e-05,0.01013775836411532,7.967300986103147e-06,1.0554685795431098e-05,2.4300240743279605e-06,3.2192334497037803e-06,0.00024709381223434357,4.198630823683514e-06,0.0005546806526485601,2.2693385749600554e-05,7.967300986103147e-06
369,1,child,,False,2.1654404989510328e-05,2.2827997192887966e-06,1.9525885208642222e-06,2.6425858208426533e-07,1.9223170236538178e-06,4.356879983467376e-07,0.0004534366679024197,5.422218970016178e-07,3.4808121961114687e-06,8.167381046669487e-05,1.3135179706526775e-05,0.0005138843625860062,3.321419494792514e-06,2.2827997192887966e-06,2.6425858208426533e-07,4.356879983467376e-07,3.4808121961114687e-06,5.422218970016178e-07,0.0004534366679024197,1.3135179706526775e-05,3.321419494792514e-06
369,2,child,,False,4.373344035182828e-05,4.1335397768930325e-06,4.469407144215697e-06,5.093705003229987e-07,3.8831109868779005e-06,9.818326983657703e-07,0.0004573080764948252,6.85431721163334e-07,3.373722476473661e-06,7.554056327295277e-05,8.939696304799168e-07,0.0005347894011802569,4.832563818725537e-06,4.1335397768930325e-06,5.093705003229987e-07,9.818326983657703e-07,3.373722476473661e-06,6.85431721163334e-07,0.0004573080764948252,8.939696304799168e-07,4.832563818725537e-06
370,0,daughter,,False,4.955359475635505e-05,3.120191139396651e-06,3.705296977158347e-06,4.6378732973537256e-07,5.225226840386988e-06,1.1843139025979655e-06,0.0004971468444439132,1.1300808333434096e-06,0.00021384334033892964,0.00011160142598430911,2.931153855960119e-06,0.0005756433412898068,6.014151777699533e-06,3.120191139396651e-06,4.6378732973537256e-07,1.1843139025979655e-06,0.00021384334033892964,1.1300808333434096e-06,0.0004971468444439132,2.931153855960119e-06,6.014151777699533e-06
370,1,daughter,,False,4.832563818725537e-06,1.1125607488784412e-06,1.0451548051737735e-06,1.7603432133424857e-07,3.944258675190877e-06,6.144174602214718e-07,1.1959857805023158e-05,3.089494448007139e-07,2.0462932829931794e-06,0.0007661644959617213,6.361912109467577e-05,0.0004898680643879527,4.006369222920725e-06,1.1125607488784412e-06,1.7603432133424857e-07,6.144174602214718e-07,2.0462932829931794e-06,3.089494448007139e-07,1.1959857805023158e-05,6.361912109467577e-05,4.006369222920725e-06
370,2,daughter,,False,3.625900662832244e-05,3.535625074174432e-06,3.024195853395102e-06,5.682435212870505e-07,3.6478537675800286e-06,1.0129990980873922e-06,0.0005023495804358971,7.411279871974134e-07,0.00021497247771651897,8.040859356292355e-05,2.6688529572628562e-06,0.001283675813638229,1.6346470245419304e-05,3.535625074174432e-06,5.682435212870505e-07,1.0129990980873922e-06,0.00021497247771651897,7.411279871974134e-07,0.0005023495804358971,2.6688529572628562e-06,1.6346470245419304e-05
371,0,son,,False,8.481104172358076e-06,1.1843139025979655e-06,1.8342893327886845e-06,1.9333584585546466e-07,4.264746818557914e-06,1.0783312222985275e-06,1.3658354314419533e-05,3.785325091495927e-07,2.2474089854291757e-06,0.00015731121653489972,5.920916517463734e-06,0.00048691442776060197,4.264746818557914e-06,1.1843139025979655e-06,1.9333584585546466e-07,1.0783312222985275e-06,2.2474089854291757e-06,3.785325091495927e-07,1.3658354314419533e-05,5.920916517463734e-06,4.264746818557914e-06
371,1,son,,False,1.5118199327273332e-05,2.4300240743279605e-06,2.931153855960119e-06,5.093705003229987e-07,3.5913010679499402e-06,1.8342893327886845e-06,0.0005475079428811774,2.1782649863110498e-06,0.00023148126807614352,0.0007955642203309994,7.554056327295277e-05,0.0005385266023448675,3.535625074174432e-06,2.4300240743279605e-06,5.093705003229987e-07,1.8342893327886845e-06,0.00023148126807614352,2.1782649863110498e-06,0.0005475079428811774,7.554056327295277e-05,3.535625074174432e-06
371,2,son,,False,9.399438806628559e-05,1.3342001090985438e-05,6.605214485464791e-06,2.1444948420913954e-06,6.302758756443267e-06,2.1444948420913954e-06,0.0005135727299760099,1.7502925788778209e-06,0.00022805562191617214,0.00018102110262026484,2.571419797957771e-05,0.010290815777601946,1.535623976496012e-05,1.3342001090985438e-05,2.1444948420913954e-06,2.1444948420913954e-06,0.00022805562191617214,1.7502925788778209e-06,0.0005135727299760099,2.571419797957771e-05,1.535623976496012e-05
372,0,child,,False,3.569706350376584e-05,3.6478537675800286e-06,3.8831109868779005e-06,6.748051590048605e-07,2.4682904407607285e-06,5.422218970016178e-07,0.00047546097391956043,7.889262586245034e-07,0.00021713669539495865,0.00016484829418512883,7.14190139989638e-06,0.0005523259629862285,3.7636447180974406e-06,3.6478537675800286e-06,6.748051590048605e-07,5.422218970016178e-07,0.00021713669539495865,7.889262586245034e-07,0.00047546097391956043,7.14190139989638e-06,3.7636447180974406e-06
372,1,child,,False,6.46203290719727e-05,1.0554685795431098e-05,4.683888424952456e-06,1.7778551863194697e-06,7.843789122138342e-06,2.01456908529364e-06,0.0005107301510983406,1.5206840370677115e-06,0.0002233150331012493,0.0007783738571119147,5.7031570707833595e-05,0.010095282373833598,1.5843621910252592e-05,1.0554685795431098e-05,1.7778551863194697e-06,2.01456908529364e-06,0.0002233150331012493,1.5206840370677115e-06,0.0005107301510983406,5.7031570707833595e-05,1.5843621910252592e-05
372,2,child,,False,4.442183589214344e-05,3.2192334497037803e-06,4.61127481426412e-06,5.594337713435001e-07,2.840974294610978e-06,8.398072034951531e-07,0.00046040712342594554,1.0129990980873922e-06,0.0002117642425769555,4.7285443452031076e-05,1.4285517650093407e-06,0.0005156936737338665,2.6688529572628562e-06,3.2192334497037803e-06,5.594337713435001e-07,8.398072034951531e-07,0.0002117642425769555,1.0129990980873922e-06,0.00046040712342594554,1.4285517650093407e-06,2.6688529572628562e-06
373,0,daughter,,False,5.225226840386988e-06,1.2606946239951315e-06,1.3420013504783412e-06,1.7061832388634166e-07,5.649793328376294e-06,8.664653147910923e-07,0.00045415169252567306,4.356879983467376e-07,2.796930302582677e-06,0.0007661644959617213,2.0342697805520655e-05,0.000480266374355812,5.649793328376294e-06,1.2606946239951315e-06,1.7061832388634166e-07,8.664653147910923e-07,2.796930302582677e-06,4.356879983467376e-07,0.00045415169252567306,2.0342697805520655e-05,5.649793328376294e-06
373,1,daughter,,False,3.353501304664781e-05,2.7535691114583474e-06,2.7535691114583474e-06,4.495181578513688e-07,2.6688529572628562e-06,6.748051590048605e-07,0.00046525345195235905,7.296379465971514e-07,0.00021273082914771238,0.0007583355694965269,3.9821309061635425e-05,0.0005185157653543439,2.7535691114583474e-06,2.7535691114583474e-06,4.495181578513688e-07,6.748051590048605e-07,0.00021273082914771238,7.296379465971514e-07,0.00046525345195235905,3.9821309061635425e-05,2.7535691114583474e-06
373,2,daughter,,False,5.064471653194114e-06,9.223470110117277e-07,1.5689549727726036e-06,1.4144759985825914e-07,3.321419494792514e-06,6.962256250138369e-07,1.647465607888151e-05,5.255395707074638e-07,2.4682904407607285e-06,7.437028637763686e-05,4.069457790466838e-06,1.8814207550495463e-05,4.53978687024344e-06,9.223470110117277e-07,1.4144759985825914e-07,6.962256250138369e-07,2.4682904407607285e-06,5.255395707074638e-07,1.647465607888151e-05,4.069457790466838e-06,4.53978687024344e-06
374,0,son,,False,3.514382632807918e-05,4.908661889889002e-06,2.1444948420913954e-06,6.339210403977636e-07,4.757645425657629e-06,1.0783312222985275e-06,0.00046201410865757075,1.0616134237448653e-06,0.0002142503208503807,0.00011695102650555148,1.488384825728813e-05,0.0005957051194471736,9.610241549947397e-06,4.908661889889002e-06,6.339210403977636e-07,1.0783312222985275e-06,0.0002142503208503807,1.0616134237448653e-06,0.00046201410865757075,1.488384825728813e-05,9.610241549947397e-06
374,1,son,,False,1.6865275398914433e-05,2.01456908529364e-06,2.586743108135441e-06,4.78509449489012e-07,3.373722476473661e-06,1.0783312222985275e-06,0.0004549711485936387,5.955139348629957e-07,3.822911232549001e-06,0.0007161476078247872,3.9204178923762816e-05,0.0005147819588703148,3.024195853395102e-06,2.01456908529364e-06,4.78509449489012e-07,1.0783312222985275e-06,3.822911232549001e-06,5.955139348629957e-07,0.0004549711485936387,3.9204178923762816e-05,3.024195853395102e-06
374,2,son,,False,2.1318756129065198e-05,2.355261854303796e-06,2.2827997192887966e-06,3.3931448129766124e-07,2.355261854303796e-06,6.144174602214718e-07,0.00045655430839767255,5.422218970016178e-07,3.535625074174432e-06,0.0008234381138183805,4.238847419937498e-05,0.0005048825150668042,4.683888424952456e-06,2.355261854303796e-06,3.3931448129766124e-07,6.144174602214718e-07,3.535625074174432e-06,5.422218970016178e-07,0.00045655430839767255,4.238847419937498e-05,4.683888424952456e-06
375,0,child,,False,2.6119031909571944e-05,3.535625074174432e-06,3.4808121961114687e-06,3.9669859149467314e-07,3.822911232549001e-06,8.398072034951531e-07,0.0005050792393572377,1.1843139025979655e-06,0.00021608311625873148,7.916296072837432e-05,2.01456908529364e-06,0.0005914388320078819,5.475976980449466e-06,3.535625074174432e-06,3.9669859149467314e-07,8.398072034951531e-07,0.00021608311625873148,1.1843139025979655e-06,0.0005050792393572377,2.01456908529364e-06,5.475976980449466e-06
375,1,child,,False,2.2693385749600554e-05,4.757645425657629e-06,2.0785170435063726e-06,6.339210403977636e-07,4.61127481426412e-06,1.3846004563753396e-06,0.0004775426141829032,8.013499398837462e-07,0.00021296471561488525,0.00016743993037101191,3.150386940813393e-05,0.0006069710175518718,7.722191834067996e-06,4.757645425657629e-06,6.339210403977636e-07,1.3846004563753396e-06,0.00021296471561488525,8.013499398837462e-07,0.0004775426141829032,3.150386940813393e-05,7.722191834067996e-06
375,2,child,,False,7.368592981140821e-06,1.2606946239951315e-06,1.3846004563753396e-06,2.0580491096133835e-07,4.61127481426412e-06,7.646537350121258e-07,1.141223854434603e-05,3.726639284186561e-07,2.1444948420913954e-06,4.7285443452031076e-05,1.6603846953733614e-05,0.0004888526162855685,3.6478537675800286e-06,1.2606946239951315e-06,2.0580491096133835e-07,7.646537350121258e-07,2.1444948420913954e-06,3.726639284186561e-07,1.141223854434603e-05,1.6603846953733614e-05,3.6478537675800286e-06
376,0,daughter,,False,3.682979260160596e-05,5.920916517463734e-06,2.586743108135441e-06,5.862814011886353e-07,3.7636447180974406e-06,5.594337713435001e-07,0.00046139969563489515,6.748051590048605e-07,5.562206273647035e-06,0.0007259681821955923,3.569706350376584e-05,0.000571992748445894,6.205049602300744e-06,5.920916517463734e-06,5.862814011886353e-07,5.594337713435001e-07,5.562206273647035e-06,6.748051590048605e-07,0.00046139969563489515,3.569706350376584e-05,6.205049602300744e-06
376,1,daughter,,False,2.4156629828672456e-05,5.225226840386988e-06,2.931153855960119e-06,6.144174602214718e-07,3.120191139396651e-06,7.889262586245034e-07,0.0005011211542112085,1.6442494559854523e-06,0.00021467682920914668,0.0007507463408459455,2.453694805426225e-05,0.0011944104731679238,1.9110431587777674e-05,5.225226840386988e-06,6.144174602214718e-07,7.889262586245034e-07,0.00021467682920914668,1.6442494559854523e-06,0.0005011211542112085,2.453694805426225e-05,1.9110431587777674e-05
376,2,daughter,,False,3.8596609058077356e-05,2.710880136557205e-06,3.169325442919291e-06,2.4061023397180247e-07,2.5466403947055455e-06,1.0129990980873922e-06,0.0004830470586942327,1.0783312222985275e-06,0.00021559222163915307,8.040859356292355e-05,2.5071593847983196e-06,0.0005064063866345277,4.006369222920725e-06,2.710880136557205e-06,2.4061023397180247e-07,1.0129990980873922e-06,0.00021559222163915307,1.0783312222985275e-06,0.0004830470586942327,2.5071593847983196e-06,4.006369222920725e-06
377,0,son,,False,6.302758756443267e-06,1.0451548051737735e-06,1.2219076020491008e-06,1.602810987828144e-07,3.535625074174432e-06,7.183260399857925e-07,1.5118199327273332e-05,4.222833444659923e-07,2.4682904407607285e-06,5.614787461400803e-05,1.5118199327273332e-05,0.00048738768508935855,4.006369222920725e-06,1.0451548051737735e-06,1.602810987828144e-07,7.183260399857925e-07,2.4682904407607285e-06,4.222833444659923e-07,1.5118199327273332e-05,1.5118199327273332e-05,4.006369222920725e-06
377,1,son,,False,1.3552078562406772e-05,1.4738981974494932e-06,2.2827997192887966e-06,2.561282210758673e-07,2.627477314480822e-06,6.962256250138369e-07,0.00045315838477809784,6.240930669504435e-07,2.6688529572628562e-06,0.00017821963223663923,6.814872211615988e-06,0.0005121306555705326,3.6478537675800286e-06,1.4738981974494932e-06,2.561282210758673e-07,6.962256250138369e-07,2.6688529572628562e-06,6.240930669504435e-07,0.00045315838477809784,6.814872211615988e-06,3.6478537675800286e-06
377,2,son,,False,8.61465062380632e-06,1.9525885208642222e-06,1.5689549727726036e-06,2.4061023397180247e-07,5.920916517463734e-06,9.818326983657703e-07,1.5476661605996512e-05,4.495181578513688e-07,2.2827997192887966e-06,8.693673928062173e-05,2.0662982488383408e-05,0.0005064063866345277,6.40200641038395e-06,1.9525885208642222e-06,2.4061023397180247e-07,9.818326983657703e-07,2.2827997192887966e-06,4.495181578513688e-07,1.5476661605996512e-05,2.0662982488383408e-05,6.40200641038395e-06
378,0,child,,False,2.0662982488383408e-05,1.8342893327886845e-06,1.8925148246037342e-06,2.994440981371515e-07,2.4682904407607285e-06,7.183260399857925e-07,0.00045614685345612537,6.748051590048605e-07,3.2192334497037803e-06,0.000782571800733567,4.757645425657629e-06,0.0005245722151820294,4.264746818557914e-06,1.8342893327886845e-06,2.994440981371515e-07,7.183260399857925e-07,3.2192334497037803e-06,6.748051590048605e-07,0.00045614685345612537,4.757645425657629e-06,4.264746818557914e-06
378,1,child,,False,1.5843621910252592e-05,2.5071593847983196e-06,3.2192334497037803e-06,6.748051590048605e-07,2.2474089854291757e-06,1.3007128466476034e-06,0.00047778967096621906,1.3211958228877664e-06,0.00022303674997692745,0.0028428458272168377,4.583129006350382e-05,0.0005347894011802569,4.264746818557914e-06,2.5071593847983196e-06,6.748051590048605e-07,1.3007128466476034e-06,0.00022303674997692745,1.3211958228877664e-06,0.00047778967096621906,4.583129006350382e-05,4.264746818557914e-06
378,2,child,,False,2.4923252458203565e-05,2.627477314480822e-06,3.169325442919291e-06,3.288749065460498e-07,3.024195853395102e-06,8.139692624947503e-07,0.0004619107043966434,8.939696304799168e-07,4.98595821272702e-06,6.263341581094202e-05,1.5206840370677115e-06,0.0005385266023448675,4.683888424952456e-06,2.627477314480822e-06,3.288749065460498e-07,8.139692624947503e-07,4.98595821272702e-06,8.939696304799168e-07,0.0004619107043966434,1.5206840370677115e-06,4.683888424952456e-06
379,0,daughter,,False,7.916296072837432e-05,8.750299760661308e-06,1.0554685795431098e-05,9.080474758713811e-07,3.822911232549001e-06,2.0462932829931794e-06,0.0005276619188094595,4.53978687024344e-06,0.000223597696961234,0.00011160142598430911,2.7535691114583474e-06,0.010270293258459857,2.4156629828672456e-05,8.750299760661308e-06,9.080474758713811e-07,2.0462932829931794e-06,0.000223597696961234,4.53978687024344e-06,0.0005276619188094595,2.7535691114583474e-06,2.4156629828672456e-05
379,1,daughter,,False,7.0311842669149565e-06,1.5689549727726036e-06,1.2219076020491008e-06,2.0580491096133835e-07,5.920916517463734e-06,8.664653147910923e-07,1.3135179706526775e-05,4.6378732973537256e-07,3.4268490542555014e-06,0.002786458937919142,0.00015247863912257493,0.0004883566612863065,3.8831109868779005e-06,1.5689549727726036e-06,2.0580491096133835e-07,8.664653147910923e-07,3.4268490542555014e-06,4.6378732973537256e-07,1.3135179706526775e-05,0.00015247863912257493,3.8831109868779005e-06
379,2,daughter,,False,1.5118199327273332e-05,3.6478537675800286e-06,2.355261854303796e-06,2.9023119852110973e-07,2.97731143841062e-06,8.398072034951531e-07,0.004704444987038768,3.2192334497037803e-06,0.0002464470899300356,7.321812616608614e-05,1.1959857805023158e-05,0.0005616997185942735,3.6478537675800286e-06,3.6478537675800286e-06,2.9023119852110973e-07,8.398072034951531e-07,0.0002464470899300356,3.2192334497037803e-06,0.004704444987038768,1.1959857805023158e-05,3.6478537675800286e-06
380,0,son,,False,2.3413582477639402e-05,3.4268490542555014e-06,2.1444948420913954e-06,2.561282210758673e-07,2.5466403947055455e-06,6.144174602214718e-07,1.6219281637167375e-05,6.144174602214718e-07,2.627477314480822e-06,0.0008333216862332929,3.799845147518645e-05,0.0005204719129728484,8.750299760661308e-06,3.4268490542555014e-06,2.561282210758673e-07,6.144174602214718e-07,2.627477314480822e-06,6.144174602214718e-07,1.6219281637167375e-05,3.799845147518645e-05,8.750299760661308e-06
380,1,son,,False,1.3765463368900109e-05,2.01456908529364e-06,2.01456908529364e-06,3.1875652166284776e-07,1.4510478554719287e-06,4.936988949458183e-07,1.6346470245419304e-05,4.495181578513688e-07,3.120191139396651e-06,0.0029863021744691264,0.00010817152527255935,0.0004948512433533591,4.006369222920725e-06,2.01456908529364e-06,3.1875652166284776e-07,4.936988949458183e-07,3.120191139396651e-06,4.495181578513688e-07,1.6346470245419304e-05,0.00010817152527255935,4.006369222920725e-06
380,2,son,,False,3.799845147518645e-05,2.212566909570261e-06,5.225226840386988e-06,4.495181578513688e-07,8.398072034951531e-07,4.222833444659923e-07,1.5843621910252592e-05,4.936988949458183e-07,2.931153855960119e-06,0.00015487610942879803,1.5689549727726036e-06,0.0005569032319691715,3.024195853395102e-06,2.212566909570261e-06,4.495181578513688e-07,4.222833444659923e-07,2.931153855960119e-06,4.936988949458183e-07,1.5843621910252592e-05,1.5689549727726036e-06,3.024195853395102e-06
381,0,child,,False,2.95957113513077e-05,2.4682904407607285e-06,7.602479448313689e-06,2.6425858208426533e-07,1.363134508591315e-06,3.500854414401442e-07,0.00047049073246544073,8.664653147910923e-07,5.649793328376294e-06,1.7400543552708932e-05,4.222833444659923e-07,0.0005185157653543439,4.400118457925303e-06,2.4682904407607285e-06,2.6425858208426533e-07,3.500854414401442e-07,5.649793328376294e-06,8.664653147910923e-07,0.00047049073246544073,4.222833444659923e-07,4.400118457925303e-06
381,1,child,,False,4.512106237781923e-05,6.40200641038395e-06,6.605214485464791e-06,4.936988949458183e-07,3.2699273422345685e-06,1.1843139025979655e-06,0.0004737802338585972,1.6187581436151335e-06,4.683888424952456e-06,0.0028689430188461465,3.4268490542555014e-06,0.01013775836411532,2.234163601827719e-05,6.40200641038395e-06,4.936988949458183e-07,1.1843139025979655e-06,4.683888424952456e-06,1.6187581436151335e-06,0.0004737802338585972,3.4268490542555014e-06,2.234163601827719e-05
381,2,child,,False,9.110511944006454e-05,6.205049602300744e-06,1.1959857805023158e-05,6.643433442159853e-07,2.97731143841062e-06,1.1125607488784412e-06,0.0005313771219311854,1.6442494559854523e-06,0.00022668099229563676,0.000754511454683582,9.314593042575101e-06,0.0006191494980250567,7.0311842669149565e-06,6.205049602300744e-06,6.643433442159853e-07,1.1125607488784412e-06,0.00022668099229563676,1.6442494559854523e-06,0.0005313771219311854,9.314593042575101e-06,7.0311842669149565e-06
382,0,daughter,,False,2.0342697805520655e-05,4.832563818725537e-06,3.8831109868779005e-06,7.646537350121258e-07,3.822911232549001e-06,1.6187581436151335e-06,0.00048771937139197025,1.363134508591315e-06,0.0002207184759315317,0.0028344121635247347,0.00011160142598430911,0.0005347894011802569,4.683888424952456e-06,4.832563818725537e-06,7.646537350121258e-07,1.6187581436151335e-06,0.0002207184759315317,1.363134508591315e-06,0.00048771937139197025,0.00011160142598430911,4.683888424952456e-06
382,1,daughter,,False,1.7400543552708932e-05,2.5071593847983196e-06,1.7231572752142392e-06,2.72647027069593e-07,1.9525885208642222e-06,8.664653147910923e-07,0.0004905463453571033,1.1125607488784412e-06,0.00021250413756646795,0.00013458604012970922,3.024195853395102e-06,0.0005684542178624818,7.484622751061123e-06,2.5071593847983196e-06,2.72647027069593e-07,8.664653147910923e-07,0.00021250413756646795,1.1125607488784412e-06,0.0004905463453571033,3.024195853395102e-06,7.484622751061123e-06
382,2,daughter,,False,1.5843621910252592e-05,3.4808121961114687e-06,2.4300240743279605e-06,2.561282210758673e-07,4.98595821272702e-06,8.664653147910923e-07,0.0004601168302651517,8.398072034951531e-07,4.264746818557914e-06,0.000703746720165797,4.583129006350382e-05,0.0005175603499223236,6.605214485464791e-06,3.4808121961114687e-06,2.561282210758673e-07,8.664653147910923e-07,4.264746818557914e-06,8.398072034951531e-07,0.0004601168302651517,4.583129006350382e-05,6.605214485464791e-06
383,0,son,,False,1.3552078562406772e-05,3.8831109868779005e-06,2.355261854303796e-06,5.255395707074638e-07,5.391084403253366e-06,1.3420013504783412e-06,0.00047705281867000977,1.2219076020491008e-06,6.10885510164857e-06,0.0008704335119750585,8.295891883591029e-05,0.0005385266023448675,8.481104172358076e-06,3.8831109868779005e-06,5.255395707074638e-07,1.3420013504783412e-06,6.10885510164857e-06,1.2219076020491008e-06,0.00047705281867000977,8.295891883591029e-05,8.481104172358076e-06
383,1,son,,False,1.6865275398914433e-05,2.840974294610978e-06,1.8342893327886845e-06,2.561282210758673e-07,1.8925148246037342e-06,5.594337713435001e-07,0.0004568860484913106,4.78509449489012e-07,3.5913010679499402e-06,0.0007193703321376295,2.453694805426225e-05,0.0005214731209501454,7.0311842669149565e-06,2.840974294610978e-06,2.561282210758673e-07,5.594337713435001e-07,3.5913010679499402e-06,4.78509449489012e-07,0.0004568860484913106,2.453694805426225e-05,7.0311842669149565e-06
383,2,son,,False,1.5843621910252592e-05,2.0785170435063726e-06,2.2827997192887966e-06,4.356879983467376e-07,1.6187581436151335e-06,5.422218970016178e-07,0.0004573080764948252,5.77192003016332e-07,3.321419494792514e-06,0.0029600296315546795,0.00010987310729246431,0.0004919966182062518,3.2192334497037803e-06,2.0785170435063726e-06,4.356879983467376e-07,5.422218970016178e-07,3.321419494792514e-06,5.77192003016332e-07,0.0004573080764948252,0.00010987310729246431,3.2192334497037803e-06
384,0,child,,False,7.096703991005882e-05,4.1335397768930325e-06,8.349627818261147e-06,4.0929110499856e-07,2.2827997192887966e-06,6.748051590048605e-07,0.0004596405007964144,1.1659530314852966e-06,3.024195853395102e-06,6.166297347617125e-05,1.0129990980873922e-06,0.0005071863494234538,3.024195853395102e-06,4.1335397768930325e-06,4.0929110499856e-07,6.748051590048605e-07,3.024195853395102e-06,1.1659530314852966e-06,0.0004596405007964144,1.0129990980873922e-06,3.024195853395102e-06
384,1,child,,False,2.234163601827719e-05,3.321419494792514e-06,2.7535691114583474e-06,5.422218970016178e-07,2.355261854303796e-06,6.339210403977636e-07,0.00047999251438717136,7.646537350121258e-07,0.00021439027518160267,0.0007129746438779075,3.682979260160596e-05,0.0005335820331640444,5.475976980449466e-06,3.321419494792514e-06,5.422218970016178e-07,6.339210403977636e-07,0.00021439027518160267,7.646537350121258e-07,0.00047999251438717136,3.682979260160596e-05,5.475976980449466e-06
384,2,child,,False,1.2731104162213555e-05,3.321419494792514e-06,1.8925148246037342e-06,3.84493505874534e-07,3.169325442919291e-06,8.939696304799168e-07,0.0004627493534150243,8.013499398837462e-07,5.391084403253366e-06,0.00017821963223663923,5.7031570707833595e-05,0.0005538279886564313,6.014151777699533e-06,3.321419494792514e-06,3.84493505874534e-07,8.939696304799168e-07,5.391084403253366e-06,8.013499398837462e-07,0.0004627493534150243,5.7031570707833595e-05,6.014151777699533e-06
385,0,daughter,,False,9.028039015031105e-06,2.4300240743279605e-06,1.5689549727726036e-06,2.6425858208426533e-07,5.064471653194114e-06,8.939696304799168e-07,1.7400543552708932e-05,5.507606023968348e-07,4.198630823683514e-06,0.0006949397826019072,4.238847419937498e-05,0.000493111798506495,4.1335397768930325e-06,2.4300240743279605e-06,2.6425858208426533e-07,8.939696304799168e-07,4.198630823683514e-06,5.507606023968348e-07,1.7400543552708932e-05,4.238847419937498e-05,4.1335397768930325e-06
385,1,daughter,,False,1.0554685795431098e-05,1.7778551863194697e-06,2.355261854303796e-06,2.72647027069593e-07,1.9223170236538178e-06,5.255395707074638e-07,0.00045639037123339975,5.093705003229987e-07,3.822911232549001e-06,0.00010162440410680168,2.653023768982879e-05,0.0005056385041563992,3.7636447180974406e-06,1.7778551863194697e-06,2.72647027069593e-07,5.255395707074638e-07,3.822911232549001e-06,5.093705003229987e-07,0.00045639037123339975,2.653023768982879e-05,3.7636447180974406e-06
385,2,daughter,,False,2.3782205064034188e-05,5.475976980449466e-06,3.8831109868779005e-06,8.398072034951531e-07,3.4268490542555014e-06,1.670142184809518e-06,0.00048258505277662156,1.363134508591315e-06,0.00021575330372933303,0.010145215860635945,0.00025909793644293347,0.0005385266023448675,4.832563818725537e-06,5.475976980449466e-06,8.398072034951531e-07,1.670142184809518e-06,0.00021575330372933303,1.363134508591315e-06,0.00048258505277662156,0.00025909793644293347,4.832563818725537e-06
386,0,son,,False,1.5598027633743823e-05,2.586743108135441e-06,1.4738981974494932e-06,2.72647027069593e-07,1.7502925788778209e-06,4.495181578513688e-07,0.00045782550698601917,5.255395707074638e-07,4.069457790466838e-06,0.00011160142598430911,2.3413582477639402e-05,0.0005278198317882314,7.722191834067996e-06,2.586743108135441e-06,2.72647027069593e-07,4.495181578513688e-07,4.069457790466838e-06,5.255395707074638e-07,0.00045782550698601917,2.3413582477639402e-05,7.722191834067996e-06
386,1,son,,False,1.6346470245419304e-05,2.6688529572628562e-06,3.4808121961114687e-06,4.495181578513688e-07,3.169325442919291e-06,9.516251694168764e-07,0.00048621199923766566,1.1478768127080353e-06,0.00021411253592723288,0.00011513995656772139,2.0988308820313112e-05,0.0005569032319691715,6.014151777699533e-06,2.6688529572628562e-06,4.495181578513688e-07,9.516251694168764e-07,0.00021411253592723288,1.1478768127080353e-06,0.00048621199923766566,2.0988308820313112e-05,6.014151777699533e-06
386,2,son,,False,1.0554685795431098e-05,1.7778551863194697e-06,1.4738981974494932e-06,2.72647027069593e-07,1.5206840370677115e-06,6.144174602214718e-07,8.957788551478938e-06,3.1875652166284776e-07,2.5071593847983196e-06,0.002786458937919142,6.46203290719727e-05,0.0005041382353302037,4.264746818557914e-06,1.7778551863194697e-06,2.72647027069593e-07,6.144174602214718e-07,2.5071593847983196e-06,3.1875652166284776e-07,8.957788551478938e-06,6.46203290719727e-05,4.264746818557914e-06
387,0,child,,False,2.453694805426225e-05,4.198630823683514e-06,1.7231572752142392e-06,3.089494448007139e-07,2.212566909570261e-06,6.339210403977636e-07,0.0004552008131639649,5.422218970016178e-07,5.144221374220898e-06,0.00014550629385328434,3.569706350376584e-05,0.0005214731209501454,4.98595821272702e-06,4.198630823683514e-06,3.089494448007139e-07,6.339210403977636e-07,5.144221374220898e-06,5.422218970016178e-07,0.0004552008131639649,3.569706350376584e-05,4.98595821272702e-06
387,1,child,,False,7.967300986103147e-06,2.627477314480822e-06,1.1478768127080353e-06,2.561282210758673e-07,4.1335397768930325e-06,7.646537350121258e-07,0.0004775426141829032,7.527989669055592e-07,0.00021527750928249177,5.527786369235996e-05,1.0071400221737608e-05,0.0005156936737338665,3.7636447180974406e-06,2.627477314480822e-06,2.561282210758673e-07,7.646537350121258e-07,0.00021527750928249177,7.527989669055592e-07,0.0004775426141829032,1.0071400221737608e-05,3.7636447180974406e-06
387,2,child,,False,1.0391067562761452e-05,2.5071593847983196e-06,1.670142184809518e-06,2.4061023397180247e-07,1.7502925788778209e-06,5.955139348629957e-07,0.0004591733799654918,7.183260399857925e-07,4.61127481426412e-06,0.0007622196052140348,4.373344035182828e-05,0.0005071863494234538,4.683888424952456e-06,2.5071593847983196e-06,2.4061023397180247e-07,5.955139348629957e-07,4.61127481426412e-06,7.183260399857925e-07,0.0004591733799654918,4.373344035182828e-05,4.683888424952456e-06
388,0,daughter,,False,5.225226840386988e-06,1.4285517650093407e-06,9.516251694168764e-07,2.1907815825757866e-07,3.321419494792514e-06,7.411279871974134e-07,1.5000566214994787e-05,3.288749065460498e-07,2.97731143841062e-06,0.000770171190275983,7.208380258812108e-05,0.0004985843679459446,4.98595821272702e-06,1.4285517650093407e-06,2.1907815825757866e-07,7.411279871974134e-07,2.97731143841062e-06,3.288749065460498e-07,1.5000566214994787e-05,7.208380258812108e-05,4.98595821272702e-06
388,1,daughter,,False,6.302758756443267e-06,1.3007128466476034e-06,1.2606946239951315e-06,1.7061832388634166e-07,2.796930302582677e-06,5.77192003016332e-07,8.888084683809127e-06,2.4824800371656586e-07,1.7778551863194697e-06,0.00010987310729246431,2.571419797957771e-05,0.00048509359967748836,4.98595821272702e-06,1.3007128466476034e-06,1.7061832388634166e-07,5.77192003016332e-07,1.7778551863194697e-06,2.4824800371656586e-07,8.888084683809127e-06,2.571419797957771e-05,4.98595821272702e-06
388,2,daughter,,False,7.602479448313689e-06,1.7778551863194697e-06,1.6187581436151335e-06,2.72647027069593e-07,4.006369222920725e-06,6.962256250138369e-07,0.0004589890700764786,5.093705003229987e-07,4.1335397768930325e-06,0.00017546144100994869,5.0333557545281144e-05,0.0004919966182062518,3.120191139396651e-06,1.7778551863194697e-06,2.72647027069593e-07,6.962256250138369e-07,4.1335397768930325e-06,5.093705003229987e-07,0.0004589890700764786,5.0333557545281144e-05,3.120191139396651e-06
389,0,son,,False,1.3135179706526775e-05,3.4808121961114687e-06,2.5071593847983196e-06,3.9669859149467314e-07,3.169325442919291e-06,7.889262586245034e-07,0.0004568860484913106,5.422218970016178e-07,4.1335397768930325e-06,0.00018102110262026484,2.868540823874629e-05,0.0005267203585267405,4.98595821272702e-06,3.4808121961114687e-06,3.9669859149467314e-07,7.889262586245034e-07,4.1335397768930325e-06,5.422218970016178e-07,0.0004568860484913106,2.868540823874629e-05,4.98595821272702e-06
389,1,son,,False,7.2543618230189156e-06,2.01456908529364e-06,1.2606946239951315e-06,2.994440981371515e-07,3.0718185454758057e-06,8.939696304799168e-07,1.5000566214994787e-05,4.78509449489012e-07,3.6478537675800286e-06,0.0007470393220393539,5.112579049909173e-05,0.0004985843679459446,4.832563818725537e-06,2.01456908529364e-06,2.994440981371515e-07,8.939696304799168e-07,3.6478537675800286e-06,4.78509449489012e-07,1.5000566214994787e-05,5.112579049909173e-05,4.832563818725537e-06
389,2,son,,False,5.193048644949271e-05,1.7952796934677738e-05,3.944258675190877e-06,1.9223170236538178e-06,6.40200641038395e-06,1.6964426510543331e-06,0.0005056246997376632,1.4738981974494932e-06,0.0002207184759315317,0.0027290685694033377,6.166297347617125e-05,0.016148237034082108,3.0534893211185946e-05,1.7952796934677738e-05,1.9223170236538178e-06,1.6964426510543331e-06,0.0002207184759315317,1.4738981974494932e-06,0.0005056246997376632,6.166297347617125e-05,3.0534893211185946e-05
390,0,child,,False,2.453694805426225e-05,3.944258675190877e-06,2.796930302582677e-06,4.936988949458183e-07,5.738759521437678e-06,1.7778551863194697e-06,0.000465311635123257,7.183260399857925e-07,0.00021217710837818755,0.00016484829418512883,7.0311842669149565e-06,0.0005873034565397543,1.0554685795431098e-05,3.944258675190877e-06,4.936988949458183e-07,1.7778551863194697e-06,0.00021217710837818755,7.183260399857925e-07,0.000465311635123257,7.0311842669149565e-06,1.0554685795431098e-05
390,1,child,,False,7.484622751061123e-06,2.2827997192887966e-06,1.4285517650093407e-06,2.1907815825757866e-07,2.4300240743279605e-06,4.78509449489012e-07,1.4202364022997911e-05,4.936988949458183e-07,2.97731143841062e-06,0.0008091765268185392,8.559006367452268e-05,0.0004992412660775476,5.475976980449466e-06,2.2827997192887966e-06,2.1907815825757866e-07,4.78509449489012e-07,2.97731143841062e-06,4.936988949458183e-07,1.4202364022997911e-05,8.559006367452268e-05,5.475976980449466e-06
390,2,child,,False,1.2339457598623173e-05,2.0785170435063726e-06,1.4738981974494932e-06,2.9023119852110973e-07,2.01456908529364e-06,1.0783312222985275e-06,1.141223854434603e-05,4.6378732973537256e-07,2.5466403947055455e-06,0.0028344121635247347,5.4421326243255744e-05,0.0005096006331304874,4.53978687024344e-06,2.0785170435063726e-06,2.9023119852110973e-07,1.0783312222985275e-06,2.5466403947055455e-06,4.6378732973537256e-07,1.141223854434603e-05,5.4421326243255744e-05,4.53978687024344e-06
391,0,daughter,,False,1.0391067562761452e-05,2.6688529572628562e-06,2.4300240743279605e-06,4.222833444659923e-07,5.225226840386988e-06,1.0129990980873922e-06,0.00046968007670061194,8.398072034951531e-07,0.00021228441957103978,0.00010987310729246431,2.868540823874629e-05,0.0004999085000106341,4.400118457925303e-06,2.6688529572628562e-06,4.222833444659923e-07,1.0129990980873922e-06,0.00021228441957103978,8.398072034951531e-07,0.00046968007670061194,2.868540823874629e-05,4.400118457925303e-06
391,1,daughter,,False,2.571419797957771e-05,4.006369222920725e-06,3.4268490542555014e-06,4.936988949458183e-07,3.120191139396651e-06,7.183260399857925e-07,0.00046285603828612274,8.013499398837462e-07,0.00021308442800063956,0.00011160142598430911,1.8235460794662427e-05,0.0005096006331304874,2.931153855960119e-06,4.006369222920725e-06,4.936988949458183e-07,7.183260399857925e-07,0.00021308442800063956,8.013499398837462e-07,0.00046285603828612274,1.8235460794662427e-05,2.931153855960119e-06
391,2,daughter,,False,3.250358452365473e-05,5.391084403253366e-06,2.212566909570261e-06,7.889262586245034e-07,3.169325442919291e-06,1.0129990980873922e-06,0.0004602132171001878,4.6378732973537256e-07,0.00021166499492301485,0.002809879477103823,9.697519677825862e-05,0.0005465467242453664,9.610241549947397e-06,5.391084403253366e-06,7.889262586245034e-07,1.0129990980873922e-06,0.00021166499492301485,4.6378732973537256e-07,0.0004602132171001878,9.697519677825862e-05,9.610241549947397e-06
392,0,son,,False,2.4923252458203565e-05,2.840974294610978e-06,2.212566909570261e-06,4.78509449489012e-07,2.355261854303796e-06,9.818326983657703e-07,0.00046040712342594554,3.9669859149467314e-07,6.014151777699533e-06,0.0007293448983675676,2.3782205064034188e-05,0.0005335820331640444,6.205049602300744e-06,2.840974294610978e-06,4.78509449489012e-07,9.818326983657703e-07,6.014151777699533e-06,3.9669859149467314e-07,0.00046040712342594554,2.3782205064034188e-05,6.205049602300744e-06
392,1,son,,False,9.761566060239504e-06,1.7778551863194697e-06,1.7231572752142392e-06,2.9023119852110973e-07,3.7636447180974406e-06,7.889262586245034e-07,1.0637458416268341e-05,2.561282210758673e-07,1.8058518261159955e-06,0.00016743993037101191,3.569706350376584e-05,0.00048297182378774457,3.120191139396651e-06,1.7778551863194697e-06,2.9023119852110973e-07,7.889262586245034e-07,1.8058518261159955e-06,2.561282210758673e-07,1.0637458416268341e-05,3.569706350376584e-05,3.120191139396651e-06
392,2,son,,False,5.357805383473943e-05,8.888084683809127e-06,5.649793328376294e-06,8.139692624947503e-07,3.0718185454758057e-06,1.1843139025979655e-06,0.000478708021537921,1.0451548051737735e-06,0.0002148234988278738,0.00015487610942879803,1.2533751425646102e-05,0.0012214816546031542,1.535623976496012e-05,8.888084683809127e-06,8.139692624947503e-07,1.1843139025979655e-06,0.0002148234988278738,1.0451548051737735e-06,0.000478708021537921,1.2533751425646102e-05,1.535623976496012e-05
393,0,child,,False,1.3765463368900109e-05,2.1444948420913954e-06,2.840974294610978e-06,3.3931448129766124e-07,2.212566909570261e-06,6.339210403977636e-07,1.7400543552708932e-05,6.144174602214718e-07,3.4268490542555014e-06,0.0007226435938923609,3.3015272509780104e-05,0.0004985843679459446,4.264746818557914e-06,2.1444948420913954e-06,3.3931448129766124e-07,6.339210403977636e-07,3.4268490542555014e-06,6.144174602214718e-07,1.7400543552708932e-05,3.3015272509780104e-05,4.264746818557914e-06
393,1,child,,False,1.3135179706526775e-05,3.024195853395102e-06,2.01456908529364e-06,3.288749065460498e-07,3.120191139396651e-06,9.516251694168764e-07,1.2830942637841789e-05,4.936988949458183e-07,1.9223170236538178e-06,0.002809879477103823,8.167381046669487e-05,0.0005312230782558095,1.1959857805023158e-05,3.024195853395102e-06,3.288749065460498e-07,9.516251694168764e-07,1.9223170236538178e-06,4.936988949458183e-07,1.2830942637841789e-05,8.167381046669487e-05,1.1959857805023158e-05
393,2,child,,False,9.314593042575101e-06,1.3846004563753396e-06,1.9525885208642222e-06,3.500854414401442e-07,1.7231572752142392e-06,5.77192003016332e-07,1.7130819343483194e-05,3.500854414401442e-07,3.120191139396651e-06,0.00015011822567369918,2.453694805426225e-05,0.0004825669898577503,2.4300240743279605e-06,1.3846004563753396e-06,3.500854414401442e-07,5.77192003016332e-07,3.120191139396651e-06,3.500854414401442e-07,1.7130819343483194e-05,2.453694805426225e-05,2.4300240743279605e-06
394,0,daughter,,False,1.442598644847886e-05,2.7535691114583474e-06,2.0785170435063726e-06,5.255395707074638e-07,5.391084403253366e-06,1.4971083692627422e-06,0.0004753051800293774,1.2411496080609794e-06,0.00021608311625873148,9.697519677825862e-05,1.3765463368900109e-05,0.0005048825150668042,3.6478537675800286e-06,2.7535691114583474e-06,5.255395707074638e-07,1.4971083692627422e-06,0.00021608311625873148,1.2411496080609794e-06,0.0004753051800293774,1.3765463368900109e-05,3.6478537675800286e-06
394,1,daughter,,False,1.5598027633743823e-05,3.024195853395102e-06,2.5071593847983196e-06,3.6119830612765795e-07,2.2827997192887966e-06,6.540437226933637e-07,0.00045655430839767255,5.682435212870505e-07,3.8831109868779005e-06,0.0008091765268185392,5.792916699214217e-05,0.0004992412660775476,3.8831109868779005e-06,3.024195853395102e-06,3.6119830612765795e-07,6.540437226933637e-07,3.8831109868779005e-06,5.682435212870505e-07,0.00045655430839767255,5.792916699214217e-05,3.8831109868779005e-06
394,2,daughter,,False,2.2693385749600554e-05,4.006369222920725e-06,2.931153855960119e-06,5.255395707074638e-07,2.4300240743279605e-06,6.144174602214718e-07,0.00045663675831385605,7.183260399857925e-07,3.4808121961114687e-06,0.0009056139344932517,6.361912109467577e-05,0.0005300709180442588,7.2543618230189156e-06,4.006369222920725e-06,5.255395707074638e-07,6.144174602214718e-07,3.4808121961114687e-06,7.183260399857925e-07,0.00045663675831385605,6.361912109467577e-05,7.2543618230189156e-06
395,0,son,,False,4.173157606777201e-05,3.8831109868779005e-06,4.331903899346328e-06,5.594337713435001e-07,2.0462932829931794e-06,5.422218970016178e-07,0.0004664994696390103,9.080474758713811e-07,0.0002115672857688723,0.00011879054941163418,1.6603846953733614e-05,0.0005553536215526795,4.683888424952456e-06,3.8831109868779005e-06,5.594337713435001e-07,5.422218970016178e-07,0.0002115672857688723,9.080474758713811e-07,0.0004664994696390103,1.6603846953733614e-05,4.683888424952456e-06
395,1,son,,False,6.922183404468203e-06,1.4285517650093407e-06,1.5206840370677115e-06,2.9023119852110973e-07,3.535625074174432e-06,7.646537350121258e-07,1.7130819343483194e-05,3.500854414401442e-07,2.6688529572628562e-06,0.000754511454683582,4.173157606777201e-05,0.0004936825844797785,3.7636447180974406e-06,1.4285517650093407e-06,2.9023119852110973e-07,7.646537350121258e-07,2.6688529572628562e-06,3.500854414401442e-07,1.7130819343483194e-05,4.173157606777201e-05,3.7636447180974406e-06
395,2,son,,False,8.61465062380632e-06,1.4285517650093407e-06,1.3007128466476034e-06,2.561282210758673e-07,3.8831109868779005e-06,6.962256250138369e-07,1.0391067562761452e-05,2.72647027069593e-07,2.1112482331487175e-06,0.0007507463408459455,5.8840881855693875e-05,0.00048138973993243486,4.400118457925303e-06,1.4285517650093407e-06,2.561282210758673e-07,6.962256250138369e-07,2.1112482331487175e-06,2.72647027069593e-07,1.0391067562761452e-05,5.8840881855693875e-05,4.400118457925303e-06
396,0,child,,False,1.2931563954607948e-05,3.4808121961114687e-06,1.8925148246037342e-06,3.726639284186561e-07,4.757645425657629e-06,8.664653147910923e-07,0.00045429807851823744,6.643433442159853e-07,4.069457790466838e-06,0.0007193703321376295,3.799845147518645e-05,0.0005278198317882314,9.314593042575101e-06,3.4808121961114687e-06,3.726639284186561e-07,8.664653147910923e-07,4.069457790466838e-06,6.643433442159853e-07,0.00045429807851823744,3.799845147518645e-05,9.314593042575101e-06
396,1,child,,False,2.453694805426225e-05,3.8831109868779005e-06,2.586743108135441e-06,4.78509449489012e-07,2.2474089854291757e-06,8.139692624947503e-07,0.00046253722914952185,8.267873072601938e-07,5.144221374220898e-06,0.0007397960144200369,3.9204178923762816e-05,0.0005335820331640444,4.832563818725537e-06,3.8831109868779005e-06,4.78509449489012e-07,8.139692624947503e-07,5.144221374220898e-06,8.267873072601938e-07,0.00046253722914952185,3.9204178923762816e-05,4.832563818725537e-06
396,2,child,,False,1.971694219622292e-05,2.355261854303796e-06,2.586743108135441e-06,3.3931448129766124e-07,1.4971083692627422e-06,4.78509449489012e-07,0.00045315838477809784,6.339210403977636e-07,3.6478537675800286e-06,0.0007161476078247872,5.112579049909173e-05,0.0004992412660775476,3.535625074174432e-06,2.355261854303796e-06,3.3931448129766124e-07,4.78509449489012e-07,3.6478537675800286e-06,6.339210403977636e-07,0.00045315838477809784,5.112579049909173e-05,3.535625074174432e-06
397,0,daughter,,False,7.722191834067996e-06,2.1444948420913954e-06,1.3846004563753396e-06,2.8130174840733105e-07,4.400118457925303e-06,1.0783312222985275e-06,0.0004607995081828346,9.080474758713811e-07,4.832563818725537e-06,0.0008333216862332929,0.00010005044009099887,0.0005185157653543439,7.484622751061123e-06,2.1444948420913954e-06,2.8130174840733105e-07,1.0783312222985275e-06,4.832563818725537e-06,9.080474758713811e-07,0.0004607995081828346,0.00010005044009099887,7.484622751061123e-06
397,1,daughter,,False,2.0027376671813928e-05,3.5913010679499402e-06,2.586743108135441e-06,5.255395707074638e-07,2.7535691114583474e-06,7.183260399857925e-07,0.00046968007670061194,9.223470110117277e-07,5.475976980449466e-06,0.01018417341183752,0.00013045066466158166,0.0005130006664921807,5.307507822667365e-06,3.5913010679499402e-06,5.255395707074638e-07,7.183260399857925e-07,5.475976980449466e-06,9.223470110117277e-07,0.00046968007670061194,0.00013045066466158166,5.307507822667365e-06
397,2,daughter,,False,2.571419797957771e-05,5.064471653194114e-06,2.2827997192887966e-06,3.9669859149467314e-07,2.931153855960119e-06,6.748051590048605e-07,0.0004807814521955314,1.0953122821495382e-06,0.00021453243307176662,0.0007226435938923609,2.913700606794303e-05,0.0005852836038915696,7.2543618230189156e-06,5.064471653194114e-06,3.9669859149467314e-07,6.748051590048605e-07,0.00021453243307176662,1.0953122821495382e-06,0.0004807814521955314,2.913700606794303e-05,7.2543618230189156e-06
398,0,son,,False,4.108485376346404e-05,5.738759521437678e-06,3.5913010679499402e-06,6.144174602214718e-07,4.53978687024344e-06,1.4285517650093407e-06,0.00046416927920648823,7.183260399857925e-07,6.014151777699533e-06,9.399438806628559e-05,2.653023768982879e-05,0.0005451573766566274,3.321419494792514e-06,5.738759521437678e-06,6.144174602214718e-07,1.4285517650093407e-06,6.014151777699533e-06,7.183260399857925e-07,0.00046416927920648823,2.653023768982879e-05,3.321419494792514e-06
398,1,son,,False,1.535623976496012e-05,3.0718185454758057e-06,1.4738981974494932e-06,2.6425858208426533e-07,2.4682904407607285e-06,6.962256250138369e-07,0.0004703543012372018,8.139692624947503e-07,0.00021228441957103978,0.00015011822567369918,2.2693385749600554e-05,0.0005214731209501454,4.400118457925303e-06,3.0718185454758057e-06,2.6425858208426533e-07,6.962256250138369e-07,0.00021228441957103978,8.139692624947503e-07,0.0004703543012372018,2.2693385749600554e-05,4.400118457925303e-06
398,2,son,,False,1.2148175280558357e-05,2.840974294610978e-06,1.8342893327886845e-06,3.6119830612765795e-07,2.88571183887091e-06,9.516251694168764e-07,0.00045614685345612537,5.255395707074638e-07,5.144221374220898e-06,0.00012448433020883747,2.6119031909571944e-05,0.0004999085000106341,3.8831109868779005e-06,2.840974294610978e-06,3.6119830612765795e-07,9.516251694168764e-07,5.144221374220898e-06,5.255395707074638e-07,0.00045614685345612537,2.6119031909571944e-05,3.8831109868779005e-06
399,0,child,,False,1.5118199327273332e-05,2.840974294610978e-06,2.1444948420913954e-06,3.3931448129766124e-07,2.3187477504664324e-06,6.339210403977636e-07,0.0004622221322539132,6.540437226933637e-07,5.562206273647035e-06,0.0001410358496618023,2.234163601827719e-05,0.000510430845712912,4.1335397768930325e-06,2.840974294610978e-06,3.3931448129766124e-07,6.339210403977636e-07,5.562206273647035e-06,6.540437226933637e-07,0.0004622221322539132,2.234163601827719e-05,4.1335397768930325e-06
399,1,child,,False,1.6865275398914433e-05,2.7535691114583474e-06,2.01456908529364e-06,3.089494448007139e-07,2.6688529572628562e-06,7.411279871974134e-07,0.0004664994696390103,6.048918580418918e-07,0.0002137118639848327,0.00010322310367548195,2.199533724320648e-05,0.0004898680643879527,2.7535691114583474e-06,2.7535691114583474e-06,3.089494448007139e-07,7.411279871974134e-07,0.0002137118639848327,6.048918580418918e-07,0.0004664994696390103,2.199533724320648e-05,2.7535691114583474e-06
399,2,child,,False,9.314593042575101e-06,2.931153855960119e-06,1.8342893327886845e-06,2.561282210758673e-07,4.757645425657629e-06,1.1478768127080353e-06,0.0004700830312855635,7.527989669055592e-07,5.064471653194114e-06,0.0007362579817833515,4.305570813246149e-05,0.0005372613854410962,8.750299760661308e-06,2.931153855960119e-06,2.561282210758673e-07,1.1478768127080353e-06,5.064471653194114e-06,7.527989669055592e-07,0.0004700830312855635,4.305570813246149e-05,8.750299760661308e-06
400,0,daughter,,False,5.527786369235996e-05,6.302758756443267e-06,7.484622751061123e-06,1.4738981974494932e-06,6.10885510164857e-06,2.355261854303796e-06,0.0005132685271735404,1.8058518261159955e-06,0.00022477355484446784,0.01042511913352564,0.00021657671990027002,0.0011435787590044176,6.205049602300744e-06,6.302758756443267e-06,1.4738981974494932e-06,2.355261854303796e-06,0.00022477355484446784,1.8058518261159955e-06,0.0005132685271735404,0.00021657671990027002,6.205049602300744e-06
400,1,daughter,,False,3.799845147518645e-05,9.170196905195049e-06,2.7535691114583474e-06,9.223470110117277e-07,5.064471653194114e-06,1.4738981974494932e-06,0.0004993518312321139,1.1300808333434096e-06,0.0002182938001211795,0.0008383797509002126,5.193048644949271e-05,0.001267356656944839,1.3552078562406772e-05,9.170196905195049e-06,9.223470110117277e-07,1.4738981974494932e-06,0.0002182938001211795,1.1300808333434096e-06,0.0004993518312321139,5.193048644949271e-05,1.3552078562406772e-05
400,2,daughter,,False,1.141223854434603e-05,3.169325442919291e-06,1.4738981974494932e-06,2.994440981371515e-07,2.710880136557205e-06,9.223470110117277e-07,0.00045655430839767255,8.664653147910923e-07,4.1335397768930325e-06,0.0007007652612809208,3.150386940813393e-05,0.0005398117107140829,6.014151777699533e-06,3.169325442919291e-06,2.994440981371515e-07,9.223470110117277e-07,4.1335397768930325e-06,8.664653147910923e-07,0.00045655430839767255,3.150386940813393e-05,6.014151777699533e-06
401,0,son,,False,1.3342001090985438e-05,3.024195853395102e-06,1.4738981974494932e-06,2.4824800371656586e-07,5.064471653194114e-06,1.0783312222985275e-06,0.0004573934753055137,6.748051590048605e-07,3.535625074174432e-06,0.0007293448983675676,4.108485376346404e-05,0.0005175603499223236,6.40200641038395e-06,3.024195853395102e-06,2.4824800371656586e-07,1.0783312222985275e-06,3.535625074174432e-06,6.748051590048605e-07,0.0004573934753055137,4.108485376346404e-05,6.40200641038395e-06
401,1,son,,False,2.7803096387751555e-05,4.908661889889002e-06,2.355261854303796e-06,6.339210403977636e-07,2.796930302582677e-06,8.398072034951531e-07,0.00046542834273342664,6.540437226933637e-07,6.10885510164857e-06,8.830458477845481e-05,1.6865275398914433e-05,0.0011600053574022634,1.0889691002655445e-05,4.908661889889002e-06,6.339210403977636e-07,8.398072034951531e-07,6.10885510164857e-06,6.540437226933637e-07,0.00046542834273342664,1.6865275398914433e-05,1.0889691002655445e-05
401,2,son,,False,1.5598027633743823e-05,2.0785170435063726e-06,2.4300240743279605e-06,3.726639284186561e-07,2.0785170435063726e-06,8.139692624947503e-07,1.5118199327273332e-05,4.6378732973537256e-07,3.169325442919291e-06,0.00011513995656772139,3.8596609058077356e-05,0.0005019738542559919,3.024195853395102e-06,2.0785170435063726e-06,3.726639284186561e-07,8.139692624947503e-07,3.169325442919291e-06,4.6378732973537256e-07,1.5118199327273332e-05,3.8596609058077356e-05,3.024195853395102e-06
402,0,child,,False,4.044814978420809e-05,6.302758756443267e-06,4.400118457925303e-06,8.139692624947503e-07,3.7636447180974406e-06,1.7778551863194697e-06,0.0005264113860157832,1.7231572752142392e-06,0.0002270166411560819,0.0028019515705435595,9.697519677825862e-05,0.0005914388320078819,8.220189478350845e-06,6.302758756443267e-06,8.139692624947503e-07,1.7778551863194697e-06,0.0002270166411560819,1.7231572752142392e-06,0.0005264113860157832,9.697519677825862e-05,8.220189478350845e-06
402,1,child,,False,8.092757566536092e-06,1.670142184809518e-06,1.1478768127080353e-06,2.0580491096133835e-07,2.97731143841062e-06,6.962256250138369e-07,1.3342001090985438e-05,2.9023119852110973e-07,2.6688529572628562e-06,0.00017821963223663923,4.044814978420809e-05,0.00048297182378774457,3.024195853395102e-06,1.670142184809518e-06,2.0580491096133835e-07,6.962256250138369e-07,2.6688529572628562e-06,2.9023119852110973e-07,1.3342001090985438e-05,4.044814978420809e-05,3.024195853395102e-06
402,2,child,,False,6.205049602300744e-06,1.8925148246037342e-06,8.939696304799168e-07,1.7061832388634166e-07,4.006369222920725e-06,1.2606946239951315e-06,1.3238186559744398e-05,3.84493505874534e-07,2.1444948420913954e-06,7.554056327295277e-05,1.5118199327273332e-05,0.0005087832783276653,9.028039015031105e-06,1.8925148246037342e-06,1.7061832388634166e-07,1.2606946239951315e-06,2.1444948420913954e-06,3.84493505874534e-07,1.3238186559744398e-05,1.5118199327273332e-05,9.028039015031105e-06
403,0,daughter,,False,1.941131867789626e-05,2.6688529572628562e-06,1.7778551863194697e-06,2.4824800371656586e-07,1.8342893327886845e-06,5.955139348629957e-07,0.00047160156818198664,1.1125607488784412e-06,5.920916517463734e-06,0.002934750458319067,1.3765463368900109e-05,0.000510430845712912,4.006369222920725e-06,2.6688529572628562e-06,2.4824800371656586e-07,5.955139348629957e-07,5.920916517463734e-06,1.1125607488784412e-06,0.00047160156818198664,1.3765463368900109e-05,4.006369222920725e-06
403,1,daughter,,False,1.9110431587777674e-05,4.757645425657629e-06,1.5689549727726036e-06,3.9669859149467314e-07,4.757645425657629e-06,8.664653147910923e-07,0.00046901888401438977,9.666109404131067e-07,0.00021320602528870992,0.0030897177774876707,0.00023596606820630445,0.0005194862076891146,6.814872211615988e-06,4.757645425657629e-06,3.9669859149467314e-07,8.664653147910923e-07,0.00021320602528870992,9.666109404131067e-07,0.00046901888401438977,0.00023596606820630445,6.814872211615988e-06
403,2,daughter,,False,3.9821309061635425e-05,1.0554685795431098e-05,5.920916517463734e-06,2.1782649863110498e-06,4.908661889889002e-06,2.212566909570261e-06,0.0004837014865369547,1.1300808333434096e-06,0.0002154336363883092,0.020559783622396525,0.0004101929257867252,0.010111682239566159,2.0342697805520655e-05,1.0554685795431098e-05,2.1782649863110498e-06,2.212566909570261e-06,0.0002154336363883092,1.1300808333434096e-06,0.0004837014865369547,0.0004101929257867252,2.0342697805520655e-05
404,0,son,,False,1.8814207550495463e-05,2.2827997192887966e-06,1.8342893327886845e-06,3.1875652166284776e-07,1.8342893327886845e-06,5.955139348629957e-07,0.0004564721797880551,4.936988949458183e-07,4.400118457925303e-06,7.916296072837432e-05,1.15919343186331e-05,0.0005096006331304874,5.475976980449466e-06,2.2827997192887966e-06,3.1875652166284776e-07,5.955139348629957e-07,4.400118457925303e-06,4.936988949458183e-07,0.0004564721797880551,1.15919343186331e-05,5.475976980449466e-06
404,1,son,,False,3.150386940813393e-05,5.562206273647035e-06,3.944258675190877e-06,6.643433442159853e-07,5.064471653194114e-06,1.4738981974494932e-06,0.0005303072358563744,1.7502925788778209e-06,0.00022303674997692745,5.8840881855693875e-05,3.2192334497037803e-06,0.0011910337569959485,7.484622751061123e-06,5.562206273647035e-06,6.643433442159853e-07,1.4738981974494932e-06,0.00022303674997692745,1.7502925788778209e-06,0.0005303072358563744,3.2192334497037803e-06,7.484622751061123e-06
404,2,son,,False,5.4421326243255744e-05,2.1318756129065198e-05,5.475976980449466e-06,2.840974294610978e-06,9.028039015031105e-06,7.843789122138342e-06,0.0005497288249495183,2.5071593847983196e-06,0.0002378658206902263,0.0007507463408459455,3.1999824407395835e-05,0.08325672197187586,0.0023843788055244856,2.1318756129065198e-05,2.840974294610978e-06,7.843789122138342e-06,0.0002378658206902263,2.5071593847983196e-06,0.0005497288249495183,3.1999824407395835e-05,0.0023843788055244856
405,0,child,,False,8.092757566536092e-06,1.4285517650093407e-06,1.2606946239951315e-06,1.816222403812674e-07,2.1112482331487175e-06,7.411279871974134e-07,0.0004571382759572523,5.422218970016178e-07,3.8831109868779005e-06,7.321812616608614e-05,2.5071593847983196e-06,0.0005347894011802569,4.53978687024344e-06,1.4285517650093407e-06,1.816222403812674e-07,7.411279871974134e-07,3.8831109868779005e-06,5.422218970016178e-07,0.0004571382759572523,2.5071593847983196e-06,4.53978687024344e-06
405,1,child,,False,6.922183404468203e-06,1.8925148246037342e-06,9.818326983657703e-07,1.816222403812674e-07,3.4808121961114687e-06,8.139692624947503e-07,0.00045474415865984284,4.5659700648367735e-07,2.840974294610978e-06,7.554056327295277e-05,1.609308249869283e-05,0.0005130006664921807,5.649793328376294e-06,1.8925148246037342e-06,1.816222403812674e-07,8.139692624947503e-07,2.840974294610978e-06,4.5659700648367735e-07,0.00045474415865984284,1.609308249869283e-05,5.649793328376294e-06
405,2,child,,False,7.484622751061123e-06,2.1444948420913954e-06,1.1125607488784412e-06,1.8738753836511972e-07,4.400118457925303e-06,7.889262586245034e-07,1.7400543552708932e-05,4.356879983467376e-07,3.0718185454758057e-06,0.00015487610942879803,3.740956047302422e-05,0.0005214731209501454,1.0554685795431098e-05,2.1444948420913954e-06,1.8738753836511972e-07,7.889262586245034e-07,3.0718185454758057e-06,4.356879983467376e-07,1.7400543552708932e-05,3.740956047302422e-05,1.0554685795431098e-05
406,0,daughter,,False,9.399438806628559e-05,0.000747540544174614,1.0889691002655445e-05,5.920916517463734e-06,3.4062932773341e-05,1.941131867789626e-05,0.0006029238013387538,3.6478537675800286e-06,0.00025414794844479815,0.00012843081201339694,2.6947915555885546e-05,0.18377656676994997,0.005494830633599986,0.000747540544174614,5.920916517463734e-06,1.941131867789626e-05,0.00025414794844479815,3.6478537675800286e-06,0.0006029238013387538,2.6947915555885546e-05,0.005494830633599986
406,1,daughter,,False,1.1235328063870752e-05,1.7778551863194697e-06,1.3007128466476034e-06,1.9333584585546466e-07,1.8058518261159955e-06,4.495181578513688e-07,0.0004660187641789279,9.516251694168764e-07,0.00021608311625873148,5.112579049909173e-05,9.028039015031105e-06,0.00048644850322948033,1.8925148246037342e-06,1.7778551863194697e-06,1.9333584585546466e-07,4.495181578513688e-07,0.00021608311625873148,9.516251694168764e-07,0.0004660187641789279,9.028039015031105e-06,1.8925148246037342e-06
406,2,daughter,,False,2.8240807799315707e-05,5.144221374220898e-06,6.014151777699533e-06,1.0783312222985275e-06,3.7636447180974406e-06,2.0785170435063726e-06,0.0004810475255280043,1.3007128466476034e-06,0.0002142503208503807,0.010267683829227305,0.0002217013022947387,0.0005523259629862285,4.683888424952456e-06,5.144221374220898e-06,1.0783312222985275e-06,2.0785170435063726e-06,0.0002142503208503807,1.3007128466476034e-06,0.0004810475255280043,0.0002217013022947387,4.683888424952456e-06
407,0,son,,False,1.3342001090985438e-05,1.8925148246037342e-06,3.321419494792514e-06,2.6425858208426533e-07,2.4300240743279605e-06,7.183260399857925e-07,0.0004609980105272653,5.422218970016178e-07,4.53978687024344e-06,5.7031570707833595e-05,3.373722476473661e-06,0.0004919966182062518,2.931153855960119e-06,1.8925148246037342e-06,2.6425858208426533e-07,7.183260399857925e-07,4.53978687024344e-06,5.422218970016178e-07,0.0004609980105272653,3.373722476473661e-06,2.931153855960119e-06
407,1,son,,False,2.0027376671813928e-05,2.4300240743279605e-06,3.024195853395102e-06,5.77192003016332e-07,2.97731143841062e-06,1.8925148246037342e-06,0.0004906539349541232,2.1444948420913954e-06,0.0002263505449868847,0.0027568755852843594,1.971694219622292e-05,0.0005493912805431325,4.400118457925303e-06,2.4300240743279605e-06,5.77192003016332e-07,1.8925148246037342e-06,0.0002263505449868847,2.1444948420913954e-06,0.0004906539349541232,1.971694219622292e-05,4.400118457925303e-06
407,2,son,,False,2.3413582477639402e-05,7.0311842669149565e-06,7.722191834067996e-06,1.3846004563753396e-06,4.198630823683514e-06,1.8631746484712008e-06,0.0005098541573453788,9.666109404131067e-07,0.00021770169376519476,5.357805383473943e-05,9.461262661302227e-06,0.0013111811701143894,1.15919343186331e-05,7.0311842669149565e-06,1.3846004563753396e-06,1.8631746484712008e-06,0.00021770169376519476,9.666109404131067e-07,0.0005098541573453788,9.461262661302227e-06,1.15919343186331e-05
408,0,child,,False,1.3342001090985438e-05,2.7535691114583474e-06,1.5206840370677115e-06,2.9023119852110973e-07,2.931153855960119e-06,7.889262586245034e-07,0.00046339575522479667,9.516251694168764e-07,5.225226840386988e-06,0.0006978298516223775,5.112579049909173e-05,0.0005398117107140829,6.814872211615988e-06,2.7535691114583474e-06,2.9023119852110973e-07,7.889262586245034e-07,5.225226840386988e-06,9.516251694168764e-07,0.00046339575522479667,5.112579049909173e-05,6.814872211615988e-06
408,1,child,,False,7.437028637763686e-05,1.4202364022997911e-05,5.829126566113866e-06,1.7778551863194697e-06,5.649793328376294e-06,2.5071593847983196e-06,0.0004686283187719674,7.183260399857925e-07,0.00021411253592723288,0.06534144564197028,0.000568590693522782,0.0012789223310902436,2.0342697805520655e-05,1.4202364022997911e-05,1.7778551863194697e-06,2.5071593847983196e-06,0.00021411253592723288,7.183260399857925e-07,0.0004686283187719674,0.000568590693522782,2.0342697805520655e-05
408,2,child,,False,8.830458477845481e-05,9.915273115920183e-06,4.61127481426412e-06,1.1300808333434096e-06,3.7636447180974406e-06,1.1843139025979655e-06,0.0005186859873661519,1.2219076020491008e-06,0.00022120585807682417,0.0007098506750714406,1.609308249869283e-05,0.016013605598304635,1.7400543552708932e-05,9.915273115920183e-06,1.1300808333434096e-06,1.1843139025979655e-06,0.00022120585807682417,1.2219076020491008e-06,0.0005186859873661519,1.609308249869283e-05,1.7400543552708932e-05
409,0,daughter,,False,6.302758756443267e-06,2.01456908529364e-06,1.3420013504783412e-06,2.332074525844782e-07,2.2827997192887966e-06,5.093705003229987e-07,0.00046285603828612274,7.527989669055592e-07,0.00021320602528870992,0.0007259681821955923,4.173157606777201e-05,0.0004883566612863065,2.931153855960119e-06,2.01456908529364e-06,2.332074525844782e-07,5.093705003229987e-07,0.00021320602528870992,7.527989669055592e-07,0.00046285603828612274,4.173157606777201e-05,2.931153855960119e-06
409,1,daughter,,False,9.170196905195049e-06,2.7535691114583474e-06,1.1478768127080353e-06,2.123378462433771e-07,1.8342893327886845e-06,5.594337713435001e-07,0.0004540789271199055,7.766951856747235e-07,4.264746818557914e-06,0.0007226435938923609,2.868540823874629e-05,0.0005156936737338665,3.321419494792514e-06,2.7535691114583474e-06,2.123378462433771e-07,5.594337713435001e-07,4.264746818557914e-06,7.766951856747235e-07,0.0004540789271199055,2.868540823874629e-05,3.321419494792514e-06
409,2,daughter,,False,2.737216731838081e-05,4.1335397768930325e-06,2.6688529572628562e-06,6.339210403977636e-07,3.2699273422345685e-06,9.516251694168764e-07,0.0004983622728967738,8.80110037979258e-07,0.00021770169376519476,0.0007622196052140348,5.8840881855693875e-05,0.0005813371220870101,4.53978687024344e-06,4.1335397768930325e-06,6.339210403977636e-07,9.516251694168764e-07,0.00021770169376519476,8.80110037979258e-07,0.0004983622728967738,5.8840881855693875e-05,4.53978687024344e-06
410,0,son,,False,1.1959857805023158e-05,2.5071593847983196e-06,1.7778551863194697e-06,2.561282210758673e-07,3.4808121961114687e-06,9.223470110117277e-07,0.00045598608581835884,5.862814011886353e-07,3.4268490542555014e-06,9.547317110805593e-05,1.7674513810355872e-05,0.0005156936737338665,4.400118457925303e-06,2.5071593847983196e-06,2.561282210758673e-07,9.223470110117277e-07,3.4268490542555014e-06,5.862814011886353e-07,0.00045598608581835884,1.7674513810355872e-05,4.400118457925303e-06
410,1,son,,False,1.2731104162213555e-05,2.2827997192887966e-06,1.8925148246037342e-06,1.994729721527057e-07,7.14190139989638e-06,1.4510478554719287e-06,0.0004588061938267481,7.296379465971514e-07,4.331903899346328e-06,5.193048644949271e-05,2.586743108135441e-06,0.0005138843625860062,6.605214485464791e-06,2.2827997192887966e-06,1.994729721527057e-07,1.4510478554719287e-06,4.331903899346328e-06,7.296379465971514e-07,0.0004588061938267481,2.586743108135441e-06,6.605214485464791e-06
410,2,son,,False,1.7130819343483194e-05,2.7535691114583474e-06,2.6688529572628562e-06,5.255395707074638e-07,2.4682904407607285e-06,1.1478768127080353e-06,1.6865275398914433e-05,5.255395707074638e-07,3.7636447180974406e-06,0.0007098506750714406,3.459916031782155e-05,0.0005508471799444582,6.40200641038395e-06,2.7535691114583474e-06,5.255395707074638e-07,1.1478768127080353e-06,3.7636447180974406e-06,5.255395707074638e-07,1.6865275398914433e-05,3.459916031782155e-05,6.40200641038395e-06
411,0,child,,False,1.2931563954607948e-05,2.2827997192887966e-06,3.4268490542555014e-06,6.962256250138369e-07,2.212566909570261e-06,1.2219076020491008e-06,0.00048792370815007983,1.6442494559854523e-06,0.0002148234988278738,0.00089952090870963,0.00012448433020883747,0.0005041382353302037,3.535625074174432e-06,2.2827997192887966e-06,6.962256250138369e-07,1.2219076020491008e-06,0.0002148234988278738,1.6442494559854523e-06,0.00048792370815007983,0.00012448433020883747,3.535625074174432e-06
411,1,child,,False,1.141223854434603e-05,3.024195853395102e-06,1.2219076020491008e-06,2.332074525844782e-07,5.225226840386988e-06,1.0783312222985275e-06,0.00046201410865757075,6.643433442159853e-07,3.822911232549001e-06,0.00011160142598430911,4.512106237781923e-05,0.0005245722151820294,1.0889691002655445e-05,3.024195853395102e-06,2.332074525844782e-07,1.0783312222985275e-06,3.822911232549001e-06,6.643433442159853e-07,0.00046201410865757075,4.512106237781923e-05,1.0889691002655445e-05
411,2,child,,False,1.3982207564732913e-05,4.469407144215697e-06,1.8342893327886845e-06,4.356879983467376e-07,5.562206273647035e-06,1.0129990980873922e-06,0.0004717428775960644,7.889262586245034e-07,0.00021345499373310768,0.00012843081201339694,3.569706350376584e-05,0.0005600758955536546,6.814872211615988e-06,4.469407144215697e-06,4.356879983467376e-07,1.0129990980873922e-06,0.00021345499373310768,7.889262586245034e-07,0.0004717428775960644,3.569706350376584e-05,6.814872211615988e-06
412,0,daughter,,False,2.4923252458203565e-05,5.920916517463734e-06,3.0718185454758057e-06,4.356879983467376e-07,3.535625074174432e-06,8.398072034951531e-07,0.0004799057068598854,1.5446309562386385e-06,0.00021345499373310768,0.00014325365947100792,1.3982207564732913e-05,0.0005372613854410962,5.829126566113866e-06,5.920916517463734e-06,4.356879983467376e-07,8.398072034951531e-07,0.00021345499373310768,1.5446309562386385e-06,0.0004799057068598854,1.3982207564732913e-05,5.829126566113866e-06
412,1,daughter,,False,6.10885510164857e-06,1.7778551863194697e-06,7.889262586245034e-07,1.8738753836511972e-07,4.198630823683514e-06,8.664653147910923e-07,1.4768038336604361e-05,3.6119830612765795e-07,2.586743108135441e-06,0.0008435169429986132,8.969393236719384e-05,0.0005012746277703161,7.722191834067996e-06,1.7778551863194697e-06,1.8738753836511972e-07,8.664653147910923e-07,2.586743108135441e-06,3.6119830612765795e-07,1.4768038336604361e-05,8.969393236719384e-05,7.722191834067996e-06
412,2,daughter,,False,6.014151777699533e-06,1.4738981974494932e-06,1.1478768127080353e-06,1.7061832388634166e-07,4.069457790466838e-06,7.411279871974134e-07,0.00046968007670061194,8.139692624947503e-07,4.832563818725537e-06,0.00013670256456563558,8.750299760661308e-06,0.0005005862322300009,7.722191834067996e-06,1.4738981974494932e-06,1.7061832388634166e-07,7.411279871974134e-07,4.832563818725537e-06,8.139692624947503e-07,0.00046968007670061194,8.750299760661308e-06,7.722191834067996e-06
413,0,son,,False,2.571419797957771e-05,5.064471653194114e-06,1.9525885208642222e-06,4.0929110499856e-07,2.2827997192887966e-06,5.77192003016332e-07,0.00045889745344538133,6.540437226933637e-07,4.683888424952456e-06,0.0007397960144200369,4.044814978420809e-05,0.0005584771959849743,7.967300986103147e-06,5.064471653194114e-06,4.0929110499856e-07,5.77192003016332e-07,4.683888424952456e-06,6.540437226933637e-07,0.00045889745344538133,4.044814978420809e-05,7.967300986103147e-06
413,1,son,,False,1.2148175280558357e-05,2.5071593847983196e-06,1.8342893327886845e-06,2.72647027069593e-07,2.586743108135441e-06,9.516251694168764e-07,0.00048332643359647655,1.0451548051737735e-06,0.00021358242564492241,9.110511944006454e-05,1.141223854434603e-05,0.0005553536215526795,7.0311842669149565e-06,2.5071593847983196e-06,2.72647027069593e-07,9.516251694168764e-07,0.00021358242564492241,1.0451548051737735e-06,0.00048332643359647655,1.141223854434603e-05,7.0311842669149565e-06
413,2,son,,False,1.9110431587777674e-05,4.757645425657629e-06,2.0785170435063726e-06,8.939696304799168e-07,3.822911232549001e-06,1.4285517650093407e-06,0.0005393129430988665,8.530321297909616e-07,0.00021809334032878513,0.002749761539826477,4.7285443452031076e-05,0.001235236765076339,1.3135179706526775e-05,4.757645425657629e-06,8.939696304799168e-07,1.4285517650093407e-06,0.00021809334032878513,8.530321297909616e-07,0.0005393129430988665,4.7285443452031076e-05,1.3135179706526775e-05
414,0,child,,False,8.693673928062173e-05,8.092757566536092e-06,1.1959857805023158e-05,1.1843139025979655e-06,3.8831109868779005e-06,2.5071593847983196e-06,0.0004870104393978988,2.2474089854291757e-06,0.00021956460018956949,0.0028261078542871536,7.916296072837432e-05,0.0005235230228025316,6.605214485464791e-06,8.092757566536092e-06,1.1843139025979655e-06,2.5071593847983196e-06,0.00021956460018956949,2.2474089854291757e-06,0.0004870104393978988,7.916296072837432e-05,6.605214485464791e-06
414,1,child,,False,3.625900662832244e-05,6.014151777699533e-06,4.1335397768930325e-06,9.818326983657703e-07,3.120191139396651e-06,1.1843139025979655e-06,0.00048426958324596857,8.267873072601938e-07,0.00021453243307176662,6.667023092435894e-05,1.177445922838707e-05,0.0012121048968397102,1.1959857805023158e-05,6.014151777699533e-06,9.818326983657703e-07,1.1843139025979655e-06,0.00021453243307176662,8.267873072601938e-07,0.00048426958324596857,1.177445922838707e-05,1.1959857805023158e-05
414,2,child,,False,1.535623976496012e-05,3.373722476473661e-06,1.9525885208642222e-06,6.540437226933637e-07,3.822911232549001e-06,1.4285517650093407e-06,0.0004874143574172347,6.962256250138369e-07,0.00021453243307176662,0.0030191947476948433,0.00013045066466158166,0.0005914388320078819,5.307507822667365e-06,3.373722476473661e-06,6.540437226933637e-07,1.4285517650093407e-06,0.00021453243307176662,6.962256250138369e-07,0.0004874143574172347,0.00013045066466158166,5.307507822667365e-06
415,0,daughter,,False,1.7952796934677738e-05,2.5071593847983196e-06,4.832563818725537e-06,7.183260399857925e-07,4.264746818557914e-06,1.670142184809518e-06,0.0004884380521100645,9.223470110117277e-07,0.0002167744747109176,0.0008935216182967705,8.040859356292355e-05,0.0005385266023448675,6.014151777699533e-06,2.5071593847983196e-06,7.183260399857925e-07,1.670142184809518e-06,0.0002167744747109176,9.223470110117277e-07,0.0004884380521100645,8.040859356292355e-05,6.014151777699533e-06
415,1,daughter,,False,4.238847419937498e-05,8.349627818261147e-06,3.120191139396651e-06,8.267873072601938e-07,5.391084403253366e-06,2.1444948420913954e-06,0.0005025456317423477,1.5936620247162786e-06,0.0002219660831203052,8.167381046669487e-05,3.6478537675800286e-06,0.0013034453257005688,2.1654404989510328e-05,8.349627818261147e-06,8.267873072601938e-07,2.1444948420913954e-06,0.0002219660831203052,1.5936620247162786e-06,0.0005025456317423477,3.6478537675800286e-06,2.1654404989510328e-05
415,2,daughter,,False,2.7803096387751555e-05,6.709224499600877e-06,3.5913010679499402e-06,9.368717268777097e-07,4.908661889889002e-06,1.4738981974494932e-06,0.0004947859739034479,8.939696304799168e-07,0.00021789598759221768,0.00010987310729246431,1.971694219622292e-05,0.0012789223310902436,1.0889691002655445e-05,6.709224499600877e-06,9.368717268777097e-07,1.4738981974494932e-06,0.00021789598759221768,8.939696304799168e-07,0.0004947859739034479,1.971694219622292e-05,1.0889691002655445e-05
416,0,son,,False,2.95957113513077e-05,4.400118457925303e-06,4.469407144215697e-06,4.222833444659923e-07,2.3187477504664324e-06,8.139692624947503e-07,0.00045415169252567306,4.0929110499856e-07,4.98595821272702e-06,4.238847419937498e-05,2.355261854303796e-06,0.0005130006664921807,6.40200641038395e-06,4.400118457925303e-06,4.222833444659923e-07,8.139692624947503e-07,4.98595821272702e-06,4.0929110499856e-07,0.00045415169252567306,2.355261854303796e-06,6.40200641038395e-06
416,1,son,,False,1.0720880092159908e-05,3.024195853395102e-06,1.8342893327886845e-06,2.994440981371515e-07,2.627477314480822e-06,1.1125607488784412e-06,0.0004746880498915048,9.080474758713811e-07,0.0002142503208503807,0.00014325365947100792,5.475976980449466e-06,0.0005372613854410962,6.40200641038395e-06,3.024195853395102e-06,2.994440981371515e-07,1.1125607488784412e-06,0.0002142503208503807,9.080474758713811e-07,0.0004746880498915048,5.475976980449466e-06,6.40200641038395e-06
416,2,son,,False,7.437028637763686e-05,2.7803096387751555e-05,9.028039015031105e-06,2.6688529572628562e-06,1.0720880092159908e-05,5.391084403253366e-06,0.004673026156651755,3.822911232549001e-06,0.0002556957937118527,0.00013670256456563558,8.61465062380632e-06,0.03221165888020795,5.27478412523148e-05,2.7803096387751555e-05,2.6688529572628562e-06,5.391084403253366e-06,0.0002556957937118527,3.822911232549001e-06,0.004673026156651755,8.61465062380632e-06,5.27478412523148e-05
417,0,child,,False,9.028039015031105e-06,1.7778551863194697e-06,2.6688529572628562e-06,3.500854414401442e-07,3.4268490542555014e-06,9.516251694168764e-07,0.0004780381783651428,9.972941593827283e-07,0.00021358242564492241,7.321812616608614e-05,1.8814207550495463e-05,0.0005235230228025316,7.0311842669149565e-06,1.7778551863194697e-06,3.500854414401442e-07,9.516251694168764e-07,0.00021358242564492241,9.972941593827283e-07,0.0004780381783651428,1.8814207550495463e-05,7.0311842669149565e-06
417,1,child,,False,1.0391067562761452e-05,2.212566909570261e-06,1.670142184809518e-06,2.9023119852110973e-07,2.1444948420913954e-06,6.748051590048605e-07,0.0004599251819078887,6.962256250138369e-07,4.264746818557914e-06,0.0001048469267161009,1.8814207550495463e-05,0.0005147819588703148,3.120191139396651e-06,2.212566909570261e-06,2.9023119852110973e-07,6.748051590048605e-07,4.264746818557914e-06,6.962256250138369e-07,0.0004599251819078887,1.8814207550495463e-05,3.120191139396651e-06
417,2,child,,False,2.95957113513077e-05,4.61127481426412e-06,3.169325442919291e-06,5.093705003229987e-07,3.0718185454758057e-06,7.889262586245034e-07,0.0005021541018921009,9.972941593827283e-07,0.00022096026380031539,4.305570813246149e-05,6.014151777699533e-06,0.000602359085731457,4.53978687024344e-06,4.61127481426412e-06,5.093705003229987e-07,7.889262586245034e-07,0.00022096026380031539,9.972941593827283e-07,0.0005021541018921009,6.014151777699533e-06,4.53978687024344e-06
418,0,daughter,,False,1.4653129390717958e-05,4.331903899346328e-06,2.355261854303796e-06,4.6378732973537256e-07,6.302758756443267e-06,1.5206840370677115e-06,0.000477215447035514,1.1300808333434096e-06,0.00021196745065203636,0.0009180870254226622,8.969393236719384e-05,0.0005957051194471736,7.967300986103147e-06,4.331903899346328e-06,4.6378732973537256e-07,1.5206840370677115e-06,0.00021196745065203636,1.1300808333434096e-06,0.000477215447035514,8.969393236719384e-05,7.967300986103147e-06
418,1,daughter,,False,9.399438806628559e-05,0.0007491625949278371,8.349627818261147e-06,3.5913010679499402e-06,1.442598644847886e-05,9.028039015031105e-06,0.004674772302397487,0.0002126730047458992,0.00023273440348495238,0.0001597845494017344,2.571419797957771e-05,0.1286546138177154,0.0023864626039328788,0.0007491625949278371,3.5913010679499402e-06,9.028039015031105e-06,0.00023273440348495238,0.0002126730047458992,0.004674772302397487,2.571419797957771e-05,0.0023864626039328788
418,2,daughter,,False,1.2148175280558357e-05,3.6478537675800286e-06,1.3420013504783412e-06,2.4824800371656586e-07,2.88571183887091e-06,8.939696304799168e-07,0.00046849914347752206,1.363134508591315e-06,0.0002117642425769555,0.00013670256456563558,1.971694219622292e-05,0.0005300709180442588,3.4268490542555014e-06,3.6478537675800286e-06,2.4824800371656586e-07,8.939696304799168e-07,0.0002117642425769555,1.363134508591315e-06,0.00046849914347752206,1.971694219622292e-05,3.4268490542555014e-06
419,0,son,,False,1.3342001090985438e-05,2.4300240743279605e-06,2.2827997192887966e-06,2.561282210758673e-07,1.8925148246037342e-06,6.540437226933637e-07,0.00045954634568336845,6.962256250138369e-07,0.00021207146066617245,6.46203290719727e-05,1.0889691002655445e-05,0.0005087832783276653,3.4268490542555014e-06,2.4300240743279605e-06,2.561282210758673e-07,6.540437226933637e-07,0.00021207146066617245,6.962256250138369e-07,0.00045954634568336845,1.0889691002655445e-05,3.4268490542555014e-06
419,1,son,,False,5.792916699214217e-05,1.3765463368900109e-05,6.922183404468203e-06,1.5446309562386385e-06,5.391084403253366e-06,2.01456908529364e-06,0.0005029394593519703,1.1659530314852966e-06,0.00021751041144712992,0.0007327745561277882,4.238847419937498e-05,0.010159335753013763,1.7400543552708932e-05,1.3765463368900109e-05,1.5446309562386385e-06,2.01456908529364e-06,0.00021751041144712992,1.1659530314852966e-06,0.0005029394593519703,4.238847419937498e-05,1.7400543552708932e-05
419,2,son,,False,2.4923252458203565e-05,3.705296977158347e-06,3.0718185454758057e-06,3.9669859149467314e-07,2.7535691114583474e-06,6.748051590048605e-07,0.0004888531552443837,7.766951856747235e-07,0.0002142503208503807,5.7031570707833595e-05,2.586743108135441e-06,0.0006117289013069706,6.814872211615988e-06,3.705296977158347e-06,3.9669859149467314e-07,6.748051590048605e-07,0.0002142503208503807,7.766951856747235e-07,0.0004888531552443837,2.586743108135441e-06,6.814872211615988e-06
420,0,child,,False,4.955359475635505e-05,1.8522574326531083e-05,7.14190139989638e-06,2.1112482331487175e-06,5.649793328376294e-06,2.1782649863110498e-06,0.0005391105597924047,1.363134508591315e-06,0.00022447266775434924,8.830458477845481e-05,1.7952796934677738e-05,0.010250548954466275,1.7952796934677738e-05,1.8522574326531083e-05,2.1112482331487175e-06,2.1782649863110498e-06,0.00022447266775434924,1.363134508591315e-06,0.0005391105597924047,1.7952796934677738e-05,1.7952796934677738e-05
420,1,child,,False,1.177445922838707e-05,2.212566909570261e-06,2.5071593847983196e-06,3.1875652166284776e-07,4.264746818557914e-06,9.223470110117277e-07,0.0004639461111252634,5.594337713435001e-07,5.738759521437678e-06,8.040859356292355e-05,1.6603846953733614e-05,0.0004985843679459446,4.400118457925303e-06,2.212566909570261e-06,3.1875652166284776e-07,9.223470110117277e-07,5.738759521437678e-06,5.594337713435001e-07,0.0004639461111252634,1.6603846953733614e-05,4.400118457925303e-06
420,2,child,,False,2.5315637215092633e-05,4.683888424952456e-06,2.4300240743279605e-06,3.9669859149467314e-07,4.069457790466838e-06,1.1843139025979655e-06,0.0005227605740569567,2.1782649863110498e-06,0.0002204804354938449,0.0007293448983675676,2.653023768982879e-05,0.0012393062261218638,1.5118199327273332e-05,4.683888424952456e-06,3.9669859149467314e-07,1.1843139025979655e-06,0.0002204804354938449,2.1782649863110498e-06,0.0005227605740569567,2.653023768982879e-05,1.5118199327273332e-05
421,0,daughter,,False,9.314593042575101e-06,2.1444948420913954e-06,1.670142184809518e-06,2.123378462433771e-07,2.2827997192887966e-06,4.6378732973537256e-07,0.00045535542432847726,5.594337713435001e-07,3.4808121961114687e-06,0.00013458604012970922,2.5315637215092633e-05,0.0004898680643879527,4.98595821272702e-06,2.1444948420913954e-06,2.123378462433771e-07,4.6378732973537256e-07,3.4808121961114687e-06,5.594337713435001e-07,0.00045535542432847726,2.5315637215092633e-05,4.98595821272702e-06
421,1,daughter,,False,2.199533724320648e-05,4.198630823683514e-06,3.4268490542555014e-06,8.139692624947503e-07,3.8831109868779005e-06,1.8342893327886845e-06,0.0005135727299760099,1.5936620247162786e-06,0.00023736206057396741,0.0028601092173492736,0.0001048469267161009,0.0005600758955536546,8.481104172358076e-06,4.198630823683514e-06,8.139692624947503e-07,1.8342893327886845e-06,0.00023736206057396741,1.5936620247162786e-06,0.0005135727299760099,0.0001048469267161009,8.481104172358076e-06
421,2,daughter,,False,1.3982207564732913e-05,3.169325442919291e-06,1.7778551863194697e-06,3.726639284186561e-07,3.0718185454758057e-06,1.0451548051737735e-06,0.00045889745344538133,8.267873072601938e-07,5.225226840386988e-06,0.0030080612419204488,8.559006367452268e-05,0.0005096006331304874,4.400118457925303e-06,3.169325442919291e-06,3.726639284186561e-07,1.0451548051737735e-06,5.225226840386988e-06,8.267873072601938e-07,0.00045889745344538133,8.559006367452268e-05,4.400118457925303e-06
422,0,son,,False,0.0005788235783983012,0.0007731439949613941,1.7400543552708932e-05,7.14190139989638e-06,4.173157606777201e-05,2.4923252458203565e-05,0.00468272057643922,0.00021296615605463458,0.0002504832985443908,0.0007007652612809208,3.4062932773341e-05,0.18655251924003596,0.005500923659383607,0.0007731439949613941,7.14190139989638e-06,2.4923252458203565e-05,0.0002504832985443908,0.00021296615605463458,0.00468272057643922,3.4062932773341e-05,0.005500923659383607
422,1,son,,False,5.0333557545281144e-05,7.602479448313689e-06,4.53978687024344e-06,1.3420013504783412e-06,6.709224499600877e-06,2.6688529572628562e-06,0.0005307709305299657,1.4510478554719287e-06,0.00022668099229563676,0.02129789687799805,0.0002889581017773627,0.010123047268862772,1.442598644847886e-05,7.602479448313689e-06,1.3420013504783412e-06,2.6688529572628562e-06,0.00022668099229563676,1.4510478554719287e-06,0.0005307709305299657,0.0002889581017773627,1.442598644847886e-05
422,2,son,,False,0.0005857959236675918,2.653023768982879e-05,7.967300986103147e-06,3.0718185454758057e-06,7.14190139989638e-06,1.8342893327886845e-06,0.0005399224651569848,1.7502925788778209e-06,0.0002253896128383855,0.0007226435938923609,3.8596609058077356e-05,0.022864531256803773,4.583129006350382e-05,2.653023768982879e-05,3.0718185454758057e-06,1.8342893327886845e-06,0.0002253896128383855,1.7502925788778209e-06,0.0005399224651569848,3.8596609058077356e-05,4.583129006350382e-05
423,0,child,,False,2.4156629828672456e-05,3.535625074174432e-06,3.8831109868779005e-06,7.411279871974134e-07,3.321419494792514e-06,1.5689549727726036e-06,0.0004976301725815779,1.363134508591315e-06,0.00022170870641199087,0.002809879477103823,8.969393236719384e-05,0.0005569032319691715,4.832563818725537e-06,3.535625074174432e-06,7.411279871974134e-07,1.5689549727726036e-06,0.00022170870641199087,1.363134508591315e-06,0.0004976301725815779,8.969393236719384e-05,4.832563818725537e-06
423,1,child,,False,9.170196905195049e-06,2.355261854303796e-06,1.3007128466476034e-06,2.4824800371656586e-07,5.064471653194114e-06,1.3007128466476034e-06,0.0004630706616311211,6.339210403977636e-07,4.400118457925303e-06,0.0006949397826019072,3.0061635882429376e-05,0.0005424428555526953,7.967300986103147e-06,2.355261854303796e-06,2.4824800371656586e-07,1.3007128466476034e-06,4.400118457925303e-06,6.339210403977636e-07,0.0004630706616311211,3.0061635882429376e-05,7.967300986103147e-06
423,2,child,,False,1.1959857805023158e-05,3.2699273422345685e-06,1.8925148246037342e-06,3.726639284186561e-07,5.064471653194114e-06,1.2219076020491008e-06,0.00047217013049174436,8.139692624947503e-07,0.00021166499492301485,0.0007007652612809208,3.514382632807918e-05,0.000597888641539975,1.1235328063870752e-05,3.2699273422345685e-06,3.726639284186561e-07,1.2219076020491008e-06,0.00021166499492301485,8.139692624947503e-07,0.00047217013049174436,3.514382632807918e-05,1.1235328063870752e-05
424,0,daughter,,False,2.3413582477639402e-05,3.705296977158347e-06,2.212566909570261e-06,3.726639284186561e-07,3.024195853395102e-06,8.398072034951531e-07,0.0004797325991661444,6.962256250138369e-07,0.00021591692196200267,0.00012644219446392274,2.199533724320648e-05,0.0005312230782558095,3.4268490542555014e-06,3.705296977158347e-06,3.726639284186561e-07,8.398072034951531e-07,0.00021591692196200267,6.962256250138369e-07,0.0004797325991661444,2.199533724320648e-05,3.4268490542555014e-06
424,1,daughter,,False,9.028039015031105e-06,2.931153855960119e-06,1.6187581436151335e-06,2.9023119852110973e-07,7.2543618230189156e-06,1.7778551863194697e-06,0.0004698138709183132,1.0451548051737735e-06,4.832563818725537e-06,0.00010162440410680168,4.264746818557914e-06,0.0005451573766566274,1.1959857805023158e-05,2.931153855960119e-06,2.9023119852110973e-07,1.7778551863194697e-06,4.832563818725537e-06,1.0451548051737735e-06,0.0004698138709183132,4.264746818557914e-06,1.1959857805023158e-05
424,2,daughter,,False,4.955359475635505e-05,8.349627818261147e-06,4.683888424952456e-06,8.664653147910923e-07,4.908661889889002e-06,1.8925148246037342e-06,0.0005024148671484224,2.4682904407607285e-06,0.0002233150331012493,0.003041982713740955,0.00021489492836254285,0.0005465467242453664,5.307507822667365e-06,8.349627818261147e-06,8.664653147910923e-07,1.8925148246037342e-06,0.0002233150331012493,2.4682904407607285e-06,0.0005024148671484224,0.00021489492836254285,5.307507822667365e-06
425,0,son,,False,1.4202364022997911e-05,3.4808121961114687e-06,1.8925148246037342e-06,2.9023119852110973e-07,4.53978687024344e-06,9.516251694168764e-07,0.00045357744795714874,4.6378732973537256e-07,3.120191139396651e-06,0.00018102110262026484,3.0534893211185946e-05,0.0005185157653543439,7.0311842669149565e-06,3.4808121961114687e-06,2.9023119852110973e-07,9.516251694168764e-07,3.120191139396651e-06,4.6378732973537256e-07,0.00045357744795714874,3.0534893211185946e-05,7.0311842669149565e-06
425,1,son,,False,1.609308249869283e-05,1.9525885208642222e-06,2.586743108135441e-06,4.6378732973537256e-07,4.069457790466838e-06,1.1478768127080353e-06,0.00048621199923766566,7.183260399857925e-07,0.0002167744747109176,0.0008935216182967705,0.00012448433020883747,0.0005312230782558095,4.400118457925303e-06,1.9525885208642222e-06,4.6378732973537256e-07,1.1478768127080353e-06,0.0002167744747109176,7.183260399857925e-07,0.00048621199923766566,0.00012448433020883747,4.400118457925303e-06
425,2,son,,False,1.0889691002655445e-05,2.2827997192887966e-06,1.3420013504783412e-06,1.994729721527057e-07,6.302758756443267e-06,1.2219076020491008e-06,0.0004568026270968072,6.144174602214718e-07,3.169325442919291e-06,0.000138852327569001,2.6947915555885546e-05,0.0005204719129728484,6.205049602300744e-06,2.2827997192887966e-06,1.994729721527057e-07,1.2219076020491008e-06,3.169325442919291e-06,6.144174602214718e-07,0.0004568026270968072,2.6947915555885546e-05,6.205049602300744e-06
426,0,child,,False,0.0005906285010799165,0.0007793736725114326,1.2533751425646102e-05,6.605214485464791e-06,1.7130819343483194e-05,1.4653129390717958e-05,0.0005856020966414411,4.832563818725537e-06,0.00024709381223434357,0.0028019515705435595,8.969393236719384e-05,0.1536015986631999,0.002473577866097908,0.0007793736725114326,6.605214485464791e-06,1.4653129390717958e-05,0.00024709381223434357,4.832563818725537e-06,0.0005856020966414411,8.969393236719384e-05,0.002473577866097908
426,1,child,,False,8.481104172358076e-06,2.212566909570261e-06,1.2219076020491008e-06,2.72647027069593e-07,3.2192334497037803e-06,8.939696304799168e-07,1.4653129390717958e-05,6.144174602214718e-07,3.2192334497037803e-06,0.003041982713740955,0.00016484829418512883,0.0005026840819416764,5.649793328376294e-06,2.212566909570261e-06,2.72647027069593e-07,8.939696304799168e-07,3.2192334497037803e-06,6.144174602214718e-07,1.4653129390717958e-05,0.00016484829418512883,5.649793328376294e-06
426,2,child,,False,6.302758756443267e-06,1.4285517650093407e-06,1.1478768127080353e-06,1.994729721527057e-07,2.586743108135441e-06,7.183260399857925e-07,0.00046070083675492065,6.339210403977636e-07,3.822911232549001e-06,0.0007583355694965269,1.3135179706526775e-05,0.0005079785823772643,5.144221374220898e-06,1.4285517650093407e-06,1.994729721527057e-07,7.183260399857925e-07,3.822911232549001e-06,6.339210403977636e-07,0.00046070083675492065,1.3135179706526775e-05,5.144221374220898e-06
427,0,daughter,,False,0.0006007572149160287,4.305570813246149e-05,1.177445922838707e-05,4.908661889889002e-06,9.610241549947397e-06,3.2699273422345685e-06,0.0005619260654316647,3.2192334497037803e-06,0.0002344992422345146,0.019458302326364016,0.00017007224114352882,0.032104456579396104,0.0015830764768931798,4.305570813246149e-05,4.908661889889002e-06,3.2699273422345685e-06,0.0002344992422345146,3.2192334497037803e-06,0.0005619260654316647,0.00017007224114352882,0.0015830764768931798
427,1,daughter,,False,3.569706350376584e-05,7.484622751061123e-06,5.391084403253366e-06,1.3007128466476034e-06,4.61127481426412e-06,1.6442494559854523e-06,0.0005321756507965878,1.8342893327886845e-06,0.0002250791783627945,0.00017007224114352882,3.120191139396651e-06,0.01595320607813817,1.3552078562406772e-05,7.484622751061123e-06,1.3007128466476034e-06,1.6442494559854523e-06,0.0002250791783627945,1.8342893327886845e-06,0.0005321756507965878,3.120191139396651e-06,1.3552078562406772e-05
427,2,daughter,,False,2.1654404989510328e-05,6.10885510164857e-06,2.6688529572628562e-06,4.6378732973537256e-07,4.264746818557914e-06,1.2606946239951315e-06,0.000517998770844358,2.212566909570261e-06,0.0002219660831203052,0.0027641006197803124,5.527786369235996e-05,0.0005794095367164778,5.307507822667365e-06,6.10885510164857e-06,4.6378732973537256e-07,1.2606946239951315e-06,0.0002219660831203052,2.212566909570261e-06,0.000517998770844358,5.527786369235996e-05,5.307507822667365e-06
428,0,son,,False,4.8785712278226595e-05,5.738759521437678e-06,4.61127481426412e-06,8.013499398837462e-07,3.0718185454758057e-06,8.139692624947503e-07,0.0005094199893538772,1.363134508591315e-06,0.00022120585807682417,0.00016229670614688406,1.7952796934677738e-05,0.0012372635889824715,1.3135179706526775e-05,5.738759521437678e-06,8.013499398837462e-07,8.139692624947503e-07,0.00022120585807682417,1.363134508591315e-06,0.0005094199893538772,1.7952796934677738e-05,1.3135179706526775e-05
428,1,son,,False,3.625900662832244e-05,5.649793328376294e-06,3.120191139396651e-06,5.422218970016178e-07,3.5913010679499402e-06,8.139692624947503e-07,0.0004904389654599769,1.6964426510543331e-06,0.00021384334033892964,0.0007583355694965269,4.832563818725537e-06,0.0012292499595662238,1.442598644847886e-05,5.649793328376294e-06,5.422218970016178e-07,8.139692624947503e-07,0.00021384334033892964,1.6964426510543331e-06,0.0004904389654599769,4.832563818725537e-06,1.442598644847886e-05
428,2,son,,False,1.2339457598623173e-05,1.8925148246037342e-06,1.8925148246037342e-06,2.72647027069593e-07,2.97731143841062e-06,6.339210403977636e-07,0.0004631786033745193,7.411279871974134e-07,5.829126566113866e-06,0.0007193703321376295,3.514382632807918e-05,0.0004999085000106341,4.006369222920725e-06,1.8925148246037342e-06,2.72647027069593e-07,6.339210403977636e-07,5.829126566113866e-06,7.411279871974134e-07,0.0004631786033745193,3.514382632807918e-05,4.006369222920725e-06
429,0,child,,False,7.437028637763686e-05,1.8235460794662427e-05,7.2543618230189156e-06,2.586743108135441e-06,6.10885510164857e-06,2.4682904407607285e-06,0.0005227605740569567,1.7502925788778209e-06,0.00022805562191617214,0.0008045684283044233,2.8240807799315707e-05,0.022719562239882328,4.238847419937498e-05,1.8235460794662427e-05,2.586743108135441e-06,2.4682904407607285e-06,0.00022805562191617214,1.7502925788778209e-06,0.0005227605740569567,2.8240807799315707e-05,4.238847419937498e-05
429,1,child,,False,8.349627818261147e-06,2.5071593847983196e-06,9.223470110117277e-07,1.5534977545950122e-07,4.908661889889002e-06,1.2029639084557005e-06,0.0004661382377368219,1.1300808333434096e-06,0.00021332953715267472,0.00010162440410680168,2.737216731838081e-05,0.0005256379073836972,5.144221374220898e-06,2.5071593847983196e-06,1.5534977545950122e-07,1.2029639084557005e-06,0.00021332953715267472,1.1300808333434096e-06,0.0004661382377368219,2.737216731838081e-05,5.144221374220898e-06
429,2,child,,False,4.108485376346404e-05,5.144221374220898e-06,4.832563818725537e-06,1.1659530314852966e-06,4.198630823683514e-06,2.212566909570261e-06,0.0005060365967487221,1.4971083692627422e-06,0.00023686610557470552,0.0029152173831324575,2.653023768982879e-05,0.0011812131826251435,1.1235328063870752e-05,5.144221374220898e-06,1.1659530314852966e-06,2.212566909570261e-06,0.00023686610557470552,1.4971083692627422e-06,0.0005060365967487221,2.653023768982879e-05,1.1235328063870752e-05
430,0,daughter,,False,1.2533751425646102e-05,1.670142184809518e-06,2.2827997192887966e-06,1.7603432133424857e-07,1.670142184809518e-06,5.77192003016332e-07,0.00045908104511603316,1.0953122821495382e-06,5.064471653194114e-06,0.00010005044009099887,2.212566909570261e-06,0.0004942623523511968,2.931153855960119e-06,1.670142184809518e-06,1.7603432133424857e-07,5.77192003016332e-07,5.064471653194114e-06,1.0953122821495382e-06,0.00045908104511603316,2.212566909570261e-06,2.931153855960119e-06
430,1,daughter,,False,6.563728324346652e-05,1.0554685795431098e-05,7.0311842669149565e-06,1.3420013504783412e-06,6.502816785764437e-06,1.9223170236538178e-06,0.0005462177694767315,2.355261854303796e-06,0.00022303674997692745,0.00016229670614688406,4.683888424952456e-06,0.010192263297697799,2.6119031909571944e-05,1.0554685795431098e-05,1.3420013504783412e-06,1.9223170236538178e-06,0.00022303674997692745,2.355261854303796e-06,0.0005462177694767315,4.683888424952456e-06,2.6119031909571944e-05
430,2,daughter,,False,7.484622751061123e-06,2.1444948420913954e-06,1.0451548051737735e-06,2.123378462433771e-07,4.264746818557914e-06,8.939696304799168e-07,1.699752890963125e-05,5.014734822853044e-07,3.0718185454758057e-06,0.0007742406513215074,5.4421326243255744e-05,0.0005130006664921807,5.307507822667365e-06,2.1444948420913954e-06,2.123378462433771e-07,8.939696304799168e-07,3.0718185454758057e-06,5.014734822853044e-07,1.699752890963125e-05,5.4421326243255744e-05,5.307507822667365e-06
431,0,son,,False,1.0391067562761452e-05,1.8925148246037342e-06,2.01456908529364e-06,3.089494448007139e-07,4.069457790466838e-06,8.664653147910923e-07,1.5967865134838004e-05,3.6119830612765795e-07,3.024195853395102e-06,0.0007783738571119147,3.1999824407395835e-05,0.0005071863494234538,4.832563818725537e-06,1.8925148246037342e-06,3.089494448007139e-07,8.664653147910923e-07,3.024195853395102e-06,3.6119830612765795e-07,1.5967865134838004e-05,3.1999824407395835e-05,4.832563818725537e-06
431,1,son,,False,7.2543618230189156e-06,1.2606946239951315e-06,1.3007128466476034e-06,1.816222403812674e-07,3.8831109868779005e-06,5.594337713435001e-07,1.3658354314419533e-05,2.994440981371515e-07,2.355261854303796e-06,0.00015487610942879803,2.6947915555885546e-05,0.0004883566612863065,4.53978687024344e-06,1.2606946239951315e-06,1.816222403812674e-07,5.594337713435001e-07,2.355261854303796e-06,2.994440981371515e-07,1.3658354314419533e-05,2.6947915555885546e-05,4.53978687024344e-06
431,2,son,,False,1.8814207550495463e-05,3.0718185454758057e-06,3.120191139396651e-06,3.84493505874534e-07,2.4300240743279605e-06,5.422218970016178e-07,0.00046040712342594554,5.862814011886353e-07,4.908661889889002e-06,0.000138852327569001,1.8522574326531083e-05,0.0005323933551511255,4.683888424952456e-06,3.0718185454758057e-06,3.84493505874534e-07,5.422218970016178e-07,4.908661889889002e-06,5.862814011886353e-07,0.00046040712342594554,1.8522574326531083e-05,4.683888424952456e-06
432,0,child,,False,1.5598027633743823e-05,1.4738981974494932e-06,2.2827997192887966e-06,3.089494448007139e-07,2.01456908529364e-06,5.955139348629957e-07,0.0004552779678187208,7.889262586245034e-07,3.7636447180974406e-06,0.0007661644959617213,4.069457790466838e-06,0.0005194862076891146,3.6478537675800286e-06,1.4738981974494932e-06,3.089494448007139e-07,5.955139348629957e-07,3.7636447180974406e-06,7.889262586245034e-07,0.0004552779678187208,4.069457790466838e-06,3.6478537675800286e-06
432,1,child,,False,4.373344035182828e-05,3.373722476473661e-06,3.120191139396651e-06,4.356879983467376e-07,2.3923509443082866e-06,7.646537350121258e-07,0.00049163174558175,1.2219076020491008e-06,0.00021732209397159474,0.0008091765268185392,4.331903899346328e-06,0.0006069710175518718,1.0554685795431098e-05,3.373722476473661e-06,4.356879983467376e-07,7.646537350121258e-07,0.00021732209397159474,1.2219076020491008e-06,0.00049163174558175,4.331903899346328e-06,1.0554685795431098e-05
432,2,child,,False,2.0027376671813928e-05,5.064471653194114e-06,3.120191139396651e-06,7.183260399857925e-07,2.840974294610978e-06,9.516251694168764e-07,0.0004939811912240473,1.1843139025979655e-06,0.00021575330372933303,0.002809879477103823,7.208380258812108e-05,0.0005813371220870101,5.475976980449466e-06,5.064471653194114e-06,7.183260399857925e-07,9.516251694168764e-07,0.00021575330372933303,1.1843139025979655e-06,0.0004939811912240473,7.208380258812108e-05,5.475976980449466e-06
433,0,daughter,,False,1.3765463368900109e-05,2.586743108135441e-06,3.2192334497037803e-06,6.339210403977636e-07,3.8831109868779005e-06,1.670142184809518e-06,0.0004813151610312458,1.1843139025979655e-06,0.00021608311625873148,0.0027358596836205874,0.00012448433020883747,0.0005214731209501454,4.1335397768930325e-06,2.586743108135441e-06,6.339210403977636e-07,1.670142184809518e-06,0.00021608311625873148,1.1843139025979655e-06,0.0004813151610312458,0.00012448433020883747,4.1335397768930325e-06
433,1,daughter,,False,1.7130819343483194e-05,4.331903899346328e-06,2.6688529572628562e-06,5.594337713435001e-07,3.2699273422345685e-06,1.1478768127080353e-06,0.00048295429655924565,1.2029639084557005e-06,4.98595821272702e-06,0.0028962779470040876,0.00010162440410680168,0.0011688122949661533,1.488384825728813e-05,4.331903899346328e-06,5.594337713435001e-07,1.1478768127080353e-06,4.98595821272702e-06,1.2029639084557005e-06,0.00048295429655924565,0.00010162440410680168,1.488384825728813e-05
433,2,daughter,,False,8.750299760661308e-06,1.7231572752142392e-06,1.3007128466476034e-06,1.9333584585546466e-07,3.944258675190877e-06,7.889262586245034e-07,1.1866796497892348e-05,3.9669859149467314e-07,1.9833367060283617e-06,0.00013250224172131609,3.150386940813393e-05,0.0005096006331304874,5.829126566113866e-06,1.7231572752142392e-06,1.9333584585546466e-07,7.889262586245034e-07,1.9833367060283617e-06,3.9669859149467314e-07,1.1866796497892348e-05,3.150386940813393e-05,5.829126566113866e-06
434,0,son,,False,1.971694219622292e-05,4.683888424952456e-06,1.3846004563753396e-06,6.540437226933637e-07,2.4682904407607285e-06,1.1125607488784412e-06,0.0004571382759572523,3.6119830612765795e-07,4.683888424952456e-06,0.0008186102388378728,3.8596609058077356e-05,0.0012048615892203932,1.1959857805023158e-05,4.683888424952456e-06,6.540437226933637e-07,1.1125607488784412e-06,4.683888424952456e-06,3.6119830612765795e-07,0.0004571382759572523,3.8596609058077356e-05,1.1959857805023158e-05
434,1,son,,False,7.096703991005882e-05,1.4202364022997911e-05,6.40200641038395e-06,2.4300240743279605e-06,8.481104172358076e-06,2.710880136557205e-06,0.00048446043160835277,8.939696304799168e-07,0.00021849741587309833,0.002887025252971318,0.00010322310367548195,0.0159621083699598,2.0342697805520655e-05,1.4202364022997911e-05,2.4300240743279605e-06,2.710880136557205e-06,0.00021849741587309833,8.939696304799168e-07,0.00048446043160835277,0.00010322310367548195,2.0342697805520655e-05
434,2,son,,False,8.888084683809127e-06,2.212566909570261e-06,1.670142184809518e-06,3.288749065460498e-07,2.3187477504664324e-06,6.339210403977636e-07,1.5843621910252592e-05,3.9669859149467314e-07,3.024195853395102e-06,0.00017546144100994869,2.4923252458203565e-05,0.0005385266023448675,5.829126566113866e-06,2.212566909570261e-06,3.288749065460498e-07,6.339210403977636e-07,3.024195853395102e-06,3.9669859149467314e-07,1.5843621910252592e-05,2.4923252458203565e-05,5.829126566113866e-06
435,0,child,,False,2.4923252458203565e-05,5.064471653194114e-06,2.4300240743279605e-06,6.643433442159853e-07,3.120191139396651e-06,9.223470110117277e-07,0.0004804291020575482,1.0289513485400628e-06,0.00021166499492301485,0.0008186102388378728,5.112579049909173e-05,0.0012195770294839382,1.0229985472581487e-05,5.064471653194114e-06,6.643433442159853e-07,9.223470110117277e-07,0.00021166499492301485,1.0289513485400628e-06,0.0004804291020575482,5.112579049909173e-05,1.0229985472581487e-05
435,1,child,,False,5.614787461400803e-05,1.5118199327273332e-05,5.829126566113866e-06,1.8631746484712008e-06,6.922183404468203e-06,2.586743108135441e-06,0.0005492839329482249,1.8925148246037342e-06,0.0002310764341461493,0.00018102110262026484,2.5315637215092633e-05,0.023643614543483047,6.361912109467577e-05,1.5118199327273332e-05,1.8631746484712008e-06,2.586743108135441e-06,0.0002310764341461493,1.8925148246037342e-06,0.0005492839329482249,2.5315637215092633e-05,6.361912109467577e-05
435,2,child,,False,1.6865275398914433e-05,3.5913010679499402e-06,2.0785170435063726e-06,3.9669859149467314e-07,2.88571183887091e-06,6.962256250138369e-07,0.00047561737708130716,7.527989669055592e-07,0.0002117642425769555,0.00018102110262026484,6.263341581094202e-05,0.0005479579113182372,4.264746818557914e-06,3.5913010679499402e-06,3.9669859149467314e-07,6.962256250138369e-07,0.0002117642425769555,7.527989669055592e-07,0.00047561737708130716,6.263341581094202e-05,4.264746818557914e-06
436,0,daughter,,False,1.141223854434603e-05,2.2827997192887966e-06,1.1478768127080353e-06,2.123378462433771e-07,5.307507822667365e-06,9.223470110117277e-07,1.2339457598623173e-05,5.255395707074638e-07,2.355261854303796e-06,8.693673928062173e-05,2.305067219931397e-05,0.0004919966182062518,3.6478537675800286e-06,2.2827997192887966e-06,2.123378462433771e-07,9.223470110117277e-07,2.355261854303796e-06,5.255395707074638e-07,1.2339457598623173e-05,2.305067219931397e-05,3.6478537675800286e-06
436,1,daughter,,False,6.814872211615988e-06,2.1444948420913954e-06,1.3420013504783412e-06,2.1907815825757866e-07,4.683888424952456e-06,9.516251694168764e-07,0.00045415169252567306,4.710908830437064e-07,2.7535691114583474e-06,0.0008648818595419032,5.8840881855693875e-05,0.000510430845712912,6.014151777699533e-06,2.1444948420913954e-06,2.1907815825757866e-07,9.516251694168764e-07,2.7535691114583474e-06,4.710908830437064e-07,0.00045415169252567306,5.8840881855693875e-05,6.014151777699533e-06
436,2,daughter,,False,5.738759521437678e-06,1.670142184809518e-06,8.939696304799168e-07,1.7061832388634166e-07,3.8831109868779005e-06,7.183260399857925e-07,1.3238186559744398e-05,3.3931448129766124e-07,2.2827997192887966e-06,0.00016484829418512883,5.357805383473943e-05,0.0005012746277703161,6.40200641038395e-06,1.670142184809518e-06,1.7061832388634166e-07,7.183260399857925e-07,2.2827997192887966e-06,3.3931448129766124e-07,1.3238186559744398e-05,5.357805383473943e-05,6.40200641038395e-06
437,0,son,,False,1.1061159714638084e-05,1.5206840370677115e-06,1.7778551863194697e-06,2.8130174840733105e-07,1.8342893327886845e-06,5.955139348629957e-07,0.0004583552024398536,4.860448402299843e-07,4.53978687024344e-06,0.00011695102650555148,1.9110431587777674e-05,0.0005214731209501454,4.1335397768930325e-06,1.5206840370677115e-06,2.8130174840733105e-07,5.955139348629957e-07,4.53978687024344e-06,4.860448402299843e-07,0.0004583552024398536,1.9110431587777674e-05,4.1335397768930325e-06
437,1,son,,False,7.843789122138342e-06,2.355261854303796e-06,1.4285517650093407e-06,2.4061023397180247e-07,5.064471653194114e-06,1.0783312222985275e-06,1.4313738600443556e-05,4.860448402299843e-07,2.5071593847983196e-06,7.67292412858718e-05,1.5598027633743823e-05,0.0005019738542559919,3.7636447180974406e-06,2.355261854303796e-06,2.4061023397180247e-07,1.0783312222985275e-06,2.5071593847983196e-06,4.860448402299843e-07,1.4313738600443556e-05,1.5598027633743823e-05,3.7636447180974406e-06
437,2,son,,False,1.3982207564732913e-05,3.120191139396651e-06,2.1444948420913954e-06,4.6378732973537256e-07,2.2474089854291757e-06,6.962256250138369e-07,0.000477215447035514,1.0129990980873922e-06,4.757645425657629e-06,0.0008045684283044233,8.426423087564058e-05,0.0005437895311587944,7.722191834067996e-06,3.120191139396651e-06,4.6378732973537256e-07,6.962256250138369e-07,4.757645425657629e-06,1.0129990980873922e-06,0.000477215447035514,8.426423087564058e-05,7.722191834067996e-06
438,0,child,,False,4.908661889889002e-06,1.2606946239951315e-06,8.939696304799168e-07,2.123378462433771e-07,3.373722476473661e-06,7.889262586245034e-07,0.00045504740472045987,3.6119830612765795e-07,3.5913010679499402e-06,0.00012255674483830522,2.95957113513077e-05,0.0004942623523511968,4.1335397768930325e-06,1.2606946239951315e-06,2.123378462433771e-07,7.889262586245034e-07,3.5913010679499402e-06,3.6119830612765795e-07,0.00045504740472045987,2.95957113513077e-05,4.1335397768930325e-06
438,1,child,,False,1.1061159714638084e-05,2.931153855960119e-06,1.3007128466476034e-06,2.8130174840733105e-07,7.967300986103147e-06,1.9223170236538178e-06,0.00045926607603177615,7.889262586245034e-07,5.064471653194114e-06,0.00015487610942879803,3.9821309061635425e-05,0.0005147819588703148,6.814872211615988e-06,2.931153855960119e-06,2.8130174840733105e-07,1.9223170236538178e-06,5.064471653194114e-06,7.889262586245034e-07,0.00045926607603177615,3.9821309061635425e-05,6.814872211615988e-06
438,2,child,,False,7.14190139989638e-06,1.5206840370677115e-06,1.3420013504783412e-06,2.4824800371656586e-07,2.5071593847983196e-06,7.646537350121258e-07,1.3658354314419533e-05,3.84493505874534e-07,3.6478537675800286e-06,0.0007327745561277882,4.955359475635505e-05,0.0004888526162855685,3.7636447180974406e-06,1.5206840370677115e-06,2.4824800371656586e-07,7.646537350121258e-07,3.6478537675800286e-06,3.84493505874534e-07,1.3658354314419533e-05,4.955359475635505e-05,3.7636447180974406e-06
439,0,daughter,,False,3.682979260160596e-05,3.321419494792514e-06,2.6688529572628562e-06,4.0929110499856e-07,2.627477314480822e-06,6.339210403977636e-07,0.00046542834273342664,8.013499398837462e-07,0.00021320602528870992,0.0001048469267161009,1.5843621910252592e-05,0.0005600758955536546,4.98595821272702e-06,3.321419494792514e-06,4.0929110499856e-07,6.339210403977636e-07,0.00021320602528870992,8.013499398837462e-07,0.00046542834273342664,1.5843621910252592e-05,4.98595821272702e-06
439,1,daughter,,False,5.112579049909173e-05,1.2533751425646102e-05,4.98595821272702e-06,1.5206840370677115e-06,5.649793328376294e-06,1.6442494559854523e-06,0.0005262341275392092,1.5206840370677115e-06,0.00021978822261505042,0.0007622196052140348,3.8596609058077356e-05,0.01029924944129405,2.0988308820313112e-05,1.2533751425646102e-05,1.5206840370677115e-06,1.6442494559854523e-06,0.00021978822261505042,1.5206840370677115e-06,0.0005262341275392092,3.8596609058077356e-05,2.0988308820313112e-05
439,2,daughter,,False,1.1061159714638084e-05,2.2827997192887966e-06,2.212566909570261e-06,3.3931448129766124e-07,2.3187477504664324e-06,7.889262586245034e-07,1.3135179706526775e-05,4.0929110499856e-07,2.840974294610978e-06,0.00018102110262026484,3.8596609058077356e-05,0.0005235230228025316,3.8831109868779005e-06,2.2827997192887966e-06,3.3931448129766124e-07,7.889262586245034e-07,2.840974294610978e-06,4.0929110499856e-07,1.3135179706526775e-05,3.8596609058077356e-05,3.8831109868779005e-06
440,0,son,,False,2.3782205064034188e-05,5.829126566113866e-06,3.120191139396651e-06,1.0129990980873922e-06,3.321419494792514e-06,1.4285517650093407e-06,0.00046350496863962825,6.339210403977636e-07,4.98595821272702e-06,0.01938881335040798,0.0001064962672055945,0.01014076963630073,1.535623976496012e-05,5.829126566113866e-06,1.0129990980873922e-06,1.4285517650093407e-06,4.98595821272702e-06,6.339210403977636e-07,0.00046350496863962825,0.0001064962672055945,1.535623976496012e-05
440,1,son,,False,1.535623976496012e-05,3.2192334497037803e-06,2.7535691114583474e-06,4.356879983467376e-07,6.605214485464791e-06,1.3846004563753396e-06,0.00045747920821094843,6.748051590048605e-07,3.7636447180974406e-06,0.00016229670614688406,4.512106237781923e-05,0.0005289365944662937,8.220189478350845e-06,3.2192334497037803e-06,4.356879983467376e-07,1.3846004563753396e-06,3.7636447180974406e-06,6.748051590048605e-07,0.00045747920821094843,4.512106237781923e-05,8.220189478350845e-06
440,2,son,,False,1.3135179706526775e-05,2.7535691114583474e-06,1.7778551863194697e-06,2.8130174840733105e-07,4.757645425657629e-06,1.0129990980873922e-06,1.5720345248929426e-05,5.255395707074638e-07,3.321419494792514e-06,6.667023092435894e-05,1.177445922838707e-05,0.0004954494009362499,3.6478537675800286e-06,2.7535691114583474e-06,2.8130174840733105e-07,1.0129990980873922e-06,3.321419494792514e-06,5.255395707074638e-07,1.5720345248929426e-05,1.177445922838707e-05,3.6478537675800286e-06
441,0,child,,False,0.0006585020124953188,4.512106237781923e-05,1.8522574326531083e-05,5.829126566113866e-06,1.8522574326531083e-05,9.915273115920183e-06,0.004821818159620584,0.00021221394297262693,0.0002445664150903344,0.0008487344920069995,1.2931563954607948e-05,0.11654852107832075,0.0016082622770097628,4.512106237781923e-05,5.829126566113866e-06,9.915273115920183e-06,0.0002445664150903344,0.00021221394297262693,0.004821818159620584,1.2931563954607948e-05,0.0016082622770097628
441,1,child,,False,2.6119031909571944e-05,3.373722476473661e-06,5.475976980449466e-06,4.5659700648367735e-07,2.2827997192887966e-06,1.5206840370677115e-06,0.0004672347498334401,7.296379465971514e-07,4.53978687024344e-06,9.850082967450695e-05,1.4738981974494932e-06,0.0006069710175518718,7.0311842669149565e-06,3.373722476473661e-06,4.5659700648367735e-07,1.5206840370677115e-06,4.53978687024344e-06,7.296379465971514e-07,0.0004672347498334401,1.4738981974494932e-06,7.0311842669149565e-06
441,2,child,,False,3.569706350376584e-05,4.61127481426412e-06,5.225226840386988e-06,8.139692624947503e-07,3.7636447180974406e-06,2.2474089854291757e-06,0.00046109784446807375,1.0451548051737735e-06,4.908661889889002e-06,0.002944745327012609,4.044814978420809e-05,0.0012121048968397102,9.610241549947397e-06,4.61127481426412e-06,8.139692624947503e-07,2.2474089854291757e-06,4.908661889889002e-06,1.0451548051737735e-06,0.00046109784446807375,4.044814978420809e-05,9.610241549947397e-06
442,0,daughter,,False,3.250358452365473e-05,6.302758756443267e-06,3.2192334497037803e-06,9.080474758713811e-07,3.822911232549001e-06,1.3007128466476034e-06,0.0004952508080780285,1.0953122821495382e-06,0.00021751041144712992,0.00010005044009099887,1.9110431587777674e-05,0.010175480729240283,1.8522574326531083e-05,6.302758756443267e-06,9.080474758713811e-07,1.3007128466476034e-06,0.00021751041144712992,1.0953122821495382e-06,0.0004952508080780285,1.9110431587777674e-05,1.8522574326531083e-05
442,1,daughter,,False,3.682979260160596e-05,7.843789122138342e-06,2.88571183887091e-06,9.818326983657703e-07,4.198630823683514e-06,1.0129990980873922e-06,0.0004660187641789279,6.339210403977636e-07,0.0002148234988278738,0.00015011822567369918,3.150386940813393e-05,0.0012540578844847672,1.5843621910252592e-05,7.843789122138342e-06,9.818326983657703e-07,1.0129990980873922e-06,0.0002148234988278738,6.339210403977636e-07,0.0004660187641789279,3.150386940813393e-05,1.5843621910252592e-05
442,2,daughter,,False,8.040859356292355e-05,3.8596609058077356e-05,7.368592981140821e-06,2.97731143841062e-06,9.915273115920183e-06,6.205049602300744e-06,0.004663047677396701,4.069457790466838e-06,0.0002504832985443908,0.00014550629385328434,2.6119031909571944e-05,0.08264632590520474,0.0015759078905635787,3.8596609058077356e-05,2.97731143841062e-06,6.205049602300744e-06,0.0002504832985443908,4.069457790466838e-06,0.004663047677396701,2.6119031909571944e-05,0.0015759078905635787
443,0,son,,False,8.092757566536092e-06,1.9525885208642222e-06,1.8925148246037342e-06,2.561282210758673e-07,5.144221374220898e-06,1.0451548051737735e-06,0.0004606025498168151,5.338155705389253e-07,3.120191139396651e-06,0.00015731121653489972,3.8596609058077356e-05,0.0005204719129728484,5.649793328376294e-06,1.9525885208642222e-06,2.561282210758673e-07,1.0451548051737735e-06,3.120191139396651e-06,5.338155705389253e-07,0.0004606025498168151,3.8596609058077356e-05,5.649793328376294e-06
443,1,son,,False,3.799845147518645e-05,5.738759521437678e-06,4.832563818725537e-06,1.1125607488784412e-06,4.198630823683514e-06,2.0785170435063726e-06,0.000519338002452409,1.8058518261159955e-06,0.0002233150331012493,0.010327781932783636,0.00018386652876885775,0.0006069710175518718,7.0311842669149565e-06,5.738759521437678e-06,1.1125607488784412e-06,2.0785170435063726e-06,0.0002233150331012493,1.8058518261159955e-06,0.000519338002452409,0.00018386652876885775,7.0311842669149565e-06
443,2,son,,False,1.0229985472581487e-05,1.3420013504783412e-06,1.9525885208642222e-06,3.089494448007139e-07,2.212566909570261e-06,7.889262586245034e-07,0.0004564721797880551,5.422218970016178e-07,2.7535691114583474e-06,0.00011335690050875118,3.1999824407395835e-05,0.0004999085000106341,3.4268490542555014e-06,1.3420013504783412e-06,3.089494448007139e-07,7.889262586245034e-07,2.7535691114583474e-06,5.422218970016178e-07,0.0004564721797880551,3.1999824407395835e-05,3.4268490542555014e-06
444,0,child,,False,5.0333557545281144e-05,8.220189478350845e-06,3.7636447180974406e-06,9.368717268777097e-07,4.331903899346328e-06,1.1478768127080353e-06,0.0004607995081828346,9.368717268777097e-07,0.00021273082914771238,0.0008234381138183805,6.263341581094202e-05,0.0005935553564438082,1.0889691002655445e-05,8.220189478350845e-06,9.368717268777097e-07,1.1478768127080353e-06,0.00021273082914771238,9.368717268777097e-07,0.0004607995081828346,6.263341581094202e-05,1.0889691002655445e-05
444,1,child,,False,1.1235328063870752e-05,2.586743108135441e-06,1.4285517650093407e-06,2.8130174840733105e-07,5.562206273647035e-06,1.2219076020491008e-06,0.0004555112476395559,6.144174602214718e-07,3.822911232549001e-06,0.00017546144100994869,3.740956047302422e-05,0.0005300709180442588,6.205049602300744e-06,2.586743108135441e-06,2.8130174840733105e-07,1.2219076020491008e-06,3.822911232549001e-06,6.144174602214718e-07,0.0004555112476395559,3.740956047302422e-05,6.205049602300744e-06
444,2,child,,False,4.832563818725537e-06,9.516251694168764e-07,9.516251694168764e-07,1.370957206857845e-07,1.4064044342149064e-06,3.288749065460498e-07,1.5000566214994787e-05,4.0929110499856e-07,2.4682904407607285e-06,0.00010987310729246431,3.0534893211185946e-05,0.0004914519521959942,3.2192334497037803e-06,9.516251694168764e-07,1.370957206857845e-07,3.288749065460498e-07,2.4682904407607285e-06,4.0929110499856e-07,1.5000566214994787e-05,3.0534893211185946e-05,3.2192334497037803e-06
445,0,daughter,,False,6.922183404468203e-06,1.670142184809518e-06,1.2219076020491008e-06,2.4824800371656586e-07,2.796930302582677e-06,8.398072034951531e-07,1.6219281637167375e-05,3.6119830612765795e-07,2.586743108135441e-06,0.000782571800733567,7.096703991005882e-05,0.0005026840819416764,7.484622751061123e-06,1.670142184809518e-06,2.4824800371656586e-07,8.398072034951531e-07,2.586743108135441e-06,3.6119830612765795e-07,1.6219281637167375e-05,7.096703991005882e-05,7.484622751061123e-06
445,1,daughter,,False,0.0005597594790089396,0.0007534463243833559,1.5118199327273332e-05,6.814872211615988e-06,2.0988308820313112e-05,1.609308249869283e-05,0.004759043154516475,5.307507822667365e-06,0.0002519149280417731,9.110511944006454e-05,1.3765463368900109e-05,0.1850485589022775,0.003516093134737444,0.0007534463243833559,6.814872211615988e-06,1.609308249869283e-05,0.0002519149280417731,5.307507822667365e-06,0.004759043154516475,1.3765463368900109e-05,0.003516093134737444
445,2,daughter,,False,2.913700606794303e-05,4.61127481426412e-06,2.5071593847983196e-06,5.594337713435001e-07,3.321419494792514e-06,8.398072034951531e-07,0.00046711100403737317,9.666109404131067e-07,0.00021273082914771238,0.00013458604012970922,2.737216731838081e-05,0.0005600758955536546,8.481104172358076e-06,4.61127481426412e-06,5.594337713435001e-07,8.398072034951531e-07,0.00021273082914771238,9.666109404131067e-07,0.00046711100403737317,2.737216731838081e-05,8.481104172358076e-06
446,0,son,,False,3.150386940813393e-05,9.915273115920183e-06,3.944258675190877e-06,1.4971083692627422e-06,6.014151777699533e-06,2.3923509443082866e-06,0.000504001002462806,1.4064044342149064e-06,0.00022477355484446784,0.00016229670614688406,2.653023768982879e-05,0.016154180102454604,2.5315637215092633e-05,9.915273115920183e-06,1.4971083692627422e-06,2.3923509443082866e-06,0.00022477355484446784,1.4064044342149064e-06,0.000504001002462806,2.653023768982879e-05,2.5315637215092633e-05
446,1,son,,False,8.220189478350845e-06,2.1444948420913954e-06,1.5206840370677115e-06,4.222833444659923e-07,3.6478537675800286e-06,1.3420013504783412e-06,1.6734050747377145e-05,4.495181578513688e-07,3.535625074174432e-06,0.00017821963223663923,3.9821309061635425e-05,0.0005019738542559919,5.144221374220898e-06,2.1444948420913954e-06,4.222833444659923e-07,1.3420013504783412e-06,3.535625074174432e-06,4.495181578513688e-07,1.6734050747377145e-05,3.9821309061635425e-05,5.144221374220898e-06
446,2,son,,False,1.4202364022997911e-05,2.0785170435063726e-06,2.6688529572628562e-06,5.422218970016178e-07,3.120191139396651e-06,1.1125607488784412e-06,0.00046211791741616995,6.540437226933637e-07,4.61127481426412e-06,0.002749761539826477,8.426423087564058e-05,0.0005096006331304874,6.40200641038395e-06,2.0785170435063726e-06,5.422218970016178e-07,1.1125607488784412e-06,4.61127481426412e-06,6.540437226933637e-07,0.00046211791741616995,8.426423087564058e-05,6.40200641038395e-06
447,0,child,,False,1.3342001090985438e-05,2.1444948420913954e-06,2.1444948420913954e-06,3.288749065460498e-07,2.3187477504664324e-06,7.411279871974134e-07,0.00045459430255551965,5.093705003229987e-07,3.535625074174432e-06,7.916296072837432e-05,2.0027376671813928e-05,0.0005267203585267405,7.484622751061123e-06,2.1444948420913954e-06,3.288749065460498e-07,7.411279871974134e-07,3.535625074174432e-06,5.093705003229987e-07,0.00045459430255551965,2.0027376671813928e-05,7.484622751061123e-06
447,1,child,,False,8.559006367452268e-05,4.044814978420809e-05,9.761566060239504e-06,5.144221374220898e-06,1.971694219622292e-05,1.3765463368900109e-05,0.004709877372391661,5.144221374220898e-06,0.00026702520964274283,7.321812616608614e-05,1.0229985472581487e-05,0.12544044441258068,0.0024601736421077493,4.044814978420809e-05,5.144221374220898e-06,1.3765463368900109e-05,0.00026702520964274283,5.144221374220898e-06,0.004709877372391661,1.0229985472581487e-05,0.0024601736421077493
447,2,child,,False,2.6119031909571944e-05,4.400118457925303e-06,3.4268490542555014e-06,7.527989669055592e-07,2.796930302582677e-06,1.1478768127080353e-06,0.000477215447035514,9.223470110117277e-07,0.00021196745065203636,0.000754511454683582,4.044814978420809e-05,0.0005794095367164778,6.014151777699533e-06,4.400118457925303e-06,7.527989669055592e-07,1.1478768127080353e-06,0.00021196745065203636,9.223470110117277e-07,0.000477215447035514,4.044814978420809e-05,6.014151777699533e-06
448,0,daughter,,False,1.6346470245419304e-05,3.4268490542555014e-06,2.212566909570261e-06,4.222833444659923e-07,4.006369222920725e-06,1.3420013504783412e-06,0.0004624317865236275,9.080474758713811e-07,5.649793328376294e-06,0.0008186102388378728,4.655269187520153e-05,0.0005034054837533741,4.53978687024344e-06,3.4268490542555014e-06,4.222833444659923e-07,1.3420013504783412e-06,5.649793328376294e-06,9.080474758713811e-07,0.0004624317865236275,4.655269187520153e-05,4.53978687024344e-06
448,1,daughter,,False,6.502816785764437e-06,1.3007128466476034e-06,1.670142184809518e-06,2.332074525844782e-07,2.01456908529364e-06,6.144174602214718e-07,1.2931563954607948e-05,4.0929110499856e-07,2.1112482331487175e-06,0.0007259681821955923,5.0333557545281144e-05,0.0004954494009362499,6.014151777699533e-06,1.3007128466476034e-06,2.332074525844782e-07,6.144174602214718e-07,2.1112482331487175e-06,4.0929110499856e-07,1.2931563954607948e-05,5.0333557545281144e-05,6.014151777699533e-06
448,2,daughter,,False,1.6346470245419304e-05,4.331903899346328e-06,1.7231572752142392e-06,3.3931448129766124e-07,2.4300240743279605e-06,6.962256250138369e-07,0.0004676088989121183,1.3211958228877664e-06,0.0002148234988278738,0.00012644219446392274,2.3413582477639402e-05,0.0005224900751216392,4.832563818725537e-06,4.331903899346328e-06,3.3931448129766124e-07,6.962256250138369e-07,0.0002148234988278738,1.3211958228877664e-06,0.0004676088989121183,2.3413582477639402e-05,4.832563818725537e-06
449,0,son,,False,8.61465062380632e-06,1.3846004563753396e-06,1.7778551863194697e-06,3.1875652166284776e-07,3.5913010679499402e-06,9.223470110117277e-07,1.2436225128319384e-05,3.089494448007139e-07,1.9833367060283617e-06,0.00015011822567369918,3.514382632807918e-05,0.0004903878049248205,4.98595821272702e-06,1.3846004563753396e-06,3.1875652166284776e-07,9.223470110117277e-07,1.9833367060283617e-06,3.089494448007139e-07,1.2436225128319384e-05,3.514382632807918e-05,4.98595821272702e-06
449,1,son,,False,1.6865275398914433e-05,2.710880136557205e-06,3.4268490542555014e-06,4.0929110499856e-07,5.738759521437678e-06,1.3846004563753396e-06,0.0004571382759572523,6.643433442159853e-07,3.0718185454758057e-06,0.0007433895060961777,3.682979260160596e-05,0.0005347894011802569,9.610241549947397e-06,2.710880136557205e-06,4.0929110499856e-07,1.3846004563753396e-06,3.0718185454758057e-06,6.643433442159853e-07,0.0004571382759572523,3.682979260160596e-05,9.610241549947397e-06
449,2,son,,False,6.263341581094202e-05,8.61465062380632e-06,4.006369222920725e-06,1.3007128466476034e-06,3.5913010679499402e-06,1.2219076020491008e-06,0.000474995410586757,7.411279871974134e-07,0.00021217710837818755,0.000782571800733567,4.442183589214344e-05,0.010106130587133003,2.0342697805520655e-05,8.61465062380632e-06,1.3007128466476034e-06,1.2219076020491008e-06,0.00021217710837818755,7.411279871974134e-07,0.000474995410586757,4.442183589214344e-05,2.0342697805520655e-05
450,0,child,,False,3.0534893211185946e-05,4.006369222920725e-06,2.5071593847983196e-06,2.72647027069593e-07,2.1112482331487175e-06,4.78509449489012e-07,1.5843621910252592e-05,5.093705003229987e-07,3.6478537675800286e-06,0.0006978298516223775,3.459916031782155e-05,0.0005019738542559919,4.53978687024344e-06,4.006369222920725e-06,2.72647027069593e-07,4.78509449489012e-07,3.6478537675800286e-06,5.093705003229987e-07,1.5843621910252592e-05,3.459916031782155e-05,4.53978687024344e-06
450,1,child,,False,6.263341581094202e-05,9.610241549947397e-06,5.920916517463734e-06,1.2029639084557005e-06,3.373722476473661e-06,9.516251694168764e-07,0.000467358979648701,7.889262586245034e-07,5.144221374220898e-06,0.0007868354905725904,6.166297347617125e-05,0.0011844359069379858,1.7400543552708932e-05,9.610241549947397e-06,1.2029639084557005e-06,9.516251694168764e-07,5.144221374220898e-06,7.889262586245034e-07,0.000467358979648701,6.166297347617125e-05,1.7400543552708932e-05
450,2,child,,False,4.61127481426412e-06,1.1478768127080353e-06,8.664653147910923e-07,1.1726420733772349e-07,4.006369222920725e-06,6.748051590048605e-07,1.535623976496012e-05,4.289333109916098e-07,2.2474089854291757e-06,7.208380258812108e-05,4.53978687024344e-06,0.0004925498553819385,6.814872211615988e-06,1.1478768127080353e-06,1.1726420733772349e-07,6.748051590048605e-07,2.2474089854291757e-06,4.289333109916098e-07,1.535623976496012e-05,4.53978687024344e-06,6.814872211615988e-06
451,0,daughter,,False,2.453694805426225e-05,5.064471653194114e-06,2.7535691114583474e-06,6.540437226933637e-07,5.064471653194114e-06,1.5689549727726036e-06,0.000507638051460488,1.2029639084557005e-06,0.000218704237257557,0.010312410400820201,0.0001410358496618023,0.0005508471799444582,3.8831109868779005e-06,5.064471653194114e-06,6.540437226933637e-07,1.5689549727726036e-06,0.000218704237257557,1.2029639084557005e-06,0.000507638051460488,0.0001410358496618023,3.8831109868779005e-06
451,1,daughter,,False,3.799845147518645e-05,2.931153855960119e-06,4.683888424952456e-06,4.0929110499856e-07,2.2474089854291757e-06,7.411279871974134e-07,0.000488645198734589,1.1843139025979655e-06,0.00021575330372933303,8.426423087564058e-05,1.4738981974494932e-06,0.0005523259629862285,4.832563818725537e-06,2.931153855960119e-06,4.0929110499856e-07,7.411279871974134e-07,0.00021575330372933303,1.1843139025979655e-06,0.000488645198734589,1.4738981974494932e-06,4.832563818725537e-06
451,2,daughter,,False,4.331903899346328e-06,9.516251694168764e-07,9.818326983657703e-07,1.1726420733772349e-07,3.169325442919291e-06,6.962256250138369e-07,1.6603846953733614e-05,3.726639284186561e-07,2.97731143841062e-06,0.00016484829418512883,1.0720880092159908e-05,1.9110431587777674e-05,4.400118457925303e-06,9.516251694168764e-07,1.1726420733772349e-07,6.962256250138369e-07,2.97731143841062e-06,3.726639284186561e-07,1.6603846953733614e-05,1.0720880092159908e-05,4.400118457925303e-06
452,0,son,,False,2.3782205064034188e-05,2.355261854303796e-06,5.225226840386988e-06,4.936988949458183e-07,2.0785170435063726e-06,9.223470110117277e-07,0.0004616029028773139,8.267873072601938e-07,4.469407144215697e-06,0.0007911659505451469,3.6478537675800286e-06,0.0005584771959849743,4.1335397768930325e-06,2.355261854303796e-06,4.936988949458183e-07,9.223470110117277e-07,4.469407144215697e-06,8.267873072601938e-07,0.0004616029028773139,3.6478537675800286e-06,4.1335397768930325e-06
452,1,son,,False,1.2533751425646102e-05,1.5206840370677115e-06,1.5689549727726036e-06,1.6536895860212648e-07,3.169325442919291e-06,7.411279871974134e-07,1.3342001090985438e-05,5.682435212870505e-07,2.840974294610978e-06,5.9766937110286536e-05,3.2192334497037803e-06,0.0004960569708019354,4.1335397768930325e-06,1.5206840370677115e-06,1.6536895860212648e-07,7.411279871974134e-07,2.840974294610978e-06,5.682435212870505e-07,1.3342001090985438e-05,3.2192334497037803e-06,4.1335397768930325e-06
452,2,son,,False,1.971694219622292e-05,2.01456908529364e-06,3.373722476473661e-06,3.6119830612765795e-07,1.4064044342149064e-06,6.144174602214718e-07,0.0004548951896456382,7.296379465971514e-07,4.198630823683514e-06,0.00013458604012970922,2.01456908529364e-06,0.0005451573766566274,4.53978687024344e-06,2.01456908529364e-06,3.6119830612765795e-07,6.144174602214718e-07,4.198630823683514e-06,7.296379465971514e-07,0.0004548951896456382,2.01456908529364e-06,4.53978687024344e-06
453,0,child,,False,3.4062932773341e-05,3.8831109868779005e-06,3.4268490542555014e-06,6.339210403977636e-07,2.3923509443082866e-06,1.3007128466476034e-06,0.0005214086368405433,1.9833367060283617e-06,0.0002253896128383855,0.00017007224114352882,9.170196905195049e-06,0.0011571599312536706,6.605214485464791e-06,3.8831109868779005e-06,6.339210403977636e-07,1.3007128466476034e-06,0.0002253896128383855,1.9833367060283617e-06,0.0005214086368405433,9.170196905195049e-06,6.605214485464791e-06
453,1,child,,False,2.0027376671813928e-05,2.4300240743279605e-06,4.198630823683514e-06,2.8130174840733105e-07,1.363134508591315e-06,5.955139348629957e-07,0.0004587152898300176,6.748051590048605e-07,3.535625074174432e-06,5.27478412523148e-05,1.3420013504783412e-06,0.0005600758955536546,3.8831109868779005e-06,2.4300240743279605e-06,2.8130174840733105e-07,5.955139348629957e-07,3.535625074174432e-06,6.748051590048605e-07,0.0004587152898300176,1.3420013504783412e-06,3.8831109868779005e-06
453,2,child,,False,1.7674513810355872e-05,1.8342893327886845e-06,3.4268490542555014e-06,2.6425858208426533e-07,1.7502925788778209e-06,6.339210403977636e-07,1.6603846953733614e-05,5.594337713435001e-07,1.9223170236538178e-06,0.00016229670614688406,1.7231572752142392e-06,0.0005411170227538132,5.475976980449466e-06,1.8342893327886845e-06,2.6425858208426533e-07,6.339210403977636e-07,1.9223170236538178e-06,5.594337713435001e-07,1.6603846953733614e-05,1.7231572752142392e-06,5.475976980449466e-06
454,0,daughter,,False,1.488384825728813e-05,1.8342893327886845e-06,1.9525885208642222e-06,2.4824800371656586e-07,2.0462932829931794e-06,5.955139348629957e-07,0.0004639461111252634,6.643433442159853e-07,0.0002115672857688723,0.00016229670614688406,2.6688529572628562e-06,0.0005935553564438082,6.40200641038395e-06,1.8342893327886845e-06,2.4824800371656586e-07,5.955139348629957e-07,0.0002115672857688723,6.643433442159853e-07,0.0004639461111252634,2.6688529572628562e-06,6.40200641038395e-06
454,1,daughter,,False,4.8785712278226595e-05,7.967300986103147e-06,5.920916517463734e-06,1.0783312222985275e-06,3.169325442919291e-06,1.0129990980873922e-06,0.0005113198674311622,1.3846004563753396e-06,0.00022417644371706703,0.00016743993037101191,8.349627818261147e-06,0.010231553648738033,1.442598644847886e-05,7.967300986103147e-06,1.0783312222985275e-06,1.0129990980873922e-06,0.00022417644371706703,1.3846004563753396e-06,0.0005113198674311622,8.349627818261147e-06,1.442598644847886e-05
454,2,daughter,,False,1.1235328063870752e-05,1.5206840370677115e-06,1.8925148246037342e-06,2.123378462433771e-07,2.5466403947055455e-06,7.646537350121258e-07,0.0004568026270968072,5.682435212870505e-07,3.120191139396651e-06,0.0007433895060961777,2.212566909570261e-06,0.0005508471799444582,4.53978687024344e-06,1.5206840370677115e-06,2.123378462433771e-07,7.646537350121258e-07,3.120191139396651e-06,5.682435212870505e-07,0.0004568026270968072,2.212566909570261e-06,4.53978687024344e-06
455,0,son,,False,2.6947915555885546e-05,2.01456908529364e-06,5.391084403253366e-06,3.3931448129766124e-07,1.5206840370677115e-06,5.093705003229987e-07,0.00045590617158127144,6.240930669504435e-07,3.321419494792514e-06,9.253848866495987e-05,1.1478768127080353e-06,0.0005267203585267405,3.6478537675800286e-06,2.01456908529364e-06,3.3931448129766124e-07,5.093705003229987e-07,3.321419494792514e-06,6.240930669504435e-07,0.00045590617158127144,1.1478768127080353e-06,3.6478537675800286e-06
455,1,son,,False,6.986756664856784e-05,4.198630823683514e-06,8.349627818261147e-06,9.818326983657703e-07,3.120191139396651e-06,1.7778551863194697e-06,0.0005151116683153262,2.0785170435063726e-06,0.00023360304396588728,0.0027358596836205874,8.092757566536092e-06,0.0011749162498717969,7.722191834067996e-06,4.198630823683514e-06,9.818326983657703e-07,1.7778551863194697e-06,0.00023360304396588728,2.0785170435063726e-06,0.0005151116683153262,8.092757566536092e-06,7.722191834067996e-06
455,2,son,,False,3.1015598671268335e-05,3.944258675190877e-06,5.064471653194114e-06,4.495181578513688e-07,1.8925148246037342e-06,8.398072034951531e-07,0.00047393006395888865,1.2606946239951315e-06,0.0002126165979895905,0.00017007224114352882,3.321419494792514e-06,0.0006166373412799071,7.0311842669149565e-06,3.944258675190877e-06,4.495181578513688e-07,8.398072034951531e-07,0.0002126165979895905,1.2606946239951315e-06,0.00047393006395888865,3.321419494792514e-06,7.0311842669149565e-06
456,0,child,,False,1.7130819343483194e-05,1.7778551863194697e-06,3.705296977158347e-06,3.6119830612765795e-07,1.8342893327886845e-06,8.664653147910923e-07,0.0004549711485936387,8.139692624947503e-07,2.5466403947055455e-06,0.0009056139344932517,3.8831109868779005e-06,0.0005437895311587944,3.8831109868779005e-06,1.7778551863194697e-06,3.6119830612765795e-07,8.664653147910923e-07,2.5466403947055455e-06,8.139692624947503e-07,0.0004549711485936387,3.8831109868779005e-06,3.8831109868779005e-06
456,1,child,,False,4.373344035182828e-05,3.2699273422345685e-06,5.144221374220898e-06,4.6378732973537256e-07,2.1112482331487175e-06,8.398072034951531e-07,0.0004703543012372018,1.1125607488784412e-06,5.829126566113866e-06,0.000770171190275983,3.6478537675800286e-06,0.0005523259629862285,4.264746818557914e-06,3.2699273422345685e-06,4.6378732973537256e-07,8.398072034951531e-07,5.829126566113866e-06,1.1125607488784412e-06,0.0004703543012372018,3.6478537675800286e-06,4.264746818557914e-06
456,2,child,,False,6.771942330385674e-05,7.14190139989638e-06,9.915273115920183e-06,9.818326983657703e-07,3.535625074174432e-06,1.670142184809518e-06,0.0004837014865369547,1.7502925788778209e-06,5.562206273647035e-06,0.01964328298202807,9.915273115920183e-06,0.010165718790469394,2.0342697805520655e-05,7.14190139989638e-06,9.818326983657703e-07,1.670142184809518e-06,5.562206273647035e-06,1.7502925788778209e-06,0.0004837014865369547,9.915273115920183e-06,2.0342697805520655e-05
457,0,daughter,,False,4.8785712278226595e-05,5.920916517463734e-06,3.169325442919291e-06,5.594337713435001e-07,3.822911232549001e-06,1.1478768127080353e-06,0.0005044033710036192,2.4682904407607285e-06,0.00021956460018956949,7.208380258812108e-05,1.0783312222985275e-06,0.001208455080896534,1.2731104162213555e-05,5.920916517463734e-06,5.594337713435001e-07,1.1478768127080353e-06,0.00021956460018956949,2.4682904407607285e-06,0.0005044033710036192,1.0783312222985275e-06,1.2731104162213555e-05
457,1,daughter,,False,3.459916031782155e-05,7.14190139989638e-06,3.535625074174432e-06,1.4738981974494932e-06,6.014151777699533e-06,1.8342893327886845e-06,0.00048258505277662156,1.3211958228877664e-06,0.0002142503208503807,0.03598624720387526,0.0004101929257867252,0.0012983872610336491,1.5843621910252592e-05,7.14190139989638e-06,1.4738981974494932e-06,1.8342893327886845e-06,0.0002142503208503807,1.3211958228877664e-06,0.00048258505277662156,0.0004101929257867252,1.5843621910252592e-05
457,2,daughter,,False,1.0554685795431098e-05,1.7778551863194697e-06,1.9525885208642222e-06,1.816222403812674e-07,2.2474089854291757e-06,6.748051590048605e-07,0.0004582660558828788,7.766951856747235e-07,3.8831109868779005e-06,0.00015731121653489972,3.8831109868779005e-06,0.00048509359967748836,3.321419494792514e-06,1.7778551863194697e-06,1.816222403812674e-07,6.748051590048605e-07,3.8831109868779005e-06,7.766951856747235e-07,0.0004582660558828788,3.8831109868779005e-06,3.321419494792514e-06
458,0,son,,False,3.9821309061635425e-05,3.5913010679499402e-06,2.586743108135441e-06,6.240930669504435e-07,3.2192334497037803e-06,1.0953122821495382e-06,0.0004845561354424807,9.223470110117277e-07,0.0002154336363883092,6.263341581094202e-05,1.670142184809518e-06,0.0012121048968397102,9.314593042575101e-06,3.5913010679499402e-06,6.240930669504435e-07,1.0953122821495382e-06,0.0002154336363883092,9.223470110117277e-07,0.0004845561354424807,1.670142184809518e-06,9.314593042575101e-06
458,1,son,,False,6.709224499600877e-06,1.5689549727726036e-06,1.0451548051737735e-06,1.602810987828144e-07,2.6688529572628562e-06,6.540437226933637e-07,1.5598027633743823e-05,5.093705003229987e-07,2.840974294610978e-06,0.00017821963223663923,4.373344035182828e-05,0.000493111798506495,4.53978687024344e-06,1.5689549727726036e-06,1.602810987828144e-07,6.540437226933637e-07,2.840974294610978e-06,5.093705003229987e-07,1.5598027633743823e-05,4.373344035182828e-05,4.53978687024344e-06
458,2,son,,False,2.0342697805520655e-05,1.9525885208642222e-06,2.4300240743279605e-06,5.77192003016332e-07,2.2827997192887966e-06,7.646537350121258e-07,1.5118199327273332e-05,6.048918580418918e-07,2.4682904407607285e-06,0.0008760719569540332,4.400118457925303e-06,0.0005121306555705326,4.53978687024344e-06,1.9525885208642222e-06,5.77192003016332e-07,7.646537350121258e-07,2.4682904407607285e-06,6.048918580418918e-07,1.5118199327273332e-05,4.400118457925303e-06,4.53978687024344e-06
459,0,child,,False,6.014151777699533e-06,1.5689549727726036e-06,8.939696304799168e-07,2.123378462433771e-07,3.4268490542555014e-06,7.183260399857925e-07,1.7130819343483194e-05,4.495181578513688e-07,2.931153855960119e-06,0.0008435169429986132,8.295891883591029e-05,0.0005048825150668042,7.0311842669149565e-06,1.5689549727726036e-06,2.123378462433771e-07,7.183260399857925e-07,2.931153855960119e-06,4.495181578513688e-07,1.7130819343483194e-05,8.295891883591029e-05,7.0311842669149565e-06
459,1,child,,False,3.9821309061635425e-05,5.562206273647035e-06,5.307507822667365e-06,1.0783312222985275e-06,5.920916517463734e-06,2.5071593847983196e-06,0.0004664994696390103,1.1659530314852966e-06,4.908661889889002e-06,0.0029152173831324575,6.205049602300744e-06,0.0011978401309281443,8.481104172358076e-06,5.562206273647035e-06,1.0783312222985275e-06,2.5071593847983196e-06,4.908661889889002e-06,1.1659530314852966e-06,0.0004664994696390103,6.205049602300744e-06,8.481104172358076e-06
459,2,child,,False,1.8814207550495463e-05,2.4300240743279605e-06,2.4682904407607285e-06,4.936988949458183e-07,2.3923509443082866e-06,9.516251694168764e-07,0.00045606631270242416,7.766951856747235e-07,2.2827997192887966e-06,0.0008876146323004368,4.757645425657629e-06,0.0005112741181214284,4.264746818557914e-06,2.4300240743279605e-06,4.936988949458183e-07,9.516251694168764e-07,2.2827997192887966e-06,7.766951856747235e-07,0.00045606631270242416,4.757645425657629e-06,4.264746818557914e-06
460,0,daughter,,False,0.0005398135517506113,2.0027376671813928e-05,7.2543618230189156e-06,2.627477314480822e-06,7.484622751061123e-06,2.88571183887091e-06,0.0005030712481603208,1.5446309562386385e-06,0.00021770169376519476,0.0030080612419204488,2.571419797957771e-05,0.02278544125101113,3.8596609058077356e-05,2.0027376671813928e-05,2.627477314480822e-06,2.88571183887091e-06,0.00021770169376519476,1.5446309562386385e-06,0.0005030712481603208,2.571419797957771e-05,3.8596609058077356e-05
460,1,daughter,,False,2.453694805426225e-05,3.4268490542555014e-06,2.7535691114583474e-06,4.222833444659923e-07,3.4808121961114687e-06,1.1843139025979655e-06,0.0004905463453571033,1.3007128466476034e-06,0.00021559222163915307,0.0027427567939960506,8.750299760661308e-06,0.0011409871228185344,1.0229985472581487e-05,3.4268490542555014e-06,4.222833444659923e-07,1.1843139025979655e-06,0.00021559222163915307,1.3007128466476034e-06,0.0004905463453571033,8.750299760661308e-06,1.0229985472581487e-05
460,2,daughter,,False,1.5118199327273332e-05,2.355261854303796e-06,2.6688529572628562e-06,5.77192003016332e-07,2.796930302582677e-06,1.3420013504783412e-06,0.0004623267547584493,8.013499398837462e-07,0.00021308442800063956,0.0029756715223842765,0.0001410358496618023,0.0005056385041563992,3.2192334497037803e-06,2.355261854303796e-06,5.77192003016332e-07,1.3420013504783412e-06,0.00021308442800063956,8.013499398837462e-07,0.0004623267547584493,0.0001410358496618023,3.2192334497037803e-06
461,0,son,,False,3.1015598671268335e-05,2.5071593847983196e-06,3.0718185454758057e-06,2.994440981371515e-07,2.5071593847983196e-06,6.962256250138369e-07,0.0004676088989121183,6.048918580418918e-07,5.391084403253366e-06,7.916296072837432e-05,3.024195853395102e-06,0.0005087832783276653,4.98595821272702e-06,2.5071593847983196e-06,2.994440981371515e-07,6.962256250138369e-07,5.391084403253366e-06,6.048918580418918e-07,0.0004676088989121183,3.024195853395102e-06,4.98595821272702e-06
461,1,son,,False,4.305570813246149e-05,4.1335397768930325e-06,4.683888424952456e-06,8.939696304799168e-07,3.2192334497037803e-06,2.01456908529364e-06,0.0005363059294128038,2.5071593847983196e-06,0.00022668099229563676,0.0027941453403890646,2.2693385749600554e-05,0.0011978401309281443,5.649793328376294e-06,4.1335397768930325e-06,8.939696304799168e-07,2.01456908529364e-06,0.00022668099229563676,2.5071593847983196e-06,0.0005363059294128038,2.2693385749600554e-05,5.649793328376294e-06
461,2,son,,False,1.6346470245419304e-05,3.2192334497037803e-06,3.120191139396651e-06,6.540437226933637e-07,4.61127481426412e-06,2.0785170435063726e-06,0.0004908697448849009,1.1843139025979655e-06,0.00021809334032878513,0.0029756715223842765,0.0001410358496618023,0.0005538279886564313,5.829126566113866e-06,3.2192334497037803e-06,6.540437226933637e-07,2.0785170435063726e-06,0.00021809334032878513,1.1843139025979655e-06,0.0004908697448849009,0.0001410358496618023,5.829126566113866e-06
462,0,child,,False,2.3413582477639402e-05,5.649793328376294e-06,2.4300240743279605e-06,5.422218970016178e-07,4.331903899346328e-06,1.7502925788778209e-06,0.00047021840153368906,3.0718185454758057e-06,5.649793328376294e-06,0.00012644219446392274,6.40200641038395e-06,0.0012719291054583215,1.7674513810355872e-05,5.649793328376294e-06,5.422218970016178e-07,1.7502925788778209e-06,5.649793328376294e-06,3.0718185454758057e-06,0.00047021840153368906,6.40200641038395e-06,1.7674513810355872e-05
462,1,child,,False,1.9110431587777674e-05,3.822911232549001e-06,1.7778551863194697e-06,4.78509449489012e-07,2.7535691114583474e-06,7.411279871974134e-07,0.00045663675831385605,5.422218970016178e-07,4.264746818557914e-06,0.0027941453403890646,6.263341581094202e-05,0.0005584771959849743,7.722191834067996e-06,3.822911232549001e-06,4.78509449489012e-07,7.411279871974134e-07,4.264746818557914e-06,5.422218970016178e-07,0.00045663675831385605,6.263341581094202e-05,7.722191834067996e-06
462,2,child,,False,2.199533724320648e-05,2.355261854303796e-06,3.169325442919291e-06,4.0929110499856e-07,1.9833367060283617e-06,1.0129990980873922e-06,1.4768038336604361e-05,6.439037799292652e-07,3.4808121961114687e-06,5.193048644949271e-05,5.093705003229987e-07,0.0005130006664921807,3.4268490542555014e-06,2.355261854303796e-06,4.0929110499856e-07,1.0129990980873922e-06,3.4808121961114687e-06,6.439037799292652e-07,1.4768038336604361e-05,5.093705003229987e-07,3.4268490542555014e-06
463,0,daughter,,False,8.220189478350845e-06,2.0785170435063726e-06,1.4738981974494932e-06,2.4824800371656586e-07,4.832563818725537e-06,8.939696304799168e-07,0.0004552008131639649,4.356879983467376e-07,3.4808121961114687e-06,0.0007955642203309994,7.916296072837432e-05,0.0005064063866345277,4.98595821272702e-06,2.0785170435063726e-06,2.4824800371656586e-07,8.939696304799168e-07,3.4808121961114687e-06,4.356879983467376e-07,0.0004552008131639649,7.916296072837432e-05,4.98595821272702e-06
463,1,daughter,,False,4.53978687024344e-06,1.1125607488784412e-06,7.646537350121258e-07,1.1726420733772349e-07,3.7636447180974406e-06,5.422218970016178e-07,1.2053648825760124e-05,2.72647027069593e-07,2.1782649863110498e-06,0.00014325365947100792,5.357805383473943e-05,0.000480266374355812,3.8831109868779005e-06,1.1125607488784412e-06,1.1726420733772349e-07,5.422218970016178e-07,2.1782649863110498e-06,2.72647027069593e-07,1.2053648825760124e-05,5.357805383473943e-05,3.8831109868779005e-06
463,2,daughter,,False,2.199533724320648e-05,4.757645425657629e-06,2.01456908529364e-06,4.356879983467376e-07,3.2699273422345685e-06,6.748051590048605e-07,0.00046507958231904967,6.540437226933637e-07,5.738759521437678e-06,0.00014550629385328434,3.3015272509780104e-05,0.0005584771959849743,9.610241549947397e-06,4.757645425657629e-06,4.356879983467376e-07,6.748051590048605e-07,5.738759521437678e-06,6.540437226933637e-07,0.00046507958231904967,3.3015272509780104e-05,9.610241549947397e-06
464,0,son,,False,2.0342697805520655e-05,3.5913010679499402e-06,2.840974294610978e-06,4.222833444659923e-07,3.120191139396651e-06,8.139692624947503e-07,0.0004686283187719674,9.666109404131067e-07,0.00021207146066617245,0.0028428458272168377,6.46203290719727e-05,0.0005087832783276653,4.264746818557914e-06,3.5913010679499402e-06,4.222833444659923e-07,8.139692624947503e-07,0.00021207146066617245,9.666109404131067e-07,0.0004686283187719674,6.46203290719727e-05,4.264746818557914e-06
464,1,son,,False,1.7130819343483194e-05,3.2192334497037803e-06,2.1444948420913954e-06,2.2603242979035749e-07,5.225226840386988e-06,1.0129990980873922e-06,1.6219281637167375e-05,4.222833444659923e-07,3.169325442919291e-06,0.00010005044009099887,2.3413582477639402e-05,0.0005121306555705326,4.98595821272702e-06,3.2192334497037803e-06,2.2603242979035749e-07,1.0129990980873922e-06,3.169325442919291e-06,4.222833444659923e-07,1.6219281637167375e-05,2.3413582477639402e-05,4.98595821272702e-06
464,2,son,,False,1.1061159714638084e-05,2.3923509443082866e-06,1.8925148246037342e-06,2.4061023397180247e-07,3.535625074174432e-06,6.962256250138369e-07,1.3032974249234989e-05,3.84493505874534e-07,2.931153855960119e-06,0.00015247863912257493,2.95957113513077e-05,0.0005012746277703161,3.321419494792514e-06,2.3923509443082866e-06,2.4061023397180247e-07,6.962256250138369e-07,2.931153855960119e-06,3.84493505874534e-07,1.3032974249234989e-05,2.95957113513077e-05,3.321419494792514e-06
465,0,child,,False,1.0889691002655445e-05,2.7535691114583474e-06,2.0785170435063726e-06,5.594337713435001e-07,3.2192334497037803e-06,1.0129990980873922e-06,0.00046201410865757075,4.6378732973537256e-07,6.014151777699533e-06,0.0029970979054966492,0.00011695102650555148,0.0005278198317882314,5.475976980449466e-06,2.7535691114583474e-06,5.594337713435001e-07,1.0129990980873922e-06,6.014151777699533e-06,4.6378732973537256e-07,0.00046201410865757075,0.00011695102650555148,5.475976980449466e-06
465,1,child,,False,5.562206273647035e-06,1.5689549727726036e-06,1.2219076020491008e-06,1.7061832388634166e-07,6.40200641038395e-06,1.1125607488784412e-06,1.224344293469562e-05,3.726639284186561e-07,2.4682904407607285e-06,0.00010987310729246431,3.9204178923762816e-05,0.0005034054837533741,5.649793328376294e-06,1.5689549727726036e-06,1.7061832388634166e-07,1.1125607488784412e-06,2.4682904407607285e-06,3.726639284186561e-07,1.224344293469562e-05,3.9204178923762816e-05,5.649793328376294e-06
465,2,child,,False,1.8235460794662427e-05,2.7535691114583474e-06,2.97731143841062e-06,4.495181578513688e-07,2.7535691114583474e-06,6.748051590048605e-07,0.00047104181429577426,5.862814011886353e-07,0.00021384334033892964,0.00010162440410680168,1.2731104162213555e-05,0.0005267203585267405,2.5071593847983196e-06,2.7535691114583474e-06,4.495181578513688e-07,6.748051590048605e-07,0.00021384334033892964,5.862814011886353e-07,0.00047104181429577426,1.2731104162213555e-05,2.5071593847983196e-06
466,0,daughter,,False,8.750299760661308e-06,2.5071593847983196e-06,1.8342893327886845e-06,2.994440981371515e-07,2.7535691114583474e-06,6.540437226933637e-07,0.00046811462941296126,8.398072034951531e-07,5.307507822667365e-06,0.0008487344920069995,7.67292412858718e-05,0.0005224900751216392,4.006369222920725e-06,2.5071593847983196e-06,2.994440981371515e-07,6.540437226933637e-07,5.307507822667365e-06,8.398072034951531e-07,0.00046811462941296126,7.67292412858718e-05,4.006369222920725e-06
466,1,daughter,,False,1.4653129390717958e-05,1.5689549727726036e-06,2.0785170435063726e-06,1.3287773439792038e-07,1.3211958228877664e-06,2.72647027069593e-07,0.0004672347498334401,3.726639284186561e-07,5.307507822667365e-06,4.373344035182828e-05,1.7778551863194697e-06,0.0005034054837533741,3.2192334497037803e-06,1.5689549727726036e-06,1.3287773439792038e-07,2.72647027069593e-07,5.307507822667365e-06,3.726639284186561e-07,0.0004672347498334401,1.7778551863194697e-06,3.2192334497037803e-06
466,2,daughter,,False,4.802972318863164e-05,7.368592981140821e-06,4.61127481426412e-06,5.507606023968348e-07,2.3187477504664324e-06,7.411279871974134e-07,0.0005814164548416158,1.7231572752142392e-06,0.00022841290836588554,0.00011695102650555148,1.15919343186331e-05,0.0011600053574022634,1.6346470245419304e-05,7.368592981140821e-06,5.507606023968348e-07,7.411279871974134e-07,0.00022841290836588554,1.7231572752142392e-06,0.0005814164548416158,1.15919343186331e-05,1.6346470245419304e-05
467,0,son,,False,1.6603846953733614e-05,2.97731143841062e-06,2.1444948420913954e-06,2.8130174840733105e-07,3.7636447180974406e-06,6.144174602214718e-07,0.00046253722914952185,6.540437226933637e-07,3.944258675190877e-06,0.00012843081201339694,2.868540823874629e-05,0.0005121306555705326,5.144221374220898e-06,2.97731143841062e-06,2.8130174840733105e-07,6.144174602214718e-07,3.944258675190877e-06,6.540437226933637e-07,0.00046253722914952185,2.868540823874629e-05,5.144221374220898e-06
467,1,son,,False,1.6603846953733614e-05,2.01456908529364e-06,1.6187581436151335e-06,1.7061832388634166e-07,2.1112482331487175e-06,4.222833444659923e-07,0.0004648493342993404,4.6378732973537256e-07,0.0002128468589176327,3.250358452365473e-05,2.0785170435063726e-06,0.00048138973993243486,3.4268490542555014e-06,2.01456908529364e-06,1.7061832388634166e-07,4.222833444659923e-07,0.0002128468589176327,4.6378732973537256e-07,0.0004648493342993404,2.0785170435063726e-06,3.4268490542555014e-06
467,2,son,,False,9.461262661302227e-06,1.8925148246037342e-06,1.3007128466476034e-06,2.332074525844782e-07,4.331903899346328e-06,7.889262586245034e-07,0.0004564721797880551,4.6378732973537256e-07,3.4268490542555014e-06,0.0007622196052140348,7.321812616608614e-05,0.0004966741009398081,6.40200641038395e-06,1.8925148246037342e-06,2.332074525844782e-07,7.889262586245034e-07,3.4268490542555014e-06,4.6378732973537256e-07,0.0004564721797880551,7.321812616608614e-05,6.40200641038395e-06
468,0,child,,False,9.915273115920183e-06,1.5206840370677115e-06,1.1843139025979655e-06,2.332074525844782e-07,2.5071593847983196e-06,4.356879983467376e-07,1.6219281637167375e-05,3.500854414401442e-07,2.88571183887091e-06,0.00013670256456563558,2.913700606794303e-05,0.0004909157246515137,4.400118457925303e-06,1.5206840370677115e-06,2.332074525844782e-07,4.356879983467376e-07,2.88571183887091e-06,3.500854414401442e-07,1.6219281637167375e-05,2.913700606794303e-05,4.400118457925303e-06
468,1,child,,False,0.0005431903918374811,4.7285443452031076e-05,1.141223854434603e-05,3.705296977158347e-06,2.653023768982879e-05,1.7952796934677738e-05,0.007412676571671531,0.00021327337414385152,0.00025978356240982734,6.263341581094202e-05,2.931153855960119e-06,0.18469783750383817,0.003475856753011486,4.7285443452031076e-05,3.705296977158347e-06,1.7952796934677738e-05,0.00025978356240982734,0.00021327337414385152,0.007412676571671531,2.931153855960119e-06,0.003475856753011486
468,2,child,,False,0.0006448876246043282,0.0007673817935855811,1.4653129390717958e-05,5.738759521437678e-06,3.459916031782155e-05,1.7130819343483194e-05,0.004667878508636038,0.0002150452538166087,0.0002556957937118527,7.67292412858718e-05,3.4268490542555014e-06,0.19891888793041318,0.0034717235472210783,0.0007673817935855811,5.738759521437678e-06,1.7130819343483194e-05,0.0002556957937118527,0.0002150452538166087,0.004667878508636038,3.4268490542555014e-06,0.0034717235472210783
469,0,daughter,,False,6.709224499600877e-06,2.0785170435063726e-06,1.2219076020491008e-06,2.332074525844782e-07,7.2543618230189156e-06,1.1125607488784412e-06,0.00045504740472045987,4.860448402299843e-07,3.2699273422345685e-06,0.00013458604012970922,4.108485376346404e-05,0.0005041382353302037,7.484622751061123e-06,2.0785170435063726e-06,2.332074525844782e-07,1.1125607488784412e-06,3.2699273422345685e-06,4.860448402299843e-07,0.00045504740472045987,4.108485376346404e-05,7.484622751061123e-06
469,1,daughter,,False,3.3015272509780104e-05,7.722191834067996e-06,4.331903899346328e-06,8.939696304799168e-07,4.1335397768930325e-06,1.2219076020491008e-06,0.00047245775800492507,1.0953122821495382e-06,0.0002139768867903779,0.00013670256456563558,4.305570813246149e-05,0.0005479579113182372,6.014151777699533e-06,7.722191834067996e-06,8.939696304799168e-07,1.2219076020491008e-06,0.0002139768867903779,1.0953122821495382e-06,0.00047245775800492507,4.305570813246149e-05,6.014151777699533e-06
469,2,daughter,,False,7.484622751061123e-06,2.1444948420913954e-06,1.2219076020491008e-06,1.994729721527057e-07,4.98595821272702e-06,7.183260399857925e-07,1.647465607888151e-05,4.6378732973537256e-07,2.840974294610978e-06,0.00015487610942879803,4.8785712278226595e-05,0.0005026840819416764,4.683888424952456e-06,2.1444948420913954e-06,1.994729721527057e-07,7.183260399857925e-07,2.840974294610978e-06,4.6378732973537256e-07,1.647465607888151e-05,4.8785712278226595e-05,4.683888424952456e-06
470,0,son,,False,1.0391067562761452e-05,1.9525885208642222e-06,1.1843139025979655e-06,1.816222403812674e-07,1.7502925788778209e-06,4.356879983467376e-07,0.0004600208190220042,6.339210403977636e-07,4.331903899346328e-06,0.00012448433020883747,1.8814207550495463e-05,0.0004966741009398081,3.120191139396651e-06,1.9525885208642222e-06,1.816222403812674e-07,4.356879983467376e-07,4.331903899346328e-06,6.339210403977636e-07,0.0004600208190220042,1.8814207550495463e-05,3.120191139396651e-06
470,1,son,,False,8.750299760661308e-06,2.1444948420913954e-06,1.0783312222985275e-06,1.7603432133424857e-07,5.920916517463734e-06,8.664653147910923e-07,1.609308249869283e-05,4.6378732973537256e-07,2.931153855960119e-06,0.00014550629385328434,3.9204178923762816e-05,0.0005041382353302037,6.205049602300744e-06,2.1444948420913954e-06,1.7603432133424857e-07,8.664653147910923e-07,2.931153855960119e-06,4.6378732973537256e-07,1.609308249869283e-05,3.9204178923762816e-05,6.205049602300744e-06
470,2,son,,False,1.8522574326531083e-05,3.169325442919291e-06,2.212566909570261e-06,4.356879983467376e-07,2.0785170435063726e-06,6.339210403977636e-07,0.00046439419660855385,6.240930669504435e-07,0.00021196745065203636,0.0007955642203309994,4.583129006350382e-05,0.0005312230782558095,4.400118457925303e-06,3.169325442919291e-06,4.356879983467376e-07,6.339210403977636e-07,0.00021196745065203636,6.240930669504435e-07,0.00046439419660855385,4.583129006350382e-05,4.400118457925303e-06
471,0,child,,False,2.305067219931397e-05,4.264746818557914e-06,3.535625074174432e-06,7.646537350121258e-07,3.373722476473661e-06,1.8342893327886845e-06,0.0005141079481066266,2.1112482331487175e-06,0.00022735757340977805,0.010132624023293487,0.00018243827852769423,0.0005372613854410962,3.7636447180974406e-06,4.264746818557914e-06,7.646537350121258e-07,1.8342893327886845e-06,0.00022735757340977805,2.1112482331487175e-06,0.0005141079481066266,0.00018243827852769423,3.7636447180974406e-06
471,1,child,,False,7.484622751061123e-06,2.0785170435063726e-06,1.3846004563753396e-06,2.72647027069593e-07,2.796930302582677e-06,8.139692624947503e-07,0.0004904389654599769,1.2219076020491008e-06,0.0002137118639848327,0.0008186102388378728,5.112579049909173e-05,0.0005079785823772643,4.98595821272702e-06,2.0785170435063726e-06,2.72647027069593e-07,8.139692624947503e-07,0.0002137118639848327,1.2219076020491008e-06,0.0004904389654599769,5.112579049909173e-05,4.98595821272702e-06
471,2,child,,False,1.535623976496012e-05,1.5689549727726036e-06,2.1444948420913954e-06,3.089494448007139e-07,2.212566909570261e-06,4.936988949458183e-07,0.0004573934753055137,6.85431721163334e-07,4.006369222920725e-06,6.986756664856784e-05,1.670142184809518e-06,0.0005204719129728484,3.6478537675800286e-06,1.5689549727726036e-06,3.089494448007139e-07,4.936988949458183e-07,4.006369222920725e-06,6.85431721163334e-07,0.0004573934753055137,1.670142184809518e-06,3.6478537675800286e-06
472,0,daughter,,False,9.314593042575101e-06,1.7778551863194697e-06,1.3846004563753396e-06,2.2603242979035749e-07,3.373722476473661e-06,6.540437226933637e-07,1.3342001090985438e-05,3.726639284186561e-07,2.3923509443082866e-06,0.0008283415380815684,7.793660930208434e-05,0.00048786839054944096,4.006369222920725e-06,1.7778551863194697e-06,2.2603242979035749e-07,6.540437226933637e-07,2.3923509443082866e-06,3.726639284186561e-07,1.3342001090985438e-05,7.793660930208434e-05,4.006369222920725e-06
472,1,daughter,,False,6.502816785764437e-06,1.9525885208642222e-06,1.3846004563753396e-06,2.0580491096133835e-07,5.738759521437678e-06,8.139692624947503e-07,1.6219281637167375e-05,4.4254905561573987e-07,2.627477314480822e-06,0.00012843081201339694,3.150386940813393e-05,0.0004992412660775476,4.832563818725537e-06,1.9525885208642222e-06,2.0580491096133835e-07,8.139692624947503e-07,2.627477314480822e-06,4.4254905561573987e-07,1.6219281637167375e-05,3.150386940813393e-05,4.832563818725537e-06
472,2,daughter,,False,1.3982207564732913e-05,3.169325442919291e-06,2.01456908529364e-06,3.089494448007139e-07,3.120191139396651e-06,6.144174602214718e-07,0.00045908104511603316,7.411279871974134e-07,4.1335397768930325e-06,0.0007507463408459455,5.8840881855693875e-05,0.000510430845712912,5.307507822667365e-06,3.169325442919291e-06,3.089494448007139e-07,6.144174602214718e-07,4.1335397768930325e-06,7.411279871974134e-07,0.00045908104511603316,5.8840881855693875e-05,5.307507822667365e-06
473,0,son,,False,9.170196905195049e-06,2.4682904407607285e-06,1.670142184809518e-06,2.994440981371515e-07,4.198630823683514e-06,8.664653147910923e-07,0.00047231366356934794,8.139692624947503e-07,5.829126566113866e-06,0.002786458937919142,8.969393236719384e-05,0.0005041382353302037,7.2543618230189156e-06,2.4682904407607285e-06,2.994440981371515e-07,8.664653147910923e-07,5.829126566113866e-06,8.139692624947503e-07,0.00047231366356934794,8.969393236719384e-05,7.2543618230189156e-06
473,1,son,,False,2.3782205064034188e-05,3.2192334497037803e-06,4.006369222920725e-06,7.411279871974134e-07,3.4808121961114687e-06,1.670142184809518e-06,0.000490331794854473,9.972941593827283e-07,0.00021770169376519476,0.0027641006197803124,0.00014779429802159512,0.0005553536215526795,4.53978687024344e-06,3.2192334497037803e-06,7.411279871974134e-07,1.670142184809518e-06,0.00021770169376519476,9.972941593827283e-07,0.000490331794854473,0.00014779429802159512,4.53978687024344e-06
473,2,son,,False,1.3135179706526775e-05,2.01456908529364e-06,1.4738981974494932e-06,2.994440981371515e-07,2.4300240743279605e-06,7.183260399857925e-07,0.0004656631292580584,5.955139348629957e-07,0.000211865052952336,9.110511944006454e-05,2.3413582477639402e-05,0.0004966741009398081,2.7535691114583474e-06,2.01456908529364e-06,2.994440981371515e-07,7.183260399857925e-07,0.000211865052952336,5.955139348629957e-07,0.0004656631292580584,2.3413582477639402e-05,2.7535691114583474e-06
474,0,child,,False,9.253848866495987e-05,4.069457790466838e-06,6.502816785764437e-06,4.356879983467376e-07,1.9223170236538178e-06,6.540437226933637e-07,0.0004860143289422715,1.2606946239951315e-06,0.00021642339588120966,0.00012843081201339694,6.302758756443267e-06,0.0005204719129728484,3.6478537675800286e-06,4.069457790466838e-06,4.356879983467376e-07,6.540437226933637e-07,0.00021642339588120966,1.2606946239951315e-06,0.0004860143289422715,6.302758756443267e-06,3.6478537675800286e-06
474,1,child,,False,2.95957113513077e-05,2.97731143841062e-06,2.2474089854291757e-06,4.0929110499856e-07,3.4808121961114687e-06,7.889262586245034e-07,0.0004597350242437647,5.507606023968348e-07,5.920916517463734e-06,0.00010005044009099887,2.5071593847983196e-06,0.0005335820331640444,6.014151777699533e-06,2.97731143841062e-06,4.0929110499856e-07,7.889262586245034e-07,5.920916517463734e-06,5.507606023968348e-07,0.0004597350242437647,2.5071593847983196e-06,6.014151777699533e-06
474,2,child,,False,1.971694219622292e-05,2.212566909570261e-06,2.6688529572628562e-06,5.594337713435001e-07,3.4268490542555014e-06,6.962256250138369e-07,0.0004669877403758759,7.766951856747235e-07,5.225226840386988e-06,0.0001597845494017344,6.502816785764437e-06,0.0005756433412898068,4.1335397768930325e-06,2.212566909570261e-06,5.594337713435001e-07,6.962256250138369e-07,5.225226840386988e-06,7.766951856747235e-07,0.0004669877403758759,6.502816785764437e-06,4.1335397768930325e-06
475,0,daughter,,False,2.8240807799315707e-05,4.683888424952456e-06,2.931153855960119e-06,4.495181578513688e-07,3.5913010679499402e-06,7.411279871974134e-07,0.0004651953822420356,6.643433442159853e-07,4.908661889889002e-06,0.00017007224114352882,2.95957113513077e-05,0.0005156936737338665,4.400118457925303e-06,4.683888424952456e-06,4.495181578513688e-07,7.411279871974134e-07,4.908661889889002e-06,6.643433442159853e-07,0.0004651953822420356,2.95957113513077e-05,4.400118457925303e-06
475,1,daughter,,False,8.220189478350845e-06,2.2827997192887966e-06,1.0129990980873922e-06,2.994440981371515e-07,5.738759521437678e-06,1.2606946239951315e-06,0.00046040712342594554,7.766951856747235e-07,5.307507822667365e-06,0.0008594156731411163,8.559006367452268e-05,0.0005138843625860062,6.605214485464791e-06,2.2827997192887966e-06,2.994440981371515e-07,1.2606946239951315e-06,5.307507822667365e-06,7.766951856747235e-07,0.00046040712342594554,8.559006367452268e-05,6.605214485464791e-06
475,2,daughter,,False,5.225226840386988e-06,1.2606946239951315e-06,7.889262586245034e-07,1.2482708949986417e-07,3.0718185454758057e-06,6.748051590048605e-07,1.647465607888151e-05,4.222833444659923e-07,2.4682904407607285e-06,0.00012448433020883747,3.799845147518645e-05,0.0004973009416623807,4.400118457925303e-06,1.2606946239951315e-06,1.2482708949986417e-07,6.748051590048605e-07,2.4682904407607285e-06,4.222833444659923e-07,1.647465607888151e-05,3.799845147518645e-05,4.400118457925303e-06
476,0,son,,False,1.3982207564732913e-05,2.1444948420913954e-06,1.9525885208642222e-06,2.8130174840733105e-07,1.6964426510543331e-06,4.78509449489012e-07,0.0004596405007964144,4.936988949458183e-07,4.61127481426412e-06,9.253848866495987e-05,1.6865275398914433e-05,0.0005347894011802569,5.649793328376294e-06,2.1444948420913954e-06,2.8130174840733105e-07,4.78509449489012e-07,4.61127481426412e-06,4.936988949458183e-07,0.0004596405007964144,1.6865275398914433e-05,5.649793328376294e-06
476,1,son,,False,3.0534893211185946e-05,4.331903899346328e-06,4.264746818557914e-06,5.77192003016332e-07,3.321419494792514e-06,1.4738981974494932e-06,1.5843621910252592e-05,8.664653147910923e-07,4.400118457925303e-06,0.0007507463408459455,4.655269187520153e-05,0.0005385266023448675,6.814872211615988e-06,4.331903899346328e-06,5.77192003016332e-07,1.4738981974494932e-06,4.400118457925303e-06,8.664653147910923e-07,1.5843621910252592e-05,4.655269187520153e-05,6.814872211615988e-06
476,2,son,,False,1.7130819343483194e-05,1.9525885208642222e-06,2.212566909570261e-06,3.6119830612765795e-07,1.4285517650093407e-06,4.356879983467376e-07,0.00045466908432016814,4.495181578513688e-07,3.169325442919291e-06,0.0008283415380815684,5.112579049909173e-05,0.0005019738542559919,4.264746818557914e-06,1.9525885208642222e-06,3.6119830612765795e-07,4.356879983467376e-07,3.169325442919291e-06,4.495181578513688e-07,0.00045466908432016814,5.112579049909173e-05,4.264746818557914e-06
477,0,child,,False,2.453694805426225e-05,5.307507822667365e-06,2.840974294610978e-06,4.78509449489012e-07,3.169325442919291e-06,9.223470110117277e-07,0.0004813151610312458,1.1300808333434096e-06,0.00021358242564492241,0.0007259681821955923,2.95957113513077e-05,0.0012312300707620777,1.5843621910252592e-05,5.307507822667365e-06,4.78509449489012e-07,9.223470110117277e-07,0.00021358242564492241,1.1300808333434096e-06,0.0004813151610312458,2.95957113513077e-05,1.5843621910252592e-05
477,1,child,,False,2.0027376671813928e-05,4.069457790466838e-06,2.212566909570261e-06,3.1875652166284776e-07,3.120191139396651e-06,5.77192003016332e-07,0.0004602132171001878,6.144174602214718e-07,4.908661889889002e-06,0.0001410358496618023,4.108485376346404e-05,0.0005300709180442588,5.475976980449466e-06,4.069457790466838e-06,3.1875652166284776e-07,5.77192003016332e-07,4.908661889889002e-06,6.144174602214718e-07,0.0004602132171001878,4.108485376346404e-05,5.475976980449466e-06
477,2,child,,False,6.205049602300744e-06,2.840974294610978e-06,1.1843139025979655e-06,3.288749065460498e-07,3.535625074174432e-06,1.2219076020491008e-06,0.00046849914347752206,4.936988949458183e-07,4.683888424952456e-06,0.0007742406513215074,5.27478412523148e-05,0.0005347894011802569,9.610241549947397e-06,2.840974294610978e-06,3.288749065460498e-07,1.2219076020491008e-06,4.683888424952456e-06,4.936988949458183e-07,0.00046849914347752206,5.27478412523148e-05,9.610241549947397e-06
478,0,daughter,,False,9.170196905195049e-06,2.0785170435063726e-06,8.398072034951531e-07,1.9333584585546466e-07,3.7636447180974406e-06,7.183260399857925e-07,1.3765463368900109e-05,3.500854414401442e-07,2.6688529572628562e-06,0.0009056139344932517,8.426423087564058e-05,0.0004942623523511968,3.6478537675800286e-06,2.0785170435063726e-06,1.9333584585546466e-07,7.183260399857925e-07,2.6688529572628562e-06,3.500854414401442e-07,1.3765463368900109e-05,8.426423087564058e-05,3.6478537675800286e-06
478,1,daughter,,False,1.2148175280558357e-05,2.931153855960119e-06,1.4738981974494932e-06,2.1907815825757866e-07,3.169325442919291e-06,6.962256250138369e-07,0.00046253722914952185,7.766951856747235e-07,3.944258675190877e-06,0.0007470393220393539,3.9821309061635425e-05,0.0005096006331304874,3.2192334497037803e-06,2.931153855960119e-06,2.1907815825757866e-07,6.962256250138369e-07,3.944258675190877e-06,7.766951856747235e-07,0.00046253722914952185,3.9821309061635425e-05,3.2192334497037803e-06
478,2,daughter,,False,1.8235460794662427e-05,4.198630823683514e-06,1.7778551863194697e-06,3.288749065460498e-07,2.4300240743279605e-06,5.955139348629957e-07,0.00045722301047750806,6.144174602214718e-07,4.683888424952456e-06,0.0008138567562898873,7.554056327295277e-05,0.0005071863494234538,5.475976980449466e-06,4.198630823683514e-06,3.288749065460498e-07,5.955139348629957e-07,4.683888424952456e-06,6.144174602214718e-07,0.00045722301047750806,7.554056327295277e-05,5.475976980449466e-06
479,0,son,,False,1.971694219622292e-05,3.024195853395102e-06,3.8831109868779005e-06,8.139692624947503e-07,4.264746818557914e-06,2.5071593847983196e-06,0.0004682423007537106,1.0953122821495382e-06,0.0002202460844238597,0.019520881172689956,0.00026112476034906567,0.0005245722151820294,2.840974294610978e-06,3.024195853395102e-06,8.139692624947503e-07,2.5071593847983196e-06,0.0002202460844238597,1.0953122821495382e-06,0.0004682423007537106,0.00026112476034906567,2.840974294610978e-06
479,1,son,,False,1.4202364022997911e-05,3.2699273422345685e-06,2.2827997192887966e-06,3.500854414401442e-07,2.4300240743279605e-06,1.1843139025979655e-06,0.00046030998099568334,9.818326983657703e-07,5.829126566113866e-06,8.830458477845481e-05,1.488384825728813e-05,0.0005437895311587944,4.98595821272702e-06,3.2699273422345685e-06,3.500854414401442e-07,1.1843139025979655e-06,5.829126566113866e-06,9.818326983657703e-07,0.00046030998099568334,1.488384825728813e-05,4.98595821272702e-06
479,2,son,,False,1.7952796934677738e-05,2.931153855960119e-06,2.2827997192887966e-06,6.748051590048605e-07,2.88571183887091e-06,1.0783312222985275e-06,0.000530260990558765,1.9833367060283617e-06,0.0002233150331012493,0.0030191947476948433,0.00020190139004485808,0.0005278198317882314,5.649793328376294e-06,2.931153855960119e-06,6.748051590048605e-07,1.0783312222985275e-06,0.0002233150331012493,1.9833367060283617e-06,0.000530260990558765,0.00020190139004485808,5.649793328376294e-06
480,0,child,,False,1.177445922838707e-05,1.8925148246037342e-06,1.5689549727726036e-06,1.4593762210768862e-07,4.469407144215697e-06,9.818326983657703e-07,0.00045862474007004017,6.643433442159853e-07,4.198630823683514e-06,5.527786369235996e-05,1.8925148246037342e-06,0.000493111798506495,4.1335397768930325e-06,1.8925148246037342e-06,1.4593762210768862e-07,9.818326983657703e-07,4.198630823683514e-06,6.643433442159853e-07,0.00045862474007004017,1.8925148246037342e-06,4.1335397768930325e-06
480,1,child,,False,1.3135179706526775e-05,3.7636447180974406e-06,1.8342893327886845e-06,3.726639284186561e-07,3.822911232549001e-06,1.0451548051737735e-06,0.00048446043160835277,1.2411496080609794e-06,0.00021642339588120966,0.0008283415380815684,5.112579049909173e-05,0.0005424428555526953,6.205049602300744e-06,3.7636447180974406e-06,3.726639284186561e-07,1.0451548051737735e-06,0.00021642339588120966,1.2411496080609794e-06,0.00048446043160835277,5.112579049909173e-05,6.205049602300744e-06
480,2,child,,False,7.368592981140821e-06,2.01456908529364e-06,1.2606946239951315e-06,2.8130174840733105e-07,2.2827997192887966e-06,8.664653147910923e-07,0.0004544456121966584,5.594337713435001e-07,3.944258675190877e-06,0.0008760719569540332,8.040859356292355e-05,0.0005012746277703161,5.475976980449466e-06,2.01456908529364e-06,2.8130174840733105e-07,8.664653147910923e-07,3.944258675190877e-06,5.594337713435001e-07,0.0004544456121966584,8.040859356292355e-05,5.475976980449466e-06
481,0,daughter,,False,1.0889691002655445e-05,2.7535691114583474e-06,2.7535691114583474e-06,3.6119830612765795e-07,2.7535691114583474e-06,7.889262586245034e-07,0.00045663675831385605,7.071895057311757e-07,0.00021250413756646795,4.955359475635505e-05,1.5118199327273332e-05,0.0005112741181214284,4.1335397768930325e-06,2.7535691114583474e-06,3.6119830612765795e-07,7.889262586245034e-07,0.00021250413756646795,7.071895057311757e-07,0.00045663675831385605,1.5118199327273332e-05,4.1335397768930325e-06
481,1,daughter,,False,0.0005918603521271402,1.8522574326531083e-05,6.014151777699533e-06,1.8925148246037342e-06,5.649793328376294e-06,1.4738981974494932e-06,0.0005029394593519703,1.9833367060283617e-06,0.00022170870641199087,0.0008817985412716716,6.361912109467577e-05,0.01616620426354425,2.4923252458203565e-05,1.8522574326531083e-05,1.8925148246037342e-06,1.4738981974494932e-06,0.00022170870641199087,1.9833367060283617e-06,0.0005029394593519703,6.361912109467577e-05,2.4923252458203565e-05
481,2,daughter,,False,9.610241549947397e-06,2.355261854303796e-06,2.01456908529364e-06,2.72647027069593e-07,2.1444948420913954e-06,6.339210403977636e-07,0.0004598299174656405,5.255395707074638e-07,3.2192334497037803e-06,0.0007661644959617213,6.771942330385674e-05,0.0005138843625860062,3.6478537675800286e-06,2.355261854303796e-06,2.72647027069593e-07,6.339210403977636e-07,3.2192334497037803e-06,5.255395707074638e-07,0.0004598299174656405,6.771942330385674e-05,3.6478537675800286e-06
482,0,son,,False,9.170196905195049e-06,1.8342893327886845e-06,2.4300240743279605e-06,3.3931448129766124e-07,2.5071593847983196e-06,7.646537350121258e-07,1.3658354314419533e-05,3.500854414401442e-07,2.4300240743279605e-06,8.167381046669487e-05,1.609308249869283e-05,0.0005012746277703161,4.98595821272702e-06,1.8342893327886845e-06,3.3931448129766124e-07,7.646537350121258e-07,2.4300240743279605e-06,3.500854414401442e-07,1.3658354314419533e-05,1.609308249869283e-05,4.98595821272702e-06
482,1,son,,False,3.459916031782155e-05,8.481104172358076e-06,7.843789122138342e-06,1.4064044342149064e-06,4.198630823683514e-06,1.4285517650093407e-06,0.000535339285687879,1.2219076020491008e-06,0.0002227627797192805,8.693673928062173e-05,6.814872211615988e-06,0.010162514907210875,1.488384825728813e-05,8.481104172358076e-06,1.4064044342149064e-06,1.4285517650093407e-06,0.0002227627797192805,1.2219076020491008e-06,0.000535339285687879,6.814872211615988e-06,1.488384825728813e-05
482,2,son,,False,1.2339457598623173e-05,2.0785170435063726e-06,2.5071593847983196e-06,2.994440981371515e-07,2.4682904407607285e-06,6.339210403977636e-07,0.0004576516815369979,5.77192003016332e-07,4.264746818557914e-06,0.00010005044009099887,2.0988308820313112e-05,0.0005079785823772643,3.6478537675800286e-06,2.0785170435063726e-06,2.994440981371515e-07,6.339210403977636e-07,4.264746818557914e-06,5.77192003016332e-07,0.0004576516815369979,2.0988308820313112e-05,3.6478537675800286e-06
483,0,child,,False,6.302758756443267e-06,1.1478768127080353e-06,1.7778551863194697e-06,1.994729721527057e-07,1.6964426510543331e-06,4.6378732973537256e-07,1.3238186559744398e-05,3.726639284186561e-07,2.710880136557205e-06,0.0007362579817833515,5.792916699214217e-05,2.0662982488383408e-05,2.2827997192887966e-06,1.1478768127080353e-06,1.994729721527057e-07,4.6378732973537256e-07,2.710880136557205e-06,3.726639284186561e-07,1.3238186559744398e-05,5.792916699214217e-05,2.2827997192887966e-06
483,1,child,,False,3.150386940813393e-05,6.10885510164857e-06,4.069457790466838e-06,8.664653147910923e-07,2.840974294610978e-06,9.516251694168764e-07,0.0004804291020575482,8.939696304799168e-07,5.920916517463734e-06,0.0007507463408459455,3.740956047302422e-05,0.000602359085731457,1.1235328063870752e-05,6.10885510164857e-06,8.664653147910923e-07,9.516251694168764e-07,5.920916517463734e-06,8.939696304799168e-07,0.0004804291020575482,3.740956047302422e-05,1.1235328063870752e-05
483,2,child,,False,1.1235328063870752e-05,2.5071593847983196e-06,2.931153855960119e-06,3.500854414401442e-07,1.4510478554719287e-06,5.77192003016332e-07,0.0004598299174656405,5.255395707074638e-07,4.1335397768930325e-06,0.002887025252971318,2.234163601827719e-05,0.0004883566612863065,4.98595821272702e-06,2.5071593847983196e-06,3.500854414401442e-07,5.77192003016332e-07,4.1335397768930325e-06,5.255395707074638e-07,0.0004598299174656405,2.234163601827719e-05,4.98595821272702e-06
484,0,daughter,,False,5.475976980449466e-06,1.1478768127080353e-06,1.5689549727726036e-06,1.9333584585546466e-07,2.01456908529364e-06,6.748051590048605e-07,1.3032974249234989e-05,2.994440981371515e-07,1.8925148246037342e-06,0.00017274586267297022,1.141223854434603e-05,2.0988308820313112e-05,5.307507822667365e-06,1.1478768127080353e-06,1.9333584585546466e-07,6.748051590048605e-07,1.8925148246037342e-06,2.994440981371515e-07,1.3032974249234989e-05,1.141223854434603e-05,5.307507822667365e-06
484,1,daughter,,False,0.0005414888098175762,0.0007696328798416084,1.488384825728813e-05,7.14190139989638e-06,2.6947915555885546e-05,2.1654404989510328e-05,0.0005909652058719723,4.683888424952456e-06,0.0002445664150903344,0.00015011822567369918,4.655269187520153e-05,0.18460556085074897,0.0034482292367455166,0.0007696328798416084,7.14190139989638e-06,2.1654404989510328e-05,0.0002445664150903344,4.683888424952456e-06,0.0005909652058719723,4.655269187520153e-05,0.0034482292367455166
484,2,daughter,,False,1.0554685795431098e-05,2.355261854303796e-06,2.355261854303796e-06,3.500854414401442e-07,3.7636447180974406e-06,9.516251694168764e-07,1.6603846953733614e-05,3.3931448129766124e-07,2.6688529572628562e-06,0.0027788905419273728,0.00010162440410680168,0.0005005862322300009,4.264746818557914e-06,2.355261854303796e-06,3.500854414401442e-07,9.516251694168764e-07,2.6688529572628562e-06,3.3931448129766124e-07,1.6603846953733614e-05,0.00010162440410680168,4.264746818557914e-06
485,0,son,,False,2.3413582477639402e-05,3.535625074174432e-06,4.683888424952456e-06,8.398072034951531e-07,2.88571183887091e-06,1.670142184809518e-06,0.00047438307922800164,9.972941593827283e-07,0.00021467682920914668,0.010211160378759361,0.00017821963223663923,0.0005584771959849743,4.400118457925303e-06,3.535625074174432e-06,8.398072034951531e-07,1.670142184809518e-06,0.00021467682920914668,9.972941593827283e-07,0.00047438307922800164,0.00017821963223663923,4.400118457925303e-06
485,1,son,,False,1.0071400221737608e-05,2.4300240743279605e-06,2.4300240743279605e-06,3.500854414401442e-07,3.2699273422345685e-06,8.939696304799168e-07,0.00046119806894731965,6.748051590048605e-07,4.98595821272702e-06,0.000138852327569001,3.1999824407395835e-05,0.0005194862076891146,7.0311842669149565e-06,2.4300240743279605e-06,3.500854414401442e-07,8.939696304799168e-07,4.98595821272702e-06,6.748051590048605e-07,0.00046119806894731965,3.1999824407395835e-05,7.0311842669149565e-06
485,2,son,,False,5.112579049909173e-05,7.14190139989638e-06,5.649793328376294e-06,1.7231572752142392e-06,4.400118457925303e-06,1.8925148246037342e-06,0.0004831400020096265,1.0451548051737735e-06,0.00021695417048520467,0.002965203459775424,8.693673928062173e-05,0.0013085825177989695,1.15919343186331e-05,7.14190139989638e-06,1.7231572752142392e-06,1.8925148246037342e-06,0.00021695417048520467,1.0451548051737735e-06,0.0004831400020096265,8.693673928062173e-05,1.15919343186331e-05
486,0,child,,False,3.9204178923762816e-05,6.709224499600877e-06,4.98595821272702e-06,1.1125607488784412e-06,3.2699273422345685e-06,1.5206840370677115e-06,0.00047778967096621906,2.01456908529364e-06,0.0002204804354938449,0.0199624479863192,0.00041662561210387947,0.0005465467242453664,6.605214485464791e-06,6.709224499600877e-06,1.1125607488784412e-06,1.5206840370677115e-06,0.0002204804354938449,2.01456908529364e-06,0.00047778967096621906,0.00041662561210387947,6.605214485464791e-06
486,1,child,,False,3.799845147518645e-05,4.264746818557914e-06,3.4268490542555014e-06,5.422218970016178e-07,2.3187477504664324e-06,6.748051590048605e-07,0.00046180770305806804,6.748051590048605e-07,0.00021273082914771238,0.00016229670614688406,2.0027376671813928e-05,0.0005465467242453664,4.53978687024344e-06,4.264746818557914e-06,5.422218970016178e-07,6.748051590048605e-07,0.00021273082914771238,6.748051590048605e-07,0.00046180770305806804,2.0027376671813928e-05,4.53978687024344e-06
486,2,child,,False,9.610241549947397e-06,2.212566909570261e-06,1.9525885208642222e-06,2.8130174840733105e-07,4.98595821272702e-06,8.939696304799168e-07,0.0004583552024398536,5.255395707074638e-07,4.069457790466838e-06,9.697519677825862e-05,2.571419797957771e-05,0.0005041382353302037,4.832563818725537e-06,2.212566909570261e-06,2.8130174840733105e-07,8.939696304799168e-07,4.069457790466838e-06,5.255395707074638e-07,0.0004583552024398536,2.571419797957771e-05,4.832563818725537e-06
487,0,daughter,,False,2.2693385749600554e-05,3.6478537675800286e-06,2.5071593847983196e-06,3.726639284186561e-07,1.9223170236538178e-06,4.936988949458183e-07,0.00046350496863962825,6.643433442159853e-07,5.144221374220898e-06,0.00017007224114352882,2.4156629828672456e-05,0.0005064063866345277,7.484622751061123e-06,3.6478537675800286e-06,3.726639284186561e-07,4.936988949458183e-07,5.144221374220898e-06,6.643433442159853e-07,0.00046350496863962825,2.4156629828672456e-05,7.484622751061123e-06
487,1,daughter,,False,1.2731104162213555e-05,1.8925148246037342e-06,2.5071593847983196e-06,3.6119830612765795e-07,3.6478537675800286e-06,6.144174602214718e-07,0.00046050464587104033,2.994440981371515e-07,3.822911232549001e-06,0.0007007652612809208,3.250358452365473e-05,0.0005087832783276653,3.535625074174432e-06,1.8925148246037342e-06,3.6119830612765795e-07,6.144174602214718e-07,3.822911232549001e-06,2.994440981371515e-07,0.00046050464587104033,3.250358452365473e-05,3.535625074174432e-06
487,2,daughter,,False,5.614787461400803e-05,1.5843621910252592e-05,6.205049602300744e-06,2.1112482331487175e-06,7.967300986103147e-06,2.586743108135441e-06,0.0005138781215314744,1.5689549727726036e-06,0.00021751041144712992,0.0027358596836205874,6.263341581094202e-05,0.016038497882338888,2.4156629828672456e-05,1.5843621910252592e-05,2.1112482331487175e-06,2.586743108135441e-06,0.00021751041144712992,1.5689549727726036e-06,0.0005138781215314744,6.263341581094202e-05,2.4156629828672456e-05
488,0,son,,False,1.7952796934677738e-05,5.475976980449466e-06,1.7231572752142392e-06,4.936988949458183e-07,8.092757566536092e-06,1.9525885208642222e-06,0.00045782550698601917,8.139692624947503e-07,4.1335397768930325e-06,0.00013670256456563558,2.571419797957771e-05,0.0005424428555526953,5.307507822667365e-06,5.475976980449466e-06,4.936988949458183e-07,1.9525885208642222e-06,4.1335397768930325e-06,8.139692624947503e-07,0.00045782550698601917,2.571419797957771e-05,5.307507822667365e-06
488,1,son,,False,1.3342001090985438e-05,3.024195853395102e-06,2.355261854303796e-06,3.288749065460498e-07,5.064471653194114e-06,1.0129990980873922e-06,0.00045400644529427304,4.6378732973537256e-07,2.3187477504664324e-06,0.00012644219446392274,2.0988308820313112e-05,0.0005214731209501454,7.2543618230189156e-06,3.024195853395102e-06,3.288749065460498e-07,1.0129990980873922e-06,2.3187477504664324e-06,4.6378732973537256e-07,0.00045400644529427304,2.0988308820313112e-05,7.2543618230189156e-06
488,2,son,,False,7.793660930208434e-05,6.922183404468203e-06,4.683888424952456e-06,7.646537350121258e-07,4.069457790466838e-06,6.962256250138369e-07,0.0004797325991661444,9.818326983657703e-07,0.00021332953715267472,0.00012644219446392274,1.0554685795431098e-05,0.0011944104731679238,1.0554685795431098e-05,6.922183404468203e-06,7.646537350121258e-07,6.962256250138369e-07,0.00021332953715267472,9.818326983657703e-07,0.0004797325991661444,1.0554685795431098e-05,1.0554685795431098e-05
489,0,child,,False,6.986756664856784e-05,3.1015598671268335e-05,1.2533751425646102e-05,4.98595821272702e-06,1.0229985472581487e-05,7.0311842669149565e-06,0.000540740725021219,2.1444948420913954e-06,0.00022989918422083383,0.00011513995656772139,1.971694219622292e-05,0.08872823083475724,0.0023996708618247643,3.1015598671268335e-05,4.98595821272702e-06,7.0311842669149565e-06,0.00022989918422083383,2.1444948420913954e-06,0.000540740725021219,1.971694219622292e-05,0.0023996708618247643
489,1,child,,False,6.205049602300744e-06,9.516251694168764e-07,1.3846004563753396e-06,1.4144759985825914e-07,9.223470110117277e-07,2.6425858208426533e-07,8.284655882222745e-06,2.6425858208426533e-07,2.4682904407607285e-06,2.868540823874629e-05,3.2192334497037803e-06,1.3552078562406772e-05,1.1125607488784412e-06,9.516251694168764e-07,1.4144759985825914e-07,2.6425858208426533e-07,2.4682904407607285e-06,2.6425858208426533e-07,8.284655882222745e-06,3.2192334497037803e-06,1.1125607488784412e-06
489,2,child,,False,1.6603846953733614e-05,3.120191139396651e-06,2.931153855960119e-06,3.9669859149467314e-07,1.8342893327886845e-06,6.339210403977636e-07,0.00046554550685017136,7.646537350121258e-07,2.931153855960119e-06,0.002809879477103823,5.0333557545281144e-05,0.0005600758955536546,1.15919343186331e-05,3.120191139396651e-06,3.9669859149467314e-07,6.339210403977636e-07,2.931153855960119e-06,7.646537350121258e-07,0.00046554550685017136,5.0333557545281144e-05,1.15919343186331e-05
490,0,daughter,,False,1.7674513810355872e-05,4.069457790466838e-06,1.9525885208642222e-06,3.9669859149467314e-07,5.225226840386988e-06,1.8925148246037342e-06,0.0004666208234623209,9.516251694168764e-07,0.00021608311625873148,6.563728324346652e-05,7.843789122138342e-06,0.000510430845712912,2.586743108135441e-06,4.069457790466838e-06,3.9669859149467314e-07,1.8925148246037342e-06,0.00021608311625873148,9.516251694168764e-07,0.0004666208234623209,7.843789122138342e-06,2.586743108135441e-06
490,1,daughter,,False,5.193048644949271e-05,7.2543618230189156e-06,9.314593042575101e-06,1.7778551863194697e-06,4.006369222920725e-06,2.01456908529364e-06,0.0005346596828011533,2.0462932829931794e-06,0.0002263505449868847,0.019776323402749808,0.0002182716445345181,0.0005914388320078819,6.205049602300744e-06,7.2543618230189156e-06,1.7778551863194697e-06,2.01456908529364e-06,0.0002263505449868847,2.0462932829931794e-06,0.0005346596828011533,0.0002182716445345181,6.205049602300744e-06
490,2,daughter,,False,5.614787461400803e-05,2.4156629828672456e-05,7.484622751061123e-06,3.2699273422345685e-06,8.220189478350845e-06,3.4808121961114687e-06,0.0005337926929087504,1.4285517650093407e-06,0.00022222751156548602,0.0028779143257728393,8.969393236719384e-05,0.023114940380462926,5.0333557545281144e-05,2.4156629828672456e-05,3.2699273422345685e-06,3.4808121961114687e-06,0.00022222751156548602,1.4285517650093407e-06,0.0005337926929087504,8.969393236719384e-05,5.0333557545281144e-05
491,0,son,,False,1.6603846953733614e-05,3.024195853395102e-06,2.5071593847983196e-06,4.222833444659923e-07,1.9525885208642222e-06,5.255395707074638e-07,0.00045386232796869417,5.862814011886353e-07,3.4808121961114687e-06,0.0007098506750714406,2.0342697805520655e-05,0.0004973009416623807,4.006369222920725e-06,3.024195853395102e-06,4.222833444659923e-07,5.255395707074638e-07,3.4808121961114687e-06,5.862814011886353e-07,0.00045386232796869417,2.0342697805520655e-05,4.006369222920725e-06
491,1,son,,False,9.028039015031105e-06,1.9525885208642222e-06,2.1444948420913954e-06,2.561282210758673e-07,4.006369222920725e-06,9.223470110117277e-07,1.699752890963125e-05,3.9669859149467314e-07,2.4682904407607285e-06,0.0001597845494017344,2.4923252458203565e-05,0.0005005862322300009,4.264746818557914e-06,1.9525885208642222e-06,2.561282210758673e-07,9.223470110117277e-07,2.4682904407607285e-06,3.9669859149467314e-07,1.699752890963125e-05,2.4923252458203565e-05,4.264746818557914e-06
491,2,son,,False,9.761566060239504e-06,2.355261854303796e-06,2.4300240743279605e-06,3.1875652166284776e-07,4.469407144215697e-06,7.889262586245034e-07,0.0004548951896456382,4.6378732973537256e-07,2.586743108135441e-06,0.00013458604012970922,2.653023768982879e-05,0.0005019738542559919,5.144221374220898e-06,2.355261854303796e-06,3.1875652166284776e-07,7.889262586245034e-07,2.586743108135441e-06,4.6378732973537256e-07,0.0004548951896456382,2.653023768982879e-05,5.144221374220898e-06
492,0,child,,False,8.481104172358076e-06,2.0785170435063726e-06,2.212566909570261e-06,2.994440981371515e-07,3.2192334497037803e-06,6.339210403977636e-07,1.609308249869283e-05,3.84493505874534e-07,3.0718185454758057e-06,0.00011335690050875118,1.8522574326531083e-05,0.00048216842909326526,3.535625074174432e-06,2.0785170435063726e-06,2.994440981371515e-07,6.339210403977636e-07,3.0718185454758057e-06,3.84493505874534e-07,1.609308249869283e-05,1.8522574326531083e-05,3.535625074174432e-06
492,1,child,,False,4.108485376346404e-05,6.605214485464791e-06,4.400118457925303e-06,9.972941593827283e-07,4.264746818557914e-06,9.516251694168764e-07,0.0004979951516704268,1.2606946239951315e-06,0.00021625192716922701,0.0007783738571119147,4.373344035182828e-05,0.0005957051194471736,9.314593042575101e-06,6.605214485464791e-06,9.972941593827283e-07,9.516251694168764e-07,0.00021625192716922701,1.2606946239951315e-06,0.0004979951516704268,4.373344035182828e-05,9.314593042575101e-06
492,2,child,,False,7.484622751061123e-06,2.0785170435063726e-06,1.5689549727726036e-06,3.089494448007139e-07,1.6964426510543331e-06,5.422218970016178e-07,8.957788551478938e-06,3.089494448007139e-07,2.7535691114583474e-06,0.00015247863912257493,3.250358452365473e-05,1.941131867789626e-05,2.5071593847983196e-06,2.0785170435063726e-06,3.089494448007139e-07,5.422218970016178e-07,2.7535691114583474e-06,3.089494448007139e-07,8.957788551478938e-06,3.250358452365473e-05,2.5071593847983196e-06
493,0,daughter,,False,1.2533751425646102e-05,3.705296977158347e-06,2.2827997192887966e-06,3.6119830612765795e-07,6.014151777699533e-06,1.2219076020491008e-06,0.00047737871137815444,9.368717268777097e-07,5.391084403253366e-06,0.0008594156731411163,6.563728324346652e-05,0.0005493912805431325,7.2543618230189156e-06,3.705296977158347e-06,3.6119830612765795e-07,1.2219076020491008e-06,5.391084403253366e-06,9.368717268777097e-07,0.00047737871137815444,6.563728324346652e-05,7.2543618230189156e-06
493,1,daughter,,False,2.0342697805520655e-05,6.302758756443267e-06,3.7636447180974406e-06,5.594337713435001e-07,4.757645425657629e-06,1.0129990980873922e-06,0.004722573610573226,3.535625074174432e-06,0.0002410592996703374,0.0027358596836205874,7.321812616608614e-05,0.0011488846913063758,1.2339457598623173e-05,6.302758756443267e-06,5.594337713435001e-07,1.0129990980873922e-06,0.0002410592996703374,3.535625074174432e-06,0.004722573610573226,7.321812616608614e-05,1.2339457598623173e-05
493,2,daughter,,False,3.0534893211185946e-05,6.10885510164857e-06,3.8831109868779005e-06,1.3420013504783412e-06,4.908661889889002e-06,2.7535691114583474e-06,0.000496191429011893,1.2029639084557005e-06,0.00021978822261505042,0.019726659322314974,0.0002889581017773627,0.0012650969304107685,1.1959857805023158e-05,6.10885510164857e-06,1.3420013504783412e-06,2.7535691114583474e-06,0.00021978822261505042,1.2029639084557005e-06,0.000496191429011893,0.0002889581017773627,1.1959857805023158e-05
494,0,son,,False,4.442183589214344e-05,6.40200641038395e-06,5.307507822667365e-06,1.1125607488784412e-06,2.7535691114583474e-06,1.2606946239951315e-06,0.00048823171222005674,1.1843139025979655e-06,0.00022447266775434924,0.002954895533654995,0.00011513995656772139,0.0012413647992119714,7.484622751061123e-06,6.40200641038395e-06,1.1125607488784412e-06,1.2606946239951315e-06,0.00022447266775434924,1.1843139025979655e-06,0.00048823171222005674,0.00011513995656772139,7.484622751061123e-06
494,1,son,,False,0.0005597594790089396,0.0007731439949613941,1.6346470245419304e-05,8.092757566536092e-06,2.737216731838081e-05,1.535623976496012e-05,0.0046615856841783895,4.469407144215697e-06,0.00025414794844479815,8.830458477845481e-05,1.8522574326531083e-05,0.19971950884573725,0.005471381681844389,0.0007731439949613941,8.092757566536092e-06,1.535623976496012e-05,0.00025414794844479815,4.469407144215697e-06,0.0046615856841783895,1.8522574326531083e-05,0.005471381681844389
494,2,son,,False,3.799845147518645e-05,8.220189478350845e-06,4.683888424952456e-06,1.670142184809518e-06,4.908661889889002e-06,2.1444948420913954e-06,0.000476568724731206,1.363134508591315e-06,0.00021273082914771238,0.03779847037626241,0.0003854363826911696,0.0012121048968397102,1.442598644847886e-05,8.220189478350845e-06,1.670142184809518e-06,2.1444948420913954e-06,0.00021273082914771238,1.363134508591315e-06,0.000476568724731206,0.0003854363826911696,1.442598644847886e-05
495,0,child,,False,0.0005449187105293259,3.740956047302422e-05,1.2931563954607948e-05,2.5466403947055455e-06,1.7400543552708932e-05,1.4202364022997911e-05,0.0006095822374400258,4.1335397768930325e-06,0.00023404764440531787,9.110511944006454e-05,2.5071593847983196e-06,0.18386407186449413,0.003497514251509983,3.740956047302422e-05,2.5466403947055455e-06,1.4202364022997911e-05,0.00023404764440531787,4.1335397768930325e-06,0.0006095822374400258,2.5071593847983196e-06,0.003497514251509983
495,1,child,,False,3.4062932773341e-05,5.064471653194114e-06,5.829126566113866e-06,5.682435212870505e-07,2.3923509443082866e-06,9.516251694168764e-07,0.0005339847006422489,1.5206840370677115e-06,0.0002310764341461493,0.0007007652612809208,3.120191139396651e-06,0.0013138000668073558,1.0229985472581487e-05,5.064471653194114e-06,5.682435212870505e-07,9.516251694168764e-07,0.0002310764341461493,1.5206840370677115e-06,0.0005339847006422489,3.120191139396651e-06,1.0229985472581487e-05
495,2,child,,False,6.46203290719727e-05,1.15919343186331e-05,4.469407144215697e-06,1.4738981974494932e-06,5.920916517463734e-06,1.8925148246037342e-06,0.0004746880498915048,9.368717268777097e-07,0.00021467682920914668,0.0029970979054966492,8.167381046669487e-05,0.010103386892801616,1.9110431587777674e-05,1.15919343186331e-05,1.4738981974494932e-06,1.8925148246037342e-06,0.00021467682920914668,9.368717268777097e-07,0.0004746880498915048,8.167381046669487e-05,1.9110431587777674e-05
496,0,daughter,,False,7.0311842669149565e-06,2.0785170435063726e-06,1.2606946239951315e-06,2.0580491096133835e-07,4.264746818557914e-06,7.889262586245034e-07,1.141223854434603e-05,3.288749065460498e-07,1.9833367060283617e-06,0.00014550629385328434,3.740956047302422e-05,0.0004966741009398081,5.829126566113866e-06,2.0785170435063726e-06,2.0580491096133835e-07,7.889262586245034e-07,1.9833367060283617e-06,3.288749065460498e-07,1.141223854434603e-05,3.740956047302422e-05,5.829126566113866e-06
496,1,daughter,,False,1.0071400221737608e-05,2.7535691114583474e-06,1.670142184809518e-06,2.994440981371515e-07,3.120191139396651e-06,8.664653147910923e-07,0.000482769314419773,9.368717268777097e-07,0.00021411253592723288,0.0027788905419273728,7.321812616608614e-05,0.0005245722151820294,4.264746818557914e-06,2.7535691114583474e-06,2.994440981371515e-07,8.664653147910923e-07,0.00021411253592723288,9.368717268777097e-07,0.000482769314419773,7.321812616608614e-05,4.264746818557914e-06
496,2,daughter,,False,1.2339457598623173e-05,2.586743108135441e-06,2.0785170435063726e-06,3.089494448007139e-07,2.97731143841062e-06,7.646537350121258e-07,1.699752890963125e-05,5.77192003016332e-07,3.6478537675800286e-06,0.0007067749478525128,3.4062932773341e-05,0.0005224900751216392,5.144221374220898e-06,2.586743108135441e-06,3.089494448007139e-07,7.646537350121258e-07,3.6478537675800286e-06,5.77192003016332e-07,1.699752890963125e-05,3.4062932773341e-05,5.144221374220898e-06
497,0,son,,False,7.793660930208434e-05,1.8522574326531083e-05,9.915273115920183e-06,3.5913010679499402e-06,1.3342001090985438e-05,7.967300986103147e-06,0.004733927022831995,0.00021239327621036451,0.00027522980281513944,0.010442227995274726,0.00019267346633274757,0.022727578398059053,2.0027376671813928e-05,1.8522574326531083e-05,3.5913010679499402e-06,7.967300986103147e-06,0.00027522980281513944,0.00021239327621036451,0.004733927022831995,0.00019267346633274757,2.0027376671813928e-05
497,1,son,,False,1.0071400221737608e-05,2.0785170435063726e-06,2.2827997192887966e-06,2.4824800371656586e-07,3.2192334497037803e-06,6.144174602214718e-07,0.00045357744795714874,5.255395707074638e-07,2.796930302582677e-06,0.00016229670614688406,4.044814978420809e-05,0.0005056385041563992,4.98595821272702e-06,2.0785170435063726e-06,2.4824800371656586e-07,6.144174602214718e-07,2.796930302582677e-06,5.255395707074638e-07,0.00045357744795714874,4.044814978420809e-05,4.98595821272702e-06
497,2,son,,False,8.750299760661308e-06,1.670142184809518e-06,1.670142184809518e-06,2.1907815825757866e-07,2.1782649863110498e-06,5.422218970016178e-07,0.0004568026270968072,5.77192003016332e-07,2.931153855960119e-06,0.00013458604012970922,3.353501304664781e-05,0.0004936825844797785,4.006369222920725e-06,1.670142184809518e-06,2.1907815825757866e-07,5.422218970016178e-07,2.931153855960119e-06,5.77192003016332e-07,0.0004568026270968072,3.353501304664781e-05,4.006369222920725e-06
498,0,child,,False,7.096703991005882e-05,7.967300986103147e-06,9.028039015031105e-06,6.748051590048605e-07,3.7636447180974406e-06,9.516251694168764e-07,0.0005606377779543539,3.120191139396651e-06,0.00022120585807682417,0.00011160142598430911,1.8342893327886845e-06,0.010195698501488519,1.0554685795431098e-05,7.967300986103147e-06,6.748051590048605e-07,9.516251694168764e-07,0.00022120585807682417,3.120191139396651e-06,0.0005606377779543539,1.8342893327886845e-06,1.0554685795431098e-05
498,1,child,,False,2.3782205064034188e-05,4.264746818557914e-06,3.321419494792514e-06,5.594337713435001e-07,3.4808121961114687e-06,9.223470110117277e-07,0.00047318672763725406,8.530321297909616e-07,0.0002128468589176327,0.00011513995656772139,1.2339457598623173e-05,0.0011516002696433543,7.2543618230189156e-06,4.264746818557914e-06,5.594337713435001e-07,9.223470110117277e-07,0.0002128468589176327,8.530321297909616e-07,0.00047318672763725406,1.2339457598623173e-05,7.2543618230189156e-06
498,2,child,,False,6.922183404468203e-06,1.4285517650093407e-06,1.4738981974494932e-06,2.4061023397180247e-07,1.4971083692627422e-06,3.84493505874534e-07,1.1235328063870752e-05,3.500854414401442e-07,2.796930302582677e-06,0.00012448433020883747,2.199533724320648e-05,0.00048465588826592415,3.2192334497037803e-06,1.4285517650093407e-06,2.4061023397180247e-07,3.84493505874534e-07,2.796930302582677e-06,3.500854414401442e-07,1.1235328063870752e-05,2.199533724320648e-05,3.2192334497037803e-06
499,0,daughter,,False,1.535623976496012e-05,2.6688529572628562e-06,1.8925148246037342e-06,3.500854414401442e-07,2.1444948420913954e-06,6.748051590048605e-07,0.0004558265687732626,7.411279871974134e-07,4.98595821272702e-06,0.0008138567562898873,4.655269187520153e-05,0.0005034054837533741,3.4268490542555014e-06,2.6688529572628562e-06,3.500854414401442e-07,6.748051590048605e-07,4.98595821272702e-06,7.411279871974134e-07,0.0004558265687732626,4.655269187520153e-05,3.4268490542555014e-06
499,1,daughter,,False,3.3015272509780104e-05,6.709224499600877e-06,2.931153855960119e-06,6.643433442159853e-07,3.321419494792514e-06,9.516251694168764e-07,0.0005020241002389482,1.2805474213228684e-06,0.0002207184759315317,0.00013458604012970922,1.941131867789626e-05,0.0011944104731679238,1.3135179706526775e-05,6.709224499600877e-06,6.643433442159853e-07,9.516251694168764e-07,0.0002207184759315317,1.2805474213228684e-06,0.0005020241002389482,1.941131867789626e-05,1.3135179706526775e-05
499,2,daughter,,False,1.2931563954607948e-05,2.212566909570261e-06,1.8925148246037342e-06,2.332074525844782e-07,2.1444948420913954e-06,5.955139348629957e-07,1.6734050747377145e-05,5.507606023968348e-07,3.535625074174432e-06,9.399438806628559e-05,1.5843621910252592e-05,0.00048644850322948033,2.6688529572628562e-06,2.212566909570261e-06,2.332074525844782e-07,5.955139348629957e-07,3.535625074174432e-06,5.507606023968348e-07,1.6734050747377145e-05,1.5843621910252592e-05,2.6688529572628562e-06
500,0,son,,False,1.2533751425646102e-05,2.355261854303796e-06,1.8342893327886845e-06,3.9669859149467314e-07,1.5689549727726036e-06,5.255395707074638e-07,0.0004530208647415158,4.495181578513688e-07,3.2192334497037803e-06,0.0009118021484241878,4.442183589214344e-05,0.0005852836038915696,6.605214485464791e-06,2.355261854303796e-06,3.9669859149467314e-07,5.255395707074638e-07,3.2192334497037803e-06,4.495181578513688e-07,0.0004530208647415158,4.442183589214344e-05,6.605214485464791e-06
500,1,son,,False,2.0342697805520655e-05,5.307507822667365e-06,2.2827997192887966e-06,6.643433442159853e-07,5.920916517463734e-06,1.3420013504783412e-06,0.0005131168701102027,1.9525885208642222e-06,0.0002207184759315317,0.000782571800733567,3.569706350376584e-05,0.0011749162498717969,1.0889691002655445e-05,5.307507822667365e-06,6.643433442159853e-07,1.3420013504783412e-06,0.0002207184759315317,1.9525885208642222e-06,0.0005131168701102027,3.569706350376584e-05,1.0889691002655445e-05
500,2,son,,False,0.0005578016147538543,2.3782205064034188e-05,1.1061159714638084e-05,4.908661889889002e-06,8.481104172358076e-06,3.535625074174432e-06,0.0005900582503252539,1.7778551863194697e-06,0.00022841290836588554,0.0030191947476948433,9.253848866495987e-05,0.04732060317094423,0.0016120876359939614,2.3782205064034188e-05,4.908661889889002e-06,3.535625074174432e-06,0.00022841290836588554,1.7778551863194697e-06,0.0005900582503252539,9.253848866495987e-05,0.0016120876359939614
501,0,child,,False,5.27478412523148e-05,7.602479448313689e-06,4.61127481426412e-06,5.77192003016332e-07,2.586743108135441e-06,1.0783312222985275e-06,0.0004804291020575482,1.3846004563753396e-06,0.0002126165979895905,0.019448147263788598,1.6865275398914433e-05,0.0012519010653729468,2.0662982488383408e-05,7.602479448313689e-06,5.77192003016332e-07,1.0783312222985275e-06,0.0002126165979895905,1.3846004563753396e-06,0.0004804291020575482,1.6865275398914433e-05,2.0662982488383408e-05
501,1,child,,False,8.220189478350845e-06,1.7778551863194697e-06,1.670142184809518e-06,2.0580491096133835e-07,4.469407144215697e-06,6.748051590048605e-07,0.00045908104511603316,2.9023119852110973e-07,3.169325442919291e-06,0.00017274586267297022,4.442183589214344e-05,0.0005048825150668042,8.750299760661308e-06,1.7778551863194697e-06,2.0580491096133835e-07,6.748051590048605e-07,3.169325442919291e-06,2.9023119852110973e-07,0.00045908104511603316,4.442183589214344e-05,8.750299760661308e-06
501,2,child,,False,1.2533751425646102e-05,2.01456908529364e-06,2.586743108135441e-06,4.495181578513688e-07,3.0718185454758057e-06,8.398072034951531e-07,0.00046798745549139667,5.77192003016332e-07,3.7636447180974406e-06,0.00017007224114352882,3.569706350376584e-05,0.0005360157526065469,8.750299760661308e-06,2.01456908529364e-06,4.495181578513688e-07,8.398072034951531e-07,3.7636447180974406e-06,5.77192003016332e-07,0.00046798745549139667,3.569706350376584e-05,8.750299760661308e-06
502,0,daughter,,False,3.250358452365473e-05,5.391084403253366e-06,2.7535691114583474e-06,6.962256250138369e-07,3.822911232549001e-06,1.0129990980873922e-06,0.00046578121174862316,7.183260399857925e-07,0.00021166499492301485,0.0007259681821955923,2.653023768982879e-05,0.0005935553564438082,9.610241549947397e-06,5.391084403253366e-06,6.962256250138369e-07,1.0129990980873922e-06,0.00021166499492301485,7.183260399857925e-07,0.00046578121174862316,2.653023768982879e-05,9.610241549947397e-06
502,1,daughter,,False,2.2693385749600554e-05,8.349627818261147e-06,1.8925148246037342e-06,8.013499398837462e-07,3.6478537675800286e-06,9.516251694168764e-07,0.0005405355616133043,1.9525885208642222e-06,0.00022249305551005476,9.110511944006454e-05,2.0027376671813928e-05,0.0012885036886187368,1.8522574326531083e-05,8.349627818261147e-06,8.013499398837462e-07,9.516251694168764e-07,0.00022249305551005476,1.9525885208642222e-06,0.0005405355616133043,2.0027376671813928e-05,1.8522574326531083e-05
502,2,daughter,,False,8.481104172358076e-06,1.9525885208642222e-06,2.0785170435063726e-06,3.1875652166284776e-07,2.355261854303796e-06,6.144174602214718e-07,0.00046941405001030257,5.507606023968348e-07,5.829126566113866e-06,0.0006978298516223775,3.682979260160596e-05,0.0004893563764018274,5.475976980449466e-06,1.9525885208642222e-06,3.1875652166284776e-07,6.144174602214718e-07,5.829126566113866e-06,5.507606023968348e-07,0.00046941405001030257,3.682979260160596e-05,5.475976980449466e-06
503,0,son,,False,0.0005449187105293259,3.625900662832244e-05,8.349627818261147e-06,1.7231572752142392e-06,7.368592981140821e-06,1.5936620247162786e-06,0.014838336838987259,0.00021602541230555288,0.00027414735167209615,0.0007293448983675676,2.737216731838081e-05,0.023391278713295393,5.8840881855693875e-05,3.625900662832244e-05,1.7231572752142392e-06,1.5936620247162786e-06,0.00027414735167209615,0.00021602541230555288,0.014838336838987259,2.737216731838081e-05,5.8840881855693875e-05
503,1,son,,False,1.0889691002655445e-05,2.1444948420913954e-06,1.5689549727726036e-06,2.9023119852110973e-07,2.5071593847983196e-06,8.939696304799168e-07,0.0004552008131639649,5.093705003229987e-07,4.1335397768930325e-06,0.0007622196052140348,3.682979260160596e-05,0.0005048825150668042,4.1335397768930325e-06,2.1444948420913954e-06,2.9023119852110973e-07,8.939696304799168e-07,4.1335397768930325e-06,5.093705003229987e-07,0.0004552008131639649,3.682979260160596e-05,4.1335397768930325e-06
503,2,son,,False,7.0311842669149565e-06,1.4285517650093407e-06,1.3007128466476034e-06,1.994729721527057e-07,1.5936620247162786e-06,3.9669859149467314e-07,0.00045791293006445946,4.78509449489012e-07,3.8831109868779005e-06,0.00012255674483830522,2.4923252458203565e-05,0.0004903878049248205,4.400118457925303e-06,1.4285517650093407e-06,1.994729721527057e-07,3.9669859149467314e-07,3.8831109868779005e-06,4.78509449489012e-07,0.00045791293006445946,2.4923252458203565e-05,4.400118457925303e-06
504,0,child,,False,9.915273115920183e-06,1.5689549727726036e-06,1.1125607488784412e-06,2.123378462433771e-07,1.8925148246037342e-06,6.748051590048605e-07,0.0004563088814869741,5.955139348629957e-07,4.53978687024344e-06,0.000703746720165797,3.250358452365473e-05,0.00048738768508935855,2.4300240743279605e-06,1.5689549727726036e-06,2.123378462433771e-07,6.748051590048605e-07,4.53978687024344e-06,5.955139348629957e-07,0.0004563088814869741,3.250358452365473e-05,2.4300240743279605e-06
504,1,child,,False,1.4202364022997911e-05,3.024195853395102e-06,1.8925148246037342e-06,3.089494448007139e-07,2.0785170435063726e-06,5.093705003229987e-07,0.0004714608092839256,8.664653147910923e-07,0.00021320602528870992,7.321812616608614e-05,1.6603846953733614e-05,0.0004973009416623807,3.024195853395102e-06,3.024195853395102e-06,3.089494448007139e-07,5.093705003229987e-07,0.00021320602528870992,8.664653147910923e-07,0.0004714608092839256,1.6603846953733614e-05,3.024195853395102e-06
504,2,child,,False,2.453694805426225e-05,5.562206273647035e-06,3.024195853395102e-06,9.818326983657703e-07,4.331903899346328e-06,2.0785170435063726e-06,0.0004859157826818634,8.530321297909616e-07,0.00021891431472897835,0.010253226208557755,0.00012644219446392274,0.0011435787590044176,7.2543618230189156e-06,5.562206273647035e-06,9.818326983657703e-07,2.0785170435063726e-06,0.00021891431472897835,8.530321297909616e-07,0.0004859157826818634,0.00012644219446392274,7.2543618230189156e-06
505,0,daughter,,False,0.0006290189785644802,3.459916031782155e-05,1.3982207564732913e-05,6.205049602300744e-06,1.1061159714638084e-05,4.757645425657629e-06,0.0005721864355333775,2.6688529572628562e-06,0.00023736206057396741,0.00018102110262026484,5.475976980449466e-06,0.04737566751958008,0.002382327228464751,3.459916031782155e-05,6.205049602300744e-06,4.757645425657629e-06,0.00023736206057396741,2.6688529572628562e-06,0.0005721864355333775,5.475976980449466e-06,0.002382327228464751
505,1,daughter,,False,6.709224499600877e-06,1.3846004563753396e-06,1.1125607488784412e-06,1.7603432133424857e-07,9.368717268777097e-07,3.6119830612765795e-07,0.00045590617158127144,4.495181578513688e-07,5.064471653194114e-06,0.00014550629385328434,2.3413582477639402e-05,2.0027376671813928e-05,1.4738981974494932e-06,1.3846004563753396e-06,1.7603432133424857e-07,3.6119830612765795e-07,5.064471653194114e-06,4.495181578513688e-07,0.00045590617158127144,2.3413582477639402e-05,1.4738981974494932e-06
505,2,daughter,,False,8.167381046669487e-05,1.7952796934677738e-05,5.064471653194114e-06,2.4682904407607285e-06,8.481104172358076e-06,3.120191139396651e-06,0.0046795041144237146,2.212566909570261e-06,0.00022388481049310266,0.010343390645853583,0.00010005044009099887,0.03212873517934511,0.0015731933694596465,1.7952796934677738e-05,2.4682904407607285e-06,3.120191139396651e-06,0.00022388481049310266,2.212566909570261e-06,0.0046795041144237146,0.00010005044009099887,0.0015731933694596465
506,0,son,,False,3.459916031782155e-05,7.602479448313689e-06,3.120191139396651e-06,8.664653147910923e-07,4.1335397768930325e-06,1.2606946239951315e-06,0.0005024148671484224,1.1300808333434096e-06,0.00021625192716922701,8.167381046669487e-05,1.2731104162213555e-05,0.0012584221184095618,1.15919343186331e-05,7.602479448313689e-06,8.664653147910923e-07,1.2606946239951315e-06,0.00021625192716922701,1.1300808333434096e-06,0.0005024148671484224,1.2731104162213555e-05,1.15919343186331e-05
506,1,son,,False,1.8814207550495463e-05,4.469407144215697e-06,2.840974294610978e-06,4.356879983467376e-07,6.014151777699533e-06,1.4738981974494932e-06,0.00047104181429577426,8.530321297909616e-07,5.391084403253366e-06,0.00016484829418512883,3.1999824407395835e-05,0.0005584771959849743,9.314593042575101e-06,4.469407144215697e-06,4.356879983467376e-07,1.4738981974494932e-06,5.391084403253366e-06,8.530321297909616e-07,0.00047104181429577426,3.1999824407395835e-05,9.314593042575101e-06
506,2,son,,False,6.814872211615988e-06,1.1125607488784412e-06,1.5206840370677115e-06,1.4144759985825914e-07,1.4738981974494932e-06,6.748051590048605e-07,0.00045429807851823744,5.682435212870505e-07,4.61127481426412e-06,3.459916031782155e-05,2.4300240743279605e-06,0.00048422495919655346,2.7535691114583474e-06,1.1125607488784412e-06,1.4144759985825914e-07,6.748051590048605e-07,4.61127481426412e-06,5.682435212870505e-07,0.00045429807851823744,2.4300240743279605e-06,2.7535691114583474e-06
507,0,child,,False,8.426423087564058e-05,1.5118199327273332e-05,9.610241549947397e-06,3.373722476473661e-06,5.738759521437678e-06,3.024195853395102e-06,0.0005493949934484831,1.8631746484712008e-06,0.00023148126807614352,0.0028179309367027785,9.697519677825862e-05,0.021645595107122946,2.95957113513077e-05,1.5118199327273332e-05,3.373722476473661e-06,3.024195853395102e-06,0.00023148126807614352,1.8631746484712008e-06,0.0005493949934484831,9.697519677825862e-05,2.95957113513077e-05
507,1,child,,False,1.2931563954607948e-05,2.2827997192887966e-06,2.7535691114583474e-06,3.3931448129766124e-07,2.5071593847983196e-06,6.748051590048605e-07,0.0004597350242437647,6.144174602214718e-07,5.064471653194114e-06,0.00016484829418512883,3.569706350376584e-05,0.0005147819588703148,4.832563818725537e-06,2.2827997192887966e-06,3.3931448129766124e-07,6.748051590048605e-07,5.064471653194114e-06,6.144174602214718e-07,0.0004597350242437647,3.569706350376584e-05,4.832563818725537e-06
507,2,child,,False,3.8596609058077356e-05,5.225226840386988e-06,5.144221374220898e-06,9.223470110117277e-07,3.120191139396651e-06,1.2219076020491008e-06,0.0004768908238063255,1.2219076020491008e-06,0.00021332953715267472,9.850082967450695e-05,2.0027376671813928e-05,0.0006093314310007475,9.314593042575101e-06,5.225226840386988e-06,9.223470110117277e-07,1.2219076020491008e-06,0.00021332953715267472,1.2219076020491008e-06,0.0004768908238063255,2.0027376671813928e-05,9.314593042575101e-06
508,0,daughter,,False,1.15919343186331e-05,2.1444948420913954e-06,2.0785170435063726e-06,3.84493505874534e-07,2.1444948420913954e-06,7.411279871974134e-07,0.0004556682925965673,4.78509449489012e-07,4.198630823683514e-06,0.00014325365947100792,2.913700606794303e-05,0.0004992412660775476,3.6478537675800286e-06,2.1444948420913954e-06,3.84493505874534e-07,7.411279871974134e-07,4.198630823683514e-06,4.78509449489012e-07,0.0004556682925965673,2.913700606794303e-05,3.6478537675800286e-06
508,1,daughter,,False,8.220189478350845e-06,2.01456908529364e-06,1.6187581436151335e-06,2.2603242979035749e-07,4.331903899346328e-06,9.223470110117277e-07,0.00045329698301493134,4.0929110499856e-07,2.4300240743279605e-06,0.00015011822567369918,4.238847419937498e-05,0.0005064063866345277,6.40200641038395e-06,2.01456908529364e-06,2.2603242979035749e-07,9.223470110117277e-07,2.4300240743279605e-06,4.0929110499856e-07,0.00045329698301493134,4.238847419937498e-05,6.40200641038395e-06
508,2,daughter,,False,2.2693385749600554e-05,3.7636447180974406e-06,4.53978687024344e-06,1.0129990980873922e-06,3.944258675190877e-06,1.9525885208642222e-06,0.0005117651833782575,1.4738981974494932e-06,0.00021849741587309833,0.010253226208557755,0.00017274586267297022,0.000565024317150732,7.2543618230189156e-06,3.7636447180974406e-06,1.0129990980873922e-06,1.9525885208642222e-06,0.00021849741587309833,1.4738981974494932e-06,0.0005117651833782575,0.00017274586267297022,7.2543618230189156e-06
509,0,son,,False,0.0005431903918374811,2.0342697805520655e-05,5.920916517463734e-06,1.6187581436151335e-06,6.502816785764437e-06,1.9525885208642222e-06,0.0005271238858212198,1.7502925788778209e-06,0.0002233150331012493,0.00015731121653489972,1.609308249869283e-05,0.015984974964272536,1.7952796934677738e-05,2.0342697805520655e-05,1.6187581436151335e-06,1.9525885208642222e-06,0.0002233150331012493,1.7502925788778209e-06,0.0005271238858212198,1.609308249869283e-05,1.7952796934677738e-05
509,1,son,,False,1.2533751425646102e-05,2.355261854303796e-06,2.2827997192887966e-06,2.8130174840733105e-07,3.2699273422345685e-06,7.646537350121258e-07,0.00045935913472730375,5.507606023968348e-07,3.7636447180974406e-06,6.361912109467577e-05,1.3552078562406772e-05,0.0004999085000106341,6.205049602300744e-06,2.355261854303796e-06,2.8130174840733105e-07,7.646537350121258e-07,3.7636447180974406e-06,5.507606023968348e-07,0.00045935913472730375,1.3552078562406772e-05,6.205049602300744e-06
509,2,son,,False,4.802972318863164e-05,7.602479448313689e-06,8.220189478350845e-06,1.9525885208642222e-06,5.064471653194114e-06,3.2192334497037803e-06,0.0005338406597593432,1.8058518261159955e-06,0.00023360304396588728,0.002924908581036187,0.00010322310367548195,0.010220504233857524,1.15919343186331e-05,7.602479448313689e-06,1.9525885208642222e-06,3.2192334497037803e-06,0.00023360304396588728,1.8058518261159955e-06,0.0005338406597593432,0.00010322310367548195,1.15919343186331e-05
510,0,child,,False,6.014151777699533e-06,1.2219076020491008e-06,1.7778551863194697e-06,2.1907815825757866e-07,1.8058518261159955e-06,5.422218970016178e-07,0.0004800794914748689,8.80110037979258e-07,0.00021332953715267472,8.693673928062173e-05,1.6865275398914433e-05,0.0005064063866345277,3.7636447180974406e-06,1.2219076020491008e-06,2.1907815825757866e-07,5.422218970016178e-07,0.00021332953715267472,8.80110037979258e-07,0.0004800794914748689,1.6865275398914433e-05,3.7636447180974406e-06
510,1,child,,False,4.8785712278226595e-05,2.0988308820313112e-05,8.349627818261147e-06,3.024195853395102e-06,1.1061159714638084e-05,6.709224499600877e-06,0.0005265889904078065,2.2827997192887966e-06,0.0002310764341461493,9.850082967450695e-05,1.9110431587777674e-05,0.04711021841284231,0.0015643325470709956,2.0988308820313112e-05,3.024195853395102e-06,6.709224499600877e-06,0.0002310764341461493,2.2827997192887966e-06,0.0005265889904078065,1.9110431587777674e-05,0.0015643325470709956
510,2,child,,False,1.1235328063870752e-05,2.7535691114583474e-06,2.0785170435063726e-06,3.1875652166284776e-07,4.53978687024344e-06,1.0129990980873922e-06,0.00045696979624789015,5.093705003229987e-07,3.8831109868779005e-06,0.0007327745561277882,3.353501304664781e-05,0.0005096006331304874,5.475976980449466e-06,2.7535691114583474e-06,3.1875652166284776e-07,1.0129990980873922e-06,3.8831109868779005e-06,5.093705003229987e-07,0.00045696979624789015,3.353501304664781e-05,5.475976980449466e-06
511,0,daughter,,False,1.8814207550495463e-05,4.469407144215697e-06,2.840974294610978e-06,5.422218970016178e-07,6.10885510164857e-06,1.1843139025979655e-06,0.0004682423007537106,9.972941593827283e-07,6.10885510164857e-06,0.0001597845494017344,3.3015272509780104e-05,0.0005437895311587944,8.481104172358076e-06,4.469407144215697e-06,5.422218970016178e-07,1.1843139025979655e-06,6.10885510164857e-06,9.972941593827283e-07,0.0004682423007537106,3.3015272509780104e-05,8.481104172358076e-06
511,1,daughter,,False,1.0554685795431098e-05,1.9525885208642222e-06,1.8342893327886845e-06,4.0929110499856e-07,2.586743108135441e-06,6.748051590048605e-07,1.5118199327273332e-05,3.3931448129766124e-07,3.321419494792514e-06,0.0007783738571119147,3.9821309061635425e-05,0.0005138843625860062,4.832563818725537e-06,1.9525885208642222e-06,4.0929110499856e-07,6.748051590048605e-07,3.321419494792514e-06,3.3931448129766124e-07,1.5118199327273332e-05,3.9821309061635425e-05,4.832563818725537e-06
511,2,daughter,,False,8.167381046669487e-05,3.3015272509780104e-05,1.15919343186331e-05,4.331903899346328e-06,1.7130819343483194e-05,9.915273115920183e-06,0.000609243123685377,3.8831109868779005e-06,0.0002519149280417731,0.00012255674483830522,5.475976980449466e-06,0.0958776555848067,0.002473577866097908,3.3015272509780104e-05,4.331903899346328e-06,9.915273115920183e-06,0.0002519149280417731,3.8831109868779005e-06,0.000609243123685377,5.475976980449466e-06,0.002473577866097908
512,0,son,,False,4.173157606777201e-05,6.814872211615988e-06,8.220189478350845e-06,2.1112482331487175e-06,4.832563818725537e-06,2.586743108135441e-06,0.0004911950427828109,1.0783312222985275e-06,0.00021934444373130447,0.01949970367927649,0.00016484829418512883,0.0012789223310902436,1.6865275398914433e-05,6.814872211615988e-06,2.1112482331487175e-06,2.586743108135441e-06,0.00021934444373130447,1.0783312222985275e-06,0.0004911950427828109,0.00016484829418512883,1.6865275398914433e-05
512,1,son,,False,2.6119031909571944e-05,4.264746818557914e-06,5.475976980449466e-06,7.411279871974134e-07,3.705296977158347e-06,1.0451548051737735e-06,0.0004587152898300176,7.646537350121258e-07,4.53978687024344e-06,0.0008876146323004368,7.793660930208434e-05,0.0004992412660775476,6.40200641038395e-06,4.264746818557914e-06,7.411279871974134e-07,1.0451548051737735e-06,4.53978687024344e-06,7.646537350121258e-07,0.0004587152898300176,7.793660930208434e-05,6.40200641038395e-06
512,2,son,,False,5.7031570707833595e-05,1.177445922838707e-05,6.014151777699533e-06,1.2219076020491008e-06,7.722191834067996e-06,1.8925148246037342e-06,0.00047561737708130716,1.0129990980873922e-06,0.00021273082914771238,0.00016484829418512883,3.1999824407395835e-05,0.001235236765076339,2.6947915555885546e-05,1.177445922838707e-05,1.2219076020491008e-06,1.8925148246037342e-06,0.00021273082914771238,1.0129990980873922e-06,0.00047561737708130716,3.1999824407395835e-05,2.6947915555885546e-05
513,0,child,,False,0.0006215358755526572,1.0229985472581487e-05,2.234163601827719e-05,1.5689549727726036e-06,4.908661889889002e-06,1.4510478554719287e-06,0.000576863979693305,2.5466403947055455e-06,0.0002484179442990331,0.0007362579817833515,4.1335397768930325e-06,0.0013034453257005688,1.2731104162213555e-05,1.0229985472581487e-05,1.5689549727726036e-06,1.4510478554719287e-06,0.0002484179442990331,2.5466403947055455e-06,0.000576863979693305,4.1335397768930325e-06,1.2731104162213555e-05
513,1,child,,False,3.9821309061635425e-05,4.198630823683514e-06,3.8831109868779005e-06,6.748051590048605e-07,3.321419494792514e-06,6.962256250138369e-07,0.00047593202075195005,7.071895057311757e-07,0.00021411253592723288,0.0007259681821955923,2.6947915555885546e-05,0.0005832949863420954,7.967300986103147e-06,4.198630823683514e-06,6.748051590048605e-07,6.962256250138369e-07,0.00021411253592723288,7.071895057311757e-07,0.00047593202075195005,2.6947915555885546e-05,7.967300986103147e-06
513,2,child,,False,1.7674513810355872e-05,3.535625074174432e-06,3.535625074174432e-06,5.955139348629957e-07,2.4300240743279605e-06,8.398072034951531e-07,0.0004707651978138664,9.666109404131067e-07,0.00021575330372933303,0.0009180870254226622,5.792916699214217e-05,0.0005398117107140829,7.722191834067996e-06,3.535625074174432e-06,5.955139348629957e-07,8.398072034951531e-07,0.00021575330372933303,9.666109404131067e-07,0.0004707651978138664,5.792916699214217e-05,7.722191834067996e-06
514,0,daughter,,False,3.569706350376584e-05,6.709224499600877e-06,5.738759521437678e-06,8.267873072601938e-07,4.53978687024344e-06,1.2219076020491008e-06,0.00047546097391956043,1.0451548051737735e-06,0.00021642339588120966,8.830458477845481e-05,2.0342697805520655e-05,0.0005479579113182372,9.028039015031105e-06,6.709224499600877e-06,8.267873072601938e-07,1.2219076020491008e-06,0.00021642339588120966,1.0451548051737735e-06,0.00047546097391956043,2.0342697805520655e-05,9.028039015031105e-06
514,1,daughter,,False,0.0005857959236675918,8.481104172358076e-06,1.5843621910252592e-05,1.0783312222985275e-06,5.064471653194114e-06,1.2606946239951315e-06,0.00046496423359047314,9.223470110117277e-07,4.832563818725537e-06,0.00016484829418512883,2.8240807799315707e-05,0.0005385266023448675,7.0311842669149565e-06,8.481104172358076e-06,1.0783312222985275e-06,1.2606946239951315e-06,4.832563818725537e-06,9.223470110117277e-07,0.00046496423359047314,2.8240807799315707e-05,7.0311842669149565e-06
514,2,daughter,,False,2.0988308820313112e-05,2.1444948420913954e-06,3.024195853395102e-06,3.6119830612765795e-07,2.627477314480822e-06,6.962256250138369e-07,1.2931563954607948e-05,6.748051590048605e-07,4.1335397768930325e-06,0.00012644219446392274,3.1015598671268335e-05,0.00048422495919655346,3.321419494792514e-06,2.1444948420913954e-06,3.6119830612765795e-07,6.962256250138369e-07,4.1335397768930325e-06,6.748051590048605e-07,1.2931563954607948e-05,3.1015598671268335e-05,3.321419494792514e-06
515,0,son,,False,3.799845147518645e-05,6.814872211615988e-06,7.14190139989638e-06,1.9833367060283617e-06,5.391084403253366e-06,2.840974294610978e-06,0.0005219131437281912,1.4738981974494932e-06,0.0002378658206902263,0.0028019515705435595,8.167381046669487e-05,0.010100664400732217,1.1235328063870752e-05,6.814872211615988e-06,1.9833367060283617e-06,2.840974294610978e-06,0.0002378658206902263,1.4738981974494932e-06,0.0005219131437281912,8.167381046669487e-05,1.1235328063870752e-05
515,1,son,,False,6.46203290719727e-05,3.569706350376584e-05,1.2931563954607948e-05,6.922183404468203e-06,2.0342697805520655e-05,1.2533751425646102e-05,0.0006029238013387538,3.120191139396651e-06,0.0002378658206902263,0.0007226435938923609,6.46203290719727e-05,0.12415546167770415,0.0035209210097179515,3.569706350376584e-05,6.922183404468203e-06,1.2533751425646102e-05,0.0002378658206902263,3.120191139396651e-06,0.0006029238013387538,6.46203290719727e-05,0.0035209210097179515
515,2,son,,False,1.6603846953733614e-05,3.120191139396651e-06,2.840974294610978e-06,6.144174602214718e-07,2.586743108135441e-06,7.411279871974134e-07,0.0004624317865236275,6.240930669504435e-07,4.757645425657629e-06,0.002851410837716049,5.792916699214217e-05,0.0005616997185942735,1.0229985472581487e-05,3.120191139396651e-06,6.144174602214718e-07,7.411279871974134e-07,4.757645425657629e-06,6.240930669504435e-07,0.0004624317865236275,5.792916699214217e-05,1.0229985472581487e-05
516,0,child,,False,1.8235460794662427e-05,4.400118457925303e-06,2.6688529572628562e-06,4.495181578513688e-07,4.53978687024344e-06,7.889262586245034e-07,0.0004663785886365138,7.527989669055592e-07,5.738759521437678e-06,0.0007583355694965269,5.357805383473943e-05,0.000566725899170637,6.40200641038395e-06,4.400118457925303e-06,4.495181578513688e-07,7.889262586245034e-07,5.738759521437678e-06,7.527989669055592e-07,0.0004663785886365138,5.357805383473943e-05,6.40200641038395e-06
516,1,child,,False,1.5118199327273332e-05,3.6478537675800286e-06,3.7636447180974406e-06,9.516251694168764e-07,3.024195853395102e-06,1.3007128466476034e-06,0.000478708021537921,9.818326983657703e-07,0.00021591692196200267,0.0029970979054966492,0.00011513995656772139,0.0005465467242453664,6.40200641038395e-06,3.6478537675800286e-06,9.516251694168764e-07,1.3007128466476034e-06,0.00021591692196200267,9.818326983657703e-07,0.000478708021537921,0.00011513995656772139,6.40200641038395e-06
516,2,child,,False,2.737216731838081e-05,6.40200641038395e-06,5.144221374220898e-06,1.3007128466476034e-06,4.069457790466838e-06,1.9525885208642222e-06,0.0005154230735683692,2.3187477504664324e-06,0.00022249305551005476,0.019458302326364016,0.00022343624199449989,0.000571992748445894,6.605214485464791e-06,6.40200641038395e-06,1.3007128466476034e-06,1.9525885208642222e-06,0.00022249305551005476,2.3187477504664324e-06,0.0005154230735683692,0.00022343624199449989,6.605214485464791e-06
517,0,daughter,,False,1.6865275398914433e-05,2.6688529572628562e-06,3.535625074174432e-06,7.646537350121258e-07,3.4808121961114687e-06,1.4285517650093407e-06,0.0004866096614668337,1.1478768127080353e-06,0.00021575330372933303,0.003041982713740955,0.00017274586267297022,0.0005347894011802569,4.53978687024344e-06,2.6688529572628562e-06,7.646537350121258e-07,1.4285517650093407e-06,0.00021575330372933303,1.1478768127080353e-06,0.0004866096614668337,0.00017274586267297022,4.53978687024344e-06
517,1,daughter,,False,2.95957113513077e-05,8.092757566536092e-06,3.321419494792514e-06,1.3211958228877664e-06,4.757645425657629e-06,1.2606946239951315e-06,0.000496191429011893,1.2029639084557005e-06,0.00021559222163915307,0.01018417341183752,9.110511944006454e-05,0.010134770345887872,1.971694219622292e-05,8.092757566536092e-06,1.3211958228877664e-06,1.2606946239951315e-06,0.00021559222163915307,1.2029639084557005e-06,0.000496191429011893,9.110511944006454e-05,1.971694219622292e-05
517,2,daughter,,False,4.7285443452031076e-05,8.220189478350845e-06,4.400118457925303e-06,1.1843139025979655e-06,4.757645425657629e-06,2.01456908529364e-06,0.0004856212949545413,8.139692624947503e-07,0.0002142503208503807,0.06485097750379105,0.0005730246514992079,0.001235236765076339,1.488384825728813e-05,8.220189478350845e-06,1.1843139025979655e-06,2.01456908529364e-06,0.0002142503208503807,8.139692624947503e-07,0.0004856212949545413,0.0005730246514992079,1.488384825728813e-05
518,0,son,,False,2.4156629828672456e-05,5.920916517463734e-06,2.931153855960119e-06,1.0289513485400628e-06,3.2192334497037803e-06,1.3846004563753396e-06,0.0004682423007537106,5.955139348629957e-07,0.00021320602528870992,0.0008383797509002126,3.799845147518645e-05,0.010100664400732217,1.535623976496012e-05,5.920916517463734e-06,1.0289513485400628e-06,1.3846004563753396e-06,0.00021320602528870992,5.955139348629957e-07,0.0004682423007537106,3.799845147518645e-05,1.535623976496012e-05
518,1,son,,False,1.15919343186331e-05,1.9525885208642222e-06,1.2606946239951315e-06,2.4061023397180247e-07,1.6964426510543331e-06,4.78509449489012e-07,0.00046040712342594554,5.093705003229987e-07,3.8831109868779005e-06,9.547317110805593e-05,1.8814207550495463e-05,0.0005185157653543439,4.683888424952456e-06,1.9525885208642222e-06,2.4061023397180247e-07,4.78509449489012e-07,3.8831109868779005e-06,5.093705003229987e-07,0.00046040712342594554,1.8814207550495463e-05,4.683888424952456e-06
518,2,son,,False,2.6947915555885546e-05,3.8831109868779005e-06,2.6688529572628562e-06,5.955139348629957e-07,3.169325442919291e-06,7.411279871974134e-07,1.609308249869283e-05,6.240930669504435e-07,3.8831109868779005e-06,0.0008935216182967705,5.357805383473943e-05,0.0005523259629862285,5.144221374220898e-06,3.8831109868779005e-06,5.955139348629957e-07,7.411279871974134e-07,3.8831109868779005e-06,6.240930669504435e-07,1.609308249869283e-05,5.357805383473943e-05,5.144221374220898e-06
519,0,child,,False,1.141223854434603e-05,1.7231572752142392e-06,1.5689549727726036e-06,4.356879983467376e-07,1.8925148246037342e-06,6.144174602214718e-07,0.00045954634568336845,4.6378732973537256e-07,5.738759521437678e-06,0.0008704335119750585,4.442183589214344e-05,0.0005147819588703148,4.006369222920725e-06,1.7231572752142392e-06,4.356879983467376e-07,6.144174602214718e-07,5.738759521437678e-06,4.6378732973537256e-07,0.00045954634568336845,4.442183589214344e-05,4.006369222920725e-06
519,1,child,,False,0.0006550185868397556,2.0662982488383408e-05,8.481104172358076e-06,2.3187477504664324e-06,6.014151777699533e-06,1.7778551863194697e-06,0.000524654256910571,1.8925148246037342e-06,0.00022841290836588554,0.00014325365947100792,2.0988308820313112e-05,0.016008741307597555,2.8240807799315707e-05,2.0662982488383408e-05,2.3187477504664324e-06,1.7778551863194697e-06,0.00022841290836588554,1.8925148246037342e-06,0.000524654256910571,2.0988308820313112e-05,2.8240807799315707e-05
519,2,child,,False,3.514382632807918e-05,4.53978687024344e-06,3.2192334497037803e-06,5.594337713435001e-07,2.3923509443082866e-06,5.955139348629957e-07,0.00045808880359012337,6.748051590048605e-07,4.331903899346328e-06,0.000754511454683582,3.0061635882429376e-05,0.0005813371220870101,7.484622751061123e-06,4.53978687024344e-06,5.594337713435001e-07,5.955139348629957e-07,4.331903899346328e-06,6.748051590048605e-07,0.00045808880359012337,3.0061635882429376e-05,7.484622751061123e-06
520,0,daughter,,False,3.625900662832244e-05,3.2192334497037803e-06,2.4300240743279605e-06,5.093705003229987e-07,2.840974294610978e-06,5.093705003229987e-07,0.0004639461111252634,6.748051590048605e-07,0.0002126165979895905,9.697519677825862e-05,1.6346470245419304e-05,0.000565024317150732,5.829126566113866e-06,3.2192334497037803e-06,5.093705003229987e-07,5.093705003229987e-07,0.0002126165979895905,6.748051590048605e-07,0.0004639461111252634,1.6346470245419304e-05,5.829126566113866e-06
520,1,daughter,,False,1.3982207564732913e-05,2.212566909570261e-06,2.0785170435063726e-06,2.994440981371515e-07,1.5689549727726036e-06,4.356879983467376e-07,0.00046383517882651323,5.594337713435001e-07,0.00021217710837818755,5.357805383473943e-05,1.3552078562406772e-05,0.0005166197289884592,3.8831109868779005e-06,2.212566909570261e-06,2.994440981371515e-07,4.356879983467376e-07,0.00021217710837818755,5.594337713435001e-07,0.00046383517882651323,1.3552078562406772e-05,3.8831109868779005e-06
520,2,daughter,,False,1.488384825728813e-05,3.321419494792514e-06,2.5071593847983196e-06,4.6378732973537256e-07,2.88571183887091e-06,6.962256250138369e-07,0.0004651953822420356,6.748051590048605e-07,5.144221374220898e-06,0.0008817985412716716,5.27478412523148e-05,0.0005289365944662937,5.144221374220898e-06,3.321419494792514e-06,4.6378732973537256e-07,6.962256250138369e-07,5.144221374220898e-06,6.748051590048605e-07,0.0004651953822420356,5.27478412523148e-05,5.144221374220898e-06
521,0,son,,False,9.461262661302227e-06,1.7778551863194697e-06,1.7778551863194697e-06,3.6119830612765795e-07,2.2827997192887966e-06,6.540437226933637e-07,0.00045429807851823744,4.78509449489012e-07,2.6688529572628562e-06,0.0007868354905725904,4.173157606777201e-05,0.0005267203585267405,5.829126566113866e-06,1.7778551863194697e-06,3.6119830612765795e-07,6.540437226933637e-07,2.6688529572628562e-06,4.78509449489012e-07,0.00045429807851823744,4.173157606777201e-05,5.829126566113866e-06
521,1,son,,False,8.750299760661308e-06,1.6187581436151335e-06,1.7231572752142392e-06,2.4061023397180247e-07,2.4300240743279605e-06,6.748051590048605e-07,0.00045400644529427304,5.255395707074638e-07,2.931153855960119e-06,8.693673928062173e-05,2.4923252458203565e-05,0.0005323933551511255,4.98595821272702e-06,1.6187581436151335e-06,2.4061023397180247e-07,6.748051590048605e-07,2.931153855960119e-06,5.255395707074638e-07,0.00045400644529427304,2.4923252458203565e-05,4.98595821272702e-06
521,2,son,,False,7.484622751061123e-06,2.1444948420913954e-06,1.9525885208642222e-06,3.726639284186561e-07,2.7535691114583474e-06,6.748051590048605e-07,0.00045474415865984284,6.144174602214718e-07,2.88571183887091e-06,0.0006949397826019072,3.4062932773341e-05,0.0005312230782558095,6.40200641038395e-06,2.1444948420913954e-06,3.726639284186561e-07,6.748051590048605e-07,2.88571183887091e-06,6.144174602214718e-07,0.00045474415865984284,3.4062932773341e-05,6.40200641038395e-06
522,0,child,,False,3.1999824407395835e-05,5.391084403253366e-06,2.586743108135441e-06,6.962256250138369e-07,3.2192334497037803e-06,6.962256250138369e-07,0.0005369101847370244,1.5689549727726036e-06,0.00021659756423044233,0.0007868354905725904,6.667023092435894e-05,0.001171840522652869,1.15919343186331e-05,5.391084403253366e-06,6.962256250138369e-07,6.962256250138369e-07,0.00021659756423044233,1.5689549727726036e-06,0.0005369101847370244,6.667023092435894e-05,1.15919343186331e-05
522,1,child,,False,1.2533751425646102e-05,2.2827997192887966e-06,2.355261854303796e-06,3.9669859149467314e-07,2.0462932829931794e-06,5.955139348629957e-07,0.00046201410865757075,6.144174602214718e-07,4.400118457925303e-06,0.0001410358496618023,2.653023768982879e-05,0.0005385266023448675,5.475976980449466e-06,2.2827997192887966e-06,3.9669859149467314e-07,5.955139348629957e-07,4.400118457925303e-06,6.144174602214718e-07,0.00046201410865757075,2.653023768982879e-05,5.475976980449466e-06
522,2,child,,False,9.610241549947397e-06,2.212566909570261e-06,1.7231572752142392e-06,3.3931448129766124e-07,3.2192334497037803e-06,8.664653147910923e-07,0.00046383517882651323,6.643433442159853e-07,4.683888424952456e-06,0.000138852327569001,2.653023768982879e-05,0.0005493912805431325,5.829126566113866e-06,2.212566909570261e-06,3.3931448129766124e-07,8.664653147910923e-07,4.683888424952456e-06,6.643433442159853e-07,0.00046383517882651323,2.653023768982879e-05,5.829126566113866e-06
