id,story_index,child_gender,religion,flagged,harassment,harassment_threatening,hate,hate_threatening,illicit,illicit_violent,self_harm,self_harm_instructions,self_harm_intent,sexual,sexual_minors,violence,violence_graphic,harassment/threatening,hate/threatening,illicit/violent,self-harm/intent,self-harm/instructions,self-harm,sexual/minors,violence/graphic
1,0,daughter,,False,2.571419797957771e-05,3.024195853395102e-06,2.01456908529364e-06,1.816222403812674e-07,1.1125607488784412e-06,4.0929110499856e-07,0.0004664994696390103,1.1659530314852966e-06,0.00021217710837818755,0.03734907110624474,0.0011687257995694432,8.61465062380632e-06,7.2543618230189156e-06,3.024195853395102e-06,1.816222403812674e-07,4.0929110499856e-07,0.00021217710837818755,1.1659530314852966e-06,0.0004664994696390103,0.0011687257995694432,7.2543618230189156e-06
1,1,daughter,,False,4.305570813246149e-05,8.092757566536092e-06,2.5071593847983196e-06,5.594337713435001e-07,2.4300240743279605e-06,7.183260399857925e-07,0.00048823171222005674,9.368717268777097e-07,0.0002202460844238597,0.0008935216182967705,8.295891883591029e-05,0.0005852836038915696,2.5315637215092633e-05,8.092757566536092e-06,5.594337713435001e-07,7.183260399857925e-07,0.0002202460844238597,9.368717268777097e-07,0.00048823171222005674,8.295891883591029e-05,2.5315637215092633e-05
1,2,daughter,,False,1.442598644847886e-05,2.1444948420913954e-06,1.3420013504783412e-06,1.816222403812674e-07,1.5936620247162786e-06,4.936988949458183e-07,0.00047787234516711696,5.093705003229987e-07,0.00021751041144712992,0.0008333216862332929,0.00012644219446392274,1.6346470245419304e-05,6.014151777699533e-06,2.1444948420913954e-06,1.816222403812674e-07,4.936988949458183e-07,0.00021751041144712992,5.093705003229987e-07,0.00047787234516711696,0.00012644219446392274,6.014151777699533e-06
2,0,son,,False,5.614787461400803e-05,9.610241549947397e-06,4.683888424952456e-06,6.144174602214718e-07,5.475976980449466e-06,1.4738981974494932e-06,0.0006058880424669403,4.006369222920725e-06,0.00022914444123060576,0.020063133943110382,0.0004905405705722036,0.000571992748445894,3.569706350376584e-05,9.610241549947397e-06,6.144174602214718e-07,1.4738981974494932e-06,0.00022914444123060576,4.006369222920725e-06,0.0006058880424669403,0.0004905405705722036,3.569706350376584e-05
2,1,son,,False,1.4653129390717958e-05,3.7636447180974406e-06,1.7231572752142392e-06,2.8130174840733105e-07,5.562206273647035e-06,1.5689549727726036e-06,0.0005011211542112085,6.339210403977636e-07,0.00021439027518160267,0.019801724152056405,0.0005554924703691103,0.0005012746277703161,1.971694219622292e-05,3.7636447180974406e-06,2.8130174840733105e-07,1.5689549727726036e-06,0.00021439027518160267,6.339210403977636e-07,0.0005011211542112085,0.0005554924703691103,1.971694219622292e-05
2,2,son,,False,2.199533724320648e-05,4.006369222920725e-06,1.7231572752142392e-06,2.2603242979035749e-07,9.461262661302227e-06,1.1843139025979655e-06,0.0004700830312855635,9.516251694168764e-07,0.00021166499492301485,0.00016484829418512883,5.112579049909173e-05,0.00048598979794611563,1.1235328063870752e-05,4.006369222920725e-06,2.2603242979035749e-07,1.1843139025979655e-06,0.00021166499492301485,9.516251694168764e-07,0.0004700830312855635,5.112579049909173e-05,1.1235328063870752e-05
3,0,child,,False,4.442183589214344e-05,3.120191139396651e-06,2.586743108135441e-06,1.9333584585546466e-07,1.2411496080609794e-06,3.84493505874534e-07,0.0004864104424062609,1.2805474213228684e-06,0.0002253896128383855,2.6119031909571944e-05,3.7636447180974406e-06,0.0004898680643879527,8.481104172358076e-06,3.120191139396651e-06,1.9333584585546466e-07,3.84493505874534e-07,0.0002253896128383855,1.2805474213228684e-06,0.0004864104424062609,3.7636447180974406e-06,8.481104172358076e-06
3,1,child,,False,6.771942330385674e-05,4.683888424952456e-06,2.931153855960119e-06,3.500854414401442e-07,1.3846004563753396e-06,5.093705003229987e-07,0.0004706276972958211,1.1843139025979655e-06,0.00021411253592723288,5.9766937110286536e-05,6.709224499600877e-06,0.0005360157526065469,1.3135179706526775e-05,4.683888424952456e-06,3.500854414401442e-07,5.093705003229987e-07,0.00021411253592723288,1.1843139025979655e-06,0.0004706276972958211,6.709224499600877e-06,1.3135179706526775e-05
3,2,child,,False,3.9204178923762816e-05,5.144221374220898e-06,4.198630823683514e-06,5.955139348629957e-07,2.5466403947055455e-06,1.0129990980873922e-06,0.0005154230735683692,1.2029639084557005e-06,0.00022770387218484876,0.019880268624754036,0.0005911068856243796,0.0005087832783276653,1.2731104162213555e-05,5.144221374220898e-06,5.955139348629957e-07,1.0129990980873922e-06,0.00022770387218484876,1.2029639084557005e-06,0.0005154230735683692,0.0005911068856243796,1.2731104162213555e-05
4,0,daughter,,True,0.000606063147217987,0.0007847193384539771,1.0889691002655445e-05,2.88571183887091e-06,1.3342001090985438e-05,8.888084683809127e-06,0.014712292751298206,0.00022032961301315075,0.00027744603875469264,0.01040826973575264,0.00016484829418512883,0.35023840452764105,0.008930102187786186,0.0007847193384539771,2.88571183887091e-06,8.888084683809127e-06,0.00027744603875469264,0.00022032961301315075,0.014712292751298206,0.00016484829418512883,0.008930102187786186
4,1,daughter,,False,2.0027376671813928e-05,2.840974294610978e-06,2.355261854303796e-06,2.72647027069593e-07,2.5466403947055455e-06,6.748051590048605e-07,0.000503600981444604,1.2606946239951315e-06,0.00022570493397209223,0.0009180870254226622,0.00015487610942879803,0.00048644850322948033,7.722191834067996e-06,2.840974294610978e-06,2.72647027069593e-07,6.748051590048605e-07,0.00022570493397209223,1.2606946239951315e-06,0.000503600981444604,0.00015487610942879803,7.722191834067996e-06
4,2,daughter,,False,6.771942330385674e-05,8.61465062380632e-06,3.6478537675800286e-06,4.6378732973537256e-07,2.4300240743279605e-06,7.183260399857925e-07,0.0005267669413890896,1.9223170236538178e-06,0.0002323101517224571,0.01982751147780615,0.0008847355082930385,0.0005121306555705326,1.7952796934677738e-05,8.61465062380632e-06,4.6378732973537256e-07,7.183260399857925e-07,0.0002323101517224571,1.9223170236538178e-06,0.0005267669413890896,0.0008847355082930385,1.7952796934677738e-05
5,0,son,,False,0.0006087787255549655,2.4156629828672456e-05,6.502816785764437e-06,1.1478768127080353e-06,9.761566060239504e-06,5.562206273647035e-06,0.0004899051972109976,1.2606946239951315e-06,0.00023889724921321938,0.00013045066466158166,2.6947915555885546e-05,0.001256231525345503,1.6346470245419304e-05,2.4156629828672456e-05,1.1478768127080353e-06,5.562206273647035e-06,0.00023889724921321938,1.2606946239951315e-06,0.0004899051972109976,2.6947915555885546e-05,1.6346470245419304e-05
5,1,son,,False,3.625900662832244e-05,5.307507822667365e-06,2.931153855960119e-06,3.3931448129766124e-07,1.670142184809518e-06,5.955139348629957e-07,0.0005034681604106033,1.2805474213228684e-06,0.00021912769953547168,0.0009118021484241878,0.00019267346633274757,0.0005278198317882314,2.1654404989510328e-05,5.307507822667365e-06,3.3931448129766124e-07,5.955139348629957e-07,0.00021912769953547168,1.2805474213228684e-06,0.0005034681604106033,0.00019267346633274757,2.1654404989510328e-05
5,2,son,,False,7.208380258812108e-05,1.9110431587777674e-05,5.562206273647035e-06,1.5206840370677115e-06,5.307507822667365e-06,1.9525885208642222e-06,0.000498117286778684,1.363134508591315e-06,0.0002214553186652644,0.020634799610223534,0.00055982486146599,0.0012742421016188955,3.682979260160596e-05,1.9110431587777674e-05,1.5206840370677115e-06,1.9525885208642222e-06,0.0002214553186652644,1.363134508591315e-06,0.000498117286778684,0.00055982486146599,3.682979260160596e-05
6,0,child,,False,0.0007090795212845579,0.000747540544174614,8.349627818261147e-06,2.0462932829931794e-06,4.400118457925303e-06,2.2474089854291757e-06,0.014650886803793488,0.00021517880026805696,0.0002820914774524434,0.00013670256456563558,9.915273115920183e-06,0.0829682871473198,0.002427338004813118,0.000747540544174614,2.0462932829931794e-06,2.2474089854291757e-06,0.0002820914774524434,0.00021517880026805696,0.014650886803793488,9.915273115920183e-06,0.002427338004813118
6,1,child,,False,6.771942330385674e-05,1.1959857805023158e-05,2.840974294610978e-06,5.955139348629957e-07,2.4300240743279605e-06,7.411279871974134e-07,0.010260255822158776,0.00021428634147831863,0.0003728021665375835,0.00012255674483830522,4.108485376346404e-05,0.0005479579113182372,2.1654404989510328e-05,1.1959857805023158e-05,5.955139348629957e-07,7.411279871974134e-07,0.0003728021665375835,0.00021428634147831863,0.010260255822158776,4.108485376346404e-05,2.1654404989510328e-05
6,2,child,,False,0.0005539762557696557,5.920916517463734e-06,5.475976980449466e-06,5.255395707074638e-07,2.1112482331487175e-06,9.818326983657703e-07,0.000502807927345848,1.8925148246037342e-06,0.00022096026380031539,0.0027568755852843594,2.1318756129065198e-05,0.0005204719129728484,9.028039015031105e-06,5.920916517463734e-06,5.255395707074638e-07,9.818326983657703e-07,0.00022096026380031539,1.8925148246037342e-06,0.000502807927345848,2.1318756129065198e-05,9.028039015031105e-06
7,0,daughter,Hindu,False,0.005715056637374427,3.250358452365473e-05,0.00011879054941163418,3.705296977158347e-06,4.1335397768930325e-06,1.670142184809518e-06,0.0005522069667795399,3.944258675190877e-06,0.00023189247385640036,0.0030897177774876707,0.0003649987031209838,0.0011910337569959485,3.250358452365473e-05,3.250358452365473e-05,3.705296977158347e-06,1.670142184809518e-06,0.00023189247385640036,3.944258675190877e-06,0.0005522069667795399,0.0003649987031209838,3.250358452365473e-05
7,1,daughter,Hindu,False,3.8596609058077356e-05,7.2543618230189156e-06,3.535625074174432e-06,4.495181578513688e-07,7.368592981140821e-06,1.3007128466476034e-06,0.0005072868472289325,8.939696304799168e-07,0.00021527750928249177,0.0008138567562898873,9.399438806628559e-05,0.0006166373412799071,2.1654404989510328e-05,7.2543618230189156e-06,4.495181578513688e-07,1.3007128466476034e-06,0.00021527750928249177,8.939696304799168e-07,0.0005072868472289325,9.399438806628559e-05,2.1654404989510328e-05
7,2,daughter,Hindu,False,5.0333557545281144e-05,7.2543618230189156e-06,2.88571183887091e-06,5.955139348629957e-07,2.931153855960119e-06,9.818326983657703e-07,0.00047737871137815444,6.144174602214718e-07,0.00022249305551005476,0.0008876146323004368,8.426423087564058e-05,0.001223401144296883,4.442183589214344e-05,7.2543618230189156e-06,5.955139348629957e-07,9.818326983657703e-07,0.00022249305551005476,6.144174602214718e-07,0.00047737871137815444,8.426423087564058e-05,4.442183589214344e-05
8,0,son,Hindu,False,0.0006033895256885456,1.9110431587777674e-05,1.4202364022997911e-05,1.0451548051737735e-06,5.064471653194114e-06,2.0785170435063726e-06,0.007413698364463721,0.00022054635720898354,0.0003754344773101004,0.01018417341183752,0.0001064962672055945,0.0012476373755339234,1.9110431587777674e-05,1.9110431587777674e-05,1.0451548051737735e-06,2.0785170435063726e-06,0.0003754344773101004,0.00022054635720898354,0.007413698364463721,0.0001064962672055945,1.9110431587777674e-05
8,1,son,Hindu,False,9.697519677825862e-05,1.2339457598623173e-05,6.502816785764437e-06,1.3846004563753396e-06,2.5071593847983196e-06,1.5206840370677115e-06,0.004402886147323261,1.7231572752142392e-06,0.0002504832985443908,0.003041982713740955,0.000138852327569001,0.010231553648738033,4.7285443452031076e-05,1.2339457598623173e-05,1.3846004563753396e-06,1.5206840370677115e-06,0.0002504832985443908,1.7231572752142392e-06,0.004402886147323261,0.000138852327569001,4.7285443452031076e-05
8,2,son,Hindu,False,8.693673928062173e-05,2.571419797957771e-05,6.605214485464791e-06,1.6187581436151335e-06,3.944258675190877e-06,1.7231572752142392e-06,0.0005324590677460005,2.01456908529364e-06,0.00022951886599524403,0.09659765626871315,0.002442309005410721,0.001283675813638229,4.7285443452031076e-05,2.571419797957771e-05,1.6187581436151335e-06,1.7231572752142392e-06,0.00022951886599524403,2.01456908529364e-06,0.0005324590677460005,0.002442309005410721,4.7285443452031076e-05
9,0,child,Hindu,False,1.1061159714638084e-05,1.1843139025979655e-06,1.0783312222985275e-06,1.1726420733772349e-07,1.0129990980873922e-06,3.089494448007139e-07,0.000504134863796172,9.818326983657703e-07,0.00022170870641199087,0.00014550629385328434,6.667023092435894e-05,1.5598027633743823e-05,7.722191834067996e-06,1.1843139025979655e-06,1.1726420733772349e-07,3.089494448007139e-07,0.00022170870641199087,9.818326983657703e-07,0.000504134863796172,6.667023092435894e-05,7.722191834067996e-06
9,1,child,Hindu,False,6.070755804415097e-05,9.461262661302227e-06,3.2699273422345685e-06,8.398072034951531e-07,4.400118457925303e-06,1.3420013504783412e-06,0.0005878139045693146,1.9223170236538178e-06,0.00022417644371706703,0.000770171190275983,2.5315637215092633e-05,0.0012158119156463016,3.353501304664781e-05,9.461262661302227e-06,8.398072034951531e-07,1.3420013504783412e-06,0.00022417644371706703,1.9223170236538178e-06,0.0005878139045693146,2.5315637215092633e-05,3.353501304664781e-05
9,2,child,Hindu,False,1.6346470245419304e-05,1.6187581436151335e-06,9.818326983657703e-07,1.2482708949986417e-07,1.3007128466476034e-06,3.84493505874534e-07,1.2436225128319384e-05,4.222833444659923e-07,0.00021250413756646795,0.0007007652612809208,0.00011160142598430911,6.40200641038395e-06,3.535625074174432e-06,1.6187581436151335e-06,1.2482708949986417e-07,3.84493505874534e-07,0.00021250413756646795,4.222833444659923e-07,1.2436225128319384e-05,0.00011160142598430911,3.535625074174432e-06
10,0,daughter,Hindu,False,3.514382632807918e-05,4.98595821272702e-06,1.9525885208642222e-06,3.726639284186561e-07,2.1782649863110498e-06,7.889262586245034e-07,0.000534080844953937,1.8925148246037342e-06,0.00023316533255432313,0.010375333996460123,0.00020829707830458003,0.00048509359967748836,1.0889691002655445e-05,4.98595821272702e-06,3.726639284186561e-07,7.889262586245034e-07,0.00023316533255432313,1.8925148246037342e-06,0.000534080844953937,0.00020829707830458003,1.0889691002655445e-05
10,1,daughter,Hindu,False,6.563728324346652e-05,4.683888424952456e-06,2.4682904407607285e-06,2.123378462433771e-07,1.0783312222985275e-06,3.288749065460498e-07,0.0005838015163717495,1.6964426510543331e-06,0.0002410592996703374,0.0007226435938923609,5.357805383473943e-05,0.0004960569708019354,1.1235328063870752e-05,4.683888424952456e-06,2.123378462433771e-07,3.288749065460498e-07,0.0002410592996703374,1.6964426510543331e-06,0.0005838015163717495,5.357805383473943e-05,1.1235328063870752e-05
10,2,daughter,Hindu,False,2.3782205064034188e-05,1.7231572752142392e-06,1.3420013504783412e-06,1.0348531401872454e-07,9.818326983657703e-07,1.9333584585546466e-07,0.0004627493534150243,4.936988949458183e-07,5.920916517463734e-06,0.0007470393220393539,3.569706350376584e-05,1.0554685795431098e-05,4.264746818557914e-06,1.7231572752142392e-06,1.0348531401872454e-07,1.9333584585546466e-07,5.920916517463734e-06,4.936988949458183e-07,0.0004627493534150243,3.569706350376584e-05,4.264746818557914e-06
11,0,son,Hindu,False,8.559006367452268e-05,1.15919343186331e-05,5.920916517463734e-06,8.398072034951531e-07,1.2931563954607948e-05,1.9525885208642222e-06,0.0005197481018433826,2.6688529572628562e-06,0.00022570493397209223,0.0030654830851861575,0.0003565736662361027,0.0005130006664921807,1.7952796934677738e-05,1.15919343186331e-05,8.398072034951531e-07,1.9525885208642222e-06,0.00022570493397209223,2.6688529572628562e-06,0.0005197481018433826,0.0003565736662361027,1.7952796934677738e-05
11,1,son,Hindu,False,4.802972318863164e-05,7.368592981140821e-06,3.4268490542555014e-06,4.78509449489012e-07,2.4300240743279605e-06,8.398072034951531e-07,0.0005001042000397146,1.2805474213228684e-06,0.00021978822261505042,0.020264755330478605,0.0007815888789288626,0.0005147819588703148,1.6346470245419304e-05,7.368592981140821e-06,4.78509449489012e-07,8.398072034951531e-07,0.00021978822261505042,1.2805474213228684e-06,0.0005001042000397146,0.0007815888789288626,1.6346470245419304e-05
11,2,son,Hindu,False,3.625900662832244e-05,7.967300986103147e-06,3.4268490542555014e-06,7.646537350121258e-07,3.4808121961114687e-06,1.3007128466476034e-06,0.00046416927920648823,8.80110037979258e-07,0.00021320602528870992,0.010267683829227305,0.00028449096649795007,0.0006001064513491806,2.1654404989510328e-05,7.967300986103147e-06,7.646537350121258e-07,1.3007128466476034e-06,0.00021320602528870992,8.80110037979258e-07,0.00046416927920648823,0.00028449096649795007,2.1654404989510328e-05
12,0,child,Hindu,False,3.150386940813393e-05,4.1335397768930325e-06,2.01456908529364e-06,3.1875652166284776e-07,2.3187477504664324e-06,4.78509449489012e-07,0.000468757999308423,6.540437226933637e-07,0.00021166499492301485,0.0030362197762342016,0.000275762236739541,0.000493111798506495,1.1235328063870752e-05,4.1335397768930325e-06,3.1875652166284776e-07,4.78509449489012e-07,0.00021166499492301485,6.540437226933637e-07,0.000468757999308423,0.000275762236739541,1.1235328063870752e-05
12,1,child,Hindu,False,0.0005765709440160247,9.314593042575101e-06,4.006369222920725e-06,3.3931448129766124e-07,1.8925148246037342e-06,5.77192003016332e-07,0.00048407947820627276,1.670142184809518e-06,0.00021453243307176662,0.01962026187455833,8.295891883591029e-05,0.0005071863494234538,1.3982207564732913e-05,9.314593042575101e-06,3.3931448129766124e-07,5.77192003016332e-07,0.00021453243307176662,1.670142184809518e-06,0.00048407947820627276,8.295891883591029e-05,1.3982207564732913e-05
12,2,child,Hindu,False,1.535623976496012e-05,2.2827997192887966e-06,1.7778551863194697e-06,1.7603432133424857e-07,1.6187581436151335e-06,4.356879983467376e-07,0.0005003569527817763,9.818326983657703e-07,0.00022477355484446784,0.0028179309367027785,0.00017821963223663923,1.6603846953733614e-05,7.722191834067996e-06,2.2827997192887966e-06,1.7603432133424857e-07,4.356879983467376e-07,0.00022477355484446784,9.818326983657703e-07,0.0005003569527817763,0.00017821963223663923,7.722191834067996e-06
13,0,daughter,Muslim,False,8.559006367452268e-05,9.461262661302227e-06,4.331903899346328e-06,5.255395707074638e-07,3.2192334497037803e-06,1.1125607488784412e-06,0.0005404331297623146,1.6187581436151335e-06,0.00022951886599524403,0.019976509190057674,0.0005260852257235712,0.0005633490590837672,2.1654404989510328e-05,9.461262661302227e-06,5.255395707074638e-07,1.1125607488784412e-06,0.00022951886599524403,1.6187581436151335e-06,0.0005404331297623146,0.0005260852257235712,2.1654404989510328e-05
13,1,daughter,Muslim,False,3.3015272509780104e-05,7.2543618230189156e-06,2.931153855960119e-06,4.0929110499856e-07,2.97731143841062e-06,1.0451548051737735e-06,0.0006058880424669403,2.4682904407607285e-06,0.00024162124279489402,0.019468534921721643,0.00037362205834114967,0.0005166197289884592,1.488384825728813e-05,7.2543618230189156e-06,4.0929110499856e-07,1.0451548051737735e-06,0.00024162124279489402,2.4682904407607285e-06,0.0006058880424669403,0.00037362205834114967,1.488384825728813e-05
13,2,daughter,Muslim,False,1.971694219622292e-05,2.931153855960119e-06,2.4300240743279605e-06,2.1907815825757866e-07,2.0462932829931794e-06,4.6378732973537256e-07,0.0005072868472289325,1.4738981974494932e-06,0.00022120585807682417,0.010327781932783636,0.0002736221099148039,0.0004985843679459446,1.9110431587777674e-05,2.931153855960119e-06,2.1907815825757866e-07,4.6378732973537256e-07,0.00022120585807682417,1.4738981974494932e-06,0.0005072868472289325,0.0002736221099148039,1.9110431587777674e-05
14,0,son,Muslim,False,1.7674513810355872e-05,2.931153855960119e-06,1.5689549727726036e-06,1.994729721527057e-07,1.9525885208642222e-06,6.339210403977636e-07,0.0005001042000397146,9.223470110117277e-07,0.00022096026380031539,0.0008138567562898873,0.00013045066466158166,0.0005019738542559919,1.6865275398914433e-05,2.931153855960119e-06,1.994729721527057e-07,6.339210403977636e-07,0.00022096026380031539,9.223470110117277e-07,0.0005001042000397146,0.00013045066466158166,1.6865275398914433e-05
14,1,son,Muslim,False,3.682979260160596e-05,3.4268490542555014e-06,3.321419494792514e-06,2.9023119852110973e-07,1.9525885208642222e-06,6.144174602214718e-07,0.0005138781215314744,1.9525885208642222e-06,0.0002227627797192805,0.002722381836565666,0.00016484829418512883,1.5118199327273332e-05,6.605214485464791e-06,3.4268490542555014e-06,2.9023119852110973e-07,6.144174602214718e-07,0.0002227627797192805,1.9525885208642222e-06,0.0005138781215314744,0.00016484829418512883,6.605214485464791e-06
14,2,son,Muslim,False,9.253848866495987e-05,2.453694805426225e-05,5.391084403253366e-06,1.8342893327886845e-06,6.302758756443267e-06,2.1444948420913954e-06,0.041371487881702876,0.00022997773212189005,0.00046648699651563727,0.000770171190275983,8.426423087564058e-05,0.01632587434337637,0.0015957748310576833,2.453694805426225e-05,1.8342893327886845e-06,2.1444948420913954e-06,0.00046648699651563727,0.00022997773212189005,0.041371487881702876,8.426423087564058e-05,0.0015957748310576833
15,0,child,Muslim,False,0.005708335985276235,0.0008352670812445233,2.4923252458203565e-05,5.738759521437678e-06,1.6603846953733614e-05,9.461262661302227e-06,0.0004925154416755756,3.120191139396651e-06,0.00022303674997692745,0.002887025252971318,0.00017821963223663923,0.046991252743081205,0.0015667662665134982,0.0008352670812445233,5.738759521437678e-06,9.461262661302227e-06,0.00022303674997692745,3.120191139396651e-06,0.0004925154416755756,0.00017821963223663923,0.0015667662665134982
15,1,child,Muslim,False,3.799845147518645e-05,8.349627818261147e-06,2.796930302582677e-06,8.139692624947503e-07,6.10885510164857e-06,3.944258675190877e-06,0.0004952508080780285,1.2219076020491008e-06,0.00022570493397209223,0.000924470062878294,0.00014325365947100792,0.0005479579113182372,1.1235328063870752e-05,8.349627818261147e-06,8.139692624947503e-07,3.944258675190877e-06,0.00022570493397209223,1.2219076020491008e-06,0.0004952508080780285,0.00014325365947100792,1.1235328063870752e-05
15,2,child,Muslim,False,3.9204178923762816e-05,3.321419494792514e-06,3.024195853395102e-06,1.7603432133424857e-07,1.0451548051737735e-06,3.84493505874534e-07,0.0004757743918954101,9.516251694168764e-07,0.00021527750928249177,5.8840881855693875e-05,2.868540823874629e-05,0.0005147819588703148,2.1654404989510328e-05,3.321419494792514e-06,1.7603432133424857e-07,3.84493505874534e-07,0.00021527750928249177,9.516251694168764e-07,0.0004757743918954101,2.868540823874629e-05,2.1654404989510328e-05
16,0,daughter,Muslim,False,3.740956047302422e-05,6.014151777699533e-06,3.6478537675800286e-06,2.9023119852110973e-07,2.840974294610978e-06,5.77192003016332e-07,0.0005087019971338281,2.586743108135441e-06,0.00023189247385640036,0.01039994113137539,0.00029349517447137377,0.00048598979794611563,1.1235328063870752e-05,6.014151777699533e-06,2.9023119852110973e-07,5.77192003016332e-07,0.00023189247385640036,2.586743108135441e-06,0.0005087019971338281,0.00029349517447137377,1.1235328063870752e-05
16,1,daughter,Muslim,False,3.569706350376584e-05,3.4268490542555014e-06,2.5071593847983196e-06,2.6425858208426533e-07,1.3420013504783412e-06,3.84493505874534e-07,0.00046941405001030257,7.411279871974134e-07,0.00021891431472897835,0.00013250224172131609,7.554056327295277e-05,0.00048380070743405816,9.915273115920183e-06,3.4268490542555014e-06,2.6425858208426533e-07,3.84493505874534e-07,0.00021891431472897835,7.411279871974134e-07,0.00046941405001030257,7.554056327295277e-05,9.915273115920183e-06
16,2,daughter,Muslim,False,4.442183589214344e-05,3.8831109868779005e-06,2.840974294610978e-06,2.4824800371656586e-07,1.2606946239951315e-06,3.84493505874534e-07,0.0004661382377368219,4.356879983467376e-07,5.144221374220898e-06,0.0029916792480845764,0.000275762236739541,0.0005138843625860062,1.9110431587777674e-05,3.8831109868779005e-06,2.4824800371656586e-07,3.84493505874534e-07,5.144221374220898e-06,4.356879983467376e-07,0.0004661382377368219,0.000275762236739541,1.9110431587777674e-05
17,0,son,Muslim,False,0.0006230092919928882,2.8240807799315707e-05,9.314593042575101e-06,6.962256250138369e-07,2.212566909570261e-06,1.0783312222985275e-06,0.0005309570420757979,2.97731143841062e-06,0.0002410592996703374,0.00017821963223663923,5.8840881855693875e-05,0.010202649223133072,3.250358452365473e-05,2.8240807799315707e-05,6.962256250138369e-07,1.0783312222985275e-06,0.0002410592996703374,2.97731143841062e-06,0.0005309570420757979,5.8840881855693875e-05,3.250358452365473e-05
17,1,son,Muslim,False,4.305570813246149e-05,6.605214485464791e-06,3.822911232549001e-06,6.144174602214718e-07,4.264746818557914e-06,1.4285517650093407e-06,0.0005009931654036166,8.398072034951531e-07,0.00021770169376519476,0.01048616105282962,0.0002550912421286719,0.0006141640084130724,2.6119031909571944e-05,6.605214485464791e-06,6.144174602214718e-07,1.4285517650093407e-06,0.00021770169376519476,8.398072034951531e-07,0.0005009931654036166,0.0002550912421286719,2.6119031909571944e-05
17,2,son,Muslim,False,9.253848866495987e-05,1.177445922838707e-05,4.264746818557914e-06,6.540437226933637e-07,3.4808121961114687e-06,1.4285517650093407e-06,0.0047640686950521935,3.321419494792514e-06,0.00027414735167209615,0.019776323402749808,0.0004792316673138822,0.0005794095367164778,3.4062932773341e-05,1.177445922838707e-05,6.540437226933637e-07,1.4285517650093407e-06,0.00027414735167209615,3.321419494792514e-06,0.0047640686950521935,0.0004792316673138822,3.4062932773341e-05
18,0,child,Muslim,False,0.0005414888098175762,9.915273115920183e-06,7.602479448313689e-06,7.889262586245034e-07,2.212566909570261e-06,1.0783312222985275e-06,0.0004943247528234358,1.5206840370677115e-06,0.00021751041144712992,0.03768120566799784,0.0013532148655407107,0.0005138843625860062,1.8522574326531083e-05,9.915273115920183e-06,7.889262586245034e-07,1.0783312222985275e-06,0.00021751041144712992,1.5206840370677115e-06,0.0004943247528234358,0.0013532148655407107,1.8522574326531083e-05
18,1,child,Muslim,False,2.7803096387751555e-05,4.98595821272702e-06,2.2827997192887966e-06,6.962256250138369e-07,2.6688529572628562e-06,1.0451548051737735e-06,0.0005793675406130542,1.3007128466476034e-06,0.00024395884522464894,0.0208945483738125,0.0013636835281429878,0.0004893563764018274,1.7952796934677738e-05,4.98595821272702e-06,6.962256250138369e-07,1.0451548051737735e-06,0.00024395884522464894,1.3007128466476034e-06,0.0005793675406130542,0.0013636835281429878,1.7952796934677738e-05
18,2,child,Muslim,False,9.547317110805593e-05,1.2148175280558357e-05,4.069457790466838e-06,6.962256250138369e-07,1.8925148246037342e-06,5.422218970016178e-07,0.0004940954884194094,1.3211958228877664e-06,0.0002363778348378399,0.0028601092173492736,0.00016484829418512883,0.0005508471799444582,8.481104172358076e-06,1.2148175280558357e-05,6.962256250138369e-07,5.422218970016178e-07,0.0002363778348378399,1.3211958228877664e-06,0.0004940954884194094,0.00016484829418512883,8.481104172358076e-06
19,0,daughter,Sikh,False,1.442598644847886e-05,1.6187581436151335e-06,1.1125607488784412e-06,1.0030140882067352e-07,8.664653147910923e-07,2.332074525844782e-07,0.0004663785886365138,8.267873072601938e-07,0.00021751041144712992,0.0007507463408459455,9.253848866495987e-05,7.967300986103147e-06,5.144221374220898e-06,1.6187581436151335e-06,1.0030140882067352e-07,2.332074525844782e-07,0.00021751041144712992,8.267873072601938e-07,0.0004663785886365138,9.253848866495987e-05,5.144221374220898e-06
19,1,daughter,Sikh,False,2.95957113513077e-05,8.349627818261147e-06,2.931153855960119e-06,8.398072034951531e-07,5.391084403253366e-06,1.5689549727726036e-06,0.000604729107408553,1.8925148246037342e-06,0.00024395884522464894,0.020184875619607884,0.000498226973042126,0.0005616997185942735,1.7952796934677738e-05,8.349627818261147e-06,8.398072034951531e-07,1.5689549727726036e-06,0.00024395884522464894,1.8925148246037342e-06,0.000604729107408553,0.000498226973042126,1.7952796934677738e-05
19,2,daughter,Sikh,False,0.0007408542695498401,0.0007571223117196732,1.2339457598623173e-05,2.355261854303796e-06,8.092757566536092e-06,4.006369222920725e-06,0.0005298457955252682,3.7636447180974406e-06,0.0002310764341461493,0.010367256280573566,0.0003027835024568379,0.016197086262433477,5.357805383473943e-05,0.0007571223117196732,2.355261854303796e-06,4.006369222920725e-06,0.0002310764341461493,3.7636447180974406e-06,0.0005298457955252682,0.0003027835024568379,5.357805383473943e-05
20,0,son,Sikh,False,0.0006924152209879503,4.655269187520153e-05,1.3765463368900109e-05,2.01456908529364e-06,5.920916517463734e-06,1.7231572752142392e-06,0.0005711240507138813,5.144221374220898e-06,0.00024050606249465076,0.06531834060013446,0.0014503579691381979,0.010117320684545133,5.614787461400803e-05,4.655269187520153e-05,2.01456908529364e-06,1.7231572752142392e-06,0.00024050606249465076,5.144221374220898e-06,0.0005711240507138813,0.0014503579691381979,5.614787461400803e-05
20,1,son,Sikh,False,5.9766937110286536e-05,4.832563818725537e-06,2.5466403947055455e-06,3.1875652166284776e-07,3.321419494792514e-06,1.2219076020491008e-06,0.004676828885980019,2.840974294610978e-06,0.00030698664027337325,0.0008540336462424981,5.9766937110286536e-05,0.0005214731209501454,1.1959857805023158e-05,4.832563818725537e-06,3.1875652166284776e-07,1.2219076020491008e-06,0.00030698664027337325,2.840974294610978e-06,0.004676828885980019,5.9766937110286536e-05,1.1959857805023158e-05
20,2,son,Sikh,False,4.305570813246149e-05,6.014151777699533e-06,2.931153855960119e-06,4.222833444659923e-07,1.8631746484712008e-06,7.646537350121258e-07,0.0004768908238063255,1.0953122821495382e-06,0.00022735757340977805,0.010177555173122577,0.0002182716445345181,0.0005034054837533741,1.0889691002655445e-05,6.014151777699533e-06,4.222833444659923e-07,7.646537350121258e-07,0.00022735757340977805,1.0953122821495382e-06,0.0004768908238063255,0.0002182716445345181,1.0889691002655445e-05
21,0,child,Sikh,False,3.3015272509780104e-05,2.586743108135441e-06,2.5071593847983196e-06,2.1907815825757866e-07,1.3846004563753396e-06,4.6378732973537256e-07,0.00046968007670061194,8.139692624947503e-07,4.908661889889002e-06,0.00016229670614688406,1.4202364022997911e-05,0.000493111798506495,1.2339457598623173e-05,2.586743108135441e-06,2.1907815825757866e-07,4.6378732973537256e-07,4.908661889889002e-06,8.139692624947503e-07,0.00046968007670061194,1.4202364022997911e-05,1.2339457598623173e-05
21,1,child,Sikh,False,0.0007555657169452602,0.0007499928075102617,1.2931563954607948e-05,3.2699273422345685e-06,7.0311842669149565e-06,4.069457790466838e-06,0.0005070071141709016,1.5936620247162786e-06,0.0002202460844238597,0.0008760719569540332,3.740956047302422e-05,0.023241111781028875,0.001606393855196758,0.0007499928075102617,3.2699273422345685e-06,4.069457790466838e-06,0.0002202460844238597,1.5936620247162786e-06,0.0005070071141709016,3.740956047302422e-05,0.001606393855196758
21,2,child,Sikh,False,4.044814978420809e-05,2.840974294610978e-06,2.710880136557205e-06,2.332074525844782e-07,1.1843139025979655e-06,3.500854414401442e-07,0.0005545063834764645,2.796930302582677e-06,0.00025491583092292664,3.9204178923762816e-05,2.840974294610978e-06,0.0004966741009398081,1.2731104162213555e-05,2.840974294610978e-06,2.332074525844782e-07,3.500854414401442e-07,0.00025491583092292664,2.796930302582677e-06,0.0005545063834764645,2.840974294610978e-06,1.2731104162213555e-05
22,0,daughter,Sikh,False,2.8240807799315707e-05,4.400118457925303e-06,1.7778551863194697e-06,1.7603432133424857e-07,2.1444948420913954e-06,4.495181578513688e-07,0.0004964288868690976,1.4064044342149064e-06,0.00024050606249465076,0.002786458937919142,9.399438806628559e-05,0.00048297182378774457,6.814872211615988e-06,4.400118457925303e-06,1.7603432133424857e-07,4.495181578513688e-07,0.00024050606249465076,1.4064044342149064e-06,0.0004964288868690976,9.399438806628559e-05,6.814872211615988e-06
22,1,daughter,Sikh,False,3.459916031782155e-05,4.264746818557914e-06,2.2827997192887966e-06,2.4061023397180247e-07,2.88571183887091e-06,8.139692624947503e-07,0.0005210739346422647,2.586743108135441e-06,0.00022735757340977805,0.0028428458272168377,0.00020190139004485808,1.1959857805023158e-05,6.814872211615988e-06,4.264746818557914e-06,2.4061023397180247e-07,8.139692624947503e-07,0.00022735757340977805,2.586743108135441e-06,0.0005210739346422647,0.00020190139004485808,6.814872211615988e-06
22,2,daughter,Sikh,False,4.512106237781923e-05,1.15919343186331e-05,2.355261854303796e-06,7.411279871974134e-07,5.144221374220898e-06,1.3007128466476034e-06,0.0046737518601726764,1.6964426510543331e-06,0.00023495794751787928,0.0027714383583302433,0.00011160142598430911,0.0011944104731679238,2.6119031909571944e-05,1.15919343186331e-05,7.411279871974134e-07,1.3007128466476034e-06,0.00023495794751787928,1.6964426510543331e-06,0.0046737518601726764,0.00011160142598430911,2.6119031909571944e-05
23,0,son,Sikh,False,0.0006200738823343449,2.0342697805520655e-05,5.475976980449466e-06,1.5206840370677115e-06,3.6478537675800286e-06,2.01456908529364e-06,0.0005341770830170867,2.0785170435063726e-06,0.00022570493397209223,0.019690384944210562,0.0003376612381739501,0.0012476373755339234,2.453694805426225e-05,2.0342697805520655e-05,1.5206840370677115e-06,2.01456908529364e-06,0.00022570493397209223,2.0785170435063726e-06,0.0005341770830170867,0.0003376612381739501,2.453694805426225e-05
23,1,son,Sikh,False,6.667023092435894e-05,3.2192334497037803e-06,2.586743108135441e-06,1.816222403812674e-07,8.139692624947503e-07,2.4061023397180247e-07,0.0004748414303188522,1.0289513485400628e-06,0.0002142503208503807,0.0065976353770408145,0.00010322310367548195,0.00048297182378774457,1.442598644847886e-05,3.2192334497037803e-06,1.816222403812674e-07,2.4061023397180247e-07,0.0002142503208503807,1.0289513485400628e-06,0.0004748414303188522,0.00010322310367548195,1.442598644847886e-05
23,2,son,Sikh,False,3.353501304664781e-05,5.475976980449466e-06,2.5071593847983196e-06,2.8130174840733105e-07,2.710880136557205e-06,4.78509449489012e-07,0.0004795601657592521,1.5446309562386385e-06,0.00022120585807682417,0.010359240122396841,0.00027149854690051767,1.7952796934677738e-05,6.605214485464791e-06,5.475976980449466e-06,2.8130174840733105e-07,4.78509449489012e-07,0.00022120585807682417,1.5446309562386385e-06,0.0004795601657592521,0.00027149854690051767,6.605214485464791e-06
24,0,child,Sikh,False,2.5315637215092633e-05,4.400118457925303e-06,2.355261854303796e-06,2.72647027069593e-07,5.562206273647035e-06,1.0783312222985275e-06,0.0004568026270968072,4.936988949458183e-07,3.120191139396651e-06,0.0008435169429986132,0.00015731121653489972,0.0005147819588703148,2.6119031909571944e-05,4.400118457925303e-06,2.72647027069593e-07,1.0783312222985275e-06,3.120191139396651e-06,4.936988949458183e-07,0.0004568026270968072,0.00015731121653489972,2.6119031909571944e-05
24,1,child,Sikh,False,0.0005617480965584138,1.3765463368900109e-05,4.53978687024344e-06,8.939696304799168e-07,3.5913010679499402e-06,1.9525885208642222e-06,0.004686347889080385,2.796930302582677e-06,0.00025491583092292664,0.0028344121635247347,7.321812616608614e-05,0.0012476373755339234,3.250358452365473e-05,1.3765463368900109e-05,8.939696304799168e-07,1.9525885208642222e-06,0.00025491583092292664,2.796930302582677e-06,0.004686347889080385,7.321812616608614e-05,3.250358452365473e-05
24,2,child,Sikh,False,0.0007432588360959617,1.442598644847886e-05,6.40200641038395e-06,7.411279871974134e-07,1.5689549727726036e-06,6.540437226933637e-07,0.00048332643359647655,1.3007128466476034e-06,0.00022001536555728952,0.000770171190275983,1.0720880092159908e-05,0.0011516002696433543,1.2339457598623173e-05,1.442598644847886e-05,7.411279871974134e-07,6.540437226933637e-07,0.00022001536555728952,1.3007128466476034e-06,0.00048332643359647655,1.0720880092159908e-05,1.2339457598623173e-05
25,0,daughter,Christian,False,5.9766937110286536e-05,2.0027376671813928e-05,5.649793328376294e-06,1.5446309562386385e-06,8.481104172358076e-06,3.024195853395102e-06,0.014826220607429837,0.00021491377746251178,0.0003508685300198559,0.019468534921721643,0.0003429603924094487,0.01623574568727164,0.0015718675366607645,2.0027376671813928e-05,1.5446309562386385e-06,3.024195853395102e-06,0.0003508685300198559,0.00021491377746251178,0.014826220607429837,0.0003429603924094487,0.0015718675366607645
25,1,daughter,Christian,False,1.8814207550495463e-05,3.120191139396651e-06,1.8925148246037342e-06,2.72647027069593e-07,2.3187477504664324e-06,7.411279871974134e-07,0.0004737802338585972,1.0129990980873922e-06,0.00021559222163915307,0.0008935216182967705,0.00014779429802159512,0.00048598979794611563,7.722191834067996e-06,3.120191139396651e-06,2.72647027069593e-07,7.411279871974134e-07,0.00021559222163915307,1.0129990980873922e-06,0.0004737802338585972,0.00014779429802159512,7.722191834067996e-06
25,2,daughter,Christian,False,1.8235460794662427e-05,3.4268490542555014e-06,9.516251694168764e-07,1.9333584585546466e-07,2.3923509443082866e-06,6.748051590048605e-07,0.0004768908238063255,6.540437226933637e-07,0.00021849741587309833,0.0007161476078247872,8.426423087564058e-05,0.00048138973993243486,6.205049602300744e-06,3.4268490542555014e-06,1.9333584585546466e-07,6.748051590048605e-07,0.00021849741587309833,6.540437226933637e-07,0.0004768908238063255,8.426423087564058e-05,6.205049602300744e-06
26,0,son,Christian,False,5.0333557545281144e-05,2.586743108135441e-06,1.7778551863194697e-06,1.2878952156558146e-07,1.3846004563753396e-06,2.9023119852110973e-07,0.0004751499930392176,1.3420013504783412e-06,0.00022096026380031539,0.0007259681821955923,0.0001048469267161009,1.0720880092159908e-05,4.53978687024344e-06,2.586743108135441e-06,1.2878952156558146e-07,2.9023119852110973e-07,0.00022096026380031539,1.3420013504783412e-06,0.0004751499930392176,0.0001048469267161009,4.53978687024344e-06
26,1,son,Christian,False,5.4421326243255744e-05,7.2543618230189156e-06,4.832563818725537e-06,6.540437226933637e-07,2.3187477504664324e-06,8.664653147910923e-07,0.0005050792393572377,2.0462932829931794e-06,0.00022170870641199087,0.019428067455041397,0.000433150202056399,0.0005278198317882314,1.9110431587777674e-05,7.2543618230189156e-06,6.540437226933637e-07,8.664653147910923e-07,0.00022170870641199087,2.0462932829931794e-06,0.0005050792393572377,0.000433150202056399,1.9110431587777674e-05
26,2,son,Christian,False,2.453694805426225e-05,3.120191139396651e-06,2.0785170435063726e-06,2.8130174840733105e-07,1.6187581436151335e-06,5.422218970016178e-07,0.0005326484732990529,1.5936620247162786e-06,0.00022735757340977805,0.010450880942532732,0.0004718369255027519,0.0004883566612863065,1.488384825728813e-05,3.120191139396651e-06,2.8130174840733105e-07,5.422218970016178e-07,0.00022735757340977805,1.5936620247162786e-06,0.0005326484732990529,0.0004718369255027519,1.488384825728813e-05
27,0,child,Christian,False,0.0006692833527513213,4.442183589214344e-05,4.98595821272702e-06,1.2029639084557005e-06,8.888084683809127e-06,2.840974294610978e-06,0.014741134418971139,0.0002185240074492738,0.00041693257622588294,0.0007661644959617213,3.250358452365473e-05,0.023283512336831413,4.7285443452031076e-05,4.442183589214344e-05,1.2029639084557005e-06,2.840974294610978e-06,0.00041693257622588294,0.0002185240074492738,0.014741134418971139,3.250358452365473e-05,4.7285443452031076e-05
27,1,child,Christian,False,0.0006171838133138746,2.5315637215092633e-05,5.829126566113866e-06,1.4064044342149064e-06,6.40200641038395e-06,2.4300240743279605e-06,0.004717793440106568,2.97731143841062e-06,0.00023589712937775753,0.0007293448983675676,2.305067219931397e-05,0.04706000627982673,0.0034482292367455166,2.5315637215092633e-05,1.4064044342149064e-06,2.4300240743279605e-06,0.00023589712937775753,2.97731143841062e-06,0.004717793440106568,2.305067219931397e-05,0.0034482292367455166
27,2,child,Christian,False,5.792916699214217e-05,9.915273115920183e-06,4.1335397768930325e-06,3.9669859149467314e-07,3.2699273422345685e-06,6.962256250138369e-07,0.014727251538580292,0.00022011622820665742,0.004497344415782591,0.00014550629385328434,2.6119031909571944e-05,0.0005616997185942735,1.6346470245419304e-05,9.915273115920183e-06,3.9669859149467314e-07,6.962256250138369e-07,0.004497344415782591,0.00022011622820665742,0.014727251538580292,2.6119031909571944e-05,1.6346470245419304e-05
28,0,daughter,Christian,False,0.0007222753863223796,0.0007552556355312161,1.177445922838707e-05,2.931153855960119e-06,6.605214485464791e-06,3.0718185454758057e-06,0.0004768908238063255,1.6964426510543331e-06,0.00021591692196200267,0.0029009581361683955,0.00024726231566347745,0.016197086262433477,3.150386940813393e-05,0.0007552556355312161,2.931153855960119e-06,3.0718185454758057e-06,0.00021591692196200267,1.6964426510543331e-06,0.0004768908238063255,0.00024726231566347745,3.150386940813393e-05
28,1,daughter,Christian,False,4.583129006350382e-05,7.967300986103147e-06,2.7535691114583474e-06,4.6378732973537256e-07,2.4682904407607285e-06,6.144174602214718e-07,0.0005266779225326264,1.2219076020491008e-06,0.0002233150331012493,0.01023195128913853,0.00017007224114352882,0.0005204719129728484,1.7952796934677738e-05,7.967300986103147e-06,4.6378732973537256e-07,6.144174602214718e-07,0.0002233150331012493,1.2219076020491008e-06,0.0005266779225326264,0.00017007224114352882,1.7952796934677738e-05
28,2,daughter,Christian,False,4.108485376346404e-05,1.141223854434603e-05,2.627477314480822e-06,7.889262586245034e-07,6.205049602300744e-06,1.2219076020491008e-06,0.0005754237068491914,1.3420013504783412e-06,0.0002323101517224571,0.0027941453403890646,0.00017821963223663923,0.0013138000668073558,2.95957113513077e-05,1.141223854434603e-05,7.889262586245034e-07,1.2219076020491008e-06,0.0002323101517224571,1.3420013504783412e-06,0.0005754237068491914,0.00017821963223663923,2.95957113513077e-05
29,0,son,Christian,False,1.488384825728813e-05,1.8342893327886845e-06,7.889262586245034e-07,1.067702870044147e-07,7.411279871974134e-07,1.994729721527057e-07,0.00046473488269551934,4.495181578513688e-07,5.920916517463734e-06,0.0001410358496618023,0.0001048469267161009,1.442598644847886e-05,7.484622751061123e-06,1.8342893327886845e-06,1.067702870044147e-07,1.994729721527057e-07,5.920916517463734e-06,4.495181578513688e-07,0.00046473488269551934,0.0001048469267161009,7.484622751061123e-06
29,1,son,Christian,False,6.563728324346652e-05,4.98595821272702e-06,3.944258675190877e-06,3.288749065460498e-07,2.212566909570261e-06,5.77192003016332e-07,0.00047921731131957026,8.398072034951531e-07,0.00021196745065203636,0.010450880942532732,0.0003510649113774665,0.0004914519521959942,9.915273115920183e-06,4.98595821272702e-06,3.288749065460498e-07,5.77192003016332e-07,0.00021196745065203636,8.398072034951531e-07,0.00047921731131957026,0.0003510649113774665,9.915273115920183e-06
29,2,son,Christian,False,1.8522574326531083e-05,1.4738981974494932e-06,2.840974294610978e-06,2.332074525844782e-07,1.5206840370677115e-06,4.78509449489012e-07,0.0005401264324566355,8.80110037979258e-07,0.00023542387204900095,0.0027358596836205874,0.0001597845494017344,9.610241549947397e-06,5.307507822667365e-06,1.4738981974494932e-06,2.332074525844782e-07,4.78509449489012e-07,0.00023542387204900095,8.80110037979258e-07,0.0005401264324566355,0.0001597845494017344,5.307507822667365e-06
30,0,child,Christian,False,0.000672990371557913,0.0007525626282895303,1.535623976496012e-05,5.307507822667365e-06,7.368592981140821e-06,3.8831109868779005e-06,0.0074356004556736174,4.198630823683514e-06,0.00026606979421072254,0.0030654830851861575,0.00028449096649795007,0.09578116099131698,0.0034930471162305703,0.0007525626282895303,5.307507822667365e-06,3.8831109868779005e-06,0.00026606979421072254,4.198630823683514e-06,0.0074356004556736174,0.00028449096649795007,0.0034930471162305703
30,1,child,Christian,False,9.110511944006454e-05,1.0554685795431098e-05,7.2543618230189156e-06,7.411279871974134e-07,2.355261854303796e-06,9.516251694168764e-07,0.0005289296341864526,2.1782649863110498e-06,0.000226025218654955,0.01976376624240485,0.00048297217458043417,0.0005914388320078819,2.3782205064034188e-05,1.0554685795431098e-05,7.411279871974134e-07,9.516251694168764e-07,0.000226025218654955,2.1782649863110498e-06,0.0005289296341864526,0.00048297217458043417,2.3782205064034188e-05
30,2,child,Christian,False,3.740956047302422e-05,2.7535691114583474e-06,2.355261854303796e-06,1.9333584585546466e-07,7.646537350121258e-07,3.500854414401442e-07,0.000481855155257204,8.530321297909616e-07,0.00021228441957103978,0.00010817152527255935,1.0889691002655445e-05,0.000480266374355812,5.475976980449466e-06,2.7535691114583474e-06,1.9333584585546466e-07,3.500854414401442e-07,0.00021228441957103978,8.530321297909616e-07,0.000481855155257204,1.0889691002655445e-05,5.475976980449466e-06
31,0,daughter,Buddhist,False,3.459916031782155e-05,5.144221374220898e-06,2.840974294610978e-06,5.594337713435001e-07,3.169325442919291e-06,7.646537350121258e-07,0.0004896931435821077,5.594337713435001e-07,0.000218704237257557,0.010151584727374874,0.0004070137715896128,0.0004999085000106341,1.3135179706526775e-05,5.144221374220898e-06,5.594337713435001e-07,7.646537350121258e-07,0.000218704237257557,5.594337713435001e-07,0.0004896931435821077,0.0004070137715896128,1.3135179706526775e-05
31,1,daughter,Buddhist,False,4.108485376346404e-05,5.562206273647035e-06,2.1782649863110498e-06,3.6119830612765795e-07,3.024195853395102e-06,6.748051590048605e-07,0.00047938840401504903,4.495181578513688e-07,0.00021732209397159474,0.000770171190275983,5.27478412523148e-05,0.0005684542178624818,2.1654404989510328e-05,5.562206273647035e-06,3.6119830612765795e-07,6.748051590048605e-07,0.00021732209397159474,4.495181578513688e-07,0.00047938840401504903,5.27478412523148e-05,2.1654404989510328e-05
31,2,daughter,Buddhist,False,0.000546674185053768,1.9110431587777674e-05,4.400118457925303e-06,1.0129990980873922e-06,3.024195853395102e-06,1.0129990980873922e-06,0.0005616796603787213,1.3007128466476034e-06,0.0002344992422345146,0.020541375440576118,0.0003765413784673874,0.0006191494980250567,2.5315637215092633e-05,1.9110431587777674e-05,1.0129990980873922e-06,1.0129990980873922e-06,0.0002344992422345146,1.3007128466476034e-06,0.0005616796603787213,0.0003765413784673874,2.5315637215092633e-05
32,0,son,Buddhist,False,0.0005617480965584138,2.4923252458203565e-05,5.225226840386988e-06,8.398072034951531e-07,1.0391067562761452e-05,2.355261854303796e-06,0.015051703292142367,0.00022628109184047356,0.008116606741277472,0.0008760719569540332,6.166297347617125e-05,0.010143804341987866,3.799845147518645e-05,2.4923252458203565e-05,8.398072034951531e-07,2.355261854303796e-06,0.008116606741277472,0.00022628109184047356,0.015051703292142367,6.166297347617125e-05,3.799845147518645e-05
32,1,son,Buddhist,False,0.0005398135517506113,3.353501304664781e-05,7.602479448313689e-06,2.2827997192887966e-06,7.368592981140821e-06,4.53978687024344e-06,0.0005137252768701615,1.0451548051737735e-06,0.00023189247385640036,0.0008435169429986132,0.00014550629385328434,0.023371754932741587,0.0015876537458761227,3.353501304664781e-05,2.2827997192887966e-06,4.53978687024344e-06,0.00023189247385640036,1.0451548051737735e-06,0.0005137252768701615,0.00014550629385328434,0.0015876537458761227
32,2,son,Buddhist,False,1.1959857805023158e-05,1.0129990980873922e-06,1.1125607488784412e-06,9.422445939071362e-08,8.139692624947503e-07,2.123378462433771e-07,0.0004556682925965673,3.726639284186561e-07,0.000211865052952336,0.00010322310367548195,5.792916699214217e-05,7.484622751061123e-06,3.6478537675800286e-06,1.0129990980873922e-06,9.422445939071362e-08,2.123378462433771e-07,0.000211865052952336,3.726639284186561e-07,0.0004556682925965673,5.792916699214217e-05,3.6478537675800286e-06
33,0,child,Buddhist,False,3.514382632807918e-05,2.7535691114583474e-06,1.670142184809518e-06,1.0348531401872454e-07,9.818326983657703e-07,2.4061023397180247e-07,0.0004667426519547087,9.080474758713811e-07,0.00022570493397209223,6.263341581094202e-05,1.6865275398914433e-05,1.0229985472581487e-05,2.01456908529364e-06,2.7535691114583474e-06,1.0348531401872454e-07,2.4061023397180247e-07,0.00022570493397209223,9.080474758713811e-07,0.0004667426519547087,1.6865275398914433e-05,2.01456908529364e-06
33,1,child,Buddhist,False,0.0001048469267161009,7.843789122138342e-06,4.683888424952456e-06,5.955139348629957e-07,2.7535691114583474e-06,1.2219076020491008e-06,0.0005464340177736804,1.0289513485400628e-06,0.00022989918422083383,0.0029756715223842765,3.569706350376584e-05,0.0005508471799444582,1.442598644847886e-05,7.843789122138342e-06,5.955139348629957e-07,1.2219076020491008e-06,0.00022989918422083383,1.0289513485400628e-06,0.0005464340177736804,3.569706350376584e-05,1.442598644847886e-05
33,2,child,Buddhist,False,4.373344035182828e-05,7.843789122138342e-06,3.321419494792514e-06,7.527989669055592e-07,2.0785170435063726e-06,6.962256250138369e-07,0.0004804291020575482,7.411279871974134e-07,0.00021849741587309833,0.0007098506750714406,4.655269187520153e-05,0.0011600053574022634,3.1999824407395835e-05,7.843789122138342e-06,7.527989669055592e-07,6.962256250138369e-07,0.00021849741587309833,7.411279871974134e-07,0.0004804291020575482,4.655269187520153e-05,3.1999824407395835e-05
34,0,daughter,Buddhist,False,5.4421326243255744e-05,4.53978687024344e-06,3.120191139396651e-06,3.84493505874534e-07,1.5446309562386385e-06,5.422218970016178e-07,0.0005035013413858897,1.2029639084557005e-06,0.00022120585807682417,0.019840551876477083,0.00026112476034906567,0.00048297182378774457,1.3982207564732913e-05,4.53978687024344e-06,3.84493505874534e-07,5.422218970016178e-07,0.00022120585807682417,1.2029639084557005e-06,0.0005035013413858897,0.00026112476034906567,1.3982207564732913e-05
34,1,daughter,Buddhist,False,6.070755804415097e-05,8.888084683809127e-06,3.120191139396651e-06,4.222833444659923e-07,2.355261854303796e-06,5.594337713435001e-07,0.0005860418778736074,2.2827997192887966e-06,0.0002250791783627945,0.01939851507928994,0.00016229670614688406,0.0005523259629862285,2.6119031909571944e-05,8.888084683809127e-06,4.222833444659923e-07,5.594337713435001e-07,0.0002250791783627945,2.2827997192887966e-06,0.0005860418778736074,0.00016229670614688406,2.6119031909571944e-05
34,2,daughter,Buddhist,False,6.667023092435894e-05,2.840974294610978e-06,3.321419494792514e-06,1.602810987828144e-07,7.889262586245034e-07,1.9333584585546466e-07,0.00046180770305806804,7.646537350121258e-07,0.0002182938001211795,0.0009180870254226622,0.00018675659778932805,1.2731104162213555e-05,6.814872211615988e-06,2.840974294610978e-06,1.602810987828144e-07,1.9333584585546466e-07,0.0002182938001211795,7.646537350121258e-07,0.00046180770305806804,0.00018675659778932805,6.814872211615988e-06
35,0,son,Buddhist,False,0.0007222753863223796,4.8785712278226595e-05,1.3135179706526775e-05,2.5071593847983196e-06,4.98595821272702e-06,3.024195853395102e-06,0.0004947859739034479,1.7231572752142392e-06,0.0002227627797192805,0.0027641006197803124,0.00014779429802159512,0.03250831409360286,0.001606393855196758,4.8785712278226595e-05,2.5071593847983196e-06,3.024195853395102e-06,0.0002227627797192805,1.7231572752142392e-06,0.0004947859739034479,0.00014779429802159512,0.001606393855196758
35,1,son,Buddhist,False,0.0005765709440160247,2.0342697805520655e-05,9.314593042575101e-06,1.670142184809518e-06,4.908661889889002e-06,2.0785170435063726e-06,0.0005204084331370591,3.169325442919291e-06,0.0002263505449868847,0.06493741851675154,0.0020332353342658754,0.0006166373412799071,3.740956047302422e-05,2.0342697805520655e-05,1.670142184809518e-06,2.0785170435063726e-06,0.0002263505449868847,3.169325442919291e-06,0.0005204084331370591,0.0020332353342658754,3.740956047302422e-05
35,2,son,Buddhist,False,7.208380258812108e-05,1.0720880092159908e-05,6.014151777699533e-06,8.664653147910923e-07,2.931153855960119e-06,1.2219076020491008e-06,0.0006145742819789485,2.355261854303796e-06,0.0002445664150903344,0.019520881172689956,0.0003621685478675127,0.0006093314310007475,2.868540823874629e-05,1.0720880092159908e-05,8.664653147910923e-07,1.2219076020491008e-06,0.0002445664150903344,2.355261854303796e-06,0.0006145742819789485,0.0003621685478675127,2.868540823874629e-05
36,0,child,Buddhist,False,3.799845147518645e-05,9.170196905195049e-06,2.840974294610978e-06,6.540437226933637e-07,4.006369222920725e-06,1.670142184809518e-06,0.0005283842085654113,1.7502925788778209e-06,0.00022914444123060576,0.0007742406513215074,2.913700606794303e-05,0.001267356656944839,3.1999824407395835e-05,9.170196905195049e-06,6.540437226933637e-07,1.670142184809518e-06,0.00022914444123060576,1.7502925788778209e-06,0.0005283842085654113,2.913700606794303e-05,3.1999824407395835e-05
36,1,child,Buddhist,False,2.653023768982879e-05,4.264746818557914e-06,2.586743108135441e-06,3.089494448007139e-07,6.40200641038395e-06,1.4738981974494932e-06,0.0005336010590884599,2.97731143841062e-06,0.00024909567651839985,0.002851410837716049,0.00022872276058698749,0.00048380070743405816,9.028039015031105e-06,4.264746818557914e-06,3.089494448007139e-07,1.4738981974494932e-06,0.00024909567651839985,2.97731143841062e-06,0.0005336010590884599,0.00022872276058698749,9.028039015031105e-06
36,2,child,Buddhist,False,6.361912109467577e-05,9.170196905195049e-06,2.4682904407607285e-06,5.255395707074638e-07,2.355261854303796e-06,1.0783312222985275e-06,0.0005267669413890896,1.7231572752142392e-06,0.00021934444373130447,9.547317110805593e-05,1.7674513810355872e-05,0.010114490529291663,2.913700606794303e-05,9.170196905195049e-06,5.255395707074638e-07,1.0783312222985275e-06,0.00021934444373130447,1.7231572752142392e-06,0.0005267669413890896,1.7674513810355872e-05,2.913700606794303e-05
37,0,daughter,Jain,False,0.00010322310367548195,1.442598644847886e-05,2.586743108135441e-06,4.78509449489012e-07,2.4300240743279605e-06,8.939696304799168e-07,0.004664151663949086,2.2474089854291757e-06,0.00025264767961860266,0.0007067749478525128,5.357805383473943e-05,0.010117320684545133,6.986756664856784e-05,1.442598644847886e-05,4.78509449489012e-07,8.939696304799168e-07,0.00025264767961860266,2.2474089854291757e-06,0.004664151663949086,5.357805383473943e-05,6.986756664856784e-05
37,1,daughter,Jain,False,0.0008564760323611499,0.0007684985562636434,8.888084683809127e-06,1.9223170236538178e-06,6.814872211615988e-06,3.120191139396651e-06,0.0005387069746432239,3.169325442919291e-06,0.00022914444123060576,0.019801724152056405,0.00046095721793742083,0.023082318027779145,0.0015830764768931798,0.0007684985562636434,1.9223170236538178e-06,3.120191139396651e-06,0.00022914444123060576,3.169325442919291e-06,0.0005387069746432239,0.00046095721793742083,0.0015830764768931798
37,2,daughter,Jain,False,4.7285443452031076e-05,7.2543618230189156e-06,3.7636447180974406e-06,5.422218970016178e-07,3.169325442919291e-06,1.2219076020491008e-06,0.0005393129430988665,1.8631746484712008e-06,0.00023273440348495238,0.01962026187455833,0.0004645557549716042,0.0005185157653543439,1.5843621910252592e-05,7.2543618230189156e-06,5.422218970016178e-07,1.2219076020491008e-06,0.00023273440348495238,1.8631746484712008e-06,0.0005393129430988665,0.0004645557549716042,1.5843621910252592e-05
38,0,son,Jain,False,4.238847419937498e-05,7.0311842669149565e-06,2.1444948420913954e-06,5.955139348629957e-07,2.840974294610978e-06,1.0451548051737735e-06,0.0005058990298734508,3.2192334497037803e-06,0.00023686610557470552,0.0028344121635247347,0.00023967308701289605,0.0004909157246515137,6.814872211615988e-06,7.0311842669149565e-06,5.955139348629957e-07,1.0451548051737735e-06,0.00023686610557470552,3.2192334497037803e-06,0.0005058990298734508,0.00023967308701289605,6.814872211615988e-06
38,1,son,Jain,False,3.353501304664781e-05,6.302758756443267e-06,1.8342893327886845e-06,5.093705003229987e-07,4.1335397768930325e-06,1.2606946239951315e-06,0.0005292950274613038,1.670142184809518e-06,0.00022222751156548602,0.0029756715223842765,0.000275762236739541,0.0005465467242453664,2.868540823874629e-05,6.302758756443267e-06,5.093705003229987e-07,1.2606946239951315e-06,0.00022222751156548602,1.670142184809518e-06,0.0005292950274613038,0.000275762236739541,2.868540823874629e-05
38,2,son,Jain,False,3.250358452365473e-05,5.064471653194114e-06,2.4300240743279605e-06,6.339210403977636e-07,2.2827997192887966e-06,8.139692624947503e-07,0.0004706276972958211,5.955139348629957e-07,0.00021809334032878513,0.0008234381138183805,0.0001410358496618023,0.0005245722151820294,1.442598644847886e-05,5.064471653194114e-06,6.339210403977636e-07,8.139692624947503e-07,0.00021809334032878513,5.955139348629957e-07,0.0004706276972958211,0.0001410358496618023,1.442598644847886e-05
39,0,child,Jain,False,1.8235460794662427e-05,2.6688529572628562e-06,1.4738981974494932e-06,1.7603432133424857e-07,1.5689549727726036e-06,3.84493505874534e-07,0.0004753051800293774,1.0616134237448653e-06,0.0002167744747109176,0.0008540336462424981,0.00010817152527255935,1.7130819343483194e-05,6.605214485464791e-06,2.6688529572628562e-06,1.7603432133424857e-07,3.84493505874534e-07,0.0002167744747109176,1.0616134237448653e-06,0.0004753051800293774,0.00010817152527255935,6.605214485464791e-06
39,1,child,Jain,False,2.234163601827719e-05,4.1335397768930325e-06,1.8925148246037342e-06,2.994440981371515e-07,2.586743108135441e-06,5.594337713435001e-07,0.0005974644136695479,2.2827997192887966e-06,0.00023837750867635168,0.0027714383583302433,0.00019570169401946335,0.0005112741181214284,1.9110431587777674e-05,4.1335397768930325e-06,2.994440981371515e-07,5.594337713435001e-07,0.00023837750867635168,2.2827997192887966e-06,0.0005974644136695479,0.00019570169401946335,1.9110431587777674e-05
39,2,child,Jain,False,0.0006550185868397556,1.6865275398914433e-05,2.796930302582677e-06,4.6378732973537256e-07,1.3007128466476034e-06,6.540437226933637e-07,0.0004986082166552452,1.8058518261159955e-06,0.00022914444123060576,4.583129006350382e-05,3.321419494792514e-06,0.0012934071128819246,1.7130819343483194e-05,1.6865275398914433e-05,4.6378732973537256e-07,6.540437226933637e-07,0.00022914444123060576,1.8058518261159955e-06,0.0004986082166552452,3.321419494792514e-06,1.7130819343483194e-05
40,0,daughter,Jain,False,0.0006033895256885456,1.971694219622292e-05,8.092757566536092e-06,7.646537350121258e-07,1.15919343186331e-05,1.3846004563753396e-06,0.0004777071579444253,1.7778551863194697e-06,0.0002137118639848327,0.0030714720454316953,0.00035380860570885373,0.0005323933551511255,1.7952796934677738e-05,1.971694219622292e-05,7.646537350121258e-07,1.3846004563753396e-06,0.0002137118639848327,1.7778551863194697e-06,0.0004777071579444253,0.00035380860570885373,1.7952796934677738e-05
40,1,daughter,Jain,True,0.0007361007870018547,0.0008115547102432437,2.305067219931397e-05,6.922183404468203e-06,1.8814207550495463e-05,1.6603846953733614e-05,0.0005927950875026417,0.0002120401266247001,0.0002410592996703374,0.010246080112770995,0.0001597845494017344,0.35189414213699954,0.016419125281083354,0.0008115547102432437,6.922183404468203e-06,1.6603846953733614e-05,0.0002410592996703374,0.0002120401266247001,0.0005927950875026417,0.0001597845494017344,0.016419125281083354
40,2,daughter,Jain,False,0.0006656335368081451,1.941131867789626e-05,2.305067219931397e-05,1.8342893327886845e-06,3.822911232549001e-06,1.4285517650093407e-06,0.0005377048680108181,4.069457790466838e-06,0.00023542387204900095,0.019934641147342655,0.0009783876017655003,0.0005702096923869237,2.737216731838081e-05,1.941131867789626e-05,1.8342893327886845e-06,1.4285517650093407e-06,0.00023542387204900095,4.069457790466838e-06,0.0005377048680108181,0.0009783876017655003,2.737216731838081e-05
41,0,son,Jain,False,3.1999824407395835e-05,1.8925148246037342e-06,1.5689549727726036e-06,1.370957206857845e-07,5.77192003016332e-07,2.4824800371656586e-07,0.00046211791741616995,3.3931448129766124e-07,4.331903899346328e-06,3.1015598671268335e-05,4.331903899346328e-06,0.0004898680643879527,1.1235328063870752e-05,1.8925148246037342e-06,1.370957206857845e-07,2.4824800371656586e-07,4.331903899346328e-06,3.3931448129766124e-07,0.00046211791741616995,4.331903899346328e-06,1.1235328063870752e-05
41,1,son,Jain,False,2.4923252458203565e-05,4.400118457925303e-06,1.6187581436151335e-06,2.994440981371515e-07,2.4300240743279605e-06,5.955139348629957e-07,0.0005387069746432239,1.7231572752142392e-06,0.00023736206057396741,0.01023195128913853,0.00017274586267297022,0.0005121306555705326,1.971694219622292e-05,4.400118457925303e-06,2.994440981371515e-07,5.955139348629957e-07,0.00023736206057396741,1.7231572752142392e-06,0.0005387069746432239,0.00017274586267297022,1.971694219622292e-05
41,2,son,Jain,False,9.697519677825862e-05,1.3765463368900109e-05,4.069457790466838e-06,1.6187581436151335e-06,3.024195853395102e-06,1.2219076020491008e-06,0.0005355343110587409,1.7778551863194697e-06,0.00022303674997692745,0.00013250224172131609,1.0889691002655445e-05,0.016043592550923445,4.955359475635505e-05,1.3765463368900109e-05,1.6187581436151335e-06,1.2219076020491008e-06,0.00022303674997692745,1.7778551863194697e-06,0.0005355343110587409,1.0889691002655445e-05,4.955359475635505e-05
42,0,child,Jain,False,9.547317110805593e-05,8.220189478350845e-06,1.8925148246037342e-06,2.332074525844782e-07,7.889262586245034e-07,4.495181578513688e-07,0.0005155792322185961,1.3846004563753396e-06,0.00024050606249465076,3.740956047302422e-05,2.0785170435063726e-06,0.0006069710175518718,1.535623976496012e-05,8.220189478350845e-06,2.332074525844782e-07,4.495181578513688e-07,0.00024050606249465076,1.3846004563753396e-06,0.0005155792322185961,2.0785170435063726e-06,1.535623976496012e-05
42,1,child,Jain,False,1.8814207550495463e-05,3.024195853395102e-06,1.2606946239951315e-06,2.72647027069593e-07,1.2606946239951315e-06,4.936988949458183e-07,0.0004806049333455612,7.071895057311757e-07,0.0002182938001211795,0.000924470062878294,0.00016229670614688406,0.00048691442776060197,1.535623976496012e-05,3.024195853395102e-06,2.72647027069593e-07,4.936988949458183e-07,0.0002182938001211795,7.071895057311757e-07,0.0004806049333455612,0.00016229670614688406,1.535623976496012e-05
42,2,child,Jain,False,1.5843621910252592e-05,1.4738981974494932e-06,1.5689549727726036e-06,1.067702870044147e-07,9.223470110117277e-07,2.4824800371656586e-07,0.00047837179279292826,6.240930669504435e-07,0.00021250413756646795,0.00015247863912257493,6.771942330385674e-05,1.4653129390717958e-05,6.605214485464791e-06,1.4738981974494932e-06,1.067702870044147e-07,2.4824800371656586e-07,0.00021250413756646795,6.240930669504435e-07,0.00047837179279292826,6.771942330385674e-05,6.605214485464791e-06
43,0,daughter,Parsi,False,3.514382632807918e-05,4.1335397768930325e-06,2.5071593847983196e-06,2.72647027069593e-07,1.9833367060283617e-06,5.77192003016332e-07,0.0004616029028773139,5.77192003016332e-07,6.10885510164857e-06,0.002722381836565666,0.00019877742123839117,0.00048691442776060197,1.7400543552708932e-05,4.1335397768930325e-06,2.72647027069593e-07,5.77192003016332e-07,6.10885510164857e-06,5.77192003016332e-07,0.0004616029028773139,0.00019877742123839117,1.7400543552708932e-05
43,1,daughter,Parsi,False,2.6119031909571944e-05,4.1335397768930325e-06,1.7231572752142392e-06,2.4061023397180247e-07,1.3420013504783412e-06,2.8130174840733105e-07,0.00046748369537513777,7.527989669055592e-07,0.00021239342043348654,0.002809879477103823,0.00028228328977615607,0.0005034054837533741,1.7952796934677738e-05,4.1335397768930325e-06,2.4061023397180247e-07,2.8130174840733105e-07,0.00021239342043348654,7.527989669055592e-07,0.00046748369537513777,0.00028228328977615607,1.7952796934677738e-05
43,2,daughter,Parsi,False,0.000546674185053768,1.2533751425646102e-05,9.915273115920183e-06,6.339210403977636e-07,2.88571183887091e-06,8.139692624947503e-07,0.0004945549134849281,2.1782649863110498e-06,0.00022120585807682417,0.002887025252971318,0.0003172682842485189,0.0006093314310007475,4.173157606777201e-05,1.2533751425646102e-05,6.339210403977636e-07,8.139692624947503e-07,0.00022120585807682417,2.1782649863110498e-06,0.0004945549134849281,0.0003172682842485189,4.173157606777201e-05
44,0,son,Parsi,False,2.3413582477639402e-05,3.120191139396651e-06,3.024195853395102e-06,1.9333584585546466e-07,5.064471653194114e-06,9.818326983657703e-07,0.00045889745344538133,8.80110037979258e-07,5.562206273647035e-06,0.0001206589712246389,8.295891883591029e-05,0.0004954494009362499,1.2339457598623173e-05,3.120191139396651e-06,1.9333584585546466e-07,9.818326983657703e-07,5.562206273647035e-06,8.80110037979258e-07,0.00045889745344538133,8.295891883591029e-05,1.2339457598623173e-05
44,1,son,Parsi,False,1.15919343186331e-05,1.5689549727726036e-06,1.1125607488784412e-06,1.370957206857845e-07,1.4064044342149064e-06,2.994440981371515e-07,0.0004692818134867376,4.356879983467376e-07,0.00021809334032878513,0.00014550629385328434,7.554056327295277e-05,1.7400543552708932e-05,9.314593042575101e-06,1.5689549727726036e-06,1.370957206857845e-07,2.994440981371515e-07,0.00021809334032878513,4.356879983467376e-07,0.0004692818134867376,7.554056327295277e-05,9.314593042575101e-06
44,2,son,Parsi,False,0.0005502683110505684,1.15919343186331e-05,1.2731104162213555e-05,1.0129990980873922e-06,2.5071593847983196e-06,1.0451548051737735e-06,0.00047546097391956043,1.4738981974494932e-06,0.00021625192716922701,0.0030080612419204488,0.0002673006032788653,0.0005256379073836972,1.3552078562406772e-05,1.15919343186331e-05,1.0129990980873922e-06,1.0451548051737735e-06,0.00021625192716922701,1.4738981974494932e-06,0.00047546097391956043,0.0002673006032788653,1.3552078562406772e-05
45,0,child,Parsi,False,3.3015272509780104e-05,2.7535691114583474e-06,1.8342893327886845e-06,2.8130174840733105e-07,1.3007128466476034e-06,5.955139348629957e-07,0.0005046729276671714,8.013499398837462e-07,0.00021308442800063956,0.0007868354905725904,2.199533724320648e-05,0.0005026840819416764,1.3135179706526775e-05,2.7535691114583474e-06,2.8130174840733105e-07,5.955139348629957e-07,0.00021308442800063956,8.013499398837462e-07,0.0005046729276671714,2.199533724320648e-05,1.3135179706526775e-05
45,1,child,Parsi,False,0.0005597594790089396,1.7130819343483194e-05,1.141223854434603e-05,1.0451548051737735e-06,4.469407144215697e-06,1.7231572752142392e-06,0.0005224206102483637,2.931153855960119e-06,0.00022096026380031539,0.019654925031931895,0.00043653261113939663,0.0005738038183837241,2.5315637215092633e-05,1.7130819343483194e-05,1.0451548051737735e-06,1.7231572752142392e-06,0.00022096026380031539,2.931153855960119e-06,0.0005224206102483637,0.00043653261113939663,2.5315637215092633e-05
45,2,child,Parsi,False,0.0005414888098175762,2.453694805426225e-05,5.064471653194114e-06,8.267873072601938e-07,5.391084403253366e-06,2.1444948420913954e-06,0.00479209737063758,3.4268490542555014e-06,0.00026064009985893153,0.0007742406513215074,1.8235460794662427e-05,0.023205651868750204,0.002382327228464751,2.453694805426225e-05,8.267873072601938e-07,2.1444948420913954e-06,0.00026064009985893153,3.4268490542555014e-06,0.00479209737063758,1.8235460794662427e-05,0.002382327228464751
46,0,daughter,Parsi,False,2.199533724320648e-05,2.6688529572628562e-06,1.8342893327886845e-06,1.2878952156558146e-07,1.3420013504783412e-06,2.6425858208426533e-07,0.0005002304531561731,1.4510478554719287e-06,0.00022170870641199087,0.0008594156731411163,9.399438806628559e-05,1.2533751425646102e-05,5.649793328376294e-06,2.6688529572628562e-06,1.2878952156558146e-07,2.6425858208426533e-07,0.00022170870641199087,1.4510478554719287e-06,0.0005002304531561731,9.399438806628559e-05,5.649793328376294e-06
46,1,daughter,Parsi,False,2.1654404989510328e-05,2.2827997192887966e-06,1.7231572752142392e-06,1.3287773439792038e-07,1.5206840370677115e-06,2.4824800371656586e-07,0.0004848443699268337,8.267873072601938e-07,0.00021809334032878513,0.0007397960144200369,0.00011513995656772139,1.442598644847886e-05,6.814872211615988e-06,2.2827997192887966e-06,1.3287773439792038e-07,2.4824800371656586e-07,0.00021809334032878513,8.267873072601938e-07,0.0004848443699268337,0.00011513995656772139,6.814872211615988e-06
46,2,daughter,Parsi,False,2.653023768982879e-05,3.535625074174432e-06,1.9525885208642222e-06,1.5057017254045334e-07,1.2219076020491008e-06,2.561282210758673e-07,0.0005182810528185505,1.363134508591315e-06,0.0002207184759315317,0.0028779143257728393,0.0002736221099148039,1.7130819343483194e-05,1.1959857805023158e-05,3.535625074174432e-06,1.5057017254045334e-07,2.561282210758673e-07,0.0002207184759315317,1.363134508591315e-06,0.0005182810528185505,0.0002736221099148039,1.1959857805023158e-05
47,0,son,Parsi,False,4.108485376346404e-05,3.2192334497037803e-06,1.5689549727726036e-06,2.72647027069593e-07,1.4285517650093407e-06,5.093705003229987e-07,0.0004598299174656405,5.093705003229987e-07,0.00021789598759221768,3.4062932773341e-05,1.0071400221737608e-05,0.0005479579113182372,1.535623976496012e-05,3.2192334497037803e-06,2.72647027069593e-07,5.093705003229987e-07,0.00021789598759221768,5.093705003229987e-07,0.0004598299174656405,1.0071400221737608e-05,1.535623976496012e-05
47,1,son,Parsi,False,4.7285443452031076e-05,7.967300986103147e-06,3.8831109868779005e-06,6.144174602214718e-07,6.40200641038395e-06,1.5689549727726036e-06,0.0005559076936444663,2.4682904407607285e-06,0.00023404764440531787,0.019880268624754036,0.0005957153763749636,0.0005323933551511255,2.913700606794303e-05,7.967300986103147e-06,6.144174602214718e-07,1.5689549727726036e-06,0.00023404764440531787,2.4682904407607285e-06,0.0005559076936444663,0.0005957153763749636,2.913700606794303e-05
47,2,son,Parsi,False,1.5118199327273332e-05,2.931153855960119e-06,1.2606946239951315e-06,2.332074525844782e-07,1.9525885208642222e-06,6.748051590048605e-07,0.0004838901135969594,8.013499398837462e-07,0.00021273082914771238,0.0008045684283044233,0.00017274586267297022,0.00047990346407748657,1.3982207564732913e-05,2.931153855960119e-06,2.332074525844782e-07,6.748051590048605e-07,0.00021273082914771238,8.013499398837462e-07,0.0004838901135969594,0.00017274586267297022,1.3982207564732913e-05
48,0,child,Parsi,False,8.040859356292355e-05,5.829126566113866e-06,2.5071593847983196e-06,3.9669859149467314e-07,2.1782649863110498e-06,7.889262586245034e-07,0.0004802539556557626,7.183260399857925e-07,0.00021695417048520467,3.8596609058077356e-05,4.1335397768930325e-06,0.0011910337569959485,1.8522574326531083e-05,5.829126566113866e-06,3.9669859149467314e-07,7.889262586245034e-07,0.00021695417048520467,7.183260399857925e-07,0.0004802539556557626,4.1335397768930325e-06,1.8522574326531083e-05
48,1,child,Parsi,False,0.000565819526266333,9.170196905195049e-06,3.5913010679499402e-06,7.183260399857925e-07,5.649793328376294e-06,2.710880136557205e-06,0.000504001002462806,1.0616134237448653e-06,0.00021849741587309833,8.830458477845481e-05,8.220189478350845e-06,0.0012860803801843506,2.7803096387751555e-05,9.170196905195049e-06,7.183260399857925e-07,2.710880136557205e-06,0.00021849741587309833,1.0616134237448653e-06,0.000504001002462806,8.220189478350845e-06,2.7803096387751555e-05
48,2,child,Parsi,False,5.357805383473943e-05,2.355261854303796e-06,2.7535691114583474e-06,2.332074525844782e-07,8.939696304799168e-07,3.6119830612765795e-07,0.0004539342459440207,3.726639284186561e-07,2.88571183887091e-06,0.0001064962672055945,7.484622751061123e-06,0.0004855382001169189,4.832563818725537e-06,2.355261854303796e-06,2.332074525844782e-07,3.6119830612765795e-07,2.88571183887091e-06,3.726639284186561e-07,0.0004539342459440207,7.484622751061123e-06,4.832563818725537e-06
49,0,daughter,Jewish,False,5.9766937110286536e-05,9.915273115920183e-06,3.2192334497037803e-06,8.139692624947503e-07,4.069457790466838e-06,1.0451548051737735e-06,0.000563414619251184,1.9833367060283617e-06,0.00023542387204900095,0.010238988609384374,0.00041339680904524455,0.0005684542178624818,2.0342697805520655e-05,9.915273115920183e-06,8.139692624947503e-07,1.0451548051737735e-06,0.00023542387204900095,1.9833367060283617e-06,0.000563414619251184,0.00041339680904524455,2.0342697805520655e-05
49,1,daughter,Jewish,False,2.199533724320648e-05,8.61465062380632e-06,2.01456908529364e-06,8.139692624947503e-07,4.98595821272702e-06,1.1125607488784412e-06,0.0005129655085039826,3.373722476473661e-06,0.00023189247385640036,0.11932137988017441,0.023256657783709233,0.0005437895311587944,2.4156629828672456e-05,8.61465062380632e-06,8.139692624947503e-07,1.1125607488784412e-06,0.00023189247385640036,3.373722476473661e-06,0.0005129655085039826,0.023256657783709233,2.4156629828672456e-05
49,2,daughter,Jewish,False,0.005268810325591149,0.0007491625949278371,5.562206273647035e-06,1.3007128466476034e-06,2.931153855960119e-06,1.3007128466476034e-06,0.0005231018661191646,2.627477314480822e-06,0.0002378658206902263,9.253848866495987e-05,8.481104172358076e-06,0.022751998071924427,5.4421326243255744e-05,0.0007491625949278371,1.3007128466476034e-06,1.3007128466476034e-06,0.0002378658206902263,2.627477314480822e-06,0.0005231018661191646,8.481104172358076e-06,5.4421326243255744e-05
50,0,son,Jewish,False,2.3782205064034188e-05,2.355261854303796e-06,1.7778551863194697e-06,1.4144759985825914e-07,5.562206273647035e-06,9.516251694168764e-07,0.00045696979624789015,8.398072034951531e-07,0.00021296471561488525,0.000703746720165797,8.426423087564058e-05,2.1654404989510328e-05,8.750299760661308e-06,2.355261854303796e-06,1.4144759985825914e-07,9.516251694168764e-07,0.00021296471561488525,8.398072034951531e-07,0.00045696979624789015,8.426423087564058e-05,8.750299760661308e-06
50,1,son,Jewish,False,0.0005721696121140179,1.7130819343483194e-05,6.922183404468203e-06,1.0451548051737735e-06,4.61127481426412e-06,1.2606946239951315e-06,0.00046901888401438977,1.7502925788778209e-06,0.00021296471561488525,0.019458302326364016,0.0005511934210807019,0.0006001064513491806,1.7952796934677738e-05,1.7130819343483194e-05,1.0451548051737735e-06,1.2606946239951315e-06,0.00021296471561488525,1.7502925788778209e-06,0.00046901888401438977,0.0005511934210807019,1.7952796934677738e-05
50,2,son,Jewish,True,0.0007926775426870258,0.0009215994816258243,1.3552078562406772e-05,4.53978687024344e-06,0.0037969448737648942,4.7285443452031076e-05,0.004684756429355708,0.00021949571359885858,0.00024162124279489402,0.0007129746438779075,4.655269187520153e-05,0.35409808662149067,0.008955799241610725,0.0009215994816258243,4.53978687024344e-06,4.7285443452031076e-05,0.00024162124279489402,0.00021949571359885858,0.004684756429355708,4.655269187520153e-05,0.008955799241610725
51,0,child,Jewish,False,5.193048644949271e-05,1.141223854434603e-05,4.98595821272702e-06,6.962256250138369e-07,5.920916517463734e-06,1.8342893327886845e-06,0.007431200112050312,0.00021381851146726956,0.0003399482762962808,0.010289790106410974,0.00023967308701289605,0.0005569032319691715,2.453694805426225e-05,1.141223854434603e-05,6.962256250138369e-07,1.8342893327886845e-06,0.0003399482762962808,0.00021381851146726956,0.007431200112050312,0.00023967308701289605,2.453694805426225e-05
51,1,child,Jewish,False,6.263341581094202e-05,1.1235328063870752e-05,4.61127481426412e-06,8.664653147910923e-07,3.944258675190877e-06,1.0129990980873922e-06,0.0005273028806262366,1.4738981974494932e-06,0.00022096026380031539,0.019690384944210562,0.0005021149947632315,0.0005465467242453664,2.7803096387751555e-05,1.1235328063870752e-05,8.664653147910923e-07,1.0129990980873922e-06,0.00022096026380031539,1.4738981974494932e-06,0.0005273028806262366,0.0005021149947632315,2.7803096387751555e-05
51,2,child,Jewish,False,3.3015272509780104e-05,3.120191139396651e-06,4.400118457925303e-06,4.78509449489012e-07,2.5071593847983196e-06,7.646537350121258e-07,0.0004984851248376378,1.6187581436151335e-06,0.00022668099229563676,0.0028601092173492736,0.0002115703400593114,0.0004909157246515137,1.0554685795431098e-05,3.120191139396651e-06,4.78509449489012e-07,7.646537350121258e-07,0.00022668099229563676,1.6187581436151335e-06,0.0004984851248376378,0.0002115703400593114,1.0554685795431098e-05
52,0,daughter,Jewish,False,0.0007090795212845579,0.0007571223117196732,2.234163601827719e-05,5.475976980449466e-06,7.722191834067996e-06,4.069457790466838e-06,0.004690668412497011,0.00021248506616171437,0.00028832115500248184,0.019575253788077195,0.000433150202056399,0.022743795849982568,0.0015772972381523178,0.0007571223117196732,5.475976980449466e-06,4.069457790466838e-06,0.00028832115500248184,0.00021248506616171437,0.004690668412497011,0.000433150202056399,0.0015772972381523178
52,1,daughter,Jewish,False,3.9204178923762816e-05,7.14190139989638e-06,2.2827997192887966e-06,5.422218970016178e-07,2.2827997192887966e-06,8.398072034951531e-07,0.0005110244342406947,8.664653147910923e-07,0.00021608311625873148,0.03606095514154291,0.0011331753531361455,0.0005112741181214284,1.6346470245419304e-05,7.14190139989638e-06,5.422218970016178e-07,8.398072034951531e-07,0.00021608311625873148,8.664653147910923e-07,0.0005110244342406947,0.0011331753531361455,1.6346470245419304e-05
52,2,daughter,Jewish,False,3.4062932773341e-05,2.931153855960119e-06,1.4285517650093407e-06,1.816222403812674e-07,1.3846004563753396e-06,3.089494448007139e-07,0.0004642815183884054,6.540437226933637e-07,0.00021411253592723288,0.00016743993037101191,8.295891883591029e-05,0.00048216842909326526,9.915273115920183e-06,2.931153855960119e-06,1.816222403812674e-07,3.089494448007139e-07,0.00021411253592723288,6.540437226933637e-07,0.0004642815183884054,8.295891883591029e-05,9.915273115920183e-06
53,0,son,Jewish,False,2.453694805426225e-05,2.2827997192887966e-06,2.212566909570261e-06,2.1907815825757866e-07,1.9223170236538178e-06,5.422218970016178e-07,0.0004666208234623209,9.818326983657703e-07,0.00021166499492301485,0.010204335757157502,0.00037072528743862214,1.0889691002655445e-05,7.722191834067996e-06,2.2827997192887966e-06,2.1907815825757866e-07,5.422218970016178e-07,0.00021166499492301485,9.818326983657703e-07,0.0004666208234623209,0.00037072528743862214,7.722191834067996e-06
53,1,son,Jewish,False,1.971694219622292e-05,1.7778551863194697e-06,1.2606946239951315e-06,1.136563710667868e-07,1.4738981974494932e-06,3.288749065460498e-07,0.0004600208190220042,5.77192003016332e-07,0.000223597696961234,4.655269187520153e-05,1.8235460794662427e-05,1.15919343186331e-05,4.400118457925303e-06,1.7778551863194697e-06,1.136563710667868e-07,3.288749065460498e-07,0.000223597696961234,5.77192003016332e-07,0.0004600208190220042,1.8235460794662427e-05,4.400118457925303e-06
53,2,son,Jewish,False,4.442183589214344e-05,4.331903899346328e-06,2.1444948420913954e-06,3.84493505874534e-07,1.8631746484712008e-06,6.540437226933637e-07,0.0005232730118634665,1.6187581436151335e-06,0.00024277179663959579,0.000138852327569001,5.792916699214217e-05,0.0004985843679459446,1.3135179706526775e-05,4.331903899346328e-06,3.84493505874534e-07,6.540437226933637e-07,0.00024277179663959579,1.6187581436151335e-06,0.0005232730118634665,5.792916699214217e-05,1.3135179706526775e-05
54,0,child,Jewish,False,3.740956047302422e-05,6.014151777699533e-06,2.212566909570261e-06,2.994440981371515e-07,6.709224499600877e-06,1.2606946239951315e-06,0.00046941405001030257,8.013499398837462e-07,5.920916517463734e-06,0.00013458604012970922,4.173157606777201e-05,0.0005026840819416764,1.7952796934677738e-05,6.014151777699533e-06,2.994440981371515e-07,1.2606946239951315e-06,5.920916517463734e-06,8.013499398837462e-07,0.00046941405001030257,4.173157606777201e-05,1.7952796934677738e-05
54,1,child,Jewish,False,1.4653129390717958e-05,3.321419494792514e-06,1.1843139025979655e-06,2.1907815825757866e-07,1.9525885208642222e-06,5.255395707074638e-07,0.0005209070723539847,1.3211958228877664e-06,0.00022735757340977805,0.010495150670035765,0.00021489492836254285,1.941131867789626e-05,1.0889691002655445e-05,3.321419494792514e-06,2.1907815825757866e-07,5.255395707074638e-07,0.00022735757340977805,1.3211958228877664e-06,0.0005209070723539847,0.00021489492836254285,1.0889691002655445e-05
54,2,child,Jewish,False,6.771942330385674e-05,1.5843621910252592e-05,3.024195853395102e-06,1.7231572752142392e-06,9.610241549947397e-06,3.2699273422345685e-06,0.0005347564852921493,1.5206840370677115e-06,0.00023316533255432313,0.01022496774572234,0.00023231625226312826,0.015975722270239766,3.9204178923762816e-05,1.5843621910252592e-05,1.7231572752142392e-06,3.2699273422345685e-06,0.00023316533255432313,1.5206840370677115e-06,0.0005347564852921493,0.00023231625226312826,3.9204178923762816e-05
55,0,daughter,Atheist,False,4.173157606777201e-05,5.649793328376294e-06,2.7535691114583474e-06,2.6425858208426533e-07,2.212566909570261e-06,6.144174602214718e-07,0.0005179585234221652,1.4285517650093407e-06,0.00022249305551005476,0.0008333216862332929,8.693673928062173e-05,0.0005451573766566274,2.0988308820313112e-05,5.649793328376294e-06,2.6425858208426533e-07,6.144174602214718e-07,0.00022249305551005476,1.4285517650093407e-06,0.0005179585234221652,8.693673928062173e-05,2.0988308820313112e-05
55,1,daughter,Atheist,False,7.208380258812108e-05,1.5118199327273332e-05,6.10885510164857e-06,1.2219076020491008e-06,5.738759521437678e-06,1.7231572752142392e-06,0.004706298092690509,4.264746818557914e-06,0.0002720324670909305,0.020433757142136064,0.0007121428745735102,0.001171840522652869,3.4062932773341e-05,1.5118199327273332e-05,1.2219076020491008e-06,1.7231572752142392e-06,0.0002720324670909305,4.264746818557914e-06,0.004706298092690509,0.0007121428745735102,3.4062932773341e-05
55,2,daughter,Atheist,False,2.3782205064034188e-05,5.738759521437678e-06,2.6688529572628562e-06,3.84493505874534e-07,2.4682904407607285e-06,1.0783312222985275e-06,0.0005530066710891978,1.5689549727726036e-06,0.00023837750867635168,0.019379185236452084,0.00034564096680654295,0.0005138843625860062,2.0342697805520655e-05,5.738759521437678e-06,3.84493505874534e-07,1.0783312222985275e-06,0.00023837750867635168,1.5689549727726036e-06,0.0005530066710891978,0.00034564096680654295,2.0342697805520655e-05
56,0,son,Atheist,False,5.7031570707833595e-05,8.888084683809127e-06,3.822911232549001e-06,3.84493505874534e-07,4.198630823683514e-06,8.398072034951531e-07,0.00742311335543782,0.00021797638818859668,0.00032602120739121045,0.00017546144100994869,4.108485376346404e-05,0.0005584771959849743,1.535623976496012e-05,8.888084683809127e-06,3.84493505874534e-07,8.398072034951531e-07,0.00032602120739121045,0.00021797638818859668,0.00742311335543782,4.108485376346404e-05,1.535623976496012e-05
56,1,son,Atheist,False,0.0050554323156257255,0.0008983161437203803,1.6603846953733614e-05,5.920916517463734e-06,9.915273115920183e-06,7.967300986103147e-06,0.0005262341275392092,4.006369222920725e-06,0.0002263505449868847,0.0029756715223842765,0.00029349517447137377,0.12557070013785776,0.0024386331615924976,0.0008983161437203803,5.920916517463734e-06,7.967300986103147e-06,0.0002263505449868847,4.006369222920725e-06,0.0005262341275392092,0.00029349517447137377,0.0024386331615924976
56,2,son,Atheist,False,5.357805383473943e-05,4.683888424952456e-06,3.535625074174432e-06,6.144174602214718e-07,2.840974294610978e-06,8.664653147910923e-07,1.4202364022997911e-05,8.664653147910923e-07,0.0002137118639848327,0.00012644219446392274,6.771942330385674e-05,2.0342697805520655e-05,4.832563818725537e-06,4.683888424952456e-06,6.144174602214718e-07,8.664653147910923e-07,0.0002137118639848327,8.664653147910923e-07,1.4202364022997911e-05,6.771942330385674e-05,4.832563818725537e-06
57,0,child,Atheist,False,0.0006087787255549655,2.4156629828672456e-05,1.2148175280558357e-05,1.7231572752142392e-06,4.264746818557914e-06,2.1444948420913954e-06,0.0004892715105842414,1.9223170236538178e-06,0.0002142503208503807,0.020381725444075106,0.0006438102555483281,0.01029924944129405,5.27478412523148e-05,2.4156629828672456e-05,1.7231572752142392e-06,2.1444948420913954e-06,0.0002142503208503807,1.9223170236538178e-06,0.0004892715105842414,0.0006438102555483281,5.27478412523148e-05
57,1,child,Atheist,False,3.3015272509780104e-05,4.069457790466838e-06,2.1444948420913954e-06,3.6119830612765795e-07,1.8631746484712008e-06,9.223470110117277e-07,0.0005517524356466574,1.6187581436151335e-06,0.00025414794844479815,7.096703991005882e-05,3.1015598671268335e-05,0.0005224900751216392,1.488384825728813e-05,4.069457790466838e-06,3.6119830612765795e-07,9.223470110117277e-07,0.00025414794844479815,1.6187581436151335e-06,0.0005517524356466574,3.1015598671268335e-05,1.488384825728813e-05
57,2,child,Atheist,False,0.0007762776769544655,0.0007996378573510043,2.8240807799315707e-05,6.205049602300744e-06,1.6603846953733614e-05,1.0391067562761452e-05,0.0005116164551572448,4.908661889889002e-06,0.00022770387218484876,0.09688278752345769,0.022151727311411257,0.03212873517934511,0.0015908264094606059,0.0007996378573510043,6.205049602300744e-06,1.0391067562761452e-05,0.00022770387218484876,4.908661889889002e-06,0.0005116164551572448,0.022151727311411257,0.0015908264094606059
58,0,daughter,Atheist,False,1.9110431587777674e-05,2.2827997192887966e-06,2.5071593847983196e-06,2.4824800371656586e-07,3.5913010679499402e-06,7.646537350121258e-07,0.0004746880498915048,1.2805474213228684e-06,0.00021789598759221768,0.0029809663700114354,0.00026939142019792367,1.5843621910252592e-05,1.1235328063870752e-05,2.2827997192887966e-06,2.4824800371656586e-07,7.646537350121258e-07,0.00021789598759221768,1.2805474213228684e-06,0.0004746880498915048,0.00026939142019792367,1.1235328063870752e-05
58,1,daughter,Atheist,False,3.1999824407395835e-05,5.475976980449466e-06,3.8831109868779005e-06,4.222833444659923e-07,2.586743108135441e-06,8.664653147910923e-07,0.0004931873238609058,1.6187581436151335e-06,0.00022303674997692745,0.01939851507928994,0.0006050397688214567,0.0004954494009362499,1.3552078562406772e-05,5.475976980449466e-06,4.222833444659923e-07,8.664653147910923e-07,0.00022303674997692745,1.6187581436151335e-06,0.0004931873238609058,0.0006050397688214567,1.3552078562406772e-05
58,2,daughter,Atheist,False,9.697519677825862e-05,1.3982207564732913e-05,3.5913010679499402e-06,1.4510478554719287e-06,3.944258675190877e-06,1.5689549727726036e-06,0.0004858174285130231,6.144174602214718e-07,0.00022805562191617214,0.0008383797509002126,0.00010322310367548195,0.010282511468364364,6.563728324346652e-05,1.3982207564732913e-05,1.4510478554719287e-06,1.5689549727726036e-06,0.00022805562191617214,6.144174602214718e-07,0.0004858174285130231,0.00010322310367548195,6.563728324346652e-05
59,0,son,Atheist,False,6.166297347617125e-05,6.014151777699533e-06,2.710880136557205e-06,3.089494448007139e-07,1.0129990980873922e-06,3.500854414401442e-07,0.00046439419660855385,6.748051590048605e-07,0.00021497247771651897,0.0008648818595419032,0.00010005044009099887,0.0005411170227538132,8.750299760661308e-06,6.014151777699533e-06,3.089494448007139e-07,3.500854414401442e-07,0.00021497247771651897,6.748051590048605e-07,0.00046439419660855385,0.00010005044009099887,8.750299760661308e-06
59,1,son,Atheist,False,3.9821309061635425e-05,5.829126566113866e-06,3.024195853395102e-06,4.6378732973537256e-07,2.586743108135441e-06,9.818326983657703e-07,0.0005165226058734741,1.0783312222985275e-06,0.00022222751156548602,0.0029863021744691264,0.00022518472795030202,0.0005360157526065469,1.6865275398914433e-05,5.829126566113866e-06,4.6378732973537256e-07,9.818326983657703e-07,0.00022222751156548602,1.0783312222985275e-06,0.0005165226058734741,0.00022518472795030202,1.6865275398914433e-05
59,2,son,Atheist,False,5.614787461400803e-05,2.840974294610978e-06,2.7535691114583474e-06,1.602810987828144e-07,1.3211958228877664e-06,3.3931448129766124e-07,0.0004957192836172622,1.0129990980873922e-06,0.00021891431472897835,0.000138852327569001,4.7285443452031076e-05,1.2533751425646102e-05,5.307507822667365e-06,2.840974294610978e-06,1.602810987828144e-07,3.3931448129766124e-07,0.00021891431472897835,1.0129990980873922e-06,0.0004957192836172622,4.7285443452031076e-05,5.307507822667365e-06
60,0,child,Atheist,False,8.969393236719384e-05,1.0071400221737608e-05,5.064471653194114e-06,7.183260399857925e-07,1.8925148246037342e-06,9.818326983657703e-07,0.0005345629746103697,1.6187581436151335e-06,0.00022477355484446784,0.010246080112770995,0.00010322310367548195,0.0005553536215526795,1.8522574326531083e-05,1.0071400221737608e-05,7.183260399857925e-07,9.818326983657703e-07,0.00022477355484446784,1.6187581436151335e-06,0.0005345629746103697,0.00010322310367548195,1.8522574326531083e-05
60,1,child,Atheist,False,3.150386940813393e-05,5.144221374220898e-06,3.120191139396651e-06,3.84493505874534e-07,2.01456908529364e-06,6.540437226933637e-07,0.00046968007670061194,8.939696304799168e-07,5.475976980449466e-06,0.019520881172689956,0.0004792316673138822,0.0005235230228025316,2.5315637215092633e-05,5.144221374220898e-06,3.84493505874534e-07,6.540437226933637e-07,5.475976980449466e-06,8.939696304799168e-07,0.00046968007670061194,0.0004792316673138822,2.5315637215092633e-05
60,2,child,Atheist,False,4.583129006350382e-05,6.205049602300744e-06,3.6478537675800286e-06,3.726639284186561e-07,2.212566909570261e-06,7.889262586245034e-07,0.0005972079836989996,1.8058518261159955e-06,0.00024050606249465076,0.01978897580689893,0.0004231587478161331,0.0005087832783276653,1.9110431587777674e-05,6.205049602300744e-06,3.726639284186561e-07,7.889262586245034e-07,0.00024050606249465076,1.8058518261159955e-06,0.0005972079836989996,0.0004231587478161331,1.9110431587777674e-05
61,0,daughter,Tribal,False,9.547317110805593e-05,1.2533751425646102e-05,3.8831109868779005e-06,3.84493505874534e-07,2.7535691114583474e-06,5.77192003016332e-07,0.004817914666665283,3.8831109868779005e-06,0.0003754344773101004,0.0001064962672055945,3.150386940813393e-05,0.000597888641539975,1.5843621910252592e-05,1.2533751425646102e-05,3.84493505874534e-07,5.77192003016332e-07,0.0003754344773101004,3.8831109868779005e-06,0.004817914666665283,3.150386940813393e-05,1.5843621910252592e-05
61,1,daughter,Tribal,False,0.0006200738823343449,2.5315637215092633e-05,1.535623976496012e-05,2.2827997192887966e-06,2.586743108135441e-06,1.7231572752142392e-06,0.0005248284322550555,2.01456908529364e-06,0.00022120585807682417,0.03608622329228313,0.0012431650853185821,0.01013775836411532,5.193048644949271e-05,2.5315637215092633e-05,2.2827997192887966e-06,1.7231572752142392e-06,0.00022120585807682417,2.01456908529364e-06,0.0005248284322550555,0.0012431650853185821,5.193048644949271e-05
61,2,daughter,Tribal,False,7.321812616608614e-05,1.15919343186331e-05,9.028039015031105e-06,1.3420013504783412e-06,2.355261854303796e-06,1.3420013504783412e-06,0.0005332189102820234,1.7502925788778209e-06,0.00022770387218484876,0.020958118864086807,0.0013532148655407107,0.0006001064513491806,4.108485376346404e-05,1.15919343186331e-05,1.3420013504783412e-06,1.3420013504783412e-06,0.00022770387218484876,1.7502925788778209e-06,0.0005332189102820234,0.0013532148655407107,4.108485376346404e-05
62,0,son,Tribal,False,0.0008309400819925469,0.0007731439949613941,4.373344035182828e-05,4.069457790466838e-06,0.007592644261651153,4.442183589214344e-05,0.0005070071141709016,0.00021416662909256432,0.00023360304396588728,0.019428067455041397,0.0007289077583591925,0.0012158119156463016,4.442183589214344e-05,0.0007731439949613941,4.069457790466838e-06,4.442183589214344e-05,0.00023360304396588728,0.00021416662909256432,0.0005070071141709016,0.0007289077583591925,4.442183589214344e-05
62,1,son,Tribal,False,2.7803096387751555e-05,3.4268490542555014e-06,3.535625074174432e-06,2.9023119852110973e-07,1.5446309562386385e-06,6.144174602214718e-07,0.00047393006395888865,2.01456908529364e-06,0.00022303674997692745,0.0008045684283044233,0.00011160142598430911,0.0004893563764018274,6.205049602300744e-06,3.4268490542555014e-06,2.9023119852110973e-07,6.144174602214718e-07,0.00022303674997692745,2.01456908529364e-06,0.00047393006395888865,0.00011160142598430911,6.205049602300744e-06
62,2,son,Tribal,False,0.0007762776769544655,0.0008228569481394451,1.4202364022997911e-05,7.368592981140821e-06,1.5843621910252592e-05,8.092757566536092e-06,0.004805015439265676,0.00021337902185586662,0.00028577082972949515,0.019564213543644616,0.000568590693522782,0.08330327646955876,0.002456950917794907,0.0008228569481394451,7.368592981140821e-06,8.092757566536092e-06,0.00028577082972949515,0.00021337902185586662,0.004805015439265676,0.000568590693522782,0.002456950917794907
63,0,child,Tribal,False,5.9766937110286536e-05,1.0229985472581487e-05,9.915273115920183e-06,1.4285517650093407e-06,2.5466403947055455e-06,1.1843139025979655e-06,0.0005207405350948458,1.6187581436151335e-06,0.00022735757340977805,0.01039994113137539,0.00044683842664911206,0.000565024317150732,1.9110431587777674e-05,1.0229985472581487e-05,1.4285517650093407e-06,1.1843139025979655e-06,0.00022735757340977805,1.6187581436151335e-06,0.0005207405350948458,0.00044683842664911206,1.9110431587777674e-05
63,1,child,Tribal,False,0.0005788235783983012,3.1999824407395835e-05,7.722191834067996e-06,1.5936620247162786e-06,3.944258675190877e-06,1.4738981974494932e-06,0.0047154379703007905,2.3923509443082866e-06,0.00025978356240982734,0.0008333216862332929,0.00011335690050875118,0.01623574568727164,5.112579049909173e-05,3.1999824407395835e-05,1.5936620247162786e-06,1.4738981974494932e-06,0.00025978356240982734,2.3923509443082866e-06,0.0047154379703007905,0.00011335690050875118,5.112579049909173e-05
63,2,child,Tribal,False,0.000595613990691901,2.7803096387751555e-05,1.7674513810355872e-05,2.5071593847983196e-06,4.908661889889002e-06,1.670142184809518e-06,0.00047318672763725406,9.972941593827283e-07,0.0002167744747109176,0.02023244423294625,0.0007518718061432194,0.0012476373755339234,4.442183589214344e-05,2.7803096387751555e-05,2.5071593847983196e-06,1.670142184809518e-06,0.0002167744747109176,9.972941593827283e-07,0.00047318672763725406,0.0007518718061432194,4.442183589214344e-05
64,0,daughter,Tribal,False,6.986756664856784e-05,9.610241549947397e-06,5.475976980449466e-06,7.411279871974134e-07,4.400118457925303e-06,1.1843139025979655e-06,0.0006088201586065497,3.373722476473661e-06,0.0002410592996703374,0.019840551876477083,0.0004943689078122551,0.0005584771959849743,2.305067219931397e-05,9.610241549947397e-06,7.411279871974134e-07,1.1843139025979655e-06,0.0002410592996703374,3.373722476473661e-06,0.0006088201586065497,0.0004943689078122551,2.305067219931397e-05
64,1,daughter,Tribal,False,2.6947915555885546e-05,4.53978687024344e-06,2.4300240743279605e-06,3.84493505874534e-07,2.0785170435063726e-06,8.939696304799168e-07,0.0005348533821751267,1.1659530314852966e-06,0.00022303674997692745,0.020048423826222392,0.0009196552423046734,0.0004960569708019354,1.9110431587777674e-05,4.53978687024344e-06,3.84493505874534e-07,8.939696304799168e-07,0.00022303674997692745,1.1659530314852966e-06,0.0005348533821751267,0.0009196552423046734,1.9110431587777674e-05
64,2,daughter,Tribal,False,3.1999824407395835e-05,4.1335397768930325e-06,1.6187581436151335e-06,1.5057017254045334e-07,1.4738981974494932e-06,3.726639284186561e-07,0.0006042348328708527,1.3211958228877664e-06,0.00022989918422083383,0.0007327745561277882,7.096703991005882e-05,0.0005071863494234538,2.3782205064034188e-05,4.1335397768930325e-06,1.5057017254045334e-07,3.726639284186561e-07,0.00022989918422083383,1.3211958228877664e-06,0.0006042348328708527,7.096703991005882e-05,2.3782205064034188e-05
65,0,son,Tribal,False,6.361912109467577e-05,1.0720880092159908e-05,4.1335397768930325e-06,8.398072034951531e-07,4.98595821272702e-06,1.5689549727726036e-06,0.0005483993338182368,3.4268490542555014e-06,0.00022951886599524403,0.019976509190057674,0.0006050397688214567,0.0005465467242453664,2.0988308820313112e-05,1.0720880092159908e-05,8.398072034951531e-07,1.5689549727726036e-06,0.00022951886599524403,3.4268490542555014e-06,0.0005483993338182368,0.0006050397688214567,2.0988308820313112e-05
65,1,son,Tribal,False,4.373344035182828e-05,8.092757566536092e-06,4.1335397768930325e-06,7.889262586245034e-07,3.535625074174432e-06,1.2606946239951315e-06,0.000556762291424723,2.5466403947055455e-06,0.0002533919593552032,0.019418141577792924,0.00040072889459113846,0.0005424428555526953,1.7400543552708932e-05,8.092757566536092e-06,7.889262586245034e-07,1.2606946239951315e-06,0.0002533919593552032,2.5466403947055455e-06,0.000556762291424723,0.00040072889459113846,1.7400543552708932e-05
65,2,son,Tribal,False,1.7674513810355872e-05,1.1843139025979655e-06,1.3420013504783412e-06,1.067702870044147e-07,1.2805474213228684e-06,3.726639284186561e-07,0.00045773842458586404,9.972941593827283e-07,5.649793328376294e-06,0.00014325365947100792,4.802972318863164e-05,8.092757566536092e-06,3.6478537675800286e-06,1.1843139025979655e-06,1.067702870044147e-07,3.726639284186561e-07,5.649793328376294e-06,9.972941593827283e-07,0.00045773842458586404,4.802972318863164e-05,3.6478537675800286e-06
66,0,child,Tribal,False,0.0001048469267161009,1.4202364022997911e-05,7.484622751061123e-06,1.2219076020491008e-06,6.205049602300744e-06,3.2192334497037803e-06,0.0005809901648210263,0.00021248506616171437,0.0002519149280417731,0.019458302326364016,6.263341581094202e-05,0.010111682239566159,6.46203290719727e-05,1.4202364022997911e-05,1.2219076020491008e-06,3.2192334497037803e-06,0.0002519149280417731,0.00021248506616171437,0.0005809901648210263,6.263341581094202e-05,6.46203290719727e-05
66,1,child,Tribal,False,0.0007048158314455345,0.0008012616803916232,1.0720880092159908e-05,5.391084403253366e-06,1.7674513810355872e-05,9.610241549947397e-06,0.007451742447582995,0.00021239327621036451,0.0002763292760766304,0.019448147263788598,0.0003273064970671631,0.1168040420272559,0.00350665942271811,0.0008012616803916232,5.391084403253366e-06,9.610241549947397e-06,0.0002763292760766304,0.00021239327621036451,0.007451742447582995,0.0003273064970671631,0.00350665942271811
66,2,child,Tribal,False,7.793660930208434e-05,1.141223854434603e-05,2.840974294610978e-06,4.6378732973537256e-07,2.212566909570261e-06,4.356879983467376e-07,0.004672158799351752,1.7231572752142392e-06,0.00024581038595077964,0.0008704335119750585,8.426423087564058e-05,0.0005493912805431325,1.5843621910252592e-05,1.141223854434603e-05,4.6378732973537256e-07,4.356879983467376e-07,0.00024581038595077964,1.7231572752142392e-06,0.004672158799351752,8.426423087564058e-05,1.5843621910252592e-05
67,0,daughter,,False,3.1015598671268335e-05,4.400118457925303e-06,2.01456908529364e-06,2.994440981371515e-07,2.1112482331487175e-06,5.422218970016178e-07,0.0004788771226696619,7.183260399857925e-07,0.00021512380222681108,0.01019084266413868,0.00030994155155094483,0.0004960569708019354,1.7952796934677738e-05,4.400118457925303e-06,2.994440981371515e-07,5.422218970016178e-07,0.00021512380222681108,7.183260399857925e-07,0.0004788771226696619,0.00030994155155094483,1.7952796934677738e-05
67,1,daughter,,False,4.044814978420809e-05,1.0391067562761452e-05,4.006369222920725e-06,6.748051590048605e-07,3.705296977158347e-06,1.2219076020491008e-06,0.0005483993338182368,2.01456908529364e-06,0.00024050606249465076,0.020486965391886804,0.0007999754508377908,0.0005794095367164778,2.7803096387751555e-05,1.0391067562761452e-05,6.748051590048605e-07,1.2219076020491008e-06,0.00024050606249465076,2.01456908529364e-06,0.0005483993338182368,0.0007999754508377908,2.7803096387751555e-05
67,2,daughter,,False,3.9204178923762816e-05,1.0391067562761452e-05,3.2699273422345685e-06,1.0129990980873922e-06,5.391084403253366e-06,1.5206840370677115e-06,0.0046599093788212715,8.398072034951531e-07,0.0002484179442990331,0.010504209139318285,0.0004905405705722036,0.0012195770294839382,5.112579049909173e-05,1.0391067562761452e-05,1.0129990980873922e-06,1.5206840370677115e-06,0.0002484179442990331,8.398072034951531e-07,0.0046599093788212715,0.0004905405705722036,5.112579049909173e-05
68,0,son,,False,4.373344035182828e-05,7.967300986103147e-06,2.840974294610978e-06,6.144174602214718e-07,3.944258675190877e-06,1.3007128466476034e-06,0.0005442903826314327,1.4738981974494932e-06,0.0002363778348378399,0.0008487344920069995,9.850082967450695e-05,0.0005538279886564313,1.3982207564732913e-05,7.967300986103147e-06,6.144174602214718e-07,1.3007128466476034e-06,0.0002363778348378399,1.4738981974494932e-06,0.0005442903826314327,9.850082967450695e-05,1.3982207564732913e-05
68,1,son,,False,0.0006767554853955495,2.913700606794303e-05,8.220189478350845e-06,1.4738981974494932e-06,6.302758756443267e-06,2.586743108135441e-06,0.0005187672114172379,2.3187477504664324e-06,0.00022877581864421098,0.002786458937919142,0.00012448433020883747,0.016242363925986585,0.0015667662665134982,2.913700606794303e-05,1.4738981974494932e-06,2.586743108135441e-06,0.00022877581864421098,2.3187477504664324e-06,0.0005187672114172379,0.00012448433020883747,0.0015667662665134982
68,2,son,,False,2.1654404989510328e-05,1.8925148246037342e-06,1.8925148246037342e-06,1.4593762210768862e-07,3.8831109868779005e-06,6.144174602214718e-07,1.5476661605996512e-05,9.223470110117277e-07,0.00021228441957103978,8.830458477845481e-05,7.208380258812108e-05,8.349627818261147e-06,5.475976980449466e-06,1.8925148246037342e-06,1.4593762210768862e-07,6.144174602214718e-07,0.00021228441957103978,9.223470110117277e-07,1.5476661605996512e-05,7.208380258812108e-05,5.475976980449466e-06
69,0,child,,False,0.000567903324674726,1.5843621910252592e-05,5.649793328376294e-06,8.139692624947503e-07,2.586743108135441e-06,1.1125607488784412e-06,0.0005215764780207659,2.355261854303796e-06,0.000218704237257557,0.019654925031931895,8.295891883591029e-05,0.0005775117631028116,2.3782205064034188e-05,1.5843621910252592e-05,8.139692624947503e-07,1.1125607488784412e-06,0.000218704237257557,2.355261854303796e-06,0.0005215764780207659,8.295891883591029e-05,2.3782205064034188e-05
69,1,child,,False,0.0006844636359260021,4.173157606777201e-05,8.092757566536092e-06,2.2474089854291757e-06,4.683888424952456e-06,2.796930302582677e-06,0.0005453569782602062,1.9525885208642222e-06,0.0002202460844238597,0.0029298105410563774,4.7285443452031076e-05,0.0822771278528175,0.0016120876359939614,4.173157606777201e-05,2.2474089854291757e-06,2.796930302582677e-06,0.0002202460844238597,1.9525885208642222e-06,0.0005453569782602062,4.7285443452031076e-05,0.0016120876359939614
69,2,child,,False,0.0005721696121140179,2.0027376671813928e-05,8.750299760661308e-06,1.3420013504783412e-06,3.944258675190877e-06,2.6688529572628562e-06,0.0005528920934324222,2.586743108135441e-06,0.00022735757340977805,0.010246080112770995,9.399438806628559e-05,0.022892124939575455,0.0015908264094606059,2.0027376671813928e-05,1.3420013504783412e-06,2.6688529572628562e-06,0.00022735757340977805,2.586743108135441e-06,0.0005528920934324222,9.399438806628559e-05,0.0015908264094606059
70,0,daughter,,False,4.802972318863164e-05,1.535623976496012e-05,2.6688529572628562e-06,9.223470110117277e-07,4.908661889889002e-06,1.3846004563753396e-06,0.004665656954669126,2.2474089854291757e-06,0.00023273440348495238,0.020504967281070943,0.0004718369255027519,0.0012455302488313294,3.799845147518645e-05,1.535623976496012e-05,9.223470110117277e-07,1.3846004563753396e-06,0.00023273440348495238,2.2474089854291757e-06,0.004665656954669126,0.0004718369255027519,3.799845147518645e-05
70,1,daughter,,False,6.771942330385674e-05,2.3413582477639402e-05,3.2192334497037803e-06,1.0129990980873922e-06,7.2543618230189156e-06,2.1444948420913954e-06,0.0005781798342955142,3.169325442919291e-06,0.00023316533255432313,0.0029056745866044694,0.00019570169401946335,0.010103386892801616,2.234163601827719e-05,2.3413582477639402e-05,1.0129990980873922e-06,2.1444948420913954e-06,0.00023316533255432313,3.169325442919291e-06,0.0005781798342955142,0.00019570169401946335,2.234163601827719e-05
70,2,daughter,,False,6.263341581094202e-05,2.1654404989510328e-05,3.535625074174432e-06,1.1843139025979655e-06,3.8831109868779005e-06,1.3846004563753396e-06,0.004662498096034829,2.355261854303796e-06,0.0002263505449868847,0.019726659322314974,0.0006589771663080563,0.010303515402504852,0.0015643325470709956,2.1654404989510328e-05,1.1843139025979655e-06,1.3846004563753396e-06,0.0002263505449868847,2.355261854303796e-06,0.004662498096034829,0.0006589771663080563,0.0015643325470709956
71,0,son,,False,7.096703991005882e-05,1.2931563954607948e-05,5.391084403253366e-06,8.664653147910923e-07,5.649793328376294e-06,2.2827997192887966e-06,0.000497388037097586,3.2192334497037803e-06,0.00021978822261505042,0.010320066741060945,0.00027149854690051767,0.0011812131826251435,3.514382632807918e-05,1.2931563954607948e-05,8.664653147910923e-07,2.2827997192887966e-06,0.00021978822261505042,3.2192334497037803e-06,0.000497388037097586,0.00027149854690051767,3.514382632807918e-05
71,1,son,,False,3.8596609058077356e-05,4.264746818557914e-06,3.321419494792514e-06,2.123378462433771e-07,1.4510478554719287e-06,3.84493505874534e-07,0.0005305851814371124,1.4510478554719287e-06,0.00021891431472897835,0.002910427575755454,0.00015247863912257493,0.0004833830295680014,1.1959857805023158e-05,4.264746818557914e-06,2.123378462433771e-07,3.84493505874534e-07,0.00021891431472897835,1.4510478554719287e-06,0.0005305851814371124,0.00015247863912257493,1.1959857805023158e-05
71,2,son,,False,0.0005521078339566511,1.0229985472581487e-05,1.3342001090985438e-05,6.962256250138369e-07,3.6478537675800286e-06,1.3007128466476034e-06,0.0005573254819956884,3.4268490542555014e-06,0.00022805562191617214,0.0006978298516223775,9.850082967450695e-05,0.0005633490590837672,2.6947915555885546e-05,1.0229985472581487e-05,6.962256250138369e-07,1.3007128466476034e-06,0.00022805562191617214,3.4268490542555014e-06,0.0005573254819956884,9.850082967450695e-05,2.6947915555885546e-05
72,0,child,,False,6.771942330385674e-05,5.475976980449466e-06,3.535625074174432e-06,5.77192003016332e-07,1.9223170236538178e-06,6.748051590048605e-07,0.0005095644298672442,1.4064044342149064e-06,0.00021751041144712992,0.0008045684283044233,1.442598644847886e-05,0.0006117289013069706,4.655269187520153e-05,5.475976980449466e-06,5.77192003016332e-07,6.748051590048605e-07,0.00021751041144712992,1.4064044342149064e-06,0.0005095644298672442,1.442598644847886e-05,4.655269187520153e-05
72,1,child,,False,5.193048644949271e-05,9.028039015031105e-06,3.024195853395102e-06,4.936988949458183e-07,2.355261854303796e-06,9.818326983657703e-07,0.0005171576814344368,9.223470110117277e-07,0.00021978822261505042,0.020771555435745475,0.00024726231566347745,0.0005523259629862285,2.6119031909571944e-05,9.028039015031105e-06,4.936988949458183e-07,9.818326983657703e-07,0.00021978822261505042,9.223470110117277e-07,0.0005171576814344368,0.00024726231566347745,2.6119031909571944e-05
72,2,child,,False,4.955359475635505e-05,1.5118199327273332e-05,3.535625074174432e-06,1.7778551863194697e-06,7.484622751061123e-06,1.9525885208642222e-06,0.004696746518914253,1.4064044342149064e-06,0.0002511935262300754,0.037888660312513596,0.0014957086593149992,0.010114490529291663,4.955359475635505e-05,1.5118199327273332e-05,1.7778551863194697e-06,1.9525885208642222e-06,0.0002511935262300754,1.4064044342149064e-06,0.004696746518914253,0.0014957086593149992,4.955359475635505e-05
73,0,daughter,,False,7.554056327295277e-05,1.535623976496012e-05,3.4268490542555014e-06,9.818326983657703e-07,3.8831109868779005e-06,2.1444948420913954e-06,0.0005098541573453788,1.3007128466476034e-06,0.00021770169376519476,0.0644764540207882,0.0012624949281564409,0.0013085825177989695,5.27478412523148e-05,1.535623976496012e-05,9.818326983657703e-07,2.1444948420913954e-06,0.00021770169376519476,1.3007128466476034e-06,0.0005098541573453788,0.0012624949281564409,5.27478412523148e-05
73,1,daughter,,False,6.563728324346652e-05,1.442598644847886e-05,3.373722476473661e-06,7.889262586245034e-07,4.1335397768930325e-06,1.0451548051737735e-06,0.0005827028218956953,1.0129990980873922e-06,0.00024909567651839985,0.019840551876477083,0.0004573864277626819,0.0005538279886564313,1.971694219622292e-05,1.442598644847886e-05,7.889262586245034e-07,1.0451548051737735e-06,0.00024909567651839985,1.0129990980873922e-06,0.0005827028218956953,0.0004573864277626819,1.971694219622292e-05
73,2,daughter,,False,2.913700606794303e-05,5.738759521437678e-06,2.586743108135441e-06,4.222833444659923e-07,2.1782649863110498e-06,8.139692624947503e-07,0.000509275830259219,1.3846004563753396e-06,0.00021308442800063956,0.0008817985412716716,0.00014779429802159512,0.0005616997185942735,3.9204178923762816e-05,5.738759521437678e-06,4.222833444659923e-07,8.139692624947503e-07,0.00021308442800063956,1.3846004563753396e-06,0.000509275830259219,0.00014779429802159512,3.9204178923762816e-05
74,0,son,,False,4.7285443452031076e-05,2.586743108135441e-06,1.4971083692627422e-06,2.1907815825757866e-07,1.0783312222985275e-06,4.356879983467376e-07,0.0004660187641789279,4.0929110499856e-07,6.10885510164857e-06,4.373344035182828e-05,3.120191139396651e-06,0.0004999085000106341,1.0554685795431098e-05,2.586743108135441e-06,2.1907815825757866e-07,4.356879983467376e-07,6.10885510164857e-06,4.0929110499856e-07,0.0004660187641789279,3.120191139396651e-06,1.0554685795431098e-05
74,1,son,,False,6.361912109467577e-05,1.141223854434603e-05,3.120191139396651e-06,8.139692624947503e-07,3.8831109868779005e-06,1.6187581436151335e-06,0.0004938671167868664,1.0451548051737735e-06,0.00021453243307176662,0.019408290971125827,0.0003123648599853311,0.0012312300707620777,3.150386940813393e-05,1.141223854434603e-05,8.139692624947503e-07,1.6187581436151335e-06,0.00021453243307176662,1.0451548051737735e-06,0.0004938671167868664,0.0003123648599853311,3.150386940813393e-05
74,2,son,,False,6.46203290719727e-05,1.0391067562761452e-05,2.97731143841062e-06,6.962256250138369e-07,3.2699273422345685e-06,1.4738981974494932e-06,0.0005029394593519703,1.9833367060283617e-06,0.00022570493397209223,7.208380258812108e-05,1.0720880092159908e-05,0.0012413647992119714,4.655269187520153e-05,1.0391067562761452e-05,6.962256250138369e-07,1.4738981974494932e-06,0.00022570493397209223,1.9833367060283617e-06,0.0005029394593519703,1.0720880092159908e-05,4.655269187520153e-05
75,0,child,,False,0.0006383916385367546,2.0027376671813928e-05,7.722191834067996e-06,1.1478768127080353e-06,4.61127481426412e-06,1.7778551863194697e-06,0.0005395157212490561,9.368717268777097e-07,0.00022222751156548602,0.00013250224172131609,1.5598027633743823e-05,0.01025835518462077,3.3015272509780104e-05,2.0027376671813928e-05,1.1478768127080353e-06,1.7778551863194697e-06,0.00022222751156548602,9.368717268777097e-07,0.0005395157212490561,1.5598027633743823e-05,3.3015272509780104e-05
75,1,child,,False,0.0007926775426870258,0.000748345240125015,1.2148175280558357e-05,1.9525885208642222e-06,9.028039015031105e-06,3.822911232549001e-06,0.0005210739346422647,2.5466403947055455e-06,0.0002233150331012493,0.03753930333307293,0.0007121428745735102,0.016102303579181083,4.173157606777201e-05,0.000748345240125015,1.9525885208642222e-06,3.822911232549001e-06,0.0002233150331012493,2.5466403947055455e-06,0.0005210739346422647,0.0007121428745735102,4.173157606777201e-05
75,2,child,,False,0.00010322310367548195,1.971694219622292e-05,6.40200641038395e-06,1.3420013504783412e-06,4.264746818557914e-06,2.0785170435063726e-06,0.0005740656427132941,4.53978687024344e-06,0.00022735757340977805,0.019702385022300335,6.563728324346652e-05,0.0012195770294839382,2.5315637215092633e-05,1.971694219622292e-05,1.3420013504783412e-06,2.0785170435063726e-06,0.00022735757340977805,4.53978687024344e-06,0.0005740656427132941,6.563728324346652e-05,2.5315637215092633e-05
76,0,daughter,,False,5.27478412523148e-05,7.0311842669149565e-06,2.212566909570261e-06,4.78509449489012e-07,2.840974294610978e-06,8.939696304799168e-07,0.0004966672729750374,6.339210403977636e-07,0.00021934444373130447,0.0007470393220393539,0.00011335690050875118,0.0006001064513491806,1.971694219622292e-05,7.0311842669149565e-06,4.78509449489012e-07,8.939696304799168e-07,0.00021934444373130447,6.339210403977636e-07,0.0004966672729750374,0.00011335690050875118,1.971694219622292e-05
76,1,daughter,,False,3.1015598671268335e-05,5.144221374220898e-06,2.586743108135441e-06,2.4061023397180247e-07,2.88571183887091e-06,5.955139348629957e-07,0.0005419801381733364,2.2474089854291757e-06,0.00022303674997692745,0.0008935216182967705,0.00016229670614688406,0.0005138843625860062,2.6119031909571944e-05,5.144221374220898e-06,2.4061023397180247e-07,5.955139348629957e-07,0.00022303674997692745,2.2474089854291757e-06,0.0005419801381733364,0.00016229670614688406,2.6119031909571944e-05
76,2,daughter,,False,6.263341581094202e-05,1.5118199327273332e-05,3.0718185454758057e-06,1.0129990980873922e-06,6.014151777699533e-06,1.5689549727726036e-06,0.0005332189102820234,1.6187581436151335e-06,0.00023316533255432313,0.010351285062782186,0.0002673006032788653,0.0011488846913063758,2.234163601827719e-05,1.5118199327273332e-05,1.0129990980873922e-06,1.5689549727726036e-06,0.00023316533255432313,1.6187581436151335e-06,0.0005332189102820234,0.0002673006032788653,2.234163601827719e-05
77,0,son,,False,0.005688480885716479,0.001028858442841086,1.7952796934677738e-05,8.61465062380632e-06,2.571419797957771e-05,2.0342697805520655e-05,0.0046855763301775575,4.98595821272702e-06,0.0002519149280417731,0.020416283747934114,0.0007755536780847568,0.1533457720116825,0.002419316494174181,0.001028858442841086,8.61465062380632e-06,2.0342697805520655e-05,0.0002519149280417731,4.98595821272702e-06,0.0046855763301775575,0.0007755536780847568,0.002419316494174181
77,1,son,,False,5.4421326243255744e-05,7.0311842669149565e-06,6.014151777699533e-06,3.288749065460498e-07,3.120191139396651e-06,1.1125607488784412e-06,0.0005029394593519703,1.9525885208642222e-06,0.0002263505449868847,8.830458477845481e-05,3.682979260160596e-05,0.000565024317150732,2.0988308820313112e-05,7.0311842669149565e-06,3.288749065460498e-07,1.1125607488784412e-06,0.0002263505449868847,1.9525885208642222e-06,0.0005029394593519703,3.682979260160596e-05,2.0988308820313112e-05
77,2,son,,False,2.0027376671813928e-05,2.840974294610978e-06,1.8342893327886845e-06,2.561282210758673e-07,1.4285517650093407e-06,5.594337713435001e-07,0.0004942100088074309,8.398072034951531e-07,0.00021695417048520467,0.0028179309367027785,0.00016229670614688406,0.0004898680643879527,1.488384825728813e-05,2.840974294610978e-06,2.561282210758673e-07,5.594337713435001e-07,0.00021695417048520467,8.398072034951531e-07,0.0004942100088074309,0.00016229670614688406,1.488384825728813e-05
78,0,child,,False,4.8785712278226595e-05,4.264746818557914e-06,3.4808121961114687e-06,4.6378732973537256e-07,2.5071593847983196e-06,1.3420013504783412e-06,0.000499852431416165,1.363134508591315e-06,0.00022249305551005476,0.00015731121653489972,9.170196905195049e-06,0.0005538279886564313,9.915273115920183e-06,4.264746818557914e-06,4.6378732973537256e-07,1.3420013504783412e-06,0.00022249305551005476,1.363134508591315e-06,0.000499852431416165,9.170196905195049e-06,9.915273115920183e-06
78,1,child,,False,6.361912109467577e-05,1.141223854434603e-05,3.822911232549001e-06,9.666109404131067e-07,5.307507822667365e-06,2.931153855960119e-06,0.0005125131906864573,1.9525885208642222e-06,0.00022477355484446784,0.0007661644959617213,2.305067219931397e-05,0.0011628954264227337,2.571419797957771e-05,1.141223854434603e-05,9.666109404131067e-07,2.931153855960119e-06,0.00022477355484446784,1.9525885208642222e-06,0.0005125131906864573,2.305067219931397e-05,2.571419797957771e-05
78,2,child,,False,0.00010162440410680168,3.8596609058077356e-05,6.302758756443267e-06,1.4285517650093407e-06,1.141223854434603e-05,1.1061159714638084e-05,0.0047776125888459,0.00021797638818859668,0.00023837750867635168,0.0008760719569540332,5.0333557545281144e-05,0.07177954485545061,0.005438826667888969,3.8596609058077356e-05,1.4285517650093407e-06,1.1061159714638084e-05,0.00023837750867635168,0.00021797638818859668,0.0047776125888459,5.0333557545281144e-05,0.005438826667888969
79,0,daughter,,False,5.193048644949271e-05,1.1061159714638084e-05,4.198630823683514e-06,1.3846004563753396e-06,8.481104172358076e-06,3.321419494792514e-06,0.0004870104393978988,1.3007128466476034e-06,0.000223597696961234,0.010367256280573566,0.0003027835024568379,0.0011462110697769345,2.305067219931397e-05,1.1061159714638084e-05,1.3846004563753396e-06,3.321419494792514e-06,0.000223597696961234,1.3007128466476034e-06,0.0004870104393978988,0.0003027835024568379,2.305067219931397e-05
79,1,daughter,,False,2.2693385749600554e-05,3.7636447180974406e-06,1.8342893327886845e-06,2.561282210758673e-07,2.212566909570261e-06,5.955139348629957e-07,0.0005037340617940835,1.2219076020491008e-06,0.00024395884522464894,0.0028179309367027785,0.00017546144100994869,0.00048138973993243486,6.40200641038395e-06,3.7636447180974406e-06,2.561282210758673e-07,5.955139348629957e-07,0.00024395884522464894,1.2219076020491008e-06,0.0005037340617940835,0.00017546144100994869,6.40200641038395e-06
79,2,daughter,,False,4.8785712278226595e-05,1.8235460794662427e-05,7.2543618230189156e-06,2.2827997192887966e-06,1.609308249869283e-05,5.064471653194114e-06,0.0005032032942715987,1.9833367060283617e-06,0.00022914444123060576,0.0027641006197803124,0.00025114635138098534,0.010117320684545133,5.27478412523148e-05,1.8235460794662427e-05,2.2827997192887966e-06,5.064471653194114e-06,0.00022914444123060576,1.9833367060283617e-06,0.0005032032942715987,0.00025114635138098534,5.27478412523148e-05
80,0,son,,False,3.150386940813393e-05,5.144221374220898e-06,2.586743108135441e-06,4.222833444659923e-07,2.97731143841062e-06,1.1478768127080353e-06,0.000526057214305579,8.398072034951531e-07,0.00022989918422083383,0.010211160378759361,0.0003172682842485189,0.0005385266023448675,1.6865275398914433e-05,5.144221374220898e-06,4.222833444659923e-07,1.1478768127080353e-06,0.00022989918422083383,8.398072034951531e-07,0.000526057214305579,0.0003172682842485189,1.6865275398914433e-05
80,1,son,,False,3.682979260160596e-05,1.670142184809518e-06,2.2827997192887966e-06,1.101595360000069e-07,1.2219076020491008e-06,2.123378462433771e-07,0.0004660187641789279,9.516251694168764e-07,0.00021695417048520467,6.667023092435894e-05,2.0027376671813928e-05,9.028039015031105e-06,3.535625074174432e-06,1.670142184809518e-06,1.101595360000069e-07,2.123378462433771e-07,0.00021695417048520467,9.516251694168764e-07,0.0004660187641789279,2.0027376671813928e-05,3.535625074174432e-06
80,2,son,,False,3.150386940813393e-05,3.7636447180974406e-06,2.355261854303796e-06,2.0580491096133835e-07,1.6442494559854523e-06,6.144174602214718e-07,0.00047231366356934794,1.0783312222985275e-06,0.00021439027518160267,0.0008594156731411163,0.00018969200744787138,0.00047990346407748657,6.40200641038395e-06,3.7636447180974406e-06,2.0580491096133835e-07,6.144174602214718e-07,0.00021439027518160267,1.0783312222985275e-06,0.00047231366356934794,0.00018969200744787138,6.40200641038395e-06
81,0,child,,False,0.0007408542695498401,0.0007875198731155869,7.368592981140821e-06,4.757645425657629e-06,1.15919343186331e-05,5.920916517463734e-06,0.004766614594083675,3.705296977158347e-06,0.0002519149280417731,0.002887025252971318,4.583129006350382e-05,0.18289829123103235,0.005433689475790568,0.0007875198731155869,4.757645425657629e-06,5.920916517463734e-06,0.0002519149280417731,3.705296977158347e-06,0.004766614594083675,4.583129006350382e-05,0.005433689475790568
81,1,child,,False,0.0005765709440160247,3.459916031782155e-05,1.0554685795431098e-05,2.88571183887091e-06,4.98595821272702e-06,2.7535691114583474e-06,0.0005499519220046467,2.1112482331487175e-06,0.00024277179663959579,0.02057832915654422,0.000564190850002335,0.016197086262433477,6.986756664856784e-05,3.459916031782155e-05,2.88571183887091e-06,2.7535691114583474e-06,0.00024277179663959579,2.1112482331487175e-06,0.0005499519220046467,0.000564190850002335,6.986756664856784e-05
81,2,child,,False,0.0007134099812571142,0.0007580777271516936,9.314593042575101e-06,3.4268490542555014e-06,1.442598644847886e-05,6.10885510164857e-06,0.01486664953768815,0.0002192952538064642,0.0002950561685337654,0.010253226208557755,4.583129006350382e-05,0.07137607426585524,0.002432897666423434,0.0007580777271516936,3.4268490542555014e-06,6.10885510164857e-06,0.0002950561685337654,0.0002192952538064642,0.01486664953768815,4.583129006350382e-05,0.002432897666423434
82,0,daughter,,False,3.569706350376584e-05,5.475976980449466e-06,2.212566909570261e-06,3.9669859149467314e-07,1.8925148246037342e-06,6.748051590048605e-07,0.0005313303553513705,1.1478768127080353e-06,0.000226025218654955,0.020751581986515787,0.0009412589587609823,0.00048598979794611563,1.7400543552708932e-05,5.475976980449466e-06,3.9669859149467314e-07,6.748051590048605e-07,0.000226025218654955,1.1478768127080353e-06,0.0005313303553513705,0.0009412589587609823,1.7400543552708932e-05
82,1,daughter,,False,2.2693385749600554e-05,3.4268490542555014e-06,2.355261854303796e-06,2.994440981371515e-07,2.7535691114583474e-06,8.664653147910923e-07,0.0004993518312321139,1.0953122821495382e-06,0.00022770387218484876,0.0028601092173492736,0.00011879054941163418,0.0005096006331304874,2.0342697805520655e-05,3.4268490542555014e-06,2.994440981371515e-07,8.664653147910923e-07,0.00022770387218484876,1.0953122821495382e-06,0.0004993518312321139,0.00011879054941163418,2.0342697805520655e-05
82,2,daughter,,False,0.0005414888098175762,2.3413582477639402e-05,6.40200641038395e-06,1.1843139025979655e-06,4.908661889889002e-06,1.6187581436151335e-06,0.01193221160574127,0.00022144799790153877,0.00034639808582837385,0.019893708477867093,0.0003649987031209838,0.0012312300707620777,5.7031570707833595e-05,2.3413582477639402e-05,1.1843139025979655e-06,1.6187581436151335e-06,0.00034639808582837385,0.00022144799790153877,0.01193221160574127,0.0003649987031209838,5.7031570707833595e-05
83,0,son,,False,0.005011307427260185,4.238847419937498e-05,2.199533724320648e-05,3.2192334497037803e-06,3.6478537675800286e-06,2.0785170435063726e-06,0.0004991029920624177,2.5071593847983196e-06,0.00022170870641199087,0.10464892761530561,0.00046095721793742083,0.010282511468364364,6.771942330385674e-05,4.238847419937498e-05,3.2192334497037803e-06,2.0785170435063726e-06,0.00022170870641199087,2.5071593847983196e-06,0.0004991029920624177,0.00046095721793742083,6.771942330385674e-05
83,1,son,,False,3.799845147518645e-05,4.683888424952456e-06,3.120191139396651e-06,3.1875652166284776e-07,1.6442494559854523e-06,7.411279871974134e-07,0.0004788771226696619,9.666109404131067e-07,0.00021559222163915307,0.010468386335031162,0.0004038591571505557,0.0004942623523511968,9.028039015031105e-06,4.683888424952456e-06,3.1875652166284776e-07,7.411279871974134e-07,0.00021559222163915307,9.666109404131067e-07,0.0004788771226696619,0.0004038591571505557,9.028039015031105e-06
83,2,son,,False,1.7400543552708932e-05,2.2827997192887966e-06,1.5689549727726036e-06,1.9333584585546466e-07,1.3211958228877664e-06,3.726639284186561e-07,1.5598027633743823e-05,3.6119830612765795e-07,5.475976980449466e-06,0.00015731121653489972,6.878511550552459e-05,2.234163601827719e-05,5.829126566113866e-06,2.2827997192887966e-06,1.9333584585546466e-07,3.726639284186561e-07,5.475976980449466e-06,3.6119830612765795e-07,1.5598027633743823e-05,6.878511550552459e-05,5.829126566113866e-06
84,0,child,,False,0.0006844636359260021,2.2693385749600554e-05,8.61465062380632e-06,1.1478768127080353e-06,5.475976980449466e-06,1.7778551863194697e-06,0.000518119630895629,2.1112482331487175e-06,0.000218704237257557,0.0007293448983675676,3.150386940813393e-05,0.010146862662084352,6.986756664856784e-05,2.2693385749600554e-05,1.1478768127080353e-06,1.7778551863194697e-06,0.000218704237257557,2.1112482331487175e-06,0.000518119630895629,3.150386940813393e-05,6.986756664856784e-05
84,1,child,,False,2.0662982488383408e-05,2.355261854303796e-06,1.7778551863194697e-06,2.123378462433771e-07,2.1444948420913954e-06,8.139692624947503e-07,0.00046139969563489515,5.338155705389253e-07,4.264746818557914e-06,8.969393236719384e-05,1.141223854434603e-05,0.0005267203585267405,1.971694219622292e-05,2.355261854303796e-06,2.123378462433771e-07,8.139692624947503e-07,4.264746818557914e-06,5.338155705389253e-07,0.00046139969563489515,1.141223854434603e-05,1.971694219622292e-05
84,2,child,,False,0.0006844636359260021,3.9204178923762816e-05,1.488384825728813e-05,2.4300240743279605e-06,6.709224499600877e-06,4.832563818725537e-06,0.00475573698756897,3.6478537675800286e-06,0.0002511935262300754,0.020330845522620287,0.0002550912421286719,0.07149208952275836,0.002388579128368805,3.9204178923762816e-05,2.4300240743279605e-06,4.832563818725537e-06,0.0002511935262300754,3.6478537675800286e-06,0.00475573698756897,0.0002550912421286719,0.002388579128368805
85,0,daughter,,False,8.167381046669487e-05,1.1235328063870752e-05,3.321419494792514e-06,2.332074525844782e-07,2.97731143841062e-06,4.356879983467376e-07,0.01190763400418271,0.00021545223432805976,0.004522042583028605,9.253848866495987e-05,2.8240807799315707e-05,0.0005335820331640444,1.0889691002655445e-05,1.1235328063870752e-05,2.332074525844782e-07,4.356879983467376e-07,0.004522042583028605,0.00021545223432805976,0.01190763400418271,2.8240807799315707e-05,1.0889691002655445e-05
85,1,daughter,,False,2.3413582477639402e-05,4.264746818557914e-06,1.7778551863194697e-06,1.4593762210768862e-07,1.8058518261159955e-06,4.495181578513688e-07,0.004725242573992022,2.3187477504664324e-06,0.00024395884522464894,7.67292412858718e-05,5.112579049909173e-05,0.000493111798506495,1.15919343186331e-05,4.264746818557914e-06,1.4593762210768862e-07,4.495181578513688e-07,0.00024395884522464894,2.3187477504664324e-06,0.004725242573992022,5.112579049909173e-05,1.15919343186331e-05
85,2,daughter,,False,5.7031570707833595e-05,4.832563818725537e-06,3.7636447180974406e-06,4.495181578513688e-07,2.212566909570261e-06,5.422218970016178e-07,0.00046296314048096724,5.955139348629957e-07,0.0002137118639848327,0.000138852327569001,6.46203290719727e-05,0.0005012746277703161,1.3982207564732913e-05,4.832563818725537e-06,4.495181578513688e-07,5.422218970016178e-07,0.0002137118639848327,5.955139348629957e-07,0.00046296314048096724,6.46203290719727e-05,1.3982207564732913e-05
86,0,son,,False,0.0006143383871652817,2.571419797957771e-05,1.1959857805023158e-05,2.5466403947055455e-06,1.6346470245419304e-05,7.967300986103147e-06,0.010210495457249736,0.00021478433912260148,0.0003169636621508807,0.002786458937919142,0.0001206589712246389,0.015989655153436845,4.955359475635505e-05,2.571419797957771e-05,2.5466403947055455e-06,7.967300986103147e-06,0.0003169636621508807,0.00021478433912260148,0.010210495457249736,0.0001206589712246389,4.955359475635505e-05
86,1,son,,False,0.000606063147217987,0.0007516926173678823,8.220189478350845e-06,2.2827997192887966e-06,2.234163601827719e-05,1.6603846953733614e-05,0.0004737802338585972,1.7231572752142392e-06,0.00022989918422083383,0.002887025252971318,0.00022872276058698749,0.016033442344281057,4.238847419937498e-05,0.0007516926173678823,2.2827997192887966e-06,1.6603846953733614e-05,0.00022989918422083383,1.7231572752142392e-06,0.0004737802338585972,0.00022872276058698749,4.238847419937498e-05
86,2,son,,False,4.655269187520153e-05,6.605214485464791e-06,3.535625074174432e-06,3.500854414401442e-07,2.4682904407607285e-06,1.5689549727726036e-06,0.0005949571429351562,3.944258675190877e-06,0.0002323101517224571,0.010170987564578925,3.9821309061635425e-05,0.0005538279886564313,2.6947915555885546e-05,6.605214485464791e-06,3.500854414401442e-07,1.5689549727726036e-06,0.0002323101517224571,3.944258675190877e-06,0.0005949571429351562,3.9821309061635425e-05,2.6947915555885546e-05
87,0,child,,False,0.0006620400451320043,2.1654404989510328e-05,4.1335397768930325e-06,6.962256250138369e-07,2.840974294610978e-06,1.1478768127080353e-06,0.0005436553962403013,3.2192334497037803e-06,0.000245183545228207,8.295891883591029e-05,5.920916517463734e-06,0.010231553648738033,1.9110431587777674e-05,2.1654404989510328e-05,6.962256250138369e-07,1.1478768127080353e-06,0.000245183545228207,3.2192334497037803e-06,0.0005436553962403013,5.920916517463734e-06,1.9110431587777674e-05
87,1,child,,False,2.1654404989510328e-05,1.8925148246037342e-06,2.01456908529364e-06,1.5057017254045334e-07,1.7778551863194697e-06,5.093705003229987e-07,0.00046811462941296126,7.296379465971514e-07,4.832563818725537e-06,0.0001597845494017344,1.1959857805023158e-05,0.00048509359967748836,7.967300986103147e-06,1.8925148246037342e-06,1.5057017254045334e-07,5.093705003229987e-07,4.832563818725537e-06,7.296379465971514e-07,0.00046811462941296126,1.1959857805023158e-05,7.967300986103147e-06
87,2,child,,False,0.0005617480965584138,1.0720880092159908e-05,3.822911232549001e-06,5.955139348629957e-07,1.670142184809518e-06,8.664653147910923e-07,0.0005440783078620128,2.5071593847983196e-06,0.000249784072058715,0.0008234381138183805,2.199533724320648e-05,0.0011409871228185344,1.535623976496012e-05,1.0720880092159908e-05,5.955139348629957e-07,8.664653147910923e-07,0.000249784072058715,2.5071593847983196e-06,0.0005440783078620128,2.199533724320648e-05,1.535623976496012e-05
88,0,daughter,,False,6.263341581094202e-05,6.014151777699533e-06,4.53978687024344e-06,4.356879983467376e-07,2.0785170435063726e-06,7.646537350121258e-07,0.0005157356956746976,1.6187581436151335e-06,0.0002250791783627945,0.02007795496937836,0.0006744989542092038,0.0005121306555705326,2.0342697805520655e-05,6.014151777699533e-06,4.356879983467376e-07,7.646537350121258e-07,0.0002250791783627945,1.6187581436151335e-06,0.0005157356956746976,0.0006744989542092038,2.0342697805520655e-05
88,1,daughter,,False,3.0534893211185946e-05,4.908661889889002e-06,2.01456908529364e-06,3.3931448129766124e-07,2.7535691114583474e-06,7.411279871974134e-07,0.0005132685271735404,1.2411496080609794e-06,0.00021809334032878513,0.0028261078542871536,0.00010322310367548195,0.0005813371220870101,2.6119031909571944e-05,4.908661889889002e-06,3.3931448129766124e-07,7.411279871974134e-07,0.00021809334032878513,1.2411496080609794e-06,0.0005132685271735404,0.00010322310367548195,2.6119031909571944e-05
88,2,daughter,,False,0.0005881933939738148,1.0391067562761452e-05,3.535625074174432e-06,3.6119830612765795e-07,2.627477314480822e-06,6.962256250138369e-07,0.0005016356132551542,2.627477314480822e-06,0.00022001536555728952,0.02001933314017697,0.0003824483644637211,0.0004954494009362499,1.15919343186331e-05,1.0391067562761452e-05,3.6119830612765795e-07,6.962256250138369e-07,0.00022001536555728952,2.627477314480822e-06,0.0005016356132551542,0.0003824483644637211,1.15919343186331e-05
89,0,son,,False,4.655269187520153e-05,3.321419494792514e-06,2.5071593847983196e-06,2.2603242979035749e-07,3.8831109868779005e-06,1.5689549727726036e-06,0.00048240150882613577,8.139692624947503e-07,0.0002204804354938449,0.0007226435938923609,0.00011695102650555148,0.00048598979794611563,1.15919343186331e-05,3.321419494792514e-06,2.2603242979035749e-07,1.5689549727726036e-06,0.0002204804354938449,8.139692624947503e-07,0.00048240150882613577,0.00011695102650555148,1.15919343186331e-05
89,1,son,,False,2.5315637215092633e-05,3.2192334497037803e-06,2.586743108135441e-06,2.9023119852110973e-07,2.3187477504664324e-06,6.748051590048605e-07,0.0005152672191311762,1.4971083692627422e-06,0.0002253896128383855,0.002887025252971318,0.00021489492836254285,0.00048380070743405816,9.610241549947397e-06,3.2192334497037803e-06,2.9023119852110973e-07,6.748051590048605e-07,0.0002253896128383855,1.4971083692627422e-06,0.0005152672191311762,0.00021489492836254285,9.610241549947397e-06
89,2,son,,False,8.167381046669487e-05,1.4653129390717958e-05,4.069457790466838e-06,1.2219076020491008e-06,6.709224499600877e-06,1.9525885208642222e-06,0.0005531213604296143,2.1782649863110498e-06,0.00022668099229563676,0.0028261078542871536,0.000138852327569001,0.010134770345887872,4.442183589214344e-05,1.4653129390717958e-05,1.2219076020491008e-06,1.9525885208642222e-06,0.00022668099229563676,2.1782649863110498e-06,0.0005531213604296143,0.000138852327569001,4.442183589214344e-05
90,0,child,,False,4.108485376346404e-05,2.840974294610978e-06,2.5466403947055455e-06,1.816222403812674e-07,8.664653147910923e-07,3.726639284186561e-07,0.00047672945997876326,5.255395707074638e-07,0.00021228441957103978,3.8596609058077356e-05,4.264746818557914e-06,0.0005112741181214284,8.750299760661308e-06,2.840974294610978e-06,1.816222403812674e-07,3.726639284186561e-07,0.00021228441957103978,5.255395707074638e-07,0.00047672945997876326,4.264746818557914e-06,8.750299760661308e-06
90,1,child,,False,3.9821309061635425e-05,4.264746818557914e-06,1.7778551863194697e-06,2.561282210758673e-07,2.0462932829931794e-06,7.411279871974134e-07,0.0004709032361132395,3.84493505874534e-07,6.10885510164857e-06,0.0001064962672055945,1.488384825728813e-05,0.0005300709180442588,8.750299760661308e-06,4.264746818557914e-06,2.561282210758673e-07,7.411279871974134e-07,6.10885510164857e-06,3.84493505874534e-07,0.0004709032361132395,1.488384825728813e-05,8.750299760661308e-06
90,2,child,,False,5.527786369235996e-05,1.0554685795431098e-05,2.7535691114583474e-06,4.356879983467376e-07,4.198630823683514e-06,8.139692624947503e-07,0.0005654266175468787,2.2474089854291757e-06,0.0002464470899300356,0.0008091765268185392,8.426423087564058e-05,0.0005479579113182372,1.6346470245419304e-05,1.0554685795431098e-05,4.356879983467376e-07,8.139692624947503e-07,0.0002464470899300356,2.2474089854291757e-06,0.0005654266175468787,8.426423087564058e-05,1.6346470245419304e-05
91,0,daughter,,False,4.305570813246149e-05,4.98595821272702e-06,2.6688529572628562e-06,2.8130174840733105e-07,2.355261854303796e-06,7.183260399857925e-07,0.0005001042000397146,1.6187581436151335e-06,0.0002204804354938449,0.0027641006197803124,5.9766937110286536e-05,0.0005451573766566274,1.971694219622292e-05,4.98595821272702e-06,2.8130174840733105e-07,7.183260399857925e-07,0.0002204804354938449,1.6187581436151335e-06,0.0005001042000397146,5.9766937110286536e-05,1.971694219622292e-05
91,1,daughter,,False,0.005108045405072309,0.0008029110208811168,1.971694219622292e-05,4.331903899346328e-06,1.0889691002655445e-05,5.475976980449466e-06,0.004659774122210633,0.00021257830142195017,0.00025264767961860266,0.03742941864508974,0.0012624949281564409,0.0234110247437171,0.001599204731769433,0.0008029110208811168,4.331903899346328e-06,5.475976980449466e-06,0.00025264767961860266,0.00021257830142195017,0.004659774122210633,0.0012624949281564409,0.001599204731769433
91,2,daughter,,False,4.305570813246149e-05,8.888084683809127e-06,2.4682904407607285e-06,5.422218970016178e-07,3.4268490542555014e-06,9.223470110117277e-07,0.0005011211542112085,9.368717268777097e-07,0.00021642339588120966,0.0008540336462424981,7.916296072837432e-05,0.0012030856940820997,2.453694805426225e-05,8.888084683809127e-06,5.422218970016178e-07,9.223470110117277e-07,0.00021642339588120966,9.368717268777097e-07,0.0005011211542112085,7.916296072837432e-05,2.453694805426225e-05
92,0,son,,False,5.193048644949271e-05,4.98595821272702e-06,3.321419494792514e-06,2.2603242979035749e-07,2.1444948420913954e-06,7.183260399857925e-07,0.0004699481884315314,1.3007128466476034e-06,0.00023189247385640036,0.0030305010247946448,0.00020829707830458003,1.488384825728813e-05,3.6478537675800286e-06,4.98595821272702e-06,2.2603242979035749e-07,7.183260399857925e-07,0.00023189247385640036,1.3007128466476034e-06,0.0004699481884315314,0.00020829707830458003,3.6478537675800286e-06
92,1,son,,False,6.166297347617125e-05,1.141223854434603e-05,4.1335397768930325e-06,7.411279871974134e-07,3.944258675190877e-06,1.1478768127080353e-06,0.000557563395639179,2.2474089854291757e-06,0.00022841290836588554,0.020433757142136064,0.0010570488620307572,0.0005451573766566274,3.740956047302422e-05,1.141223854434603e-05,7.411279871974134e-07,1.1478768127080353e-06,0.00022841290836588554,2.2474089854291757e-06,0.000557563395639179,0.0010570488620307572,3.740956047302422e-05
92,2,son,,False,3.150386940813393e-05,5.307507822667365e-06,2.4300240743279605e-06,2.72647027069593e-07,2.5071593847983196e-06,7.411279871974134e-07,0.00058007079732629,3.2192334497037803e-06,0.0002504832985443908,0.0008704335119750585,0.00017007224114352882,0.0004909157246515137,7.0311842669149565e-06,5.307507822667365e-06,2.72647027069593e-07,7.411279871974134e-07,0.0002504832985443908,3.2192334497037803e-06,0.00058007079732629,0.00017007224114352882,7.0311842669149565e-06
93,0,child,,False,3.8596609058077356e-05,3.8831109868779005e-06,3.2192334497037803e-06,4.356879983467376e-07,1.5689549727726036e-06,7.183260399857925e-07,0.000467358979648701,1.2606946239951315e-06,0.00021228441957103978,0.019586378120271697,0.00016484829418512883,0.0004883566612863065,8.750299760661308e-06,3.8831109868779005e-06,4.356879983467376e-07,7.183260399857925e-07,0.00021228441957103978,1.2606946239951315e-06,0.000467358979648701,0.00016484829418512883,8.750299760661308e-06
93,1,child,,False,9.110511944006454e-05,7.722191834067996e-06,4.400118457925303e-06,6.962256250138369e-07,2.88571183887091e-06,1.1125607488784412e-06,0.0005140312645402674,1.5206840370677115e-06,0.00022570493397209223,0.01938881335040798,0.00018386652876885775,0.000565024317150732,2.5315637215092633e-05,7.722191834067996e-06,6.962256250138369e-07,1.1125607488784412e-06,0.00022570493397209223,1.5206840370677115e-06,0.0005140312645402674,0.00018386652876885775,2.5315637215092633e-05
93,2,child,,False,0.005081129369450265,0.0008045862789480817,1.5118199327273332e-05,2.931153855960119e-06,1.2148175280558357e-05,6.205049602300744e-06,0.0005058990298734508,2.2474089854291757e-06,0.0002214553186652644,0.0008138567562898873,3.4062932773341e-05,0.08260150253836482,0.0015772972381523178,0.0008045862789480817,2.931153855960119e-06,6.205049602300744e-06,0.0002214553186652644,2.2474089854291757e-06,0.0005058990298734508,3.4062932773341e-05,0.0015772972381523178
94,0,daughter,,False,2.913700606794303e-05,6.40200641038395e-06,2.5071593847983196e-06,3.9669859149467314e-07,4.908661889889002e-06,1.1843139025979655e-06,0.0005417725615100537,2.2474089854291757e-06,0.00026329140315871374,0.010327781932783636,0.00023596606820630445,0.0004936825844797785,1.0229985472581487e-05,6.40200641038395e-06,3.9669859149467314e-07,1.1843139025979655e-06,0.00026329140315871374,2.2474089854291757e-06,0.0005417725615100537,0.00023596606820630445,1.0229985472581487e-05
94,1,daughter,,False,7.916296072837432e-05,2.0027376671813928e-05,6.014151777699533e-06,1.2219076020491008e-06,4.264746818557914e-06,2.355261854303796e-06,0.0005387069746432239,3.0718185454758057e-06,0.00022303674997692745,0.06545815998397235,0.0017712298703411447,0.0013085825177989695,4.044814978420809e-05,2.0027376671813928e-05,1.2219076020491008e-06,2.355261854303796e-06,0.00022303674997692745,3.0718185454758057e-06,0.0005387069746432239,0.0017712298703411447,4.044814978420809e-05
94,2,daughter,,False,7.67292412858718e-05,1.141223854434603e-05,5.144221374220898e-06,7.183260399857925e-07,3.4808121961114687e-06,1.3846004563753396e-06,0.0005123630051727004,2.2827997192887966e-06,0.00022735757340977805,0.03598624720387526,0.0009055264186722085,0.0005523259629862285,2.868540823874629e-05,1.141223854434603e-05,7.183260399857925e-07,1.3846004563753396e-06,0.00022735757340977805,2.2827997192887966e-06,0.0005123630051727004,0.0009055264186722085,2.868540823874629e-05
95,0,son,,False,2.4923252458203565e-05,2.931153855960119e-06,3.120191139396651e-06,2.4824800371656586e-07,1.8342893327886845e-06,4.495181578513688e-07,0.00047245775800492507,9.516251694168764e-07,0.00021809334032878513,0.01985369105236534,0.0006050397688214567,1.1235328063870752e-05,6.205049602300744e-06,2.931153855960119e-06,2.4824800371656586e-07,4.495181578513688e-07,0.00021809334032878513,9.516251694168764e-07,0.00047245775800492507,0.0006050397688214567,6.205049602300744e-06
95,1,son,,False,5.9766937110286536e-05,7.2543618230189156e-06,2.88571183887091e-06,4.6378732973537256e-07,3.0718185454758057e-06,1.0129990980873922e-06,0.0004911950427828109,1.1125607488784412e-06,0.00021659756423044233,0.000754511454683582,8.969393236719384e-05,0.0005289365944662937,1.0229985472581487e-05,7.2543618230189156e-06,4.6378732973537256e-07,1.0129990980873922e-06,0.00021659756423044233,1.1125607488784412e-06,0.0004911950427828109,8.969393236719384e-05,1.0229985472581487e-05
95,2,son,,False,3.1999824407395835e-05,1.8925148246037342e-06,2.355261854303796e-06,1.8738753836511972e-07,1.3007128466476034e-06,4.495181578513688e-07,0.0004834199225770766,9.080474758713811e-07,0.00021978822261505042,0.0007955642203309994,0.00011160142598430911,1.3765463368900109e-05,5.307507822667365e-06,1.8925148246037342e-06,1.8738753836511972e-07,4.495181578513688e-07,0.00021978822261505042,9.080474758713811e-07,0.0004834199225770766,0.00011160142598430911,5.307507822667365e-06
96,0,child,,False,6.771942330385674e-05,1.7130819343483194e-05,3.535625074174432e-06,7.889262586245034e-07,5.144221374220898e-06,1.2219076020491008e-06,0.0016243392434562558,5.225226840386988e-06,0.0002533919593552032,0.021250403204611346,0.0009859855303538786,0.0005493912805431325,2.7803096387751555e-05,1.7130819343483194e-05,7.889262586245034e-07,1.2219076020491008e-06,0.0002533919593552032,5.225226840386988e-06,0.0016243392434562558,0.0009859855303538786,2.7803096387751555e-05
96,1,child,,False,9.697519677825862e-05,1.4202364022997911e-05,5.144221374220898e-06,1.9223170236538178e-06,3.169325442919291e-06,1.6187581436151335e-06,0.0005101450170948449,1.2805474213228684e-06,0.00021659756423044233,0.00017546144100994869,1.8814207550495463e-05,0.01631141672270682,4.955359475635505e-05,1.4202364022997911e-05,1.9223170236538178e-06,1.6187581436151335e-06,0.00021659756423044233,1.2805474213228684e-06,0.0005101450170948449,1.8814207550495463e-05,4.955359475635505e-05
96,2,child,,False,2.4923252458203565e-05,1.5206840370677115e-06,1.4285517650093407e-06,1.1726420733772349e-07,9.516251694168764e-07,2.1907815825757866e-07,0.0004698138709183132,7.411279871974134e-07,6.014151777699533e-06,0.0027714383583302433,8.040859356292355e-05,7.722191834067996e-06,6.205049602300744e-06,1.5206840370677115e-06,1.1726420733772349e-07,2.1907815825757866e-07,6.014151777699533e-06,7.411279871974134e-07,0.0004698138709183132,8.040859356292355e-05,6.205049602300744e-06
97,0,daughter,,False,8.969393236719384e-05,9.170196905195049e-06,4.683888424952456e-06,4.78509449489012e-07,1.4738981974494932e-06,8.139692624947503e-07,0.0005672130222110198,2.1782649863110498e-06,0.00024162124279489402,0.0030714720454316953,0.00023967308701289605,0.000565024317150732,1.9110431587777674e-05,9.170196905195049e-06,4.78509449489012e-07,8.139692624947503e-07,0.00024162124279489402,2.1782649863110498e-06,0.0005672130222110198,0.00023967308701289605,1.9110431587777674e-05
97,1,daughter,,False,2.2693385749600554e-05,8.092757566536092e-06,2.1444948420913954e-06,3.726639284186561e-07,3.024195853395102e-06,5.093705003229987e-07,0.011895731236206753,4.757645425657629e-06,0.0003863833387868364,0.00011335690050875118,3.569706350376584e-05,0.0005702096923869237,2.653023768982879e-05,8.092757566536092e-06,3.726639284186561e-07,5.093705003229987e-07,0.0003863833387868364,4.757645425657629e-06,0.011895731236206753,3.569706350376584e-05,2.653023768982879e-05
97,2,daughter,,False,2.453694805426225e-05,4.98595821272702e-06,2.5071593847983196e-06,3.84493505874534e-07,2.355261854303796e-06,7.646537350121258e-07,0.0005013778819945141,1.5689549727726036e-06,0.0002233150331012493,0.010145215860635945,0.00028449096649795007,0.0004985843679459446,1.1959857805023158e-05,4.98595821272702e-06,3.84493505874534e-07,7.646537350121258e-07,0.0002233150331012493,1.5689549727726036e-06,0.0005013778819945141,0.00028449096649795007,1.1959857805023158e-05
98,0,son,,False,6.46203290719727e-05,8.092757566536092e-06,5.649793328376294e-06,7.183260399857925e-07,2.97731143841062e-06,1.1843139025979655e-06,0.0005278419635497348,1.8631746484712008e-06,0.00022735757340977805,0.020123091547173705,0.0007066400963249157,0.0005289365944662937,2.1654404989510328e-05,8.092757566536092e-06,7.183260399857925e-07,1.1843139025979655e-06,0.00022735757340977805,1.8631746484712008e-06,0.0005278419635497348,0.0007066400963249157,2.1654404989510328e-05
98,1,son,,False,7.208380258812108e-05,9.028039015031105e-06,3.2192334497037803e-06,4.495181578513688e-07,2.710880136557205e-06,7.646537350121258e-07,0.0004587152898300176,6.540437226933637e-07,0.00021273082914771238,0.0029970979054966492,0.00023596606820630445,0.0011516002696433543,2.6119031909571944e-05,9.028039015031105e-06,4.495181578513688e-07,7.646537350121258e-07,0.00021273082914771238,6.540437226933637e-07,0.0004587152898300176,0.00023596606820630445,2.6119031909571944e-05
98,2,son,,False,0.0005558740293833221,1.971694219622292e-05,8.220189478350845e-06,1.2606946239951315e-06,1.2731104162213555e-05,5.064471653194114e-06,0.0005453569782602062,2.586743108135441e-06,0.00022447266775434924,0.0008333216862332929,0.00022872276058698749,0.01625575383038594,0.0015974764130775882,1.971694219622292e-05,1.2606946239951315e-06,5.064471653194114e-06,0.00022447266775434924,2.586743108135441e-06,0.0005453569782602062,0.00022872276058698749,0.0015974764130775882
99,0,child,,False,0.0007606237816121799,3.9821309061635425e-05,1.3982207564732913e-05,2.710880136557205e-06,5.144221374220898e-06,2.355261854303796e-06,0.0005679861126890581,5.144221374220898e-06,0.0002615101107805796,0.0008487344920069995,0.00011335690050875118,0.07109812331287868,0.0023843788055244856,3.9821309061635425e-05,2.710880136557205e-06,2.355261854303796e-06,0.0002615101107805796,5.144221374220898e-06,0.0005679861126890581,0.00011335690050875118,0.0023843788055244856
99,1,child,,False,4.655269187520153e-05,6.10885510164857e-06,2.6688529572628562e-06,5.955139348629957e-07,2.355261854303796e-06,8.139692624947503e-07,0.0005271238858212198,1.4285517650093407e-06,0.00022001536555728952,0.01048616105282962,0.0004038591571505557,0.0005347894011802569,2.6119031909571944e-05,6.10885510164857e-06,5.955139348629957e-07,8.139692624947503e-07,0.00022001536555728952,1.4285517650093407e-06,0.0005271238858212198,0.0004038591571505557,2.6119031909571944e-05
99,2,child,,False,3.0061635882429376e-05,3.024195853395102e-06,2.931153855960119e-06,2.72647027069593e-07,3.4268490542555014e-06,1.0783312222985275e-06,0.0004864104424062609,1.8631746484712008e-06,0.0002253896128383855,0.000703746720165797,0.00012255674483830522,1.7130819343483194e-05,7.722191834067996e-06,3.024195853395102e-06,2.72647027069593e-07,1.0783312222985275e-06,0.0002253896128383855,1.8631746484712008e-06,0.0004864104424062609,0.00012255674483830522,7.722191834067996e-06
100,0,daughter,,False,3.569706350376584e-05,5.920916517463734e-06,3.120191139396651e-06,4.0929110499856e-07,1.8925148246037342e-06,6.540437226933637e-07,0.00468272057643922,1.4738981974494932e-06,0.0002378658206902263,0.0009056139344932517,8.969393236719384e-05,0.0005852836038915696,3.4062932773341e-05,5.920916517463734e-06,4.0929110499856e-07,6.540437226933637e-07,0.0002378658206902263,1.4738981974494932e-06,0.00468272057643922,8.969393236719384e-05,3.4062932773341e-05
100,1,daughter,,False,0.0007408542695498401,0.0008310007938052315,1.0889691002655445e-05,4.1335397768930325e-06,1.609308249869283e-05,9.028039015031105e-06,0.004677914555451529,4.331903899346328e-06,0.0002564880266656633,0.019702385022300335,0.000498226973042126,0.0710426524161979,0.0023996708618247643,0.0008310007938052315,4.1335397768930325e-06,9.028039015031105e-06,0.0002564880266656633,4.331903899346328e-06,0.004677914555451529,0.000498226973042126,0.0023996708618247643
100,2,daughter,,False,2.199533724320648e-05,1.9525885208642222e-06,1.8342893327886845e-06,1.370957206857845e-07,6.962256250138369e-07,1.8738753836511972e-07,0.00048542592528307775,1.0129990980873922e-06,0.00021809334032878513,0.010218037575753522,0.00020829707830458003,1.0229985472581487e-05,7.967300986103147e-06,1.9525885208642222e-06,1.370957206857845e-07,1.8738753836511972e-07,0.00021809334032878513,1.0129990980873922e-06,0.00048542592528307775,0.00020829707830458003,7.967300986103147e-06
101,0,son,,False,0.005019053514211161,0.0008045862789480817,3.9204178923762816e-05,1.3765463368900109e-05,1.4202364022997911e-05,7.14190139989638e-06,0.0047442205065869845,0.00021647942276017084,0.0002832988454686559,0.020138364280079025,0.0006289902136892483,0.07180195059877485,0.003467654086175554,0.0008045862789480817,1.3765463368900109e-05,7.14190139989638e-06,0.0002832988454686559,0.00021647942276017084,0.0047442205065869845,0.0006289902136892483,0.003467654086175554
101,1,son,,False,5.7031570707833595e-05,4.98595821272702e-06,4.683888424952456e-06,4.495181578513688e-07,2.1112482331487175e-06,7.646537350121258e-07,0.0005176372493786575,1.3420013504783412e-06,0.0002306778733816642,0.0027568755852843594,0.00014550629385328434,0.0004909157246515137,8.750299760661308e-06,4.98595821272702e-06,4.495181578513688e-07,7.646537350121258e-07,0.0002306778733816642,1.3420013504783412e-06,0.0005176372493786575,0.00014550629385328434,8.750299760661308e-06
101,2,son,,False,4.802972318863164e-05,8.220189478350845e-06,3.7636447180974406e-06,6.962256250138369e-07,4.757645425657629e-06,2.1444948420913954e-06,0.000497388037097586,1.8631746484712008e-06,0.00021713669539495865,0.020634799610223534,0.0008511303026562553,0.0005437895311587944,2.453694805426225e-05,8.220189478350845e-06,6.962256250138369e-07,2.1444948420913954e-06,0.00021713669539495865,1.8631746484712008e-06,0.000497388037097586,0.0008511303026562553,2.453694805426225e-05
102,0,child,,False,6.563728324346652e-05,1.4653129390717958e-05,3.7636447180974406e-06,7.411279871974134e-07,3.535625074174432e-06,1.5206840370677115e-06,0.0005200776237272741,2.212566909570261e-06,0.00023316533255432313,0.01962026187455833,0.0004038591571505557,0.010156181138574706,3.459916031782155e-05,1.4653129390717958e-05,7.411279871974134e-07,1.5206840370677115e-06,0.00023316533255432313,2.212566909570261e-06,0.0005200776237272741,0.0004038591571505557,3.459916031782155e-05
102,1,child,,False,2.7803096387751555e-05,3.6478537675800286e-06,2.7535691114583474e-06,2.6425858208426533e-07,1.8058518261159955e-06,5.255395707074638e-07,0.00046416927920648823,1.0451548051737735e-06,5.562206273647035e-06,0.010416662243394846,0.00029349517447137377,0.00048465588826592415,1.1959857805023158e-05,3.6478537675800286e-06,2.6425858208426533e-07,5.255395707074638e-07,5.562206273647035e-06,1.0451548051737735e-06,0.00046416927920648823,0.00029349517447137377,1.1959857805023158e-05
102,2,child,,False,5.357805383473943e-05,7.368592981140821e-06,4.683888424952456e-06,1.0129990980873922e-06,5.307507822667365e-06,2.840974294610978e-06,0.0005664444364502636,2.7535691114583474e-06,0.0002323101517224571,0.010132624023293487,0.00016743993037101191,0.0005437895311587944,2.868540823874629e-05,7.368592981140821e-06,1.0129990980873922e-06,2.840974294610978e-06,0.0002323101517224571,2.7535691114583474e-06,0.0005664444364502636,0.00016743993037101191,2.868540823874629e-05
103,0,daughter,,False,1.15919343186331e-05,1.2219076020491008e-06,6.339210403977636e-07,7.571149413053982e-08,8.139692624947503e-07,1.6536895860212648e-07,0.00047049073246544073,4.222833444659923e-07,0.00021527750928249177,5.112579049909173e-05,3.1015598671268335e-05,5.307507822667365e-06,3.120191139396651e-06,1.2219076020491008e-06,7.571149413053982e-08,1.6536895860212648e-07,0.00021527750928249177,4.222833444659923e-07,0.00047049073246544073,3.1015598671268335e-05,3.120191139396651e-06
103,1,daughter,,False,2.4156629828672456e-05,7.0311842669149565e-06,1.5206840370677115e-06,4.0929110499856e-07,7.14190139989638e-06,1.4738981974494932e-06,0.04115869215531609,0.00022890578566252782,0.004545491534784202,0.00012448433020883747,2.737216731838081e-05,0.0005360157526065469,3.9821309061635425e-05,7.0311842669149565e-06,4.0929110499856e-07,1.4738981974494932e-06,0.004545491534784202,0.00022890578566252782,0.04115869215531609,2.737216731838081e-05,3.9821309061635425e-05
103,2,daughter,,False,3.9821309061635425e-05,4.331903899346328e-06,2.355261854303796e-06,3.6119830612765795e-07,2.355261854303796e-06,5.093705003229987e-07,0.0004820365628429435,1.1659530314852966e-06,0.00022805562191617214,0.00014550629385328434,5.112579049909173e-05,0.0005224900751216392,1.6865275398914433e-05,4.331903899346328e-06,3.6119830612765795e-07,5.093705003229987e-07,0.00022805562191617214,1.1659530314852966e-06,0.0004820365628429435,5.112579049909173e-05,1.6865275398914433e-05
104,0,son,,False,3.9204178923762816e-05,5.649793328376294e-06,2.6688529572628562e-06,2.4061023397180247e-07,2.1444948420913954e-06,7.646537350121258e-07,0.00046350496863962825,1.3007128466476034e-06,0.00021956460018956949,0.010211160378759361,0.0003172682842485189,0.00048422495919655346,1.1959857805023158e-05,5.649793328376294e-06,2.4061023397180247e-07,7.646537350121258e-07,0.00021956460018956949,1.3007128466476034e-06,0.00046350496863962825,0.0003172682842485189,1.1959857805023158e-05
104,1,son,,False,4.305570813246149e-05,6.014151777699533e-06,4.264746818557914e-06,5.093705003229987e-07,4.069457790466838e-06,1.2606946239951315e-06,0.0005082745504650036,1.1478768127080353e-06,0.00021956460018956949,0.010468386335031162,0.0003298651257832941,0.0005019738542559919,2.234163601827719e-05,6.014151777699533e-06,5.093705003229987e-07,1.2606946239951315e-06,0.00021956460018956949,1.1478768127080353e-06,0.0005082745504650036,0.0003298651257832941,2.234163601827719e-05
104,2,son,,False,2.653023768982879e-05,4.400118457925303e-06,3.120191139396651e-06,4.222833444659923e-07,2.931153855960119e-06,9.818326983657703e-07,0.0004964288868690976,1.0289513485400628e-06,0.0002148234988278738,0.02007795496937836,0.000664111264207741,0.0005079785823772643,2.0988308820313112e-05,4.400118457925303e-06,4.222833444659923e-07,9.818326983657703e-07,0.0002148234988278738,1.0289513485400628e-06,0.0004964288868690976,0.000664111264207741,2.0988308820313112e-05
105,0,child,,False,0.0007222753863223796,0.000771955316948475,1.0554685795431098e-05,3.944258675190877e-06,1.0071400221737608e-05,6.814872211615988e-06,0.000567727913716618,4.264746818557914e-06,0.0002233150331012493,0.037270455399466315,0.0010818448652863185,0.022910874517132526,0.0015974764130775882,0.000771955316948475,3.944258675190877e-06,6.814872211615988e-06,0.0002233150331012493,4.264746818557914e-06,0.000567727913716618,0.0010818448652863185,0.0015974764130775882
105,1,child,,False,5.614787461400803e-05,7.0311842669149565e-06,3.535625074174432e-06,4.222833444659923e-07,1.7778551863194697e-06,8.139692624947503e-07,0.000499852431416165,1.4064044342149064e-06,0.00024162124279489402,0.010477239776896663,0.00026316739748845797,0.0005267203585267405,1.0889691002655445e-05,7.0311842669149565e-06,4.222833444659923e-07,8.139692624947503e-07,0.00024162124279489402,1.4064044342149064e-06,0.000499852431416165,0.00026316739748845797,1.0889691002655445e-05
105,2,child,,False,0.0005981655787301457,3.9204178923762816e-05,5.225226840386988e-06,2.6688529572628562e-06,6.814872211615988e-06,3.822911232549001e-06,0.000498117286778684,1.4971083692627422e-06,0.00021695417048520467,0.010442227995274726,0.0003765413784673874,0.07150597463159677,0.002421948804946698,3.9204178923762816e-05,2.6688529572628562e-06,3.822911232549001e-06,0.00021695417048520467,1.4971083692627422e-06,0.000498117286778684,0.0003765413784673874,0.002421948804946698
106,0,daughter,,False,3.9821309061635425e-05,8.349627818261147e-06,4.400118457925303e-06,7.889262586245034e-07,4.400118457925303e-06,8.664653147910923e-07,0.0005679861126890581,2.2474089854291757e-06,0.0002410592996703374,0.01947884562533035,0.0005099818302953418,0.0005873034565397543,6.771942330385674e-05,8.349627818261147e-06,7.889262586245034e-07,8.664653147910923e-07,0.0002410592996703374,2.2474089854291757e-06,0.0005679861126890581,0.0005099818302953418,6.771942330385674e-05
106,1,daughter,,False,3.8596609058077356e-05,4.683888424952456e-06,3.535625074174432e-06,4.222833444659923e-07,1.8342893327886845e-06,7.183260399857925e-07,0.0005785630169879679,1.4285517650093407e-06,0.00023589712937775753,0.010211160378759361,0.0003976227974475301,0.0005079785823772643,1.7952796934677738e-05,4.683888424952456e-06,4.222833444659923e-07,7.183260399857925e-07,0.00023589712937775753,1.4285517650093407e-06,0.0005785630169879679,0.0003976227974475301,1.7952796934677738e-05
106,2,daughter,,False,9.547317110805593e-05,2.234163601827719e-05,4.264746818557914e-06,1.8058518261159955e-06,7.2543618230189156e-06,2.796930302582677e-06,0.0005528920934324222,2.2827997192887966e-06,0.00023589712937775753,0.01938881335040798,0.00035936025814200905,0.016069663387279883,5.7031570707833595e-05,2.234163601827719e-05,1.8058518261159955e-06,2.796930302582677e-06,0.00023589712937775753,2.2827997192887966e-06,0.0005528920934324222,0.00035936025814200905,5.7031570707833595e-05
107,0,son,,False,7.916296072837432e-05,1.0391067562761452e-05,7.484622751061123e-06,1.0783312222985275e-06,5.475976980449466e-06,1.8925148246037342e-06,0.000547085296952051,2.586743108135441e-06,0.00024050606249465076,0.035913158295876775,0.0008985428752560174,0.0005347894011802569,2.0988308820313112e-05,1.0391067562761452e-05,1.0783312222985275e-06,1.8925148246037342e-06,0.00024050606249465076,2.586743108135441e-06,0.000547085296952051,0.0008985428752560174,2.0988308820313112e-05
107,1,son,,False,3.514382632807918e-05,6.502816785764437e-06,7.484622751061123e-06,1.1478768127080353e-06,3.705296977158347e-06,1.2219076020491008e-06,0.0005935638698136912,1.8058518261159955e-06,0.00023837750867635168,0.02001933314017697,0.0006744989542092038,0.0005523259629862285,3.799845147518645e-05,6.502816785764437e-06,1.1478768127080353e-06,1.2219076020491008e-06,0.00023837750867635168,1.8058518261159955e-06,0.0005935638698136912,0.0006744989542092038,3.799845147518645e-05
107,2,son,,False,2.453694805426225e-05,3.535625074174432e-06,1.3420013504783412e-06,1.994729721527057e-07,2.3923509443082866e-06,5.093705003229987e-07,0.0004943247528234358,1.9833367060283617e-06,0.0002344992422345146,0.0030897177774876707,0.00020829707830458003,2.2693385749600554e-05,8.481104172358076e-06,3.535625074174432e-06,1.994729721527057e-07,5.093705003229987e-07,0.0002344992422345146,1.9833367060283617e-06,0.0004943247528234358,0.00020829707830458003,8.481104172358076e-06
108,0,child,,False,1.2931563954607948e-05,1.7231572752142392e-06,1.5689549727726036e-06,1.994729721527057e-07,1.363134508591315e-06,4.495181578513688e-07,0.0004667426519547087,4.6378732973537256e-07,0.00021453243307176662,0.0007161476078247872,7.437028637763686e-05,1.4202364022997911e-05,5.475976980449466e-06,1.7231572752142392e-06,1.994729721527057e-07,4.495181578513688e-07,0.00021453243307176662,4.6378732973537256e-07,0.0004667426519547087,7.437028637763686e-05,5.475976980449466e-06
108,1,child,,False,4.802972318863164e-05,6.605214485464791e-06,3.5913010679499402e-06,4.222833444659923e-07,2.840974294610978e-06,1.0129990980873922e-06,0.0004664994696390103,1.0616134237448653e-06,0.0002115672857688723,0.0007470393220393539,9.399438806628559e-05,0.0011600053574022634,2.8240807799315707e-05,6.605214485464791e-06,4.222833444659923e-07,1.0129990980873922e-06,0.0002115672857688723,1.0616134237448653e-06,0.0004664994696390103,9.399438806628559e-05,2.8240807799315707e-05
108,2,child,,False,3.569706350376584e-05,5.144221374220898e-06,3.2192334497037803e-06,4.0929110499856e-07,2.1782649863110498e-06,8.139692624947503e-07,0.0005296618481565532,1.2606946239951315e-06,0.00022570493397209223,0.010450880942532732,0.000498226973042126,0.0004973009416623807,2.1654404989510328e-05,5.144221374220898e-06,4.0929110499856e-07,8.139692624947503e-07,0.00022570493397209223,1.2606946239951315e-06,0.0005296618481565532,0.000498226973042126,2.1654404989510328e-05
109,0,daughter,,False,5.7031570707833595e-05,7.602479448313689e-06,4.757645425657629e-06,8.139692624947503e-07,2.840974294610978e-06,1.2606946239951315e-06,0.0005605767589912751,2.3923509443082866e-06,0.00023189247385640036,0.00017274586267297022,1.971694219622292e-05,0.0012312300707620777,3.514382632807918e-05,7.602479448313689e-06,8.139692624947503e-07,1.2606946239951315e-06,0.00023189247385640036,2.3923509443082866e-06,0.0005605767589912751,1.971694219622292e-05,3.514382632807918e-05
109,1,daughter,,False,0.00507676338091392,0.0007743513629776067,1.2533751425646102e-05,2.7535691114583474e-06,1.0554685795431098e-05,4.198630823683514e-06,0.004699137871517978,0.00021491377746251178,0.0002464470899300356,0.020771555435745475,0.00017821963223663923,0.032387083495243094,0.0015957748310576833,0.0007743513629776067,2.7535691114583474e-06,4.198630823683514e-06,0.0002464470899300356,0.00021491377746251178,0.004699137871517978,0.00017821963223663923,0.0015957748310576833
109,2,daughter,,False,1.8235460794662427e-05,2.01456908529364e-06,1.0451548051737735e-06,1.994729721527057e-07,1.5689549727726036e-06,3.726639284186561e-07,0.0004648493342993404,6.240930669504435e-07,0.00021439027518160267,0.0007193703321376295,0.0001410358496618023,1.1061159714638084e-05,7.0311842669149565e-06,2.01456908529364e-06,1.994729721527057e-07,3.726639284186561e-07,0.00021439027518160267,6.240930669504435e-07,0.0004648493342993404,0.0001410358496618023,7.0311842669149565e-06
110,0,son,,False,0.0006767554853955495,2.6119031909571944e-05,6.502816785764437e-06,7.889262586245034e-07,8.888084683809127e-06,1.670142184809518e-06,0.014744252250172297,0.0002259754683221469,0.004524894772795194,0.0007742406513215074,4.655269187520153e-05,0.0012312300707620777,2.6947915555885546e-05,2.6119031909571944e-05,7.889262586245034e-07,1.670142184809518e-06,0.004524894772795194,0.0002259754683221469,0.014744252250172297,4.655269187520153e-05,2.6947915555885546e-05
110,1,son,,False,2.913700606794303e-05,3.321419494792514e-06,3.120191139396651e-06,3.1875652166284776e-07,2.212566909570261e-06,8.939696304799168e-07,0.0005137252768701615,1.9833367060283617e-06,0.00023837750867635168,0.00011879054941163418,6.302758756443267e-06,0.0005372613854410962,1.0229985472581487e-05,3.321419494792514e-06,3.1875652166284776e-07,8.939696304799168e-07,0.00023837750867635168,1.9833367060283617e-06,0.0005137252768701615,6.302758756443267e-06,1.0229985472581487e-05
110,2,son,,False,5.4421326243255744e-05,1.3135179706526775e-05,1.9525885208642222e-06,5.955139348629957e-07,2.1444948420913954e-06,6.962256250138369e-07,0.0005624203180044445,2.01456908529364e-06,0.0002410592996703374,0.00017546144100994869,8.693673928062173e-05,0.001267356656944839,3.569706350376584e-05,1.3135179706526775e-05,5.955139348629957e-07,6.962256250138369e-07,0.0002410592996703374,2.01456908529364e-06,0.0005624203180044445,8.693673928062173e-05,3.569706350376584e-05
111,0,child,,False,5.7031570707833595e-05,1.0720880092159908e-05,3.120191139396651e-06,7.183260399857925e-07,3.373722476473661e-06,1.2219076020491008e-06,0.0004966672729750374,1.1125607488784412e-06,0.00022096026380031539,0.019934641147342655,0.0006097562192575309,0.0005702096923869237,1.9110431587777674e-05,1.0720880092159908e-05,7.183260399857925e-07,1.2219076020491008e-06,0.00022096026380031539,1.1125607488784412e-06,0.0004966672729750374,0.0006097562192575309,1.9110431587777674e-05
111,1,child,,False,0.0007816597038530837,3.459916031782155e-05,8.61465062380632e-06,1.3846004563753396e-06,3.024195853395102e-06,1.4738981974494932e-06,0.0006016229383012661,2.586743108135441e-06,0.0002484179442990331,0.0028344121635247347,2.571419797957771e-05,0.01631141672270682,3.799845147518645e-05,3.459916031782155e-05,1.3846004563753396e-06,1.4738981974494932e-06,0.0002484179442990331,2.586743108135441e-06,0.0006016229383012661,2.571419797957771e-05,3.799845147518645e-05
111,2,child,,True,0.0006416143628495969,0.0007980391577823239,8.349627818261147e-06,3.705296977158347e-06,2.0988308820313112e-05,1.0229985472581487e-05,0.004797705491156926,4.98595821272702e-06,0.0002763292760766304,0.0028261078542871536,0.00011695102650555148,0.3522024551094023,0.016393754128046244,0.0007980391577823239,3.705296977158347e-06,1.0229985472581487e-05,0.0002763292760766304,4.98595821272702e-06,0.004797705491156926,0.00011695102650555148,0.016393754128046244
112,0,daughter,,False,7.437028637763686e-05,1.2731104162213555e-05,4.683888424952456e-06,8.139692624947503e-07,3.7636447180974406e-06,1.3007128466476034e-06,0.0005451428268714554,1.7231572752142392e-06,0.00022096026380031539,0.020347679031341454,0.0006850480026644968,0.010123047268862772,5.614787461400803e-05,1.2731104162213555e-05,8.139692624947503e-07,1.3007128466476034e-06,0.00022096026380031539,1.7231572752142392e-06,0.0005451428268714554,0.0006850480026644968,5.614787461400803e-05
112,1,daughter,,False,0.000567903324674726,3.1015598671268335e-05,9.461262661302227e-06,1.5936620247162786e-06,1.3135179706526775e-05,3.8831109868779005e-06,0.0005089883541371382,4.006369222920725e-06,0.00021642339588120966,0.03779847037626241,0.0007937994101407321,0.010111682239566159,6.771942330385674e-05,3.1015598671268335e-05,1.5936620247162786e-06,3.8831109868779005e-06,0.00021642339588120966,4.006369222920725e-06,0.0005089883541371382,0.0007937994101407321,6.771942330385674e-05
112,2,daughter,,False,3.150386940813393e-05,4.53978687024344e-06,2.0785170435063726e-06,2.994440981371515e-07,2.2827997192887966e-06,9.223470110117277e-07,0.0004714608092839256,6.339210403977636e-07,0.00021608311625873148,8.295891883591029e-05,3.4062932773341e-05,0.0005437895311587944,1.2339457598623173e-05,4.53978687024344e-06,2.994440981371515e-07,9.223470110117277e-07,0.00021608311625873148,6.339210403977636e-07,0.0004714608092839256,3.4062932773341e-05,1.2339457598623173e-05
113,0,son,,False,0.0006515889290795349,3.353501304664781e-05,1.1959857805023158e-05,2.710880136557205e-06,5.064471653194114e-06,2.5071593847983196e-06,0.0005639146829811389,2.627477314480822e-06,0.00024277179663959579,0.0008935216182967705,5.27478412523148e-05,0.016091255480940304,5.193048644949271e-05,3.353501304664781e-05,2.710880136557205e-06,2.5071593847983196e-06,0.00024277179663959579,2.627477314480822e-06,0.0005639146829811389,5.27478412523148e-05,5.193048644949271e-05
113,1,son,,False,0.0005981655787301457,2.4156629828672456e-05,1.15919343186331e-05,1.9525885208642222e-06,5.064471653194114e-06,4.1335397768930325e-06,0.0005721864355333775,4.069457790466838e-06,0.00023686610557470552,0.019678475359317615,0.00020829707830458003,0.016290141803287597,0.0015745400450657455,2.4156629828672456e-05,1.9525885208642222e-06,4.1335397768930325e-06,0.00023686610557470552,4.069457790466838e-06,0.0005721864355333775,0.00020829707830458003,0.0015745400450657455
113,2,son,,False,1.8814207550495463e-05,1.9525885208642222e-06,1.1125607488784412e-06,1.2482708949986417e-07,9.516251694168764e-07,3.089494448007139e-07,0.00046849914347752206,9.080474758713811e-07,5.649793328376294e-06,9.850082967450695e-05,2.3413582477639402e-05,2.1318756129065198e-05,6.814872211615988e-06,1.9525885208642222e-06,1.2482708949986417e-07,3.089494448007139e-07,5.649793328376294e-06,9.080474758713811e-07,0.00046849914347752206,2.3413582477639402e-05,6.814872211615988e-06
114,0,child,,False,6.46203290719727e-05,9.761566060239504e-06,3.6478537675800286e-06,3.9669859149467314e-07,1.8925148246037342e-06,5.594337713435001e-07,0.004748851204526661,0.00021348633304871885,0.0002511935262300754,7.793660930208434e-05,7.484622751061123e-06,0.0005323933551511255,1.442598644847886e-05,9.761566060239504e-06,3.9669859149467314e-07,5.594337713435001e-07,0.0002511935262300754,0.00021348633304871885,0.004748851204526661,7.484622751061123e-06,1.442598644847886e-05
114,1,child,,False,2.868540823874629e-05,4.683888424952456e-06,2.7535691114583474e-06,4.78509449489012e-07,3.2192334497037803e-06,1.3007128466476034e-06,0.0005163646094550098,7.646537350121258e-07,0.00021956460018956949,0.010132624023293487,0.0003483424193080668,0.0004985843679459446,9.915273115920183e-06,4.683888424952456e-06,4.78509449489012e-07,1.3007128466476034e-06,0.00021956460018956949,7.646537350121258e-07,0.0005163646094550098,0.0003483424193080668,9.915273115920183e-06
114,2,child,,False,5.7031570707833595e-05,1.4202364022997911e-05,3.4268490542555014e-06,8.139692624947503e-07,2.5071593847983196e-06,8.939696304799168e-07,0.0005667001327988594,2.5466403947055455e-06,0.00022770387218484876,0.003047790173490158,0.00013458604012970922,0.0012372635889824715,3.150386940813393e-05,1.4202364022997911e-05,8.139692624947503e-07,8.939696304799168e-07,0.00022770387218484876,2.5466403947055455e-06,0.0005667001327988594,0.00013458604012970922,3.150386940813393e-05
115,0,daughter,,False,5.4421326243255744e-05,1.7952796934677738e-05,2.4300240743279605e-06,8.139692624947503e-07,3.4808121961114687e-06,1.0129990980873922e-06,0.0005568510430839128,3.2192334497037803e-06,0.0002504832985443908,0.0008648818595419032,0.00015731121653489972,0.0011844359069379858,1.9110431587777674e-05,1.7952796934677738e-05,8.139692624947503e-07,1.0129990980873922e-06,0.0002504832985443908,3.2192334497037803e-06,0.0005568510430839128,0.00015731121653489972,1.9110431587777674e-05
115,1,daughter,,False,2.305067219931397e-05,2.586743108135441e-06,1.4285517650093407e-06,1.7061832388634166e-07,8.664653147910923e-07,2.561282210758673e-07,0.00045945255747000983,4.495181578513688e-07,5.144221374220898e-06,0.0007955642203309994,0.00013670256456563558,0.0004893563764018274,1.3982207564732913e-05,2.586743108135441e-06,1.7061832388634166e-07,2.561282210758673e-07,5.144221374220898e-06,4.495181578513688e-07,0.00045945255747000983,0.00013670256456563558,1.3982207564732913e-05
115,2,daughter,,False,0.0006767554853955495,0.0007780885641422171,1.3342001090985438e-05,2.97731143841062e-06,1.2148175280558357e-05,1.1061159714638084e-05,0.00473191589037667,0.00021647942276017084,0.0002564880266656633,0.010391675954438939,0.0002889581017773627,0.12556251040703342,0.005449343371132853,0.0007780885641422171,2.97731143841062e-06,1.1061159714638084e-05,0.0002564880266656633,0.00021647942276017084,0.00473191589037667,0.0002889581017773627,0.005449343371132853
116,0,son,,False,6.563728324346652e-05,7.368592981140821e-06,2.88571183887091e-06,4.6378732973537256e-07,2.840974294610978e-06,1.0129990980873922e-06,0.0004822186797755494,1.0953122821495382e-06,0.00021358242564492241,0.0008383797509002126,9.850082967450695e-05,0.001171840522652869,4.583129006350382e-05,7.368592981140821e-06,4.6378732973537256e-07,1.0129990980873922e-06,0.00021358242564492241,1.0953122821495382e-06,0.0004822186797755494,9.850082967450695e-05,4.583129006350382e-05
116,1,son,,False,6.878511550552459e-05,6.205049602300744e-06,4.198630823683514e-06,4.6378732973537256e-07,2.5071593847983196e-06,1.0451548051737735e-06,0.000482769314419773,1.0129990980873922e-06,0.00021625192716922701,0.010297272518613728,0.0002115703400593114,0.0005147819588703148,1.488384825728813e-05,6.205049602300744e-06,4.6378732973537256e-07,1.0451548051737735e-06,0.00021625192716922701,1.0129990980873922e-06,0.000482769314419773,0.0002115703400593114,1.488384825728813e-05
116,2,son,,False,2.6119031909571944e-05,4.006369222920725e-06,2.1444948420913954e-06,2.123378462433771e-07,2.840974294610978e-06,6.144174602214718e-07,0.00047938840401504903,1.5446309562386385e-06,0.00021439027518160267,0.0028962779470040876,0.00018675659778932805,0.000480266374355812,9.610241549947397e-06,4.006369222920725e-06,2.123378462433771e-07,6.144174602214718e-07,0.00021439027518160267,1.5446309562386385e-06,0.00047938840401504903,0.00018675659778932805,9.610241549947397e-06
117,0,child,,False,0.005892827317597678,0.0008802812824443801,2.0662982488383408e-05,4.53978687024344e-06,8.61465062380632e-06,5.738759521437678e-06,0.0005227605740569567,3.705296977158347e-06,0.00022805562191617214,0.020381725444075106,0.0005260852257235712,0.08863431053491887,6.986756664856784e-05,0.0008802812824443801,4.53978687024344e-06,5.738759521437678e-06,0.00022805562191617214,3.705296977158347e-06,0.0005227605740569567,0.0005260852257235712,6.986756664856784e-05
117,1,child,,False,3.569706350376584e-05,3.024195853395102e-06,2.2827997192887966e-06,2.1907815825757866e-07,3.0718185454758057e-06,1.0783312222985275e-06,0.0004707651978138664,5.422218970016178e-07,0.00021196745065203636,0.002749761539826477,0.0001206589712246389,0.0004973009416623807,1.0554685795431098e-05,3.024195853395102e-06,2.1907815825757866e-07,1.0783312222985275e-06,0.00021196745065203636,5.422218970016178e-07,0.0004707651978138664,0.0001206589712246389,1.0554685795431098e-05
117,2,child,,False,0.0005597594790089396,1.6346470245419304e-05,1.0071400221737608e-05,1.9833367060283617e-06,6.814872211615988e-06,3.7636447180974406e-06,0.004674577530492466,4.683888424952456e-06,0.00026702520964274283,0.010260427308971731,8.693673928062173e-05,0.001256231525345503,2.4923252458203565e-05,1.6346470245419304e-05,1.9833367060283617e-06,3.7636447180974406e-06,0.00026702520964274283,4.683888424952456e-06,0.004674577530492466,8.693673928062173e-05,2.4923252458203565e-05
118,0,daughter,,False,6.709224499600877e-06,1.5689549727726036e-06,1.3846004563753396e-06,1.4144759985825914e-07,6.40200641038395e-06,1.0783312222985275e-06,1.0150383174795513e-05,2.4824800371656586e-07,2.0462932829931794e-06,0.00018102110262026484,0.00013670256456563558,1.2731104162213555e-05,7.2543618230189156e-06,1.5689549727726036e-06,1.4144759985825914e-07,1.0783312222985275e-06,2.0462932829931794e-06,2.4824800371656586e-07,1.0150383174795513e-05,0.00013670256456563558,7.2543618230189156e-06
118,1,daughter,,False,3.353501304664781e-05,2.840974294610978e-06,2.586743108135441e-06,2.72647027069593e-07,2.1782649863110498e-06,7.183260399857925e-07,0.0005320813624897828,2.0462932829931794e-06,0.0002263505449868847,0.0008045684283044233,4.044814978420809e-05,0.0004914519521959942,8.481104172358076e-06,2.840974294610978e-06,2.72647027069593e-07,7.183260399857925e-07,0.0002263505449868847,2.0462932829931794e-06,0.0005320813624897828,4.044814978420809e-05,8.481104172358076e-06
118,2,daughter,,False,2.8240807799315707e-05,5.307507822667365e-06,2.586743108135441e-06,7.183260399857925e-07,3.321419494792514e-06,9.818326983657703e-07,0.0005087019971338281,5.594337713435001e-07,0.00021956460018956949,0.019776323402749808,0.0005179712770357071,0.0005437895311587944,2.305067219931397e-05,5.307507822667365e-06,7.183260399857925e-07,9.818326983657703e-07,0.00021956460018956949,5.594337713435001e-07,0.0005087019971338281,0.0005179712770357071,2.305067219931397e-05
119,0,son,,False,0.0007361007870018547,0.0007630849845998813,8.092757566536092e-06,2.931153855960119e-06,7.368592981140821e-06,3.373722476473661e-06,0.004734179515205503,4.757645425657629e-06,0.00024162124279489402,0.002786458937919142,2.234163601827719e-05,0.18264414329530618,0.0024475782578226328,0.0007630849845998813,2.931153855960119e-06,3.373722476473661e-06,0.00024162124279489402,4.757645425657629e-06,0.004734179515205503,2.234163601827719e-05,0.0024475782578226328
119,1,son,,False,7.437028637763686e-05,1.5843621910252592e-05,3.4808121961114687e-06,1.6187581436151335e-06,5.144221374220898e-06,1.4285517650093407e-06,0.0005061744321919852,1.7231572752142392e-06,0.00023686610557470552,0.002786458937919142,0.00019267346633274757,0.010182115869364874,5.7031570707833595e-05,1.5843621910252592e-05,1.6187581436151335e-06,1.4285517650093407e-06,0.00023686610557470552,1.7231572752142392e-06,0.0005061744321919852,0.00019267346633274757,5.7031570707833595e-05
119,2,son,,False,2.95957113513077e-05,3.321419494792514e-06,1.7778551863194697e-06,2.2603242979035749e-07,1.2219076020491008e-06,3.84493505874534e-07,0.00048258505277662156,7.411279871974134e-07,0.00021751041144712992,0.0009056139344932517,9.253848866495987e-05,0.0004999085000106341,1.3552078562406772e-05,3.321419494792514e-06,2.2603242979035749e-07,3.84493505874534e-07,0.00021751041144712992,7.411279871974134e-07,0.00048258505277662156,9.253848866495987e-05,1.3552078562406772e-05
120,0,child,,False,3.569706350376584e-05,5.829126566113866e-06,1.4738981974494932e-06,2.1907815825757866e-07,2.355261854303796e-06,7.183260399857925e-07,0.004740119645503777,3.321419494792514e-06,0.00037021053035170043,0.0007661644959617213,4.583129006350382e-05,0.0005224900751216392,1.15919343186331e-05,5.829126566113866e-06,2.1907815825757866e-07,7.183260399857925e-07,0.00037021053035170043,3.321419494792514e-06,0.004740119645503777,4.583129006350382e-05,1.15919343186331e-05
120,1,child,,False,1.971694219622292e-05,1.9525885208642222e-06,1.8342893327886845e-06,1.2098656835274183e-07,1.5936620247162786e-06,2.9023119852110973e-07,0.0004852313165264701,1.4738981974494932e-06,0.00022001536555728952,0.0008283415380815684,8.830458477845481e-05,1.141223854434603e-05,4.683888424952456e-06,1.9525885208642222e-06,1.2098656835274183e-07,2.9023119852110973e-07,0.00022001536555728952,1.4738981974494932e-06,0.0004852313165264701,8.830458477845481e-05,4.683888424952456e-06
120,2,child,,False,3.514382632807918e-05,5.307507822667365e-06,3.120191139396651e-06,5.255395707074638e-07,2.3187477504664324e-06,8.939696304799168e-07,0.0004837014865369547,8.939696304799168e-07,0.00021625192716922701,0.020486965391886804,0.0008511303026562553,0.0005175603499223236,1.442598644847886e-05,5.307507822667365e-06,5.255395707074638e-07,8.939696304799168e-07,0.00021625192716922701,8.939696304799168e-07,0.0004837014865369547,0.0008511303026562553,1.442598644847886e-05
121,0,daughter,,False,3.353501304664781e-05,6.605214485464791e-06,2.6688529572628562e-06,6.748051590048605e-07,5.225226840386988e-06,1.2606946239951315e-06,0.0005430241115911696,2.0462932829931794e-06,0.00023360304396588728,0.019866929726500317,0.0005511934210807019,0.0005312230782558095,1.6346470245419304e-05,6.605214485464791e-06,6.748051590048605e-07,1.2606946239951315e-06,0.00023360304396588728,2.0462932829931794e-06,0.0005430241115911696,0.0005511934210807019,1.6346470245419304e-05
121,1,daughter,,False,6.563728324346652e-05,7.2543618230189156e-06,2.01456908529364e-06,3.3931448129766124e-07,1.8925148246037342e-06,6.748051590048605e-07,0.0004880261759260436,9.972941593827283e-07,0.00021527750928249177,0.0001410358496618023,1.3135179706526775e-05,0.0005224900751216392,1.0554685795431098e-05,7.2543618230189156e-06,3.3931448129766124e-07,6.748051590048605e-07,0.00021527750928249177,9.972941593827283e-07,0.0004880261759260436,1.3135179706526775e-05,1.0554685795431098e-05
121,2,daughter,,False,5.193048644949271e-05,1.2339457598623173e-05,3.535625074174432e-06,6.540437226933637e-07,3.8831109868779005e-06,1.5206840370677115e-06,0.0004878214401016874,1.3420013504783412e-06,0.0002139768867903779,0.010164470205568928,0.0003854363826911696,0.0012176871543900399,4.305570813246149e-05,1.2339457598623173e-05,6.540437226933637e-07,1.5206840370677115e-06,0.0002139768867903779,1.3420013504783412e-06,0.0004878214401016874,0.0003854363826911696,4.305570813246149e-05
122,0,son,,False,2.0988308820313112e-05,3.7636447180974406e-06,1.8925148246037342e-06,2.6425858208426533e-07,3.705296977158347e-06,6.962256250138369e-07,0.004733422773381332,3.321419494792514e-06,0.00028832115500248184,0.0027641006197803124,9.547317110805593e-05,0.0005138843625860062,1.3135179706526775e-05,3.7636447180974406e-06,2.6425858208426533e-07,6.962256250138369e-07,0.00028832115500248184,3.321419494792514e-06,0.004733422773381332,9.547317110805593e-05,1.3135179706526775e-05
122,1,son,,False,0.0006200738823343449,3.150386940813393e-05,6.302758756443267e-06,1.4738981974494932e-06,7.14190139989638e-06,3.2699273422345685e-06,0.0005861887573036803,2.88571183887091e-06,0.0002270166411560819,0.0027358596836205874,4.512106237781923e-05,0.023302030470165908,0.0024019947894768686,3.150386940813393e-05,1.4738981974494932e-06,3.2699273422345685e-06,0.0002270166411560819,2.88571183887091e-06,0.0005861887573036803,4.512106237781923e-05,0.0024019947894768686
122,2,son,,False,3.682979260160596e-05,2.2827997192887966e-06,1.8925148246037342e-06,1.370957206857845e-07,1.4738981974494932e-06,2.561282210758673e-07,0.0004748414303188522,9.666109404131067e-07,0.00021591692196200267,0.0001064962672055945,3.9821309061635425e-05,1.8814207550495463e-05,8.750299760661308e-06,2.2827997192887966e-06,1.370957206857845e-07,2.561282210758673e-07,0.00021591692196200267,9.666109404131067e-07,0.0004748414303188522,3.9821309061635425e-05,8.750299760661308e-06
123,0,child,,False,1.7952796934677738e-05,3.8831109868779005e-06,2.1444948420913954e-06,4.936988949458183e-07,3.705296977158347e-06,8.398072034951531e-07,0.0005458941861772792,1.4971083692627422e-06,0.00023028548862477513,0.02028109306868244,0.0005730246514992079,0.0005385266023448675,2.1654404989510328e-05,3.8831109868779005e-06,4.936988949458183e-07,8.398072034951531e-07,0.00023028548862477513,1.4971083692627422e-06,0.0005458941861772792,0.0005730246514992079,2.1654404989510328e-05
123,1,child,,False,3.799845147518645e-05,2.1444948420913954e-06,2.355261854303796e-06,2.123378462433771e-07,1.3846004563753396e-06,4.936988949458183e-07,0.00046201410865757075,6.748051590048605e-07,0.0002137118639848327,0.00017007224114352882,4.373344035182828e-05,0.0004898680643879527,1.1235328063870752e-05,2.1444948420913954e-06,2.123378462433771e-07,4.936988949458183e-07,0.0002137118639848327,6.748051590048605e-07,0.00046201410865757075,4.373344035182828e-05,1.1235328063870752e-05
123,2,child,,False,5.9766937110286536e-05,5.649793328376294e-06,3.4268490542555014e-06,4.222833444659923e-07,1.7231572752142392e-06,5.594337713435001e-07,0.00047231366356934794,7.411279871974134e-07,0.00021166499492301485,0.0007327745561277882,5.8840881855693875e-05,0.000566725899170637,2.5315637215092633e-05,5.649793328376294e-06,4.222833444659923e-07,5.594337713435001e-07,0.00021166499492301485,7.411279871974134e-07,0.00047231366356934794,5.8840881855693875e-05,2.5315637215092633e-05
124,0,daughter,,False,8.693673928062173e-05,2.8240807799315707e-05,6.302758756443267e-06,3.705296977158347e-06,1.7130819343483194e-05,9.314593042575101e-06,0.015067959537238636,0.00021890360724287382,0.0004726628394454369,0.0009180870254226622,9.253848866495987e-05,0.1530663060538241,0.01604649192020763,2.8240807799315707e-05,3.705296977158347e-06,9.314593042575101e-06,0.0004726628394454369,0.00021890360724287382,0.015067959537238636,9.253848866495987e-05,0.01604649192020763
124,1,daughter,,False,7.096703991005882e-05,1.971694219622292e-05,4.1335397768930325e-06,5.77192003016332e-07,9.610241549947397e-06,1.5206840370677115e-06,0.0005013778819945141,1.8058518261159955e-06,0.00021713669539495865,0.019690384944210562,0.0004433765200643682,0.001223401144296883,3.4062932773341e-05,1.971694219622292e-05,5.77192003016332e-07,1.5206840370677115e-06,0.00021713669539495865,1.8058518261159955e-06,0.0005013778819945141,0.0004433765200643682,3.4062932773341e-05
124,2,daughter,,False,4.238847419937498e-05,9.314593042575101e-06,3.4268490542555014e-06,5.955139348629957e-07,3.705296977158347e-06,1.1843139025979655e-06,0.0004940954884194094,1.9525885208642222e-06,0.0002263505449868847,0.020541375440576118,0.0013222821752305151,0.0005096006331304874,1.7400543552708932e-05,9.314593042575101e-06,5.955139348629957e-07,1.1843139025979655e-06,0.0002263505449868847,1.9525885208642222e-06,0.0004940954884194094,0.0013222821752305151,1.7400543552708932e-05
125,0,son,,False,0.0005414888098175762,8.220189478350845e-06,3.120191139396651e-06,5.255395707074638e-07,1.4738981974494932e-06,5.77192003016332e-07,0.0005989716869686675,1.8058518261159955e-06,0.0002464470899300356,0.0030536424941330197,0.00020190139004485808,0.0005775117631028116,1.7400543552708932e-05,8.220189478350845e-06,5.255395707074638e-07,5.77192003016332e-07,0.0002464470899300356,1.8058518261159955e-06,0.0005989716869686675,0.00020190139004485808,1.7400543552708932e-05
125,1,son,,False,6.166297347617125e-05,1.9110431587777674e-05,4.832563818725537e-06,1.1478768127080353e-06,1.6346470245419304e-05,3.7636447180974406e-06,0.00468444978785139,0.00021465690721078674,0.0002730816594704283,0.02028109306868244,0.0008644177936723585,0.0011780402186782639,2.95957113513077e-05,1.9110431587777674e-05,1.1478768127080353e-06,3.7636447180974406e-06,0.0002730816594704283,0.00021465690721078674,0.00468444978785139,0.0008644177936723585,2.95957113513077e-05
125,2,son,,False,3.8596609058077356e-05,5.144221374220898e-06,2.840974294610978e-06,4.222833444659923e-07,2.3923509443082866e-06,7.889262586245034e-07,0.0005825324466511923,1.7778551863194697e-06,0.0002344992422345146,0.010459600223602468,0.00030753698500482333,0.0005360157526065469,2.868540823874629e-05,5.144221374220898e-06,4.222833444659923e-07,7.889262586245034e-07,0.0002344992422345146,1.7778551863194697e-06,0.0005825324466511923,0.00030753698500482333,2.868540823874629e-05
126,0,child,,False,2.7803096387751555e-05,1.8925148246037342e-06,1.670142184809518e-06,2.561282210758673e-07,1.2606946239951315e-06,4.78509449489012e-07,0.0004596405007964144,2.8130174840733105e-07,4.832563818725537e-06,8.830458477845481e-05,1.3342001090985438e-05,0.0004942623523511968,9.028039015031105e-06,1.8925148246037342e-06,2.561282210758673e-07,4.78509449489012e-07,4.832563818725537e-06,2.8130174840733105e-07,0.0004596405007964144,1.3342001090985438e-05,9.028039015031105e-06
126,1,child,,False,3.1015598671268335e-05,2.840974294610978e-06,2.7535691114583474e-06,3.089494448007139e-07,2.97731143841062e-06,8.139692624947503e-07,0.0004852313165264701,1.0289513485400628e-06,0.0002214553186652644,0.0029056745866044694,0.0002434382008505326,1.6865275398914433e-05,6.814872211615988e-06,2.840974294610978e-06,3.089494448007139e-07,8.139692624947503e-07,0.0002214553186652644,1.0289513485400628e-06,0.0004852313165264701,0.0002434382008505326,6.814872211615988e-06
126,2,child,,False,6.263341581094202e-05,1.3765463368900109e-05,2.6688529572628562e-06,7.889262586245034e-07,4.006369222920725e-06,1.0451548051737735e-06,0.0004911950427828109,1.0953122821495382e-06,0.00021849741587309833,0.0030191947476948433,0.00024726231566347745,0.0011409871228185344,1.9110431587777674e-05,1.3765463368900109e-05,7.889262586245034e-07,1.0451548051737735e-06,0.00021849741587309833,1.0953122821495382e-06,0.0004911950427828109,0.00024726231566347745,1.9110431587777674e-05
127,0,daughter,,False,3.569706350376584e-05,3.535625074174432e-06,1.5689549727726036e-06,2.0580491096133835e-07,2.01456908529364e-06,4.78509449489012e-07,0.0004609980105272653,8.664653147910923e-07,0.00021809334032878513,0.0007433895060961777,8.693673928062173e-05,0.00048297182378774457,9.610241549947397e-06,3.535625074174432e-06,2.0580491096133835e-07,4.78509449489012e-07,0.00021809334032878513,8.664653147910923e-07,0.0004609980105272653,8.693673928062173e-05,9.610241549947397e-06
127,1,daughter,,False,4.108485376346404e-05,4.757645425657629e-06,2.5071593847983196e-06,2.1907815825757866e-07,1.3420013504783412e-06,4.222833444659923e-07,0.0005057617310436127,1.9223170236538178e-06,0.00022388481049310266,0.0007067749478525128,5.7031570707833595e-05,0.00048598979794611563,6.014151777699533e-06,4.757645425657629e-06,2.1907815825757866e-07,4.222833444659923e-07,0.00022388481049310266,1.9223170236538178e-06,0.0005057617310436127,5.7031570707833595e-05,6.014151777699533e-06
127,2,daughter,,False,2.7803096387751555e-05,3.7636447180974406e-06,2.6688529572628562e-06,2.994440981371515e-07,1.6187581436151335e-06,5.77192003016332e-07,0.0005467184839586699,1.6442494559854523e-06,0.00022914444123060576,0.019976509190057674,0.000498226973042126,0.00048380070743405816,1.488384825728813e-05,3.7636447180974406e-06,2.994440981371515e-07,5.77192003016332e-07,0.00022914444123060576,1.6442494559854523e-06,0.0005467184839586699,0.000498226973042126,1.488384825728813e-05
128,0,son,,False,4.655269187520153e-05,4.264746818557914e-06,2.01456908529364e-06,3.726639284186561e-07,3.4268490542555014e-06,1.0129990980873922e-06,0.0005225904264439497,9.818326983657703e-07,0.00022805562191617214,0.00010817152527255935,2.6947915555885546e-05,0.0011600053574022634,3.250358452365473e-05,4.264746818557914e-06,3.726639284186561e-07,1.0129990980873922e-06,0.00022805562191617214,9.818326983657703e-07,0.0005225904264439497,2.6947915555885546e-05,3.250358452365473e-05
128,1,son,,True,0.0006884085266736888,0.0007793736725114326,1.2148175280558357e-05,5.649793328376294e-06,2.0662982488383408e-05,1.7400543552708932e-05,0.0006062206195438257,5.391084403253366e-06,0.0002378658206902263,0.0027568755852843594,0.00018675659778932805,0.20075523207745824,0.016105708672900655,0.0007793736725114326,5.649793328376294e-06,1.7400543552708932e-05,0.0002378658206902263,5.391084403253366e-06,0.0006062206195438257,0.00018675659778932805,0.016105708672900655
128,2,son,,False,0.0007314205575305066,0.0007696328798416084,8.092757566536092e-06,4.53978687024344e-06,1.2931563954607948e-05,6.014151777699533e-06,0.0005387069746432239,3.024195853395102e-06,0.000249784072058715,0.0008091765268185392,0.00011335690050875118,0.047386802440808826,0.002419316494174181,0.0007696328798416084,4.53978687024344e-06,6.014151777699533e-06,0.000249784072058715,3.024195853395102e-06,0.0005387069746432239,0.00011335690050875118,0.002419316494174181
129,0,child,,False,2.234163601827719e-05,2.2827997192887966e-06,2.01456908529364e-06,1.816222403812674e-07,8.664653147910923e-07,3.84493505874534e-07,0.00045606631270242416,2.2603242979035749e-07,3.535625074174432e-06,6.070755804415097e-05,5.225226840386988e-06,0.0005096006331304874,1.2339457598623173e-05,2.2827997192887966e-06,1.816222403812674e-07,3.84493505874534e-07,3.535625074174432e-06,2.2603242979035749e-07,0.00045606631270242416,5.225226840386988e-06,1.2339457598623173e-05
129,1,child,,False,3.514382632807918e-05,6.205049602300744e-06,2.6688529572628562e-06,6.339210403977636e-07,3.4268490542555014e-06,1.4285517650093407e-06,0.0005158924645306655,9.818326983657703e-07,0.00021912769953547168,0.010450880942532732,0.0003765413784673874,0.0005437895311587944,1.488384825728813e-05,6.205049602300744e-06,6.339210403977636e-07,1.4285517650093407e-06,0.00021912769953547168,9.818326983657703e-07,0.0005158924645306655,0.0003765413784673874,1.488384825728813e-05
129,2,child,,True,0.0006964846820334749,0.0007780885641422171,1.442598644847886e-05,7.0311842669149565e-06,1.8235460794662427e-05,1.442598644847886e-05,0.0006119746044276918,4.1335397768930325e-06,0.00024219202876817753,0.0028019515705435595,6.166297347617125e-05,0.3522024551094023,0.016393754128046244,0.0007780885641422171,7.0311842669149565e-06,1.442598644847886e-05,0.00024219202876817753,4.1335397768930325e-06,0.0006119746044276918,6.166297347617125e-05,0.016393754128046244
130,0,daughter,,False,2.653023768982879e-05,2.840974294610978e-06,1.8925148246037342e-06,1.4144759985825914e-07,4.1335397768930325e-06,6.540437226933637e-07,0.0004656631292580584,1.1125607488784412e-06,0.00021207146066617245,0.0008817985412716716,0.00011513995656772139,2.0662982488383408e-05,8.220189478350845e-06,2.840974294610978e-06,1.4144759985825914e-07,6.540437226933637e-07,0.00021207146066617245,1.1125607488784412e-06,0.0004656631292580584,0.00011513995656772139,8.220189478350845e-06
130,1,daughter,,False,2.868540823874629e-05,6.814872211615988e-06,2.7535691114583474e-06,2.994440981371515e-07,2.7535691114583474e-06,5.255395707074638e-07,0.004657089614061614,3.2699273422345685e-06,0.000258940290001311,0.0008234381138183805,0.00010987310729246431,0.0005411170227538132,1.9110431587777674e-05,6.814872211615988e-06,2.994440981371515e-07,5.255395707074638e-07,0.000258940290001311,3.2699273422345685e-06,0.004657089614061614,0.00010987310729246431,1.9110431587777674e-05
130,2,daughter,,False,1.971694219622292e-05,2.2827997192887966e-06,1.4738981974494932e-06,1.7061832388634166e-07,3.535625074174432e-06,5.955139348629957e-07,1.609308249869283e-05,2.994440981371515e-07,3.024195853395102e-06,0.00015011822567369918,3.625900662832244e-05,1.7674513810355872e-05,7.722191834067996e-06,2.2827997192887966e-06,1.7061832388634166e-07,5.955139348629957e-07,3.024195853395102e-06,2.994440981371515e-07,1.609308249869283e-05,3.625900662832244e-05,7.722191834067996e-06
131,0,son,,False,4.373344035182828e-05,8.61465062380632e-06,4.832563818725537e-06,8.139692624947503e-07,5.738759521437678e-06,1.3420013504783412e-06,0.0004667426519547087,5.093705003229987e-07,5.475976980449466e-06,0.020264755330478605,0.0006692850924284856,0.0005756433412898068,3.1015598671268335e-05,8.61465062380632e-06,8.139692624947503e-07,1.3420013504783412e-06,5.475976980449466e-06,5.093705003229987e-07,0.0004667426519547087,0.0006692850924284856,3.1015598671268335e-05
131,1,son,,False,5.112579049909173e-05,7.2543618230189156e-06,2.212566909570261e-06,3.288749065460498e-07,3.822911232549001e-06,1.1125607488784412e-06,1.6603846953733614e-05,7.889262586245034e-07,3.822911232549001e-06,0.019448147263788598,0.0005957153763749636,0.00048380070743405816,8.481104172358076e-06,7.2543618230189156e-06,3.288749065460498e-07,1.1125607488784412e-06,3.822911232549001e-06,7.889262586245034e-07,1.6603846953733614e-05,0.0005957153763749636,8.481104172358076e-06
131,2,son,,False,0.00010005044009099887,7.722191834067996e-06,5.562206273647035e-06,4.222833444659923e-07,2.5071593847983196e-06,8.664653147910923e-07,0.0005356319663919442,2.1782649863110498e-06,0.00023589712937775753,0.01960888153610577,0.00046095721793742083,0.0004948512433533591,1.8522574326531083e-05,7.722191834067996e-06,4.222833444659923e-07,8.664653147910923e-07,0.00023589712937775753,2.1782649863110498e-06,0.0005356319663919442,0.00046095721793742083,1.8522574326531083e-05
132,0,child,,False,2.737216731838081e-05,4.53978687024344e-06,3.024195853395102e-06,5.594337713435001e-07,2.586743108135441e-06,8.398072034951531e-07,0.004663782952173049,3.0718185454758057e-06,0.00026606979421072254,0.002934750458319067,0.00025114635138098534,0.0005056385041563992,1.442598644847886e-05,4.53978687024344e-06,5.594337713435001e-07,8.398072034951531e-07,0.00026606979421072254,3.0718185454758057e-06,0.004663782952173049,0.00025114635138098534,1.442598644847886e-05
132,1,child,,False,0.0006964846820334749,0.0007904091417418079,9.028039015031105e-06,3.5913010679499402e-06,1.3342001090985438e-05,9.170196905195049e-06,0.0005053514376163097,2.5466403947055455e-06,0.00021809334032878513,0.01973893488772363,0.00029121782831143336,0.07175725964296026,0.002388579128368805,0.0007904091417418079,3.5913010679499402e-06,9.170196905195049e-06,0.00021809334032878513,2.5466403947055455e-06,0.0005053514376163097,0.00029121782831143336,0.002388579128368805
132,2,child,,False,0.0005617480965584138,1.7674513810355872e-05,5.738759521437678e-06,1.1125607488784412e-06,8.349627818261147e-06,2.1444948420913954e-06,0.0005001042000397146,1.0616134237448653e-06,0.00021439027518160267,0.0007098506750714406,2.2693385749600554e-05,0.010262303811719492,4.512106237781923e-05,1.7674513810355872e-05,1.1125607488784412e-06,2.1444948420913954e-06,0.00021439027518160267,1.0616134237448653e-06,0.0005001042000397146,2.2693385749600554e-05,4.512106237781923e-05
133,0,daughter,,False,8.969393236719384e-05,1.3552078562406772e-05,3.7636447180974406e-06,6.540437226933637e-07,3.2192334497037803e-06,1.3846004563753396e-06,0.0004925154416755756,9.818326983657703e-07,0.00021849741587309833,0.01976376624240485,0.0004718369255027519,0.0006117289013069706,1.8522574326531083e-05,1.3552078562406772e-05,6.540437226933637e-07,1.3846004563753396e-06,0.00021849741587309833,9.818326983657703e-07,0.0004925154416755756,0.0004718369255027519,1.8522574326531083e-05
133,1,daughter,,False,3.740956047302422e-05,4.98595821272702e-06,2.1444948420913954e-06,4.6378732973537256e-07,1.9223170236538178e-06,8.939696304799168e-07,0.0004909779660391795,1.0451548051737735e-06,0.00021934444373130447,0.010450880942532732,0.0004573864277626819,0.0005185157653543439,2.1654404989510328e-05,4.98595821272702e-06,4.6378732973537256e-07,8.939696304799168e-07,0.00021934444373130447,1.0451548051737735e-06,0.0004909779660391795,0.0004573864277626819,2.1654404989510328e-05
133,2,daughter,,False,5.193048644949271e-05,1.3982207564732913e-05,3.120191139396651e-06,8.664653147910923e-07,2.97731143841062e-06,8.664653147910923e-07,0.0005248284322550555,2.212566909570261e-06,0.00022170870641199087,0.01976376624240485,0.0006850480026644968,0.0006141640084130724,2.6947915555885546e-05,1.3982207564732913e-05,8.664653147910923e-07,8.664653147910923e-07,0.00022170870641199087,2.212566909570261e-06,0.0005248284322550555,0.0006850480026644968,2.6947915555885546e-05
134,0,son,,False,7.096703991005882e-05,1.1959857805023158e-05,3.321419494792514e-06,9.223470110117277e-07,3.0718185454758057e-06,1.3420013504783412e-06,0.0004945549134849281,1.0783312222985275e-06,0.00022989918422083383,0.01048616105282962,0.000439941316273649,0.0005775117631028116,2.5315637215092633e-05,1.1959857805023158e-05,9.223470110117277e-07,1.3420013504783412e-06,0.00022989918422083383,1.0783312222985275e-06,0.0004945549134849281,0.000439941316273649,2.5315637215092633e-05
134,1,son,,False,1.6346470245419304e-05,2.840974294610978e-06,1.7231572752142392e-06,1.816222403812674e-07,1.6442494559854523e-06,4.78509449489012e-07,0.00047348232244292843,1.1300808333434096e-06,0.0002219660831203052,0.019428067455041397,0.0003350423414809838,1.8235460794662427e-05,7.484622751061123e-06,2.840974294610978e-06,1.816222403812674e-07,4.78509449489012e-07,0.0002219660831203052,1.1300808333434096e-06,0.00047348232244292843,0.0003350423414809838,7.484622751061123e-06
134,2,son,,False,0.0007505855687935357,0.0007684985562636434,1.3135179706526775e-05,3.4268490542555014e-06,9.314593042575101e-06,5.649793328376294e-06,0.0005399224651569848,2.710880136557205e-06,0.00022951886599524403,0.010450880942532732,0.0004070137715896128,0.03209642408181275,0.0016120876359939614,0.0007684985562636434,3.4268490542555014e-06,5.649793328376294e-06,0.00022951886599524403,2.710880136557205e-06,0.0005399224651569848,0.0004070137715896128,0.0016120876359939614
135,0,child,,False,0.0007048158314455345,3.3015272509780104e-05,1.0554685795431098e-05,1.670142184809518e-06,4.832563818725537e-06,2.97731143841062e-06,0.0026338597985225485,2.796930302582677e-06,0.00023028548862477513,0.019458302326364016,8.426423087564058e-05,0.01598033076099035,5.357805383473943e-05,3.3015272509780104e-05,1.670142184809518e-06,2.97731143841062e-06,0.00023028548862477513,2.796930302582677e-06,0.0026338597985225485,8.426423087564058e-05,5.357805383473943e-05
135,1,child,,False,0.000583435510218716,8.61465062380632e-06,1.2931563954607948e-05,7.183260399857925e-07,2.1444948420913954e-06,9.223470110117277e-07,0.0005425334822391598,2.212566909570261e-06,0.00023589712937775753,0.00016484829418512883,3.353501304664781e-05,0.0005147819588703148,1.6346470245419304e-05,8.61465062380632e-06,7.183260399857925e-07,9.223470110117277e-07,0.00023589712937775753,2.212566909570261e-06,0.0005425334822391598,3.353501304664781e-05,1.6346470245419304e-05
135,2,child,,False,4.238847419937498e-05,3.7636447180974406e-06,2.796930302582677e-06,5.422218970016178e-07,2.586743108135441e-06,8.398072034951531e-07,0.00048446043160835277,9.666109404131067e-07,0.0002167744747109176,0.01966665560720298,6.878511550552459e-05,0.0005385266023448675,2.3782205064034188e-05,3.7636447180974406e-06,5.422218970016178e-07,8.398072034951531e-07,0.0002167744747109176,9.666109404131067e-07,0.00048446043160835277,6.878511550552459e-05,2.3782205064034188e-05
136,0,daughter,,False,5.527786369235996e-05,1.9110431587777674e-05,2.840974294610978e-06,6.339210403977636e-07,4.832563818725537e-06,1.0451548051737735e-06,0.010190668938836932,0.00021478433912260148,0.00030858533984205353,0.010274996187545843,0.00020829707830458003,0.0005957051194471736,3.150386940813393e-05,1.9110431587777674e-05,6.339210403977636e-07,1.0451548051737735e-06,0.00030858533984205353,0.00021478433912260148,0.010190668938836932,0.00020829707830458003,3.150386940813393e-05
136,1,daughter,,False,9.253848866495987e-05,3.0534893211185946e-05,5.307507822667365e-06,2.01456908529364e-06,9.610241549947397e-06,4.908661889889002e-06,0.0005343698407628075,2.710880136557205e-06,0.0002202460844238597,0.020873669028968637,0.000564190850002335,0.02310398360708198,0.0015705622246210342,3.0534893211185946e-05,2.01456908529364e-06,4.908661889889002e-06,0.0002202460844238597,2.710880136557205e-06,0.0005343698407628075,0.000564190850002335,0.0015705622246210342
136,2,daughter,,False,3.0061635882429376e-05,4.832563818725537e-06,1.8925148246037342e-06,2.123378462433771e-07,2.01456908529364e-06,5.093705003229987e-07,0.0005781798342955142,2.3923509443082866e-06,0.00024775071036594654,0.000770171190275983,8.693673928062173e-05,0.0004919966182062518,1.3552078562406772e-05,4.832563818725537e-06,2.123378462433771e-07,5.093705003229987e-07,0.00024775071036594654,2.3923509443082866e-06,0.0005781798342955142,8.693673928062173e-05,1.3552078562406772e-05
137,0,son,,False,6.878511550552459e-05,1.1959857805023158e-05,6.40200641038395e-06,1.1478768127080353e-06,2.97731143841062e-06,1.5206840370677115e-06,0.00048823171222005674,1.4738981974494932e-06,0.000211865052952336,0.052401484312379266,0.0020332353342658754,0.0005775117631028116,3.3015272509780104e-05,1.1959857805023158e-05,1.1478768127080353e-06,1.5206840370677115e-06,0.000211865052952336,1.4738981974494932e-06,0.00048823171222005674,0.0020332353342658754,3.3015272509780104e-05
137,1,son,,False,0.0007156005743211729,2.453694805426225e-05,4.757645425657629e-06,7.411279871974134e-07,1.6187581436151335e-06,7.183260399857925e-07,0.0004969065909538815,2.586743108135441e-06,0.00023889724921321938,0.00017821963223663923,8.481104172358076e-06,0.0012195770294839382,2.453694805426225e-05,2.453694805426225e-05,7.411279871974134e-07,7.183260399857925e-07,0.00023889724921321938,2.586743108135441e-06,0.0004969065909538815,8.481104172358076e-06,2.453694805426225e-05
137,2,son,,False,6.667023092435894e-05,1.3552078562406772e-05,5.649793328376294e-06,1.670142184809518e-06,6.814872211615988e-06,3.4268490542555014e-06,0.0005873689551055264,3.2699273422345685e-06,0.00023686610557470552,0.02129789687799805,0.0007695647178392189,0.010250548954466275,5.193048644949271e-05,1.3552078562406772e-05,1.670142184809518e-06,3.4268490542555014e-06,0.00023686610557470552,3.2699273422345685e-06,0.0005873689551055264,0.0007695647178392189,5.193048644949271e-05
138,0,child,,False,6.878511550552459e-05,4.683888424952456e-06,1.0229985472581487e-05,5.77192003016332e-07,4.198630823683514e-06,1.4285517650093407e-06,0.0005184427898036522,2.4300240743279605e-06,0.0002270166411560819,8.969393236719384e-05,8.559006367452268e-05,0.00048216842909326526,1.0554685795431098e-05,4.683888424952456e-06,5.77192003016332e-07,1.4285517650093407e-06,0.0002270166411560819,2.4300240743279605e-06,0.0005184427898036522,8.559006367452268e-05,1.0554685795431098e-05
138,1,child,,False,0.005860883966991137,4.512106237781923e-05,0.00011879054941163418,5.475976980449466e-06,6.014151777699533e-06,2.88571183887091e-06,0.0005538118479178527,3.6478537675800286e-06,0.00022170870641199087,0.00011695102650555148,2.1654404989510328e-05,0.0011978401309281443,3.150386940813393e-05,4.512106237781923e-05,5.475976980449466e-06,2.88571183887091e-06,0.00022170870641199087,3.6478537675800286e-06,0.0005538118479178527,2.1654404989510328e-05,3.150386940813393e-05
138,2,child,,False,0.005196691674485268,2.868540823874629e-05,1.0889691002655445e-05,1.0783312222985275e-06,3.120191139396651e-06,8.939696304799168e-07,0.0005220819695330309,2.6688529572628562e-06,0.00022914444123060576,0.00010005044009099887,8.220189478350845e-06,0.0012650969304107685,1.3135179706526775e-05,2.868540823874629e-05,1.0783312222985275e-06,8.939696304799168e-07,0.00022914444123060576,2.6688529572628562e-06,0.0005220819695330309,8.220189478350845e-06,1.3135179706526775e-05
139,0,daughter,,False,1.941131867789626e-05,2.4300240743279605e-06,1.8925148246037342e-06,1.3287773439792038e-07,1.4738981974494932e-06,2.72647027069593e-07,0.0004672347498334401,1.0953122821495382e-06,0.0002115672857688723,0.0007868354905725904,6.563728324346652e-05,1.6865275398914433e-05,5.649793328376294e-06,2.4300240743279605e-06,1.3287773439792038e-07,2.72647027069593e-07,0.0002115672857688723,1.0953122821495382e-06,0.0004672347498334401,6.563728324346652e-05,5.649793328376294e-06
139,1,daughter,,False,2.868540823874629e-05,4.1335397768930325e-06,1.4738981974494932e-06,2.6425858208426533e-07,1.4285517650093407e-06,2.561282210758673e-07,0.0046935265260765295,1.4285517650093407e-06,0.00023589712937775753,0.0029056745866044694,0.00013670256456563558,0.0004960569708019354,2.0988308820313112e-05,4.1335397768930325e-06,2.6425858208426533e-07,2.561282210758673e-07,0.00023589712937775753,1.4285517650093407e-06,0.0046935265260765295,0.00013670256456563558,2.0988308820313112e-05
139,2,daughter,,False,1.7400543552708932e-05,1.670142184809518e-06,9.818326983657703e-07,1.2482708949986417e-07,8.939696304799168e-07,1.994729721527057e-07,0.0005135727299760099,6.439037799292652e-07,0.00023148126807614352,6.771942330385674e-05,3.740956047302422e-05,1.2533751425646102e-05,3.120191139396651e-06,1.670142184809518e-06,1.2482708949986417e-07,1.994729721527057e-07,0.00023148126807614352,6.439037799292652e-07,0.0005135727299760099,3.740956047302422e-05,3.120191139396651e-06
140,0,son,,False,0.006410283062770708,0.002930780495019172,2.3782205064034188e-05,6.922183404468203e-06,1.5843621910252592e-05,9.461262661302227e-06,0.004664521093836933,4.757645425657629e-06,0.0002699825652385443,0.0028428458272168377,0.00018969200744787138,0.1856252628514347,0.001592450232501225,0.002930780495019172,6.922183404468203e-06,9.461262661302227e-06,0.0002699825652385443,4.757645425657629e-06,0.004664521093836933,0.00018969200744787138,0.001592450232501225
140,1,son,,False,0.0006482122129075596,2.4156629828672456e-05,1.2148175280558357e-05,1.6187581436151335e-06,4.469407144215697e-06,1.670142184809518e-06,0.0005580406158060472,2.931153855960119e-06,0.00022222751156548602,0.01985369105236534,0.0005911068856243796,0.0012983872610336491,4.583129006350382e-05,2.4156629828672456e-05,1.6187581436151335e-06,1.670142184809518e-06,0.00022222751156548602,2.931153855960119e-06,0.0005580406158060472,0.0005911068856243796,4.583129006350382e-05
140,2,son,,False,6.563728324346652e-05,8.61465062380632e-06,5.064471653194114e-06,8.139692624947503e-07,2.796930302582677e-06,1.3007128466476034e-06,0.0005149564205302751,1.7231572752142392e-06,0.00022989918422083383,0.019690384944210562,0.0003765413784673874,0.0005360157526065469,1.6865275398914433e-05,8.61465062380632e-06,8.139692624947503e-07,1.3007128466476034e-06,0.00022989918422083383,1.7231572752142392e-06,0.0005149564205302751,0.0003765413784673874,1.6865275398914433e-05
141,0,child,,False,0.0005765709440160247,2.199533724320648e-05,3.944258675190877e-06,8.139692624947503e-07,8.888084683809127e-06,2.840974294610978e-06,0.0005309570420757979,4.53978687024344e-06,0.00021912769953547168,0.002786458937919142,6.263341581094202e-05,0.0005914388320078819,1.6346470245419304e-05,2.199533724320648e-05,8.139692624947503e-07,2.840974294610978e-06,0.00021912769953547168,4.53978687024344e-06,0.0005309570420757979,6.263341581094202e-05,1.6346470245419304e-05
141,1,child,,False,3.799845147518645e-05,3.024195853395102e-06,1.6187581436151335e-06,2.72647027069593e-07,2.840974294610978e-06,6.540437226933637e-07,0.0004602132171001878,2.0580491096133835e-07,0.00021273082914771238,9.850082967450695e-05,5.527786369235996e-05,0.0004883566612863065,8.481104172358076e-06,3.024195853395102e-06,2.72647027069593e-07,6.540437226933637e-07,0.00021273082914771238,2.0580491096133835e-07,0.0004602132171001878,5.527786369235996e-05,8.481104172358076e-06
141,2,child,,False,0.0005700198491106524,1.7400543552708932e-05,6.10885510164857e-06,1.9525885208642222e-06,4.61127481426412e-06,2.6688529572628562e-06,0.000488645198734589,1.0129990980873922e-06,0.00021770169376519476,0.0007742406513215074,8.167381046669487e-05,0.016318617823120794,7.321812616608614e-05,1.7400543552708932e-05,1.9525885208642222e-06,2.6688529572628562e-06,0.00021770169376519476,1.0129990980873922e-06,0.000488645198734589,8.167381046669487e-05,7.321812616608614e-05
142,0,daughter,,False,8.167381046669487e-05,2.0662982488383408e-05,3.8831109868779005e-06,1.3007128466476034e-06,4.53978687024344e-06,1.7231572752142392e-06,0.0005779017997717302,2.0462932829931794e-06,0.00024581038595077964,0.002809879477103823,0.00016484829418512883,0.01595320607813817,7.208380258812108e-05,2.0662982488383408e-05,1.3007128466476034e-06,1.7231572752142392e-06,0.00024581038595077964,2.0462932829931794e-06,0.0005779017997717302,0.00016484829418512883,7.208380258812108e-05
142,1,daughter,,False,3.9204178923762816e-05,5.829126566113866e-06,3.024195853395102e-06,4.78509449489012e-07,3.024195853395102e-06,9.818326983657703e-07,0.0005241337637323174,1.0783312222985275e-06,0.00022735757340977805,0.019597587161197097,0.0004718369255027519,0.0005147819588703148,1.971694219622292e-05,5.829126566113866e-06,4.78509449489012e-07,9.818326983657703e-07,0.00022735757340977805,1.0783312222985275e-06,0.0005241337637323174,0.0004718369255027519,1.971694219622292e-05
142,2,daughter,,False,2.199533724320648e-05,6.40200641038395e-06,1.8342893327886845e-06,5.255395707074638e-07,3.321419494792514e-06,8.398072034951531e-07,0.00047593202075195005,5.77192003016332e-07,0.00021608311625873148,0.000924470062878294,0.00021489492836254285,0.0005832949863420954,1.535623976496012e-05,6.40200641038395e-06,5.255395707074638e-07,8.398072034951531e-07,0.00021608311625873148,5.77192003016332e-07,0.00047593202075195005,0.00021489492836254285,1.535623976496012e-05
143,0,son,,False,3.250358452365473e-05,2.7535691114583474e-06,2.1444948420913954e-06,1.602810987828144e-07,1.2606946239951315e-06,2.8130174840733105e-07,0.00047672945997876326,8.398072034951531e-07,0.00021228441957103978,0.010218037575753522,0.0003324436891655638,1.6603846953733614e-05,1.3552078562406772e-05,2.7535691114583474e-06,1.602810987828144e-07,2.8130174840733105e-07,0.00021228441957103978,8.398072034951531e-07,0.00047672945997876326,0.0003324436891655638,1.3552078562406772e-05
143,1,son,,False,0.0007027087047429405,0.0007949155833500293,1.1959857805023158e-05,4.069457790466838e-06,1.7952796934677738e-05,4.683888424952456e-06,0.08005659386387463,0.00022423866345460652,0.004469408739892953,0.010138895748284412,0.00018969200744787138,0.04732060317094423,0.0024667714921657122,0.0007949155833500293,4.069457790466838e-06,4.683888424952456e-06,0.004469408739892953,0.00022423866345460652,0.08005659386387463,0.00018969200744787138,0.0024667714921657122
143,2,son,,False,2.8240807799315707e-05,3.2192334497037803e-06,2.4300240743279605e-06,2.2603242979035749e-07,1.1478768127080353e-06,4.495181578513688e-07,0.000524567296497851,1.8925148246037342e-06,0.00021713669539495865,8.167381046669487e-05,7.602479448313689e-06,0.0005096006331304874,9.915273115920183e-06,3.2192334497037803e-06,2.2603242979035749e-07,4.495181578513688e-07,0.00021713669539495865,1.8925148246037342e-06,0.000524567296497851,7.602479448313689e-06,9.915273115920183e-06
144,0,child,,True,0.0006416143628495969,0.0007904091417418079,7.967300986103147e-06,2.4682904407607285e-06,1.1959857805023158e-05,8.888084683809127e-06,0.010239743456180566,0.00021327337414385152,0.00023589712937775753,0.002954895533654995,8.426423087564058e-05,0.452416711985263,0.08564571138428395,0.0007904091417418079,2.4682904407607285e-06,8.888084683809127e-06,0.00023589712937775753,0.00021327337414385152,0.010239743456180566,8.426423087564058e-05,0.08564571138428395
144,1,child,,False,2.5315637215092633e-05,5.829126566113866e-06,2.931153855960119e-06,5.422218970016178e-07,3.5913010679499402e-06,1.1125607488784412e-06,0.0006083982213266674,3.0718185454758057e-06,0.000258940290001311,0.01022496774572234,0.0003376612381739501,0.0005087832783276653,1.3982207564732913e-05,5.829126566113866e-06,5.422218970016178e-07,1.1125607488784412e-06,0.000258940290001311,3.0718185454758057e-06,0.0006083982213266674,0.0003376612381739501,1.3982207564732913e-05
144,2,child,,False,4.173157606777201e-05,1.1061159714638084e-05,3.321419494792514e-06,7.646537350121258e-07,6.205049602300744e-06,2.01456908529364e-06,0.0005555558287740693,0.00021212635591789767,0.00024909567651839985,0.0008435169429986132,0.00013250224172131609,0.0005360157526065469,1.0554685795431098e-05,1.1061159714638084e-05,7.646537350121258e-07,2.01456908529364e-06,0.00024909567651839985,0.00021212635591789767,0.0005555558287740693,0.00013250224172131609,1.0554685795431098e-05
145,0,daughter,,False,2.4923252458203565e-05,2.931153855960119e-06,1.6187581436151335e-06,2.0580491096133835e-07,1.8631746484712008e-06,3.726639284186561e-07,0.00046040712342594554,7.296379465971514e-07,4.61127481426412e-06,0.0027941453403890646,0.00023231625226312826,1.7674513810355872e-05,1.0229985472581487e-05,2.931153855960119e-06,2.0580491096133835e-07,3.726639284186561e-07,4.61127481426412e-06,7.296379465971514e-07,0.00046040712342594554,0.00023231625226312826,1.0229985472581487e-05
145,1,daughter,,False,5.9766937110286536e-05,9.170196905195049e-06,6.014151777699533e-06,6.962256250138369e-07,2.1444948420913954e-06,8.398072034951531e-07,0.0004884380521100645,1.5446309562386385e-06,0.00021891431472897835,0.01949970367927649,0.0005511934210807019,0.0005684542178624818,2.305067219931397e-05,9.170196905195049e-06,6.962256250138369e-07,8.398072034951531e-07,0.00021891431472897835,1.5446309562386385e-06,0.0004884380521100645,0.0005511934210807019,2.305067219931397e-05
145,2,daughter,,False,2.95957113513077e-05,4.1335397768930325e-06,2.586743108135441e-06,4.356879983467376e-07,1.7502925788778209e-06,6.144174602214718e-07,0.0004978732545768464,1.1478768127080353e-06,0.00022477355484446784,0.010343390645853583,0.0003824483644637211,0.0005138843625860062,2.1654404989510328e-05,4.1335397768930325e-06,4.356879983467376e-07,6.144174602214718e-07,0.00022477355484446784,1.1478768127080353e-06,0.0004978732545768464,0.0003824483644637211,2.1654404989510328e-05
146,0,son,,False,4.442183589214344e-05,3.024195853395102e-06,4.1335397768930325e-06,3.1875652166284776e-07,1.0289513485400628e-06,3.9669859149467314e-07,0.0004640574773531187,1.1125607488784412e-06,5.562206273647035e-06,0.0199624479863192,0.00044683842664911206,1.6603846953733614e-05,7.0311842669149565e-06,3.024195853395102e-06,3.1875652166284776e-07,3.9669859149467314e-07,5.562206273647035e-06,1.1125607488784412e-06,0.0004640574773531187,0.00044683842664911206,7.0311842669149565e-06
146,1,son,,False,5.0333557545281144e-05,2.931153855960119e-06,2.212566909570261e-06,1.9333584585546466e-07,1.363134508591315e-06,4.495181578513688e-07,1.535623976496012e-05,7.889262586245034e-07,0.00022841290836588554,0.0001206589712246389,5.193048644949271e-05,1.2931563954607948e-05,3.6478537675800286e-06,2.931153855960119e-06,1.9333584585546466e-07,4.495181578513688e-07,0.00022841290836588554,7.889262586245034e-07,1.535623976496012e-05,5.193048644949271e-05,3.6478537675800286e-06
146,2,son,,False,7.916296072837432e-05,1.4202364022997911e-05,3.6478537675800286e-06,9.516251694168764e-07,3.7636447180974406e-06,1.7231572752142392e-06,0.0004964288868690976,1.0783312222985275e-06,0.00021695417048520467,0.010218037575753522,0.0002050743539917378,0.0011780402186782639,2.3782205064034188e-05,1.4202364022997911e-05,9.516251694168764e-07,1.7231572752142392e-06,0.00021695417048520467,1.0783312222985275e-06,0.0004964288868690976,0.0002050743539917378,2.3782205064034188e-05
147,0,child,,False,5.792916699214217e-05,1.5598027633743823e-05,3.822911232549001e-06,1.3846004563753396e-06,1.0391067562761452e-05,2.840974294610978e-06,0.004695452883871209,2.0462932829931794e-06,0.00023360304396588728,0.010504209139318285,0.0003324436891655638,0.010242862551996353,6.166297347617125e-05,1.5598027633743823e-05,1.3846004563753396e-06,2.840974294610978e-06,0.00023360304396588728,2.0462932829931794e-06,0.004695452883871209,0.0003324436891655638,6.166297347617125e-05
147,1,child,,False,3.9821309061635425e-05,6.205049602300744e-06,2.2827997192887966e-06,2.4824800371656586e-07,2.0785170435063726e-06,5.255395707074638e-07,0.0004870104393978988,1.363134508591315e-06,0.0002142503208503807,0.002749761539826477,0.00022518472795030202,0.0004948512433533591,1.1235328063870752e-05,6.205049602300744e-06,2.4824800371656586e-07,5.255395707074638e-07,0.0002142503208503807,1.363134508591315e-06,0.0004870104393978988,0.00022518472795030202,1.1235328063870752e-05
147,2,child,,False,7.67292412858718e-05,9.028039015031105e-06,3.8831109868779005e-06,5.594337713435001e-07,3.0718185454758057e-06,1.1125607488784412e-06,0.0005606988266445095,4.006369222920725e-06,0.00022877581864421098,0.010327781932783636,0.00025114635138098534,0.0005224900751216392,1.9110431587777674e-05,9.028039015031105e-06,5.594337713435001e-07,1.1125607488784412e-06,0.00022877581864421098,4.006369222920725e-06,0.0005606988266445095,0.00025114635138098534,1.9110431587777674e-05
148,0,daughter,,False,2.0342697805520655e-05,4.400118457925303e-06,1.3420013504783412e-06,3.9669859149467314e-07,2.840974294610978e-06,1.1125607488784412e-06,0.0005426053010428334,1.4971083692627422e-06,0.0002167744747109176,0.0029298105410563774,0.0001597845494017344,0.000571992748445894,3.353501304664781e-05,4.400118457925303e-06,3.9669859149467314e-07,1.1125607488784412e-06,0.0002167744747109176,1.4971083692627422e-06,0.0005426053010428334,0.0001597845494017344,3.353501304664781e-05
148,1,daughter,,False,0.0005539762557696557,8.750299760661308e-06,1.3765463368900109e-05,5.955139348629957e-07,1.7778551863194697e-06,6.144174602214718e-07,0.00057901719416742,4.198630823683514e-06,0.00024277179663959579,0.0008817985412716716,0.00020190139004485808,0.00048297182378774457,1.3982207564732913e-05,8.750299760661308e-06,5.955139348629957e-07,6.144174602214718e-07,0.00024277179663959579,4.198630823683514e-06,0.00057901719416742,0.00020190139004485808,1.3982207564732913e-05
148,2,daughter,,False,5.112579049909173e-05,9.170196905195049e-06,4.400118457925303e-06,6.144174602214718e-07,4.469407144215697e-06,1.4738981974494932e-06,0.0005057617310436127,1.8342893327886845e-06,0.00022805562191617214,0.019907250021474646,0.00046095721793742083,0.0005451573766566274,2.1654404989510328e-05,9.170196905195049e-06,6.144174602214718e-07,1.4738981974494932e-06,0.00022805562191617214,1.8342893327886845e-06,0.0005057617310436127,0.00046095721793742083,2.1654404989510328e-05
149,0,son,,False,0.0005539762557696557,1.4202364022997911e-05,7.2543618230189156e-06,6.748051590048605e-07,4.198630823683514e-06,1.2606946239951315e-06,0.0005298457955252682,2.2474089854291757e-06,0.00022951886599524403,0.020063133943110382,0.00047551999098330473,0.0005852836038915696,2.305067219931397e-05,1.4202364022997911e-05,6.748051590048605e-07,1.2606946239951315e-06,0.00022951886599524403,2.2474089854291757e-06,0.0005298457955252682,0.00047551999098330473,2.305067219931397e-05
149,1,son,,False,3.740956047302422e-05,6.40200641038395e-06,2.627477314480822e-06,3.6119830612765795e-07,4.069457790466838e-06,9.818326983657703e-07,0.0005801413114985695,2.796930302582677e-06,0.0002504832985443908,0.000703746720165797,4.442183589214344e-05,0.0005224900751216392,1.0554685795431098e-05,6.40200641038395e-06,3.6119830612765795e-07,9.818326983657703e-07,0.0002504832985443908,2.796930302582677e-06,0.0005801413114985695,4.442183589214344e-05,1.0554685795431098e-05
149,2,son,,False,1.8814207550495463e-05,2.1444948420913954e-06,1.4738981974494932e-06,1.5057017254045334e-07,1.4064044342149064e-06,3.84493505874534e-07,0.0004926268765983849,1.2606946239951315e-06,0.0002167744747109176,0.0007911659505451469,0.00010987310729246431,1.5598027633743823e-05,7.722191834067996e-06,2.1444948420913954e-06,1.5057017254045334e-07,3.84493505874534e-07,0.0002167744747109176,1.2606946239951315e-06,0.0004926268765983849,0.00010987310729246431,7.722191834067996e-06
150,0,child,,False,7.67292412858718e-05,2.0662982488383408e-05,4.61127481426412e-06,1.6442494559854523e-06,4.908661889889002e-06,2.1444948420913954e-06,0.0005359255040937842,2.1444948420913954e-06,0.00023942516893991257,0.010282364805175475,0.00011879054941163418,0.016074999191737577,6.263341581094202e-05,2.0662982488383408e-05,1.6442494559854523e-06,2.1444948420913954e-06,0.00023942516893991257,2.1444948420913954e-06,0.0005359255040937842,0.00011879054941163418,6.263341581094202e-05
150,1,child,,False,0.00010162440410680168,3.250358452365473e-05,4.469407144215697e-06,1.0953122821495382e-06,1.3552078562406772e-05,3.5913010679499402e-06,0.12314138010040127,0.00024226121314801648,0.022526997907019137,0.0007583355694965269,0.0001048469267161009,0.010242862551996353,5.9766937110286536e-05,3.250358452365473e-05,1.0953122821495382e-06,3.5913010679499402e-06,0.022526997907019137,0.00024226121314801648,0.12314138010040127,0.0001048469267161009,5.9766937110286536e-05
150,2,child,,False,8.559006367452268e-05,9.028039015031105e-06,6.10885510164857e-06,9.516251694168764e-07,2.710880136557205e-06,1.4510478554719287e-06,0.000468888187061718,8.80110037979258e-07,4.469407144215697e-06,0.00011160142598430911,1.6865275398914433e-05,0.0012719291054583215,5.0333557545281144e-05,9.028039015031105e-06,9.516251694168764e-07,1.4510478554719287e-06,4.469407144215697e-06,8.80110037979258e-07,0.000468888187061718,1.6865275398914433e-05,5.0333557545281144e-05
151,0,daughter,,False,5.792916699214217e-05,1.3342001090985438e-05,3.535625074174432e-06,1.0451548051737735e-06,3.822911232549001e-06,1.2606946239951315e-06,0.0005707277855615278,1.9833367060283617e-06,0.00023996139648439313,0.019907250021474646,0.0003123648599853311,0.001243439431912271,5.112579049909173e-05,1.3342001090985438e-05,1.0451548051737735e-06,1.2606946239951315e-06,0.00023996139648439313,1.9833367060283617e-06,0.0005707277855615278,0.0003123648599853311,5.112579049909173e-05
151,1,daughter,,False,1.535623976496012e-05,2.5071593847983196e-06,1.6187581436151335e-06,3.1875652166284776e-07,2.0785170435063726e-06,5.77192003016332e-07,0.0004938671167868664,1.5206840370677115e-06,0.00022120585807682417,0.0199624479863192,0.0013955710398273339,1.2148175280558357e-05,1.1959857805023158e-05,2.5071593847983196e-06,3.1875652166284776e-07,5.77192003016332e-07,0.00022120585807682417,1.5206840370677115e-06,0.0004938671167868664,0.0013955710398273339,1.1959857805023158e-05
151,2,daughter,,False,7.208380258812108e-05,9.761566060239504e-06,3.705296977158347e-06,6.339210403977636e-07,4.1335397768930325e-06,1.8925148246037342e-06,0.004734179515205503,1.9223170236538178e-06,0.00026702520964274283,0.0007470393220393539,6.667023092435894e-05,0.010156181138574706,0.002382327228464751,9.761566060239504e-06,6.339210403977636e-07,1.8925148246037342e-06,0.00026702520964274283,1.9223170236538178e-06,0.004734179515205503,6.667023092435894e-05,0.002382327228464751
152,0,son,,False,6.46203290719727e-05,1.6865275398914433e-05,4.198630823683514e-06,1.0783312222985275e-06,9.761566060239504e-06,2.840974294610978e-06,0.0005399224651569848,2.2474089854291757e-06,0.00022841290836588554,0.01982751147780615,0.0005220125693558398,0.01016894759352803,3.799845147518645e-05,1.6865275398914433e-05,1.0783312222985275e-06,2.840974294610978e-06,0.00022841290836588554,2.2474089854291757e-06,0.0005399224651569848,0.0005220125693558398,3.799845147518645e-05
152,1,son,,False,0.000633650613162658,1.5118199327273332e-05,3.2699273422345685e-06,3.726639284186561e-07,1.7778551863194697e-06,4.495181578513688e-07,0.0005379045088107247,1.8631746484712008e-06,0.00023028548862477513,0.0007161476078247872,4.442183589214344e-05,0.0011688122949661533,1.9110431587777674e-05,1.5118199327273332e-05,3.726639284186561e-07,4.495181578513688e-07,0.00023028548862477513,1.8631746484712008e-06,0.0005379045088107247,4.442183589214344e-05,1.9110431587777674e-05
152,2,son,,False,0.0005578016147538543,2.5315637215092633e-05,7.843789122138342e-06,1.0289513485400628e-06,8.481104172358076e-06,1.9525885208642222e-06,0.014700196109700126,0.0002185240074492738,0.0003863833387868364,0.0007783738571119147,5.8840881855693875e-05,0.010175480729240283,6.263341581094202e-05,2.5315637215092633e-05,1.0289513485400628e-06,1.9525885208642222e-06,0.0003863833387868364,0.0002185240074492738,0.014700196109700126,5.8840881855693875e-05,6.263341581094202e-05
153,0,child,,False,6.667023092435894e-05,4.832563818725537e-06,4.198630823683514e-06,7.411279871974134e-07,1.5206840370677115e-06,6.540437226933637e-07,0.0004925154416755756,1.4285517650093407e-06,0.0002154336363883092,0.0029056745866044694,3.0534893211185946e-05,0.0005130006664921807,1.7400543552708932e-05,4.832563818725537e-06,7.411279871974134e-07,6.540437226933637e-07,0.0002154336363883092,1.4285517650093407e-06,0.0004925154416755756,3.0534893211185946e-05,1.7400543552708932e-05
153,1,child,,False,0.005643893642441666,0.000782004817350045,1.177445922838707e-05,1.6187581436151335e-06,4.1335397768930325e-06,1.3846004563753396e-06,0.000574336198536743,5.144221374220898e-06,0.00024050606249465076,0.036010968329997256,0.0007636216494667212,0.022802550112760216,4.238847419937498e-05,0.000782004817350045,1.6187581436151335e-06,1.3846004563753396e-06,0.00024050606249465076,5.144221374220898e-06,0.000574336198536743,0.0007636216494667212,4.238847419937498e-05
153,2,child,,False,0.0007926775426870258,1.8522574326531083e-05,7.843789122138342e-06,1.2219076020491008e-06,2.586743108135441e-06,9.818326983657703e-07,0.0005320813624897828,2.0462932829931794e-06,0.0002445664150903344,0.000770171190275983,1.8522574326531083e-05,0.010117320684545133,2.868540823874629e-05,1.8522574326531083e-05,1.2219076020491008e-06,9.818326983657703e-07,0.0002445664150903344,2.0462932829931794e-06,0.0005320813624897828,1.8522574326531083e-05,2.868540823874629e-05
154,0,daughter,,False,3.9821309061635425e-05,6.814872211615988e-06,3.4268490542555014e-06,6.748051590048605e-07,3.321419494792514e-06,1.1843139025979655e-06,0.0005195838221595575,1.0451548051737735e-06,0.00023273440348495238,0.019866929726500317,0.0006289902136892483,0.0005398117107140829,2.868540823874629e-05,6.814872211615988e-06,6.748051590048605e-07,1.1843139025979655e-06,0.00023273440348495238,1.0451548051737735e-06,0.0005195838221595575,0.0006289902136892483,2.868540823874629e-05
154,1,daughter,,False,5.527786369235996e-05,1.535623976496012e-05,3.321419494792514e-06,9.223470110117277e-07,5.562206273647035e-06,1.8925148246037342e-06,0.0005146468316961163,2.1444948420913954e-06,0.00024050606249465076,0.020469097031981548,0.0007121428745735102,0.0006093314310007475,2.913700606794303e-05,1.535623976496012e-05,9.223470110117277e-07,1.8925148246037342e-06,0.00024050606249465076,2.1444948420913954e-06,0.0005146468316961163,0.0007121428745735102,2.913700606794303e-05
154,2,daughter,,False,6.070755804415097e-05,1.2731104162213555e-05,2.0785170435063726e-06,5.77192003016332e-07,3.822911232549001e-06,9.516251694168764e-07,0.0004884380521100645,1.2029639084557005e-06,0.00021439027518160267,0.03756727520057836,0.0010091315485195006,0.0011749162498717969,2.1654404989510328e-05,1.2731104162213555e-05,5.77192003016332e-07,9.516251694168764e-07,0.00021439027518160267,1.2029639084557005e-06,0.0004884380521100645,0.0010091315485195006,2.1654404989510328e-05
155,0,son,,False,3.353501304664781e-05,5.475976980449466e-06,1.5689549727726036e-06,2.72647027069593e-07,3.2192334497037803e-06,7.411279871974134e-07,0.0004777071579444253,7.889262586245034e-07,0.0002214553186652644,0.0008704335119750585,0.00011513995656772139,0.0005600758955536546,1.3552078562406772e-05,5.475976980449466e-06,2.72647027069593e-07,7.411279871974134e-07,0.0002214553186652644,7.889262586245034e-07,0.0004777071579444253,0.00011513995656772139,1.3552078562406772e-05
155,1,son,,False,5.4421326243255744e-05,1.2339457598623173e-05,2.586743108135441e-06,7.889262586245034e-07,7.843789122138342e-06,4.331903899346328e-06,0.0004602132171001878,7.889262586245034e-07,0.00021956460018956949,0.0007397960144200369,9.110511944006454e-05,0.001187709168692717,1.6346470245419304e-05,1.2339457598623173e-05,7.889262586245034e-07,4.331903899346328e-06,0.00021956460018956949,7.889262586245034e-07,0.0004602132171001878,9.110511944006454e-05,1.6346470245419304e-05
155,2,son,,False,0.0005981655787301457,1.609308249869283e-05,4.198630823683514e-06,8.139692624947503e-07,4.069457790466838e-06,1.0783312222985275e-06,0.0006043479766846008,3.6478537675800286e-06,0.00026064009985893153,0.01042511913352564,0.0003884476548765806,0.0005813371220870101,1.6346470245419304e-05,1.609308249869283e-05,8.139692624947503e-07,1.0783312222985275e-06,0.00026064009985893153,3.6478537675800286e-06,0.0006043479766846008,0.0003884476548765806,1.6346470245419304e-05
156,0,child,,False,7.916296072837432e-05,8.349627818261147e-06,5.225226840386988e-06,7.411279871974134e-07,3.321419494792514e-06,1.4738981974494932e-06,0.0005310502339891216,1.3420013504783412e-06,0.00023273440348495238,0.01954238285545805,0.00048674173452790476,0.0005289365944662937,1.442598644847886e-05,8.349627818261147e-06,7.411279871974134e-07,1.4738981974494932e-06,0.00023273440348495238,1.3420013504783412e-06,0.0005310502339891216,0.00048674173452790476,1.442598644847886e-05
156,1,child,,False,0.0006767554853955495,2.95957113513077e-05,8.349627818261147e-06,2.0462932829931794e-06,3.5913010679499402e-06,2.6688529572628562e-06,0.004687439283738246,3.7636447180974406e-06,0.00024709381223434357,0.01040826973575264,4.044814978420809e-05,0.022735656113945613,5.193048644949271e-05,2.95957113513077e-05,2.0462932829931794e-06,2.6688529572628562e-06,0.00024709381223434357,3.7636447180974406e-06,0.004687439283738246,4.044814978420809e-05,5.193048644949271e-05
156,2,child,,False,0.0005597594790089396,3.1015598671268335e-05,8.220189478350845e-06,1.6187581436151335e-06,4.1335397768930325e-06,2.5071593847983196e-06,0.011920910479902092,0.00021316936412971543,0.0002709995194100381,0.0028689430188461465,0.00016743993037101191,0.047171711324201025,0.0024506539850415606,3.1015598671268335e-05,1.6187581436151335e-06,2.5071593847983196e-06,0.0002709995194100381,0.00021316936412971543,0.011920910479902092,0.00016743993037101191,0.0024506539850415606
157,0,daughter,,False,5.4421326243255744e-05,4.400118457925303e-06,3.120191139396651e-06,3.726639284186561e-07,1.6964426510543331e-06,4.78509449489012e-07,0.00045504740472045987,7.183260399857925e-07,5.225226840386988e-06,0.0008540336462424981,0.00011335690050875118,0.00048598979794611563,7.2543618230189156e-06,4.400118457925303e-06,3.726639284186561e-07,4.78509449489012e-07,5.225226840386988e-06,7.183260399857925e-07,0.00045504740472045987,0.00011335690050875118,7.2543618230189156e-06
157,1,daughter,,False,6.166297347617125e-05,1.2339457598623173e-05,3.6478537675800286e-06,5.093705003229987e-07,4.006369222920725e-06,1.0451548051737735e-06,0.004735191941221434,0.00021316936412971543,0.00026064009985893153,0.00011695102650555148,5.527786369235996e-05,0.0005600758955536546,2.5315637215092633e-05,1.2339457598623173e-05,5.093705003229987e-07,1.0451548051737735e-06,0.00026064009985893153,0.00021316936412971543,0.004735191941221434,5.527786369235996e-05,2.5315637215092633e-05
157,2,daughter,,False,2.3413582477639402e-05,3.4268490542555014e-06,1.7231572752142392e-06,3.500854414401442e-07,1.8631746484712008e-06,5.955139348629957e-07,0.0005832781689893371,1.0289513485400628e-06,0.00024395884522464894,0.00089952090870963,0.00015731121653489972,0.0005064063866345277,1.7952796934677738e-05,3.4268490542555014e-06,3.500854414401442e-07,5.955139348629957e-07,0.00024395884522464894,1.0289513485400628e-06,0.0005832781689893371,0.00015731121653489972,1.7952796934677738e-05
158,0,son,,False,0.0006033895256885456,1.488384825728813e-05,8.349627818261147e-06,1.2606946239951315e-06,7.602479448313689e-06,1.4738981974494932e-06,0.0004573080764948252,8.139692624947503e-07,4.908661889889002e-06,0.0030536424941330197,0.0003027835024568379,0.0005300709180442588,1.488384825728813e-05,1.488384825728813e-05,1.2606946239951315e-06,1.4738981974494932e-06,4.908661889889002e-06,8.139692624947503e-07,0.0004573080764948252,0.0003027835024568379,1.488384825728813e-05
158,1,son,,False,5.193048644949271e-05,1.141223854434603e-05,3.822911232549001e-06,4.0929110499856e-07,3.373722476473661e-06,6.962256250138369e-07,0.010214565413810406,0.00021416662909256432,0.0003102091628826725,0.0001048469267161009,3.625900662832244e-05,0.0005738038183837241,2.305067219931397e-05,1.141223854434603e-05,4.0929110499856e-07,6.962256250138369e-07,0.0003102091628826725,0.00021416662909256432,0.010214565413810406,3.625900662832244e-05,2.305067219931397e-05
158,2,son,,False,6.771942330385674e-05,1.0391067562761452e-05,5.475976980449466e-06,6.540437226933637e-07,3.169325442919291e-06,9.516251694168764e-07,0.0005351446400949713,2.3187477504664324e-06,0.00023360304396588728,0.0030536424941330197,0.00030753698500482333,0.0005493912805431325,1.5843621910252592e-05,1.0391067562761452e-05,6.540437226933637e-07,9.516251694168764e-07,0.00023360304396588728,2.3187477504664324e-06,0.0005351446400949713,0.00030753698500482333,1.5843621910252592e-05
159,0,child,,False,2.1654404989510328e-05,3.024195853395102e-06,1.7778551863194697e-06,1.994729721527057e-07,1.7502925788778209e-06,4.6378732973537256e-07,0.0005217446467705822,1.8342893327886845e-06,0.00023942516893991257,0.00012448433020883747,5.527786369235996e-05,2.1654404989510328e-05,8.481104172358076e-06,3.024195853395102e-06,1.994729721527057e-07,4.6378732973537256e-07,0.00023942516893991257,1.8342893327886845e-06,0.0005217446467705822,5.527786369235996e-05,8.481104172358076e-06
159,1,child,,False,9.547317110805593e-05,3.250358452365473e-05,9.170196905195049e-06,3.373722476473661e-06,1.5843621910252592e-05,8.61465062380632e-06,0.05823707139604021,0.00022722713213263406,0.004469408739892953,0.010238988609384374,0.00013670256456563558,0.07086420546389548,0.003497514251509983,3.250358452365473e-05,3.373722476473661e-06,8.61465062380632e-06,0.004469408739892953,0.00022722713213263406,0.05823707139604021,0.00013670256456563558,0.003497514251509983
159,2,child,,False,6.361912109467577e-05,7.0311842669149565e-06,4.53978687024344e-06,5.955139348629957e-07,3.8831109868779005e-06,2.1444948420913954e-06,0.0004934130379598841,1.0451548051737735e-06,0.00021625192716922701,0.00089952090870963,0.00013670256456563558,0.0006069710175518718,5.0333557545281144e-05,7.0311842669149565e-06,5.955139348629957e-07,2.1444948420913954e-06,0.00021625192716922701,1.0451548051737735e-06,0.0004934130379598841,0.00013670256456563558,5.0333557545281144e-05
160,0,daughter,,False,3.3015272509780104e-05,8.349627818261147e-06,1.8925148246037342e-06,5.77192003016332e-07,2.586743108135441e-06,8.939696304799168e-07,0.0005890068096314904,1.1478768127080353e-06,0.00022877581864421098,0.020541375440576118,0.0005426943348925353,0.001165830836081277,3.150386940813393e-05,8.349627818261147e-06,5.77192003016332e-07,8.939696304799168e-07,0.00022877581864421098,1.1478768127080353e-06,0.0005890068096314904,0.0005426943348925353,3.150386940813393e-05
160,1,daughter,,False,0.0005906285010799165,3.740956047302422e-05,6.40200641038395e-06,1.2606946239951315e-06,5.562206273647035e-06,1.670142184809518e-06,0.0005190929006620051,1.8342893327886845e-06,0.00021934444373130447,0.003024826125706131,0.0002434382008505326,0.01630427062692006,6.563728324346652e-05,3.740956047302422e-05,1.2606946239951315e-06,1.670142184809518e-06,0.00021934444373130447,1.8342893327886845e-06,0.0005190929006620051,0.0002434382008505326,6.563728324346652e-05
160,2,daughter,,False,3.625900662832244e-05,4.264746818557914e-06,2.931153855960119e-06,3.3931448129766124e-07,4.198630823683514e-06,1.0451548051737735e-06,0.0004664994696390103,1.2606946239951315e-06,0.00022388481049310266,0.0001597845494017344,8.559006367452268e-05,2.2693385749600554e-05,5.144221374220898e-06,4.264746818557914e-06,3.3931448129766124e-07,1.0451548051737735e-06,0.00022388481049310266,1.2606946239951315e-06,0.0004664994696390103,8.559006367452268e-05,5.144221374220898e-06
161,0,son,,False,9.547317110805593e-05,1.6603846953733614e-05,3.2699273422345685e-06,6.540437226933637e-07,7.484622751061123e-06,2.2827997192887966e-06,0.0005058990298734508,2.1782649863110498e-06,0.0002323101517224571,0.010327781932783636,0.0003123648599853311,0.0011978401309281443,2.6947915555885546e-05,1.6603846953733614e-05,6.540437226933637e-07,2.2827997192887966e-06,0.0002323101517224571,2.1782649863110498e-06,0.0005058990298734508,0.0003123648599853311,2.6947915555885546e-05
161,1,son,,False,3.799845147518645e-05,4.006369222920725e-06,2.7535691114583474e-06,3.726639284186561e-07,1.9525885208642222e-06,6.962256250138369e-07,0.0004945549134849281,9.516251694168764e-07,0.00021591692196200267,0.010351285062782186,0.00019877742123839117,0.0005267203585267405,1.9110431587777674e-05,4.006369222920725e-06,3.726639284186561e-07,6.962256250138369e-07,0.00021591692196200267,9.516251694168764e-07,0.0004945549134849281,0.00019877742123839117,1.9110431587777674e-05
161,2,son,,False,5.792916699214217e-05,1.0071400221737608e-05,5.475976980449466e-06,8.398072034951531e-07,3.120191139396651e-06,1.3420013504783412e-06,0.0006043171117723607,2.710880136557205e-06,0.0002445664150903344,0.019458302326364016,0.00046095721793742083,0.0005553536215526795,2.3782205064034188e-05,1.0071400221737608e-05,8.398072034951531e-07,1.3420013504783412e-06,0.0002445664150903344,2.710880136557205e-06,0.0006043171117723607,0.00046095721793742083,2.3782205064034188e-05
162,0,child,,False,1.2148175280558357e-05,2.4300240743279605e-06,1.5689549727726036e-06,1.6536895860212648e-07,1.5206840370677115e-06,4.0929110499856e-07,0.0005016356132551542,1.2219076020491008e-06,0.00021467682920914668,0.0007742406513215074,0.00014550629385328434,0.0005048825150668042,1.7400543552708932e-05,2.4300240743279605e-06,1.6536895860212648e-07,4.0929110499856e-07,0.00021467682920914668,1.2219076020491008e-06,0.0005016356132551542,0.00014550629385328434,1.7400543552708932e-05
162,1,child,,False,2.453694805426225e-05,3.120191139396651e-06,1.8925148246037342e-06,2.72647027069593e-07,1.4738981974494932e-06,5.77192003016332e-07,0.0005207405350948458,1.5446309562386385e-06,0.00022570493397209223,0.0007622196052140348,4.955359475635505e-05,0.0005335820331640444,2.0988308820313112e-05,3.120191139396651e-06,2.72647027069593e-07,5.77192003016332e-07,0.00022570493397209223,1.5446309562386385e-06,0.0005207405350948458,4.955359475635505e-05,2.0988308820313112e-05
162,2,child,,False,3.625900662832244e-05,4.53978687024344e-06,3.120191139396651e-06,3.6119830612765795e-07,2.5071593847983196e-06,5.422218970016178e-07,0.0004816744542579805,1.1125607488784412e-06,0.0002139768867903779,0.003077507246275801,0.00028009269671209737,0.00048509359967748836,1.3135179706526775e-05,4.53978687024344e-06,3.6119830612765795e-07,5.422218970016178e-07,0.0002139768867903779,1.1125607488784412e-06,0.0004816744542579805,0.00028009269671209737,1.3135179706526775e-05
163,0,daughter,,False,3.682979260160596e-05,5.829126566113866e-06,1.4738981974494932e-06,2.4824800371656586e-07,2.3187477504664324e-06,1.0451548051737735e-06,0.00046589975612039555,7.646537350121258e-07,0.00022249305551005476,0.003077507246275801,0.00019267346633274757,0.0004948512433533591,7.967300986103147e-06,5.829126566113866e-06,2.4824800371656586e-07,1.0451548051737735e-06,0.00022249305551005476,7.646537350121258e-07,0.00046589975612039555,0.00019267346633274757,7.967300986103147e-06
163,1,daughter,,False,2.6947915555885546e-05,4.683888424952456e-06,2.1444948420913954e-06,2.4061023397180247e-07,2.5071593847983196e-06,7.411279871974134e-07,0.0005684391729030185,2.212566909570261e-06,0.00026239380687440516,0.0029756715223842765,0.00018102110262026484,0.0005166197289884592,1.6865275398914433e-05,4.683888424952456e-06,2.4061023397180247e-07,7.411279871974134e-07,0.00026239380687440516,2.212566909570261e-06,0.0005684391729030185,0.00018102110262026484,1.6865275398914433e-05
163,2,daughter,,False,0.0005788235783983012,3.9821309061635425e-05,5.391084403253366e-06,2.88571183887091e-06,1.141223854434603e-05,3.6478537675800286e-06,0.0005897571071770666,2.2827997192887966e-06,0.0002378658206902263,0.0028689430188461465,0.00035936025814200905,0.023076952850457744,0.0015745400450657455,3.9821309061635425e-05,2.88571183887091e-06,3.6478537675800286e-06,0.0002378658206902263,2.2827997192887966e-06,0.0005897571071770666,0.00035936025814200905,0.0015745400450657455
164,0,son,,False,0.0005617480965584138,1.5118199327273332e-05,3.024195853395102e-06,4.78509449489012e-07,3.4808121961114687e-06,5.77192003016332e-07,0.0004753051800293774,9.818326983657703e-07,0.00021358242564492241,0.01938881335040798,0.00034564096680654295,0.0011688122949661533,3.4062932773341e-05,1.5118199327273332e-05,4.78509449489012e-07,5.77192003016332e-07,0.00021358242564492241,9.818326983657703e-07,0.0004753051800293774,0.00034564096680654295,3.4062932773341e-05
164,1,son,,False,3.625900662832244e-05,2.931153855960119e-06,1.8925148246037342e-06,2.72647027069593e-07,1.8631746484712008e-06,6.339210403977636e-07,0.00046901888401438977,8.939696304799168e-07,0.0002139768867903779,9.547317110805593e-05,5.792916699214217e-05,1.9110431587777674e-05,6.205049602300744e-06,2.931153855960119e-06,2.72647027069593e-07,6.339210403977636e-07,0.0002139768867903779,8.939696304799168e-07,0.00046901888401438977,5.792916699214217e-05,6.205049602300744e-06
164,2,son,,False,1.6865275398914433e-05,1.5689549727726036e-06,1.2219076020491008e-06,9.721546189381599e-08,1.0451548051737735e-06,2.9023119852110973e-07,0.00047438307922800164,8.139692624947503e-07,0.00021439027518160267,0.0007507463408459455,0.00010162440410680168,1.0391067562761452e-05,6.014151777699533e-06,1.5689549727726036e-06,9.721546189381599e-08,2.9023119852110973e-07,0.00021439027518160267,8.139692624947503e-07,0.00047438307922800164,0.00010162440410680168,6.014151777699533e-06
165,0,child,,False,6.771942330385674e-05,6.814872211615988e-06,4.469407144215697e-06,5.77192003016332e-07,2.1444948420913954e-06,8.139692624947503e-07,0.00047546097391956043,1.1125607488784412e-06,0.00021891431472897835,0.01954238285545805,0.0003350423414809838,0.0005034054837533741,1.1959857805023158e-05,6.814872211615988e-06,5.77192003016332e-07,8.139692624947503e-07,0.00021891431472897835,1.1125607488784412e-06,0.00047546097391956043,0.0003350423414809838,1.1959857805023158e-05
165,1,child,,False,2.4923252458203565e-05,2.586743108135441e-06,1.4285517650093407e-06,2.0580491096133835e-07,1.3420013504783412e-06,2.561282210758673e-07,0.00047393006395888865,4.936988949458183e-07,0.0002139768867903779,0.0007129746438779075,0.0001048469267161009,0.0004855382001169189,7.722191834067996e-06,2.586743108135441e-06,2.0580491096133835e-07,2.561282210758673e-07,0.0002139768867903779,4.936988949458183e-07,0.00047393006395888865,0.0001048469267161009,7.722191834067996e-06
165,2,child,,False,4.305570813246149e-05,2.931153855960119e-06,2.586743108135441e-06,1.4144759985825914e-07,1.8925148246037342e-06,4.0929110499856e-07,0.000478708021537921,1.9525885208642222e-06,0.00022388481049310266,0.00010162440410680168,5.9766937110286536e-05,1.5118199327273332e-05,4.1335397768930325e-06,2.931153855960119e-06,1.4144759985825914e-07,4.0929110499856e-07,0.00022388481049310266,1.9525885208642222e-06,0.000478708021537921,5.9766937110286536e-05,4.1335397768930325e-06
166,0,daughter,,False,2.199533724320648e-05,4.98595821272702e-06,3.120191139396651e-06,4.6378732973537256e-07,4.53978687024344e-06,1.1843139025979655e-06,0.0005620494480912932,2.88571183887091e-06,0.0002511935262300754,0.0027290685694033377,0.00019570169401946335,0.0004925498553819385,1.1235328063870752e-05,4.98595821272702e-06,4.6378732973537256e-07,1.1843139025979655e-06,0.0002511935262300754,2.88571183887091e-06,0.0005620494480912932,0.00019570169401946335,1.1235328063870752e-05
166,1,daughter,,False,0.0005617480965584138,3.0534893211185946e-05,5.064471653194114e-06,1.2805474213228684e-06,7.484622751061123e-06,2.4300240743279605e-06,0.004724511843412103,3.705296977158347e-06,0.0002679956519775136,0.002954895533654995,0.00025909793644293347,0.01629717912353344,0.0015787084252251885,3.0534893211185946e-05,1.2805474213228684e-06,2.4300240743279605e-06,0.0002679956519775136,3.705296977158347e-06,0.004724511843412103,0.00025909793644293347,0.0015787084252251885
166,2,daughter,,False,0.0006087787255549655,0.0007696328798416084,7.368592981140821e-06,1.8631746484712008e-06,1.4653129390717958e-05,5.738759521437678e-06,0.015005364555123716,0.00021762530935888873,0.0003008354072746275,0.019976509190057674,0.0004905405705722036,0.08335024155140078,0.005546324294997054,0.0007696328798416084,1.8631746484712008e-06,5.738759521437678e-06,0.0003008354072746275,0.00021762530935888873,0.015005364555123716,0.0004905405705722036,0.005546324294997054
167,0,son,,False,4.442183589214344e-05,4.683888424952456e-06,2.586743108135441e-06,2.4061023397180247e-07,1.8342893327886845e-06,5.594337713435001e-07,0.00047853957910020344,1.2606946239951315e-06,0.00023028548862477513,0.0027290685694033377,0.00019267346633274757,1.6346470245419304e-05,6.014151777699533e-06,4.683888424952456e-06,2.4061023397180247e-07,5.594337713435001e-07,0.00023028548862477513,1.2606946239951315e-06,0.00047853957910020344,0.00019267346633274757,6.014151777699533e-06
167,1,son,,False,7.916296072837432e-05,1.6865275398914433e-05,5.307507822667365e-06,8.939696304799168e-07,5.738759521437678e-06,2.0785170435063726e-06,0.0005280223596327018,2.2827997192887966e-06,0.0002219660831203052,0.019428067455041397,0.00042646346921872727,0.0011978401309281443,2.95957113513077e-05,1.6865275398914433e-05,8.939696304799168e-07,2.0785170435063726e-06,0.0002219660831203052,2.2827997192887966e-06,0.0005280223596327018,0.00042646346921872727,2.95957113513077e-05
167,2,son,,False,0.00010322310367548195,1.8522574326531083e-05,5.064471653194114e-06,1.1125607488784412e-06,3.0718185454758057e-06,1.6187581436151335e-06,0.0004914129681922839,1.8631746484712008e-06,0.00022668099229563676,0.0029970979054966492,0.00016229670614688406,0.0012742421016188955,2.1654404989510328e-05,1.8522574326531083e-05,1.1125607488784412e-06,1.6187581436151335e-06,0.00022668099229563676,1.8631746484712008e-06,0.0004914129681922839,0.00016229670614688406,2.1654404989510328e-05
168,0,child,,False,1.8522574326531083e-05,2.0785170435063726e-06,1.4738981974494932e-06,2.72647027069593e-07,1.1125607488784412e-06,3.089494448007139e-07,0.00046554550685017136,6.144174602214718e-07,6.014151777699533e-06,0.0008540336462424981,8.693673928062173e-05,0.0004909157246515137,1.2339457598623173e-05,2.0785170435063726e-06,2.72647027069593e-07,3.089494448007139e-07,6.014151777699533e-06,6.144174602214718e-07,0.00046554550685017136,8.693673928062173e-05,1.2339457598623173e-05
168,1,child,,False,6.563728324346652e-05,5.738759521437678e-06,4.1335397768930325e-06,4.6378732973537256e-07,1.3846004563753396e-06,6.962256250138369e-07,0.0005305388007145846,1.2219076020491008e-06,0.00021358242564492241,0.0007098506750714406,1.3342001090985438e-05,0.0012013235565837077,3.569706350376584e-05,5.738759521437678e-06,4.6378732973537256e-07,6.962256250138369e-07,0.00021358242564492241,1.2219076020491008e-06,0.0005305388007145846,1.3342001090985438e-05,3.569706350376584e-05
168,2,child,,False,0.000583435510218716,3.250358452365473e-05,6.014151777699533e-06,1.7231572752142392e-06,8.220189478350845e-06,2.6688529572628562e-06,0.004655850189009326,3.6478537675800286e-06,0.000258940290001311,0.01948923501667421,0.0004101929257867252,0.010216877736395754,3.1999824407395835e-05,3.250358452365473e-05,1.7231572752142392e-06,2.6688529572628562e-06,0.000258940290001311,3.6478537675800286e-06,0.004655850189009326,0.0004101929257867252,3.1999824407395835e-05
169,0,daughter,,False,1.9110431587777674e-05,3.6478537675800286e-06,1.8342893327886845e-06,1.994729721527057e-07,5.738759521437678e-06,8.398072034951531e-07,0.00048332643359647655,1.6187581436151335e-06,0.00021467682920914668,0.010367256280573566,0.0002889581017773627,0.00048138973993243486,1.2339457598623173e-05,3.6478537675800286e-06,1.994729721527057e-07,8.398072034951531e-07,0.00021467682920914668,1.6187581436151335e-06,0.00048332643359647655,0.0002889581017773627,1.2339457598623173e-05
169,1,daughter,,False,1.7674513810355872e-05,2.355261854303796e-06,1.3420013504783412e-06,2.6425858208426533e-07,1.8925148246037342e-06,5.255395707074638e-07,0.00045474415865984284,4.78509449489012e-07,5.920916517463734e-06,0.002954895533654995,0.00023596606820630445,1.7952796934677738e-05,6.40200641038395e-06,2.355261854303796e-06,2.6425858208426533e-07,5.255395707074638e-07,5.920916517463734e-06,4.78509449489012e-07,0.00045474415865984284,0.00023596606820630445,6.40200641038395e-06
169,2,daughter,,False,6.878511550552459e-05,7.368592981140821e-06,3.024195853395102e-06,2.6425858208426533e-07,1.4285517650093407e-06,4.78509449489012e-07,0.0004806049333455612,1.0129990980873922e-06,0.00021934444373130447,0.0007293448983675676,6.563728324346652e-05,0.0005360157526065469,2.305067219931397e-05,7.368592981140821e-06,2.6425858208426533e-07,4.78509449489012e-07,0.00021934444373130447,1.0129990980873922e-06,0.0004806049333455612,6.563728324346652e-05,2.305067219931397e-05
170,0,son,,False,4.655269187520153e-05,7.722191834067996e-06,2.0785170435063726e-06,6.339210403977636e-07,2.97731143841062e-06,6.748051590048605e-07,0.0006058880424669403,1.9223170236538178e-06,0.00023273440348495238,0.0007226435938923609,3.625900662832244e-05,0.0012332256326210143,5.4421326243255744e-05,7.722191834067996e-06,6.339210403977636e-07,6.748051590048605e-07,0.00023273440348495238,1.9223170236538178e-06,0.0006058880424669403,3.625900662832244e-05,5.4421326243255744e-05
170,1,son,,False,8.559006367452268e-05,9.461262661302227e-06,4.331903899346328e-06,6.540437226933637e-07,1.8925148246037342e-06,1.0451548051737735e-06,0.0006071594706664196,2.796930302582677e-06,0.0002484179442990331,0.002934750458319067,2.3413582477639402e-05,0.010100664400732217,4.173157606777201e-05,9.461262661302227e-06,6.540437226933637e-07,1.0451548051737735e-06,0.0002484179442990331,2.796930302582677e-06,0.0006071594706664196,2.3413582477639402e-05,4.173157606777201e-05
170,2,son,,False,3.353501304664781e-05,7.2543618230189156e-06,3.4268490542555014e-06,4.78509449489012e-07,6.605214485464791e-06,9.516251694168764e-07,0.0004988551217927297,1.5936620247162786e-06,0.00021695417048520467,0.0008817985412716716,0.00014779429802159512,0.0005048825150668042,1.6865275398914433e-05,7.2543618230189156e-06,4.78509449489012e-07,9.516251694168764e-07,0.00021695417048520467,1.5936620247162786e-06,0.0004988551217927297,0.00014779429802159512,1.6865275398914433e-05
171,0,child,,False,0.000567903324674726,5.307507822667365e-06,2.234163601827719e-05,6.144174602214718e-07,1.7778551863194697e-06,5.594337713435001e-07,0.00047021840153368906,1.363134508591315e-06,0.00021439027518160267,0.00011160142598430911,5.0333557545281144e-05,0.00048422495919655346,8.750299760661308e-06,5.307507822667365e-06,6.144174602214718e-07,5.594337713435001e-07,0.00021439027518160267,1.363134508591315e-06,0.00047021840153368906,5.0333557545281144e-05,8.750299760661308e-06
171,1,child,,False,3.625900662832244e-05,8.664653147910923e-07,1.7231572752142392e-06,8.315280276641321e-08,5.255395707074638e-07,1.816222403812674e-07,0.0004534366679024197,4.222833444659923e-07,0.00021358242564492241,3.740956047302422e-05,7.967300986103147e-06,6.814872211615988e-06,3.321419494792514e-06,8.664653147910923e-07,8.315280276641321e-08,1.816222403812674e-07,0.00021358242564492241,4.222833444659923e-07,0.0004534366679024197,7.967300986103147e-06,3.321419494792514e-06
171,2,child,,False,3.625900662832244e-05,6.605214485464791e-06,2.7535691114583474e-06,8.139692624947503e-07,3.6478537675800286e-06,1.3420013504783412e-06,0.000545249850397559,1.0451548051737735e-06,0.00022120585807682417,0.01022496774572234,0.00041339680904524455,0.0011409871228185344,3.0061635882429376e-05,6.605214485464791e-06,8.139692624947503e-07,1.3420013504783412e-06,0.00022120585807682417,1.0451548051737735e-06,0.000545249850397559,0.00041339680904524455,3.0061635882429376e-05
172,0,daughter,,False,3.9821309061635425e-05,6.014151777699533e-06,2.01456908529364e-06,3.726639284186561e-07,2.212566909570261e-06,7.411279871974134e-07,0.0004848443699268337,1.5689549727726036e-06,0.0002207184759315317,0.010158002718213734,0.00028009269671209737,0.0005012746277703161,9.028039015031105e-06,6.014151777699533e-06,3.726639284186561e-07,7.411279871974134e-07,0.0002207184759315317,1.5689549727726036e-06,0.0004848443699268337,0.00028009269671209737,9.028039015031105e-06
172,1,daughter,,False,0.005030899629204814,0.0007630849845998813,1.8522574326531083e-05,2.931153855960119e-06,6.709224499600877e-06,3.120191139396651e-06,0.0005611882880754948,3.944258675190877e-06,0.00023495794751787928,0.02023244423294625,0.0006003595796571491,0.01622917807872799,6.771942330385674e-05,0.0007630849845998813,2.931153855960119e-06,3.120191139396651e-06,0.00023495794751787928,3.944258675190877e-06,0.0005611882880754948,0.0006003595796571491,6.771942330385674e-05
172,2,daughter,,False,2.0988308820313112e-05,2.2827997192887966e-06,1.8925148246037342e-06,1.602810987828144e-07,1.1478768127080353e-06,3.288749065460498e-07,0.00045908104511603316,6.144174602214718e-07,4.908661889889002e-06,0.002965203459775424,0.00017821963223663923,1.3765463368900109e-05,5.649793328376294e-06,2.2827997192887966e-06,1.602810987828144e-07,3.288749065460498e-07,4.908661889889002e-06,6.144174602214718e-07,0.00045908104511603316,0.00017821963223663923,5.649793328376294e-06
173,0,son,,False,4.802972318863164e-05,4.683888424952456e-06,1.9525885208642222e-06,1.8738753836511972e-07,1.7231572752142392e-06,4.78509449489012e-07,0.0004986082166552452,9.818326983657703e-07,0.00021891431472897835,0.0007293448983675676,0.0001410358496618023,0.00048216842909326526,8.481104172358076e-06,4.683888424952456e-06,1.8738753836511972e-07,4.78509449489012e-07,0.00021891431472897835,9.818326983657703e-07,0.0004986082166552452,0.0001410358496618023,8.481104172358076e-06
173,1,son,,False,0.000567903324674726,2.0027376671813928e-05,7.843789122138342e-06,1.4738981974494932e-06,8.888084683809127e-06,2.840974294610978e-06,0.00047561737708130716,1.2219076020491008e-06,0.00021713669539495865,0.0029152173831324575,0.0002550912421286719,0.010188854592563546,3.682979260160596e-05,2.0027376671813928e-05,1.4738981974494932e-06,2.840974294610978e-06,0.00021713669539495865,1.2219076020491008e-06,0.00047561737708130716,0.0002550912421286719,3.682979260160596e-05
173,2,son,,True,0.006339626850918875,0.0011869553242477258,2.6947915555885546e-05,1.177445922838707e-05,2.571419797957771e-05,1.7952796934677738e-05,0.01026677552016431,0.0002326831815538226,0.00035315653418816666,0.019907250021474646,0.00043653261113939663,0.3538569094261939,0.005428631411123649,0.0011869553242477258,1.177445922838707e-05,1.7952796934677738e-05,0.00035315653418816666,0.0002326831815538226,0.01026677552016431,0.00043653261113939663,0.005428631411123649
174,0,child,,False,8.969393236719384e-05,1.2339457598623173e-05,2.586743108135441e-06,4.936988949458183e-07,2.586743108135441e-06,6.748051590048605e-07,0.0005048081008243912,2.0785170435063726e-06,0.00022770387218484876,0.02045136126041735,0.0003298651257832941,0.0005175603499223236,1.971694219622292e-05,1.2339457598623173e-05,4.936988949458183e-07,6.748051590048605e-07,0.00022770387218484876,2.0785170435063726e-06,0.0005048081008243912,0.0003298651257832941,1.971694219622292e-05
174,1,child,,False,2.913700606794303e-05,2.1444948420913954e-06,1.5206840370677115e-06,1.994729721527057e-07,1.6442494559854523e-06,4.356879983467376e-07,1.6603846953733614e-05,5.77192003016332e-07,0.00021467682920914668,0.00012448433020883747,4.955359475635505e-05,1.9110431587777674e-05,7.2543618230189156e-06,2.1444948420913954e-06,1.994729721527057e-07,4.356879983467376e-07,0.00021467682920914668,5.77192003016332e-07,1.6603846953733614e-05,4.955359475635505e-05,7.2543618230189156e-06
174,2,child,,False,6.878511550552459e-05,6.40200641038395e-06,2.1782649863110498e-06,4.936988949458183e-07,2.5466403947055455e-06,1.1478768127080353e-06,0.0005234444916153969,1.0451548051737735e-06,0.00022096026380031539,0.00018102110262026484,1.7130819343483194e-05,0.0005424428555526953,9.028039015031105e-06,6.40200641038395e-06,4.936988949458183e-07,1.1478768127080353e-06,0.00022096026380031539,1.0451548051737735e-06,0.0005234444916153969,1.7130819343483194e-05,9.028039015031105e-06
175,0,daughter,,False,4.802972318863164e-05,7.722191834067996e-06,2.355261854303796e-06,3.288749065460498e-07,2.4682904407607285e-06,7.646537350121258e-07,0.0004991029920624177,1.4064044342149064e-06,0.00021642339588120966,0.019586378120271697,0.00035936025814200905,0.0004999085000106341,1.2731104162213555e-05,7.722191834067996e-06,3.288749065460498e-07,7.646537350121258e-07,0.00021642339588120966,1.4064044342149064e-06,0.0004991029920624177,0.00035936025814200905,1.2731104162213555e-05
175,1,daughter,,False,2.3413582477639402e-05,5.307507822667365e-06,1.670142184809518e-06,4.6378732973537256e-07,3.2192334497037803e-06,6.748051590048605e-07,0.0005766573236908877,2.710880136557205e-06,0.0002410592996703374,0.020433757142136064,0.0006438102555483281,0.0005194862076891146,3.459916031782155e-05,5.307507822667365e-06,4.6378732973537256e-07,6.748051590048605e-07,0.0002410592996703374,2.710880136557205e-06,0.0005766573236908877,0.0006438102555483281,3.459916031782155e-05
175,2,daughter,,False,2.653023768982879e-05,6.40200641038395e-06,1.8342893327886845e-06,5.594337713435001e-07,1.5689549727726036e-06,8.139692624947503e-07,0.00047921731131957026,7.889262586245034e-07,0.00021978822261505042,0.002920044290329106,0.0002889581017773627,0.0005465467242453664,2.868540823874629e-05,6.40200641038395e-06,5.594337713435001e-07,8.139692624947503e-07,0.00021978822261505042,7.889262586245034e-07,0.00047921731131957026,0.0002889581017773627,2.868540823874629e-05
176,0,son,,False,2.4156629828672456e-05,5.144221374220898e-06,1.7231572752142392e-06,3.84493505874534e-07,2.01456908529364e-06,7.183260399857925e-07,0.0005784584108333238,1.4738981974494932e-06,0.00022249305551005476,0.01040826973575264,0.0004718369255027519,0.0005832949863420954,2.868540823874629e-05,5.144221374220898e-06,3.84493505874534e-07,7.183260399857925e-07,0.00022249305551005476,1.4738981974494932e-06,0.0005784584108333238,0.0004718369255027519,2.868540823874629e-05
176,1,son,,False,4.655269187520153e-05,6.014151777699533e-06,4.006369222920725e-06,7.183260399857925e-07,3.169325442919291e-06,1.7231572752142392e-06,0.0004892715105842414,1.0129990980873922e-06,0.0002142503208503807,0.020381725444075106,0.0003621685478675127,0.0005813371220870101,2.0342697805520655e-05,6.014151777699533e-06,7.183260399857925e-07,1.7231572752142392e-06,0.0002142503208503807,1.0129990980873922e-06,0.0004892715105842414,0.0003621685478675127,2.0342697805520655e-05
176,2,son,,False,1.0554685795431098e-05,1.2219076020491008e-06,1.1478768127080353e-06,8.059446204294678e-08,1.5206840370677115e-06,5.093705003229987e-07,0.0004880261759260436,1.2029639084557005e-06,0.00023889724921321938,3.4062932773341e-05,1.971694219622292e-05,1.0889691002655445e-05,3.4268490542555014e-06,1.2219076020491008e-06,8.059446204294678e-08,5.093705003229987e-07,0.00023889724921321938,1.2029639084557005e-06,0.0004880261759260436,1.971694219622292e-05,3.4268490542555014e-06
177,0,child,,False,5.8840881855693875e-05,1.9110431587777674e-05,5.475976980449466e-06,1.4510478554719287e-06,1.3342001090985438e-05,6.502816785764437e-06,0.000511914201923901,2.710880136557205e-06,0.0002310764341461493,0.002722381836565666,0.000138852327569001,0.0012860803801843506,3.1015598671268335e-05,1.9110431587777674e-05,1.4510478554719287e-06,6.502816785764437e-06,0.0002310764341461493,2.710880136557205e-06,0.000511914201923901,0.000138852327569001,3.1015598671268335e-05
177,1,child,,False,2.1318756129065198e-05,1.5206840370677115e-06,1.9525885208642222e-06,1.2878952156558146e-07,1.3420013504783412e-06,4.936988949458183e-07,0.0004664994696390103,9.080474758713811e-07,0.00021239342043348654,0.0007362579817833515,5.9766937110286536e-05,1.3982207564732913e-05,7.0311842669149565e-06,1.5206840370677115e-06,1.2878952156558146e-07,4.936988949458183e-07,0.00021239342043348654,9.080474758713811e-07,0.0004664994696390103,5.9766937110286536e-05,7.0311842669149565e-06
177,2,child,,False,0.0006482122129075596,0.0007534463243833559,6.10885510164857e-06,1.9223170236538178e-06,5.144221374220898e-06,2.3923509443082866e-06,0.00471578983309287,3.024195853395102e-06,0.00024162124279489402,0.002749761539826477,3.569706350376584e-05,0.0825490932815271,0.0024506539850415606,0.0007534463243833559,1.9223170236538178e-06,2.3923509443082866e-06,0.00024162124279489402,3.024195853395102e-06,0.00471578983309287,3.569706350376584e-05,0.0024506539850415606
178,0,daughter,,False,3.1015598671268335e-05,5.829126566113866e-06,2.4300240743279605e-06,5.422218970016178e-07,2.796930302582677e-06,1.4738981974494932e-06,0.00047423148434925643,6.144174602214718e-07,0.00021978822261505042,0.020504967281070943,0.0007577241267860812,0.0004960569708019354,1.1959857805023158e-05,5.829126566113866e-06,5.422218970016178e-07,1.4738981974494932e-06,0.00021978822261505042,6.144174602214718e-07,0.00047423148434925643,0.0007577241267860812,1.1959857805023158e-05
178,1,daughter,,False,2.0662982488383408e-05,3.6478537675800286e-06,1.7778551863194697e-06,3.1875652166284776e-07,2.88571183887091e-06,1.0129990980873922e-06,0.0004726024159923188,8.398072034951531e-07,0.0002202460844238597,0.01048616105282962,0.00041662561210387947,1.7674513810355872e-05,8.750299760661308e-06,3.6478537675800286e-06,3.1875652166284776e-07,1.0129990980873922e-06,0.0002202460844238597,8.398072034951531e-07,0.0004726024159923188,0.00041662561210387947,8.750299760661308e-06
178,2,daughter,,False,3.569706350376584e-05,6.814872211615988e-06,2.4300240743279605e-06,4.936988949458183e-07,3.2699273422345685e-06,7.183260399857925e-07,0.0005953463344650634,3.5913010679499402e-06,0.00024050606249465076,0.020048423826222392,0.00043653261113939663,0.0005224900751216392,2.868540823874629e-05,6.814872211615988e-06,4.936988949458183e-07,7.183260399857925e-07,0.00024050606249465076,3.5913010679499402e-06,0.0005953463344650634,0.00043653261113939663,2.868540823874629e-05
179,0,son,,False,2.4923252458203565e-05,2.586743108135441e-06,4.1335397768930325e-06,3.288749065460498e-07,2.3187477504664324e-06,8.139692624947503e-07,0.0005337926929087504,2.1444948420913954e-06,0.0002484179442990331,0.0027290685694033377,0.0001410358496618023,0.0004919966182062518,1.3135179706526775e-05,2.586743108135441e-06,3.288749065460498e-07,8.139692624947503e-07,0.0002484179442990331,2.1444948420913954e-06,0.0005337926929087504,0.0001410358496618023,1.3135179706526775e-05
179,1,son,,False,8.61465062380632e-06,1.6187581436151335e-06,1.0451548051737735e-06,1.6536895860212648e-07,1.2029639084557005e-06,3.089494448007139e-07,0.0005404331297623146,1.0289513485400628e-06,0.00022477355484446784,0.0007327745561277882,0.00013458604012970922,1.3982207564732913e-05,7.967300986103147e-06,1.6187581436151335e-06,1.6536895860212648e-07,3.089494448007139e-07,0.00022477355484446784,1.0289513485400628e-06,0.0005404331297623146,0.00013458604012970922,7.967300986103147e-06
179,2,son,,False,0.05506444861224066,0.0007933899504537809,5.27478412523148e-05,2.3923509443082866e-06,4.832563818725537e-06,1.2606946239951315e-06,0.0005440783078620128,0.0002123029091656883,0.0002615101107805796,0.00010322310367548195,1.6603846953733614e-05,0.010114490529291663,1.2731104162213555e-05,0.0007933899504537809,2.3923509443082866e-06,1.2606946239951315e-06,0.0002615101107805796,0.0002123029091656883,0.0005440783078620128,1.6603846953733614e-05,1.2731104162213555e-05
180,0,child,,False,4.512106237781923e-05,8.092757566536092e-06,2.931153855960119e-06,5.955139348629957e-07,6.10885510164857e-06,1.4285517650093407e-06,0.0005204084331370591,1.670142184809518e-06,0.00022447266775434924,0.02036463870505605,0.0006744989542092038,0.0005289365944662937,1.9110431587777674e-05,8.092757566536092e-06,5.955139348629957e-07,1.4285517650093407e-06,0.00022447266775434924,1.670142184809518e-06,0.0005204084331370591,0.0006744989542092038,1.9110431587777674e-05
180,1,child,,False,3.9204178923762816e-05,4.264746818557914e-06,3.6478537675800286e-06,3.288749065460498e-07,4.006369222920725e-06,1.1478768127080353e-06,0.00045853454316705595,7.527989669055592e-07,0.00021467682920914668,0.00010005044009099887,4.7285443452031076e-05,0.0005087832783276653,1.2731104162213555e-05,4.264746818557914e-06,3.288749065460498e-07,1.1478768127080353e-06,0.00021467682920914668,7.527989669055592e-07,0.00045853454316705595,4.7285443452031076e-05,1.2731104162213555e-05
180,2,child,,False,2.3782205064034188e-05,2.0785170435063726e-06,2.2827997192887966e-06,1.370957206857845e-07,1.0129990980873922e-06,2.994440981371515e-07,0.0005499519220046467,9.368717268777097e-07,0.0002310764341461493,0.00014325365947100792,6.563728324346652e-05,1.6865275398914433e-05,7.0311842669149565e-06,2.0785170435063726e-06,1.370957206857845e-07,2.994440981371515e-07,0.0002310764341461493,9.368717268777097e-07,0.0005499519220046467,6.563728324346652e-05,7.0311842669149565e-06
181,0,daughter,,False,2.737216731838081e-05,5.829126566113866e-06,3.2192334497037803e-06,6.144174602214718e-07,2.931153855960119e-06,1.2219076020491008e-06,0.0005045380178977498,2.2827997192887966e-06,0.00022770387218484876,0.019893708477867093,0.0008779108866911802,0.00048216842909326526,1.535623976496012e-05,5.829126566113866e-06,6.144174602214718e-07,1.2219076020491008e-06,0.00022770387218484876,2.2827997192887966e-06,0.0005045380178977498,0.0008779108866911802,1.535623976496012e-05
181,1,daughter,,False,6.46203290719727e-05,1.7400543552708932e-05,6.922183404468203e-06,1.4285517650093407e-06,1.177445922838707e-05,3.4268490542555014e-06,0.004751398167236199,0.00021327337414385152,0.0002979007248315314,0.01949970367927649,0.000831577847747413,0.001154358460870045,4.8785712278226595e-05,1.7400543552708932e-05,1.4285517650093407e-06,3.4268490542555014e-06,0.0002979007248315314,0.00021327337414385152,0.004751398167236199,0.000831577847747413,4.8785712278226595e-05
181,2,daughter,,False,5.112579049909173e-05,2.0342697805520655e-05,3.120191139396651e-06,1.5206840370677115e-06,6.502816785764437e-06,1.7778551863194697e-06,0.0005965196080134016,2.3187477504664324e-06,0.0002464470899300356,0.020297553427398266,0.00041662561210387947,0.010159335753013763,3.9204178923762816e-05,2.0342697805520655e-05,1.5206840370677115e-06,1.7778551863194697e-06,0.0002464470899300356,2.3187477504664324e-06,0.0005965196080134016,0.00041662561210387947,3.9204178923762816e-05
182,0,son,,False,6.361912109467577e-05,3.8831109868779005e-06,6.40200641038395e-06,2.6425858208426533e-07,1.5206840370677115e-06,5.422218970016178e-07,0.0005383049596814607,2.7535691114583474e-06,0.00022989918422083383,2.653023768982879e-05,1.2731104162213555e-05,0.0004909157246515137,1.2339457598623173e-05,3.8831109868779005e-06,2.6425858208426533e-07,5.422218970016178e-07,0.00022989918422083383,2.7535691114583474e-06,0.0005383049596814607,1.2731104162213555e-05,1.2339457598623173e-05
182,1,son,,False,0.0005788235783983012,2.653023768982879e-05,8.349627818261147e-06,1.3846004563753396e-06,4.264746818557914e-06,2.01456908529364e-06,0.0005538118479178527,2.0462932829931794e-06,0.00022170870641199087,0.0644764540207882,0.0006797531550373377,0.016033442344281057,0.0015619735921627608,2.653023768982879e-05,1.3846004563753396e-06,2.01456908529364e-06,0.00022170870641199087,2.0462932829931794e-06,0.0005538118479178527,0.0006797531550373377,0.0015619735921627608
182,2,son,,False,5.112579049909173e-05,1.609308249869283e-05,2.4300240743279605e-06,1.3420013504783412e-06,8.092757566536092e-06,2.6688529572628562e-06,0.0005248284322550555,1.7778551863194697e-06,0.00022303674997692745,0.02001933314017697,0.0007999754508377908,0.0013034453257005688,5.357805383473943e-05,1.609308249869283e-05,1.3420013504783412e-06,2.6688529572628562e-06,0.00022303674997692745,1.7778551863194697e-06,0.0005248284322550555,0.0007999754508377908,5.357805383473943e-05
183,0,child,,False,6.667023092435894e-05,6.205049602300744e-06,4.198630823683514e-06,3.9669859149467314e-07,1.5689549727726036e-06,5.255395707074638e-07,0.0005163646094550098,1.3846004563753396e-06,0.00021439027518160267,0.00016229670614688406,7.967300986103147e-06,0.0005569032319691715,1.7400543552708932e-05,6.205049602300744e-06,3.9669859149467314e-07,5.255395707074638e-07,0.00021439027518160267,1.3846004563753396e-06,0.0005163646094550098,7.967300986103147e-06,1.7400543552708932e-05
183,1,child,,False,4.655269187520153e-05,5.562206273647035e-06,3.4268490542555014e-06,4.78509449489012e-07,2.01456908529364e-06,6.144174602214718e-07,0.0005013778819945141,1.1843139025979655e-06,0.0002214553186652644,0.010391675954438939,0.0003621685478675127,0.0005048825150668042,1.2339457598623173e-05,5.562206273647035e-06,4.78509449489012e-07,6.144174602214718e-07,0.0002214553186652644,1.1843139025979655e-06,0.0005013778819945141,0.0003621685478675127,1.2339457598623173e-05
183,2,child,,False,4.044814978420809e-05,3.321419494792514e-06,2.6688529572628562e-06,2.1907815825757866e-07,1.1843139025979655e-06,3.500854414401442e-07,0.00047423148434925643,8.530321297909616e-07,0.00021308442800063956,0.0008000313556104121,5.7031570707833595e-05,0.0004893563764018274,1.0229985472581487e-05,3.321419494792514e-06,2.1907815825757866e-07,3.500854414401442e-07,0.00021308442800063956,8.530321297909616e-07,0.00047423148434925643,5.7031570707833595e-05,1.0229985472581487e-05
184,0,daughter,,False,0.0005765709440160247,1.5118199327273332e-05,2.4682904407607285e-06,3.6119830612765795e-07,6.014151777699533e-06,1.1125607488784412e-06,0.000476568724731206,2.1444948420913954e-06,0.00022120585807682417,0.0009309527809802363,0.00013670256456563558,0.0004948512433533591,7.484622751061123e-06,1.5118199327273332e-05,3.6119830612765795e-07,1.1125607488784412e-06,0.00022120585807682417,2.1444948420913954e-06,0.000476568724731206,0.00013670256456563558,7.484622751061123e-06
184,1,daughter,,False,0.004963776946097042,0.0009323808218818267,1.442598644847886e-05,6.605214485464791e-06,1.3552078562406772e-05,8.888084683809127e-06,0.0005298457955252682,2.840974294610978e-06,0.00022388481049310266,0.05221802137702727,0.0012053779516236448,0.1994956657077978,0.0024537779538480273,0.0009323808218818267,6.605214485464791e-06,8.888084683809127e-06,0.00022388481049310266,2.840974294610978e-06,0.0005298457955252682,0.0012053779516236448,0.0024537779538480273
184,2,daughter,,False,6.070755804415097e-05,7.722191834067996e-06,3.120191139396651e-06,7.889262586245034e-07,4.98595821272702e-06,1.0783312222985275e-06,0.0005538118479178527,2.627477314480822e-06,0.00022841290836588554,0.02045136126041735,0.00037072528743862214,0.0005493912805431325,2.6119031909571944e-05,7.722191834067996e-06,7.889262586245034e-07,1.0783312222985275e-06,0.00022841290836588554,2.627477314480822e-06,0.0005538118479178527,0.00037072528743862214,2.6119031909571944e-05
185,0,son,,False,0.00010005044009099887,2.305067219931397e-05,4.069457790466838e-06,7.889262586245034e-07,5.391084403253366e-06,1.3420013504783412e-06,0.010188197198997839,0.00021745384064690608,0.00035431397263764434,0.0027427567939960506,0.00010162440410680168,0.0012013235565837077,2.453694805426225e-05,2.305067219931397e-05,7.889262586245034e-07,1.3420013504783412e-06,0.00035431397263764434,0.00021745384064690608,0.010188197198997839,0.00010162440410680168,2.453694805426225e-05
185,1,son,,False,3.4062932773341e-05,8.481104172358076e-06,3.2192334497037803e-06,8.939696304799168e-07,3.0718185454758057e-06,2.212566909570261e-06,0.0005042689864732666,1.2411496080609794e-06,0.000223597696961234,0.019690384944210562,0.00042646346921872727,0.0013034453257005688,3.150386940813393e-05,8.481104172358076e-06,8.939696304799168e-07,2.212566909570261e-06,0.000223597696961234,1.2411496080609794e-06,0.0005042689864732666,0.00042646346921872727,3.150386940813393e-05
185,2,son,,False,4.512106237781923e-05,5.475976980449466e-06,3.321419494792514e-06,4.78509449489012e-07,2.0462932829931794e-06,7.183260399857925e-07,0.0004993518312321139,1.2606946239951315e-06,0.00021891431472897835,0.019369630193220477,0.00030753698500482333,0.0005096006331304874,1.7400543552708932e-05,5.475976980449466e-06,4.78509449489012e-07,7.183260399857925e-07,0.00021891431472897835,1.2606946239951315e-06,0.0004993518312321139,0.00030753698500482333,1.7400543552708932e-05
186,0,child,,False,3.0061635882429376e-05,4.264746818557914e-06,2.931153855960119e-06,4.222833444659923e-07,3.2699273422345685e-06,1.5206840370677115e-06,0.0005881112603617882,2.4300240743279605e-06,0.00024775071036594654,0.002749761539826477,6.878511550552459e-05,0.0005372613854410962,2.0988308820313112e-05,4.264746818557914e-06,4.222833444659923e-07,1.5206840370677115e-06,0.00024775071036594654,2.4300240743279605e-06,0.0005881112603617882,6.878511550552459e-05,2.0988308820313112e-05
186,1,child,,False,1.8235460794662427e-05,4.53978687024344e-06,2.0785170435063726e-06,4.495181578513688e-07,3.169325442919291e-06,1.0783312222985275e-06,0.0005510739516829163,1.3846004563753396e-06,0.00022735757340977805,0.010282364805175475,0.0005139611097568845,0.0005166197289884592,2.3782205064034188e-05,4.53978687024344e-06,4.495181578513688e-07,1.0783312222985275e-06,0.00022735757340977805,1.3846004563753396e-06,0.0005510739516829163,0.0005139611097568845,2.3782205064034188e-05
186,2,child,,False,0.0005881933939738148,3.514382632807918e-05,5.562206273647035e-06,2.5071593847983196e-06,5.307507822667365e-06,2.840974294610978e-06,0.0005265889904078065,2.2827997192887966e-06,0.0002323101517224571,0.020915582409258008,0.0008577485413711985,0.010282511468364364,5.193048644949271e-05,3.514382632807918e-05,2.5071593847983196e-06,2.840974294610978e-06,0.0002323101517224571,2.2827997192887966e-06,0.0005265889904078065,0.0008577485413711985,5.193048644949271e-05
187,0,daughter,,False,6.166297347617125e-05,5.307507822667365e-06,3.120191139396651e-06,3.288749065460498e-07,1.4285517650093407e-06,6.339210403977636e-07,0.00047787234516711696,7.889262586245034e-07,6.10885510164857e-06,0.0007362579817833515,2.913700606794303e-05,0.000565024317150732,1.7952796934677738e-05,5.307507822667365e-06,3.288749065460498e-07,6.339210403977636e-07,6.10885510164857e-06,7.889262586245034e-07,0.00047787234516711696,2.913700606794303e-05,1.7952796934677738e-05
187,1,daughter,,False,4.238847419937498e-05,4.683888424952456e-06,1.8342893327886845e-06,3.6119830612765795e-07,1.7778551863194697e-06,6.144174602214718e-07,0.0004983622728967738,1.0953122821495382e-06,0.00021439027518160267,0.0008648818595419032,0.00010005044009099887,0.0005323933551511255,1.535623976496012e-05,4.683888424952456e-06,3.6119830612765795e-07,6.144174602214718e-07,0.00021439027518160267,1.0953122821495382e-06,0.0004983622728967738,0.00010005044009099887,1.535623976496012e-05
187,2,daughter,,False,6.667023092435894e-05,1.15919343186331e-05,4.53978687024344e-06,7.183260399857925e-07,3.2699273422345685e-06,1.3007128466476034e-06,0.0005264113860157832,1.6442494559854523e-06,0.00022096026380031539,0.020597013013729695,0.0005469274598698992,0.001208455080896534,4.583129006350382e-05,1.15919343186331e-05,7.183260399857925e-07,1.3007128466476034e-06,0.00022096026380031539,1.6442494559854523e-06,0.0005264113860157832,0.0005469274598698992,4.583129006350382e-05
188,0,son,,False,5.527786369235996e-05,1.0391067562761452e-05,4.832563818725537e-06,1.1478768127080353e-06,4.069457790466838e-06,2.212566909570261e-06,0.0005453569782602062,2.0462932829931794e-06,0.00022096026380031539,0.010304812472231823,0.0002673006032788653,0.016023447475587517,0.0016082622770097628,1.0391067562761452e-05,1.1478768127080353e-06,2.212566909570261e-06,0.00022096026380031539,2.0462932829931794e-06,0.0005453569782602062,0.0002673006032788653,0.0016082622770097628
188,1,son,,False,9.697519677825862e-05,1.0720880092159908e-05,7.2543618230189156e-06,8.139692624947503e-07,4.61127481426412e-06,1.5689549727726036e-06,0.0006106035478452502,0.00021296615605463458,0.00026239380687440516,0.0008333216862332929,0.00025909793644293347,0.0005166197289884592,2.913700606794303e-05,1.0720880092159908e-05,8.139692624947503e-07,1.5689549727726036e-06,0.00026239380687440516,0.00021296615605463458,0.0006106035478452502,0.00025909793644293347,2.913700606794303e-05
188,2,son,,False,0.0006200738823343449,0.000764134176979379,7.843789122138342e-06,3.822911232549001e-06,1.4653129390717958e-05,8.888084683809127e-06,0.01025764600075705,0.0002123029091656883,0.0002936668209450264,0.0028601092173492736,0.00014779429802159512,0.1994956657077978,0.016035185643107828,0.000764134176979379,3.822911232549001e-06,8.888084683809127e-06,0.0002936668209450264,0.0002123029091656883,0.01025764600075705,0.00014779429802159512,0.016035185643107828
189,0,child,,False,0.0005539762557696557,2.0342697805520655e-05,5.738759521437678e-06,2.4300240743279605e-06,9.314593042575101e-06,3.0718185454758057e-06,0.0005336010590884599,1.5206840370677115e-06,0.0002270166411560819,0.0008876146323004368,4.238847419937498e-05,0.022727578398059053,5.614787461400803e-05,2.0342697805520655e-05,2.4300240743279605e-06,3.0718185454758057e-06,0.0002270166411560819,1.5206840370677115e-06,0.0005336010590884599,4.238847419937498e-05,5.614787461400803e-05
189,1,child,,False,6.878511550552459e-05,7.722191834067996e-06,3.5913010679499402e-06,4.356879983467376e-07,2.5071593847983196e-06,6.339210403977636e-07,0.0005276619188094595,1.8342893327886845e-06,0.00022249305551005476,0.00013458604012970922,1.7400543552708932e-05,0.0006166373412799071,1.971694219622292e-05,7.722191834067996e-06,4.356879983467376e-07,6.339210403977636e-07,0.00022249305551005476,1.8342893327886845e-06,0.0005276619188094595,1.7400543552708932e-05,1.971694219622292e-05
189,2,child,,False,0.0005857959236675918,2.0342697805520655e-05,6.709224499600877e-06,1.3007128466476034e-06,3.944258675190877e-06,1.7778551863194697e-06,0.0005250029475091258,3.024195853395102e-06,0.0002182938001211795,0.037296470350082996,0.000664111264207741,0.010100664400732217,2.7803096387751555e-05,2.0342697805520655e-05,1.3007128466476034e-06,1.7778551863194697e-06,0.0002182938001211795,3.024195853395102e-06,0.0005250029475091258,0.000664111264207741,2.7803096387751555e-05
190,0,daughter,,True,0.005141064442430098,0.000918116055970261,1.941131867789626e-05,6.302758756443267e-06,1.7400543552708932e-05,1.0889691002655445e-05,0.0005674702172156893,4.61127481426412e-06,0.00023542387204900095,0.0029970979054966492,0.00018102110262026484,0.35181740995451044,0.005454725398031472,0.000918116055970261,6.302758756443267e-06,1.0889691002655445e-05,0.00023542387204900095,4.61127481426412e-06,0.0005674702172156893,0.00018102110262026484,0.005454725398031472
190,1,daughter,,False,6.878511550552459e-05,7.967300986103147e-06,3.169325442919291e-06,5.77192003016332e-07,2.3923509443082866e-06,7.183260399857925e-07,0.0005950154613015346,1.2606946239951315e-06,0.0002378658206902263,0.0028779143257728393,6.263341581094202e-05,0.001165830836081277,1.5843621910252592e-05,7.967300986103147e-06,5.77192003016332e-07,7.183260399857925e-07,0.0002378658206902263,1.2606946239951315e-06,0.0005950154613015346,6.263341581094202e-05,1.5843621910252592e-05
190,2,daughter,,False,6.263341581094202e-05,4.98595821272702e-06,3.120191139396651e-06,3.9669859149467314e-07,1.7778551863194697e-06,1.0129990980873922e-06,0.000488645198734589,1.7502925788778209e-06,0.00021789598759221768,0.0027427567939960506,2.0662982488383408e-05,0.0005256379073836972,1.442598644847886e-05,4.98595821272702e-06,3.9669859149467314e-07,1.0129990980873922e-06,0.00021789598759221768,1.7502925788778209e-06,0.000488645198734589,2.0662982488383408e-05,1.442598644847886e-05
191,0,son,,False,3.682979260160596e-05,4.264746818557914e-06,3.024195853395102e-06,3.1875652166284776e-07,2.01456908529364e-06,6.962256250138369e-07,0.004719694367014722,1.7778551863194697e-06,0.00026329140315871374,0.010158002718213734,0.000568590693522782,0.0004914519521959942,1.971694219622292e-05,4.264746818557914e-06,3.1875652166284776e-07,6.962256250138369e-07,0.00026329140315871374,1.7778551863194697e-06,0.004719694367014722,0.000568590693522782,1.971694219622292e-05
191,1,son,,False,7.916296072837432e-05,9.915273115920183e-06,3.8831109868779005e-06,4.6378732973537256e-07,2.2827997192887966e-06,5.77192003016332e-07,0.010191531904088225,3.169325442919291e-06,0.00035903494229844044,0.000138852327569001,2.1654404989510328e-05,0.0005832949863420954,2.0342697805520655e-05,9.915273115920183e-06,4.6378732973537256e-07,5.77192003016332e-07,0.00035903494229844044,3.169325442919291e-06,0.010191531904088225,2.1654404989510328e-05,2.0342697805520655e-05
191,2,son,,False,8.559006367452268e-05,7.2543618230189156e-06,4.908661889889002e-06,5.093705003229987e-07,1.3420013504783412e-06,6.144174602214718e-07,0.0004988551217927297,1.5936620247162786e-06,0.00022303674997692745,0.000924470062878294,0.00013458604012970922,0.0005493912805431325,2.0988308820313112e-05,7.2543618230189156e-06,5.093705003229987e-07,6.144174602214718e-07,0.00022303674997692745,1.5936620247162786e-06,0.0004988551217927297,0.00013458604012970922,2.0988308820313112e-05
192,0,child,,False,4.044814978420809e-05,5.307507822667365e-06,4.264746818557914e-06,5.77192003016332e-07,4.198630823683514e-06,9.818326983657703e-07,0.00048823171222005674,1.2219076020491008e-06,0.00021320602528870992,0.002809879477103823,2.3782205064034188e-05,0.0005312230782558095,1.5843621910252592e-05,5.307507822667365e-06,5.77192003016332e-07,9.818326983657703e-07,0.00021320602528870992,1.2219076020491008e-06,0.00048823171222005674,2.3782205064034188e-05,1.5843621910252592e-05
192,1,child,,False,0.000606063147217987,1.6865275398914433e-05,1.0554685795431098e-05,1.4510478554719287e-06,5.307507822667365e-06,2.840974294610978e-06,0.0005267669413890896,2.2474089854291757e-06,0.00022668099229563676,0.010253226208557755,5.357805383473943e-05,0.0011409871228185344,1.9110431587777674e-05,1.6865275398914433e-05,1.4510478554719287e-06,2.840974294610978e-06,0.00022668099229563676,2.2474089854291757e-06,0.0005267669413890896,5.357805383473943e-05,1.9110431587777674e-05
192,2,child,,False,0.0005721696121140179,2.4156629828672456e-05,7.843789122138342e-06,1.670142184809518e-06,4.832563818725537e-06,2.7535691114583474e-06,0.0005224206102483637,2.1112482331487175e-06,0.0002363778348378399,0.0027641006197803124,3.9204178923762816e-05,0.010266283091181034,3.459916031782155e-05,2.4156629828672456e-05,1.670142184809518e-06,2.7535691114583474e-06,0.0002363778348378399,2.1112482331487175e-06,0.0005224206102483637,3.9204178923762816e-05,3.459916031782155e-05
193,0,daughter,,False,8.040859356292355e-05,1.0889691002655445e-05,4.198630823683514e-06,8.398072034951531e-07,2.710880136557205e-06,9.818326983657703e-07,0.0005460019421939763,1.1478768127080353e-06,0.00022170870641199087,0.019654925031931895,0.00019877742123839117,0.0011978401309281443,3.150386940813393e-05,1.0889691002655445e-05,8.398072034951531e-07,9.818326983657703e-07,0.00022170870641199087,1.1478768127080353e-06,0.0005460019421939763,0.00019877742123839117,3.150386940813393e-05
193,1,daughter,,False,0.0006532970889141685,1.9110431587777674e-05,3.2192334497037803e-06,4.6378732973537256e-07,2.586743108135441e-06,7.646537350121258e-07,0.0005682448151101483,2.796930302582677e-06,0.00022805562191617214,8.295891883591029e-05,8.61465062380632e-06,0.0012158119156463016,2.0342697805520655e-05,1.9110431587777674e-05,4.6378732973537256e-07,7.646537350121258e-07,0.00022805562191617214,2.796930302582677e-06,0.0005682448151101483,8.61465062380632e-06,2.0342697805520655e-05
193,2,daughter,,False,2.6119031909571944e-05,4.264746818557914e-06,1.8342893327886845e-06,4.6378732973537256e-07,2.1782649863110498e-06,6.540437226933637e-07,0.00055655545622505,8.939696304799168e-07,0.00022841290836588554,0.020958118864086807,0.0008577485413711985,0.0005121306555705326,2.95957113513077e-05,4.264746818557914e-06,4.6378732973537256e-07,6.540437226933637e-07,0.00022841290836588554,8.939696304799168e-07,0.00055655545622505,0.0008577485413711985,2.95957113513077e-05
194,0,son,,False,5.4421326243255744e-05,4.006369222920725e-06,2.4300240743279605e-06,1.9333584585546466e-07,1.6442494559854523e-06,3.1875652166284776e-07,0.0004876175016327878,1.1300808333434096e-06,0.00021512380222681108,0.000754511454683582,5.614787461400803e-05,0.000480266374355812,8.220189478350845e-06,4.006369222920725e-06,1.9333584585546466e-07,3.1875652166284776e-07,0.00021512380222681108,1.1300808333434096e-06,0.0004876175016327878,5.614787461400803e-05,8.220189478350845e-06
194,1,son,,False,8.559006367452268e-05,1.7674513810355872e-05,4.198630823683514e-06,8.139692624947503e-07,3.4808121961114687e-06,1.2219076020491008e-06,0.0004978732545768464,2.01456908529364e-06,0.0002214553186652644,0.020063133943110382,0.00031480705546296176,0.01009262251729912,3.625900662832244e-05,1.7674513810355872e-05,8.139692624947503e-07,1.2219076020491008e-06,0.0002214553186652644,2.01456908529364e-06,0.0004978732545768464,0.00031480705546296176,3.625900662832244e-05
194,2,son,,False,6.667023092435894e-05,7.967300986103147e-06,4.198630823683514e-06,6.748051590048605e-07,7.843789122138342e-06,2.840974294610978e-06,0.0005643833012104879,1.3420013504783412e-06,0.00023148126807614352,0.019428067455041397,0.0003884476548765806,0.0005914388320078819,3.514382632807918e-05,7.967300986103147e-06,6.748051590048605e-07,2.840974294610978e-06,0.00023148126807614352,1.3420013504783412e-06,0.0005643833012104879,0.0003884476548765806,3.514382632807918e-05
195,0,child,,False,4.7285443452031076e-05,8.481104172358076e-06,4.264746818557914e-06,7.183260399857925e-07,1.8058518261159955e-06,7.646537350121258e-07,0.0005024148671484224,1.7231572752142392e-06,0.00022170870641199087,0.002924908581036187,0.0002182716445345181,0.0005508471799444582,1.1235328063870752e-05,8.481104172358076e-06,7.183260399857925e-07,7.646537350121258e-07,0.00022170870641199087,1.7231572752142392e-06,0.0005024148671484224,0.0002182716445345181,1.1235328063870752e-05
195,1,child,,False,0.0006620400451320043,2.305067219931397e-05,1.0720880092159908e-05,1.3007128466476034e-06,3.4268490542555014e-06,2.0785170435063726e-06,0.0004996016430842948,1.2219076020491008e-06,0.00021978822261505042,0.019341398102757146,0.0002550912421286719,0.0012476373755339234,2.95957113513077e-05,2.305067219931397e-05,1.3007128466476034e-06,2.0785170435063726e-06,0.00021978822261505042,1.2219076020491008e-06,0.0004996016430842948,0.0002550912421286719,2.95957113513077e-05
195,2,child,,False,2.868540823874629e-05,2.7535691114583474e-06,2.6688529572628562e-06,2.994440981371515e-07,1.7231572752142392e-06,7.889262586245034e-07,0.0005006106934840828,9.818326983657703e-07,0.0002214553186652644,0.0027427567939960506,8.969393236719384e-05,0.0004883566612863065,1.1959857805023158e-05,2.7535691114583474e-06,2.994440981371515e-07,7.889262586245034e-07,0.0002214553186652644,9.818326983657703e-07,0.0005006106934840828,8.969393236719384e-05,1.1959857805023158e-05
196,0,daughter,,False,2.305067219931397e-05,3.120191139396651e-06,1.670142184809518e-06,2.332074525844782e-07,1.5936620247162786e-06,5.77192003016332e-07,0.0005018943519102321,1.1478768127080353e-06,0.00022805562191617214,0.01023195128913853,0.0003350423414809838,1.8235460794662427e-05,1.1235328063870752e-05,3.120191139396651e-06,2.332074525844782e-07,5.77192003016332e-07,0.00022805562191617214,1.1478768127080353e-06,0.0005018943519102321,0.0003350423414809838,1.1235328063870752e-05
196,1,daughter,,False,2.453694805426225e-05,4.006369222920725e-06,1.3420013504783412e-06,2.994440981371515e-07,2.01456908529364e-06,6.748051590048605e-07,0.0005138016619436793,9.818326983657703e-07,0.00022805562191617214,0.0030714720454316953,0.00028009269671209737,0.00048691442776060197,1.3982207564732913e-05,4.006369222920725e-06,2.994440981371515e-07,6.748051590048605e-07,0.00022805562191617214,9.818326983657703e-07,0.0005138016619436793,0.00028009269671209737,1.3982207564732913e-05
196,2,daughter,,False,0.0005617480965584138,8.750299760661308e-06,7.368592981140821e-06,5.594337713435001e-07,2.355261854303796e-06,8.664653147910923e-07,0.000524654256910571,1.9525885208642222e-06,0.00022447266775434924,0.01949970367927649,0.0002867158593393787,0.0005424428555526953,2.6947915555885546e-05,8.750299760661308e-06,5.594337713435001e-07,8.664653147910923e-07,0.00022447266775434924,1.9525885208642222e-06,0.000524654256910571,0.0002867158593393787,2.6947915555885546e-05
197,0,son,,False,3.514382632807918e-05,4.469407144215697e-06,2.0462932829931794e-06,2.994440981371515e-07,2.01456908529364e-06,6.748051590048605e-07,0.0004880261759260436,1.0289513485400628e-06,0.00021308442800063956,0.00012448433020883747,1.2339457598623173e-05,0.0011628954264227337,2.8240807799315707e-05,4.469407144215697e-06,2.994440981371515e-07,6.748051590048605e-07,0.00021308442800063956,1.0289513485400628e-06,0.0004880261759260436,1.2339457598623173e-05,2.8240807799315707e-05
197,1,son,,False,9.850082967450695e-05,1.0071400221737608e-05,4.53978687024344e-06,4.936988949458183e-07,3.7636447180974406e-06,1.4738981974494932e-06,0.000544715774106057,1.8058518261159955e-06,0.00022914444123060576,0.0027714383583302433,7.437028637763686e-05,0.0012013235565837077,3.250358452365473e-05,1.0071400221737608e-05,4.936988949458183e-07,1.4738981974494932e-06,0.00022914444123060576,1.8058518261159955e-06,0.000544715774106057,7.437028637763686e-05,3.250358452365473e-05
197,2,son,,False,8.969393236719384e-05,6.205049602300744e-06,3.705296977158347e-06,2.72647027069593e-07,2.212566909570261e-06,5.093705003229987e-07,0.00046798745549139667,8.80110037979258e-07,0.00021345499373310768,0.0008704335119750585,0.00015731121653489972,0.0004925498553819385,7.967300986103147e-06,6.205049602300744e-06,2.72647027069593e-07,5.093705003229987e-07,0.00021345499373310768,8.80110037979258e-07,0.00046798745549139667,0.00015731121653489972,7.967300986103147e-06
198,0,child,,False,5.7031570707833595e-05,5.475976980449466e-06,3.4268490542555014e-06,3.726639284186561e-07,2.0462932829931794e-06,5.594337713435001e-07,0.0005034681604106033,1.4064044342149064e-06,0.00021625192716922701,0.00016484829418512883,1.3982207564732913e-05,0.0005553536215526795,2.234163601827719e-05,5.475976980449466e-06,3.726639284186561e-07,5.594337713435001e-07,0.00021625192716922701,1.4064044342149064e-06,0.0005034681604106033,1.3982207564732913e-05,2.234163601827719e-05
198,1,child,,False,9.399438806628559e-05,9.915273115920183e-06,4.98595821272702e-06,4.356879983467376e-07,2.1444948420913954e-06,1.0129990980873922e-06,0.0004911950427828109,1.2219076020491008e-06,0.00022120585807682417,0.0007622196052140348,3.459916031782155e-05,0.0005957051194471736,2.7803096387751555e-05,9.915273115920183e-06,4.356879983467376e-07,1.0129990980873922e-06,0.00022120585807682417,1.2219076020491008e-06,0.0004911950427828109,3.459916031782155e-05,2.7803096387751555e-05
198,2,child,,False,0.0005578016147538543,5.144221374220898e-06,3.2192334497037803e-06,2.6425858208426533e-07,8.398072034951531e-07,2.72647027069593e-07,0.00046915009215671465,6.339210403977636e-07,0.0002137118639848327,0.0009180870254226622,3.1015598671268335e-05,1.8814207550495463e-05,6.014151777699533e-06,5.144221374220898e-06,2.6425858208426533e-07,2.72647027069593e-07,0.0002137118639848327,6.339210403977636e-07,0.00046915009215671465,3.1015598671268335e-05,6.014151777699533e-06
199,0,daughter,,False,0.000567903324674726,1.2931563954607948e-05,6.302758756443267e-06,8.139692624947503e-07,4.264746818557914e-06,8.664653147910923e-07,0.0005042689864732666,1.7778551863194697e-06,0.00021849741587309833,0.010289790106410974,0.00014325365947100792,0.0005893550335994887,2.868540823874629e-05,1.2931563954607948e-05,8.139692624947503e-07,8.664653147910923e-07,0.00021849741587309833,1.7778551863194697e-06,0.0005042689864732666,0.00014325365947100792,2.868540823874629e-05
199,1,daughter,,False,0.0001048469267161009,1.7674513810355872e-05,2.5466403947055455e-06,5.255395707074638e-07,3.2699273422345685e-06,7.646537350121258e-07,0.000497388037097586,1.9833367060283617e-06,0.00023273440348495238,0.0007661644959617213,8.969393236719384e-05,0.000566725899170637,7.722191834067996e-06,1.7674513810355872e-05,5.255395707074638e-07,7.646537350121258e-07,0.00023273440348495238,1.9833367060283617e-06,0.000497388037097586,8.969393236719384e-05,7.722191834067996e-06
199,2,daughter,,False,0.000546674185053768,0.0007571223117196732,7.0311842669149565e-06,2.97731143841062e-06,7.843789122138342e-06,3.6478537675800286e-06,0.011924841082561387,0.00021348633304871885,0.00032602120739121045,0.010246080112770995,0.00017007224114352882,0.08258935408478825,0.005526262505870592,0.0007571223117196732,2.97731143841062e-06,3.6478537675800286e-06,0.00032602120739121045,0.00021348633304871885,0.011924841082561387,0.00017007224114352882,0.005526262505870592
200,0,son,,False,3.4062932773341e-05,4.683888424952456e-06,2.4300240743279605e-06,3.3931448129766124e-07,2.88571183887091e-06,6.748051590048605e-07,0.004724147276140099,3.321419494792514e-06,0.00024775071036594654,0.0030654830851861575,0.00023231625226312826,0.0005166197289884592,2.453694805426225e-05,4.683888424952456e-06,3.3931448129766124e-07,6.748051590048605e-07,0.00024775071036594654,3.321419494792514e-06,0.004724147276140099,0.00023231625226312826,2.453694805426225e-05
200,1,son,,False,0.005047128006388145,0.0008152053030871564,1.141223854434603e-05,4.069457790466838e-06,1.1235328063870752e-05,3.4268490542555014e-06,0.0005594834845592887,3.535625074174432e-06,0.0002484179442990331,0.0009056139344932517,9.850082967450695e-05,0.12422266953683037,0.0016160341177985209,0.0008152053030871564,4.069457790466838e-06,3.4268490542555014e-06,0.0002484179442990331,3.535625074174432e-06,0.0005594834845592887,9.850082967450695e-05,0.0016160341177985209
200,2,son,,False,1.6865275398914433e-05,2.586743108135441e-06,1.5689549727726036e-06,1.0348531401872454e-07,1.8631746484712008e-06,5.255395707074638e-07,0.004718860892747886,2.627477314480822e-06,0.0002832988454686559,5.0333557545281144e-05,2.2693385749600554e-05,0.000480266374355812,9.915273115920183e-06,2.586743108135441e-06,1.0348531401872454e-07,5.255395707074638e-07,0.0002832988454686559,2.627477314480822e-06,0.004718860892747886,2.2693385749600554e-05,9.915273115920183e-06
201,0,child,,False,0.0007530659782696593,2.0988308820313112e-05,3.705296977158347e-06,4.356879983467376e-07,1.8342893327886845e-06,4.936988949458183e-07,0.000546650687904265,2.2474089854291757e-06,0.00024336068764175802,8.040859356292355e-05,6.814872211615988e-06,0.0012292499595662238,1.535623976496012e-05,2.0988308820313112e-05,4.356879983467376e-07,4.936988949458183e-07,0.00024336068764175802,2.2474089854291757e-06,0.000546650687904265,6.814872211615988e-06,1.535623976496012e-05
201,1,child,,False,2.0342697805520655e-05,2.6688529572628562e-06,2.2827997192887966e-06,2.332074525844782e-07,3.5913010679499402e-06,1.4738981974494932e-06,0.0004816744542579805,1.2219076020491008e-06,0.00021849741587309833,0.0008935216182967705,9.697519677825862e-05,2.0988308820313112e-05,8.750299760661308e-06,2.6688529572628562e-06,2.332074525844782e-07,1.4738981974494932e-06,0.00021849741587309833,1.2219076020491008e-06,0.0004816744542579805,9.697519677825862e-05,8.750299760661308e-06
201,2,child,,False,0.0005597594790089396,9.314593042575101e-06,5.829126566113866e-06,7.411279871974134e-07,2.0785170435063726e-06,1.3420013504783412e-06,0.0004760902660503319,1.0783312222985275e-06,0.00022120585807682417,0.00011695102650555148,8.092757566536092e-06,0.0011516002696433543,2.0988308820313112e-05,9.314593042575101e-06,7.411279871974134e-07,1.3420013504783412e-06,0.00022120585807682417,1.0783312222985275e-06,0.0004760902660503319,8.092757566536092e-06,2.0988308820313112e-05
202,0,daughter,,False,0.0006805796002084943,4.7285443452031076e-05,1.1235328063870752e-05,2.01456908529364e-06,6.10885510164857e-06,2.1444948420913954e-06,0.0005432341298346752,3.5913010679499402e-06,0.00022841290836588554,0.037710205824884886,0.0017712298703411447,0.0012934071128819246,2.453694805426225e-05,4.7285443452031076e-05,2.01456908529364e-06,2.1444948420913954e-06,0.00022841290836588554,3.5913010679499402e-06,0.0005432341298346752,0.0017712298703411447,2.453694805426225e-05
202,1,daughter,,False,2.6119031909571944e-05,3.120191139396651e-06,1.8342893327886845e-06,1.602810987828144e-07,2.0462932829931794e-06,3.3931448129766124e-07,0.0005101450170948449,1.5446309562386385e-06,0.0002270166411560819,0.010164470205568928,0.00028449096649795007,1.2731104162213555e-05,7.722191834067996e-06,3.120191139396651e-06,1.602810987828144e-07,3.3931448129766124e-07,0.0002270166411560819,1.5446309562386385e-06,0.0005101450170948449,0.00028449096649795007,7.722191834067996e-06
202,2,daughter,,False,5.112579049909173e-05,8.349627818261147e-06,5.649793328376294e-06,6.962256250138369e-07,3.0718185454758057e-06,1.1843139025979655e-06,0.0006048941865527812,3.169325442919291e-06,0.0002533919593552032,0.010433640888789751,0.0003678508928875723,0.0005034054837533741,1.8522574326531083e-05,8.349627818261147e-06,6.962256250138369e-07,1.1843139025979655e-06,0.0002533919593552032,3.169325442919291e-06,0.0006048941865527812,0.0003678508928875723,1.8522574326531083e-05
203,0,son,,False,5.527786369235996e-05,7.0311842669149565e-06,4.1335397768930325e-06,6.962256250138369e-07,2.4682904407607285e-06,1.1478768127080353e-06,0.0005396172586307154,1.4510478554719287e-06,0.00022477355484446784,0.0201537519834205,0.0006289902136892483,0.0005372613854410962,2.6947915555885546e-05,7.0311842669149565e-06,6.962256250138369e-07,1.1478768127080353e-06,0.00022477355484446784,1.4510478554719287e-06,0.0005396172586307154,0.0006289902136892483,2.6947915555885546e-05
203,1,son,,False,6.166297347617125e-05,6.814872211615988e-06,5.144221374220898e-06,8.398072034951531e-07,5.064471653194114e-06,2.0785170435063726e-06,0.0005108771491932923,2.7535691114583474e-06,0.00022477355484446784,0.010450880942532732,0.000538493796177796,0.0005112741181214284,1.8522574326531083e-05,6.814872211615988e-06,8.398072034951531e-07,2.0785170435063726e-06,0.00022477355484446784,2.7535691114583474e-06,0.0005108771491932923,0.000538493796177796,1.8522574326531083e-05
203,2,son,,False,3.0534893211185946e-05,5.144221374220898e-06,2.355261854303796e-06,3.288749065460498e-07,2.627477314480822e-06,6.748051590048605e-07,0.0004934130379598841,1.4510478554719287e-06,0.00021497247771651897,0.002934750458319067,0.00016229670614688406,0.0005138843625860062,1.7400543552708932e-05,5.144221374220898e-06,3.288749065460498e-07,6.748051590048605e-07,0.00021497247771651897,1.4510478554719287e-06,0.0004934130379598841,0.00016229670614688406,1.7400543552708932e-05
204,0,child,,False,3.740956047302422e-05,4.264746818557914e-06,2.4682904407607285e-06,4.356879983467376e-07,1.7231572752142392e-06,1.0129990980873922e-06,0.0005392117021381564,1.363134508591315e-06,0.00022770387218484876,0.0008876146323004368,3.569706350376584e-05,0.0011488846913063758,2.3782205064034188e-05,4.264746818557914e-06,4.356879983467376e-07,1.0129990980873922e-06,0.00022770387218484876,1.363134508591315e-06,0.0005392117021381564,3.569706350376584e-05,2.3782205064034188e-05
204,1,child,,False,8.830458477845481e-05,9.314593042575101e-06,3.321419494792514e-06,4.936988949458183e-07,1.0129990980873922e-06,3.3931448129766124e-07,0.0004874143574172347,1.0289513485400628e-06,0.00021713669539495865,0.00010005044009099887,5.475976980449466e-06,0.0005465467242453664,1.5843621910252592e-05,9.314593042575101e-06,4.936988949458183e-07,3.3931448129766124e-07,0.00021713669539495865,1.0289513485400628e-06,0.0004874143574172347,5.475976980449466e-06,1.5843621910252592e-05
204,2,child,,False,0.0005931018339467512,3.3015272509780104e-05,5.064471653194114e-06,2.88571183887091e-06,7.14190139989638e-06,4.006369222920725e-06,0.0004753051800293774,1.2219076020491008e-06,0.0002263505449868847,0.0007622196052140348,0.00011513995656772139,0.023289661724541943,0.001592450232501225,3.3015272509780104e-05,2.88571183887091e-06,4.006369222920725e-06,0.0002263505449868847,1.2219076020491008e-06,0.0004753051800293774,0.00011513995656772139,0.001592450232501225
205,0,daughter,,False,2.868540823874629e-05,4.264746818557914e-06,3.120191139396651e-06,5.255395707074638e-07,2.796930302582677e-06,9.223470110117277e-07,0.0004831400020096265,1.0783312222985275e-06,0.000218704237257557,0.019418141577792924,0.0003854363826911696,0.0005048825150668042,7.0311842669149565e-06,4.264746818557914e-06,5.255395707074638e-07,9.223470110117277e-07,0.000218704237257557,1.0783312222985275e-06,0.0004831400020096265,0.0003854363826911696,7.0311842669149565e-06
205,1,daughter,,False,3.8596609058077356e-05,7.602479448313689e-06,3.6478537675800286e-06,5.77192003016332e-07,2.88571183887091e-06,9.516251694168764e-07,0.000544502871111018,1.9223170236538178e-06,0.00022805562191617214,0.03751153307372528,0.0015543647930770631,0.0005096006331304874,3.250358452365473e-05,7.602479448313689e-06,5.77192003016332e-07,9.516251694168764e-07,0.00022805562191617214,1.9223170236538178e-06,0.000544502871111018,0.0015543647930770631,3.250358452365473e-05
205,2,daughter,,False,2.571419797957771e-05,3.8831109868779005e-06,2.931153855960119e-06,5.422218970016178e-07,2.88571183887091e-06,1.2219076020491008e-06,0.0004751499930392176,9.080474758713811e-07,0.0002182938001211795,0.002786458937919142,0.00013458604012970922,0.0005204719129728484,9.314593042575101e-06,3.8831109868779005e-06,5.422218970016178e-07,1.2219076020491008e-06,0.0002182938001211795,9.080474758713811e-07,0.0004751499930392176,0.00013458604012970922,9.314593042575101e-06
206,0,son,,False,1.5598027633743823e-05,3.2192334497037803e-06,2.212566909570261e-06,3.288749065460498e-07,2.97731143841062e-06,8.398072034951531e-07,0.00047231366356934794,6.748051590048605e-07,0.00021196745065203636,0.0027714383583302433,0.00027149854690051767,0.0005312230782558095,2.3782205064034188e-05,3.2192334497037803e-06,3.288749065460498e-07,8.398072034951531e-07,0.00021196745065203636,6.748051590048605e-07,0.00047231366356934794,0.00027149854690051767,2.3782205064034188e-05
206,1,son,,False,9.850082967450695e-05,1.7130819343483194e-05,2.88571183887091e-06,5.093705003229987e-07,4.683888424952456e-06,1.5689549727726036e-06,0.0005850177162987886,0.00021239327621036451,0.0002979007248315314,0.0009309527809802363,0.000138852327569001,0.0005437895311587944,2.3782205064034188e-05,1.7130819343483194e-05,5.093705003229987e-07,1.5689549727726036e-06,0.0002979007248315314,0.00021239327621036451,0.0005850177162987886,0.000138852327569001,2.3782205064034188e-05
206,2,son,,False,2.0662982488383408e-05,2.6688529572628562e-06,1.2219076020491008e-06,1.816222403812674e-07,1.6442494559854523e-06,5.422218970016178e-07,0.0004925154416755756,9.223470110117277e-07,0.00021695417048520467,0.0027358596836205874,0.00016484829418512883,0.00048786839054944096,1.2339457598623173e-05,2.6688529572628562e-06,1.816222403812674e-07,5.422218970016178e-07,0.00021695417048520467,9.223470110117277e-07,0.0004925154416755756,0.00016484829418512883,1.2339457598623173e-05
207,0,child,,False,2.571419797957771e-05,3.8831109868779005e-06,1.3846004563753396e-06,2.4061023397180247e-07,1.8631746484712008e-06,5.255395707074638e-07,0.0004656631292580584,9.080474758713811e-07,0.00021320602528870992,0.0007583355694965269,0.00010987310729246431,0.0004898680643879527,1.3135179706526775e-05,3.8831109868779005e-06,2.4061023397180247e-07,5.255395707074638e-07,0.00021320602528870992,9.080474758713811e-07,0.0004656631292580584,0.00010987310729246431,1.3135179706526775e-05
207,1,child,,False,4.802972318863164e-05,4.832563818725537e-06,3.944258675190877e-06,5.093705003229987e-07,2.2827997192887966e-06,1.3846004563753396e-06,0.0005006106934840828,1.1125607488784412e-06,0.00021770169376519476,0.0028428458272168377,3.740956047302422e-05,0.0005553536215526795,1.1959857805023158e-05,4.832563818725537e-06,5.093705003229987e-07,1.3846004563753396e-06,0.00021770169376519476,1.1125607488784412e-06,0.0005006106934840828,3.740956047302422e-05,1.1959857805023158e-05
207,2,child,,False,2.4923252458203565e-05,1.7778551863194697e-06,1.4738981974494932e-06,1.602810987828144e-07,1.2219076020491008e-06,2.994440981371515e-07,0.00045800069515336577,4.6378732973537256e-07,0.00021196745065203636,0.00010005044009099887,3.250358452365473e-05,2.234163601827719e-05,6.205049602300744e-06,1.7778551863194697e-06,1.602810987828144e-07,2.994440981371515e-07,0.00021196745065203636,4.6378732973537256e-07,0.00045800069515336577,3.250358452365473e-05,6.205049602300744e-06
208,0,daughter,,False,8.295891883591029e-05,1.7674513810355872e-05,5.475976980449466e-06,9.516251694168764e-07,6.40200641038395e-06,2.0785170435063726e-06,0.0005687637342162879,2.627477314480822e-06,0.00023889724921321938,0.019866929726500317,0.0005343255956149591,0.0012455302488313294,4.173157606777201e-05,1.7674513810355872e-05,9.516251694168764e-07,2.0785170435063726e-06,0.00023889724921321938,2.627477314480822e-06,0.0005687637342162879,0.0005343255956149591,4.173157606777201e-05
208,1,daughter,,False,5.9766937110286536e-05,9.028039015031105e-06,5.738759521437678e-06,1.0451548051737735e-06,4.331903899346328e-06,1.4738981974494932e-06,0.0005210739346422647,1.4738981974494932e-06,0.0002306778733816642,0.021001287082092847,0.0008577485413711985,0.0005813371220870101,2.453694805426225e-05,9.028039015031105e-06,1.0451548051737735e-06,1.4738981974494932e-06,0.0002306778733816642,1.4738981974494932e-06,0.0005210739346422647,0.0008577485413711985,2.453694805426225e-05
208,2,daughter,,False,0.0005981655787301457,3.3015272509780104e-05,5.562206273647035e-06,7.411279871974134e-07,5.562206273647035e-06,2.0785170435063726e-06,0.0005058990298734508,2.1444948420913954e-06,0.00022668099229563676,0.0008540336462424981,0.00013250224172131609,0.015994371603872917,4.583129006350382e-05,3.3015272509780104e-05,7.411279871974134e-07,2.0785170435063726e-06,0.00022668099229563676,2.1444948420913954e-06,0.0005058990298734508,0.00013250224172131609,4.583129006350382e-05
209,0,son,,False,3.4062932773341e-05,3.7636447180974406e-06,2.4300240743279605e-06,2.4824800371656586e-07,1.7502925788778209e-06,6.540437226933637e-07,0.000490331794854473,1.3420013504783412e-06,0.00022222751156548602,0.0028601092173492736,0.0002050743539917378,2.0662982488383408e-05,6.605214485464791e-06,3.7636447180974406e-06,2.4824800371656586e-07,6.540437226933637e-07,0.00022222751156548602,1.3420013504783412e-06,0.000490331794854473,0.0002050743539917378,6.605214485464791e-06
209,1,son,,True,0.005675496039351289,0.0011946417267176483,3.799845147518645e-05,1.535623976496012e-05,3.9204178923762816e-05,3.514382632807918e-05,0.011905995971302166,0.00022628109184047356,0.00028452519689494587,0.09783291048708122,0.022634531103355497,0.35837203189792144,0.0034482292367455166,0.0011946417267176483,1.535623976496012e-05,3.514382632807918e-05,0.00028452519689494587,0.00022628109184047356,0.011905995971302166,0.022634531103355497,0.0034482292367455166
209,2,son,,False,3.353501304664781e-05,4.53978687024344e-06,2.840974294610978e-06,4.495181578513688e-07,2.1444948420913954e-06,8.398072034951531e-07,0.0005067284701317172,1.2606946239951315e-06,0.0002263505449868847,0.010312410400820201,0.00029121782831143336,0.0004919966182062518,1.0554685795431098e-05,4.53978687024344e-06,4.495181578513688e-07,8.398072034951531e-07,0.0002263505449868847,1.2606946239951315e-06,0.0005067284701317172,0.00029121782831143336,1.0554685795431098e-05
210,0,child,,False,0.0006964846820334749,4.802972318863164e-05,8.61465062380632e-06,1.9223170236538178e-06,6.605214485464791e-06,1.8342893327886845e-06,0.004762103874576906,5.307507822667365e-06,0.00025729272261606426,0.0008045684283044233,2.571419797957771e-05,0.02167564070276767,4.442183589214344e-05,4.802972318863164e-05,1.9223170236538178e-06,1.8342893327886845e-06,0.00025729272261606426,5.307507822667365e-06,0.004762103874576906,2.571419797957771e-05,4.442183589214344e-05
210,1,child,,False,0.005007479090020133,0.0008029110208811168,1.3342001090985438e-05,3.4808121961114687e-06,9.915273115920183e-06,4.832563818725537e-06,0.0005423965071506443,4.1335397768930325e-06,0.0002310764341461493,0.0008186102388378728,5.0333557545281144e-05,0.08261368353686094,0.001610160050623429,0.0008029110208811168,3.4808121961114687e-06,4.832563818725537e-06,0.0002310764341461493,4.1335397768930325e-06,0.0005423965071506443,5.0333557545281144e-05,0.001610160050623429
210,2,child,,False,3.9204178923762816e-05,4.400118457925303e-06,1.3420013504783412e-06,2.994440981371515e-07,1.3211958228877664e-06,1.0129990980873922e-06,0.00046915009215671465,8.139692624947503e-07,0.00021625192716922701,0.0001064962672055945,5.475976980449466e-06,0.0005684542178624818,1.941131867789626e-05,4.400118457925303e-06,2.994440981371515e-07,1.0129990980873922e-06,0.00021625192716922701,8.139692624947503e-07,0.00046915009215671465,5.475976980449466e-06,1.941131867789626e-05
211,0,daughter,,False,2.3782205064034188e-05,4.006369222920725e-06,1.1843139025979655e-06,2.4061023397180247e-07,1.9525885208642222e-06,6.748051590048605e-07,0.00046462087703568497,6.748051590048605e-07,0.00021250413756646795,0.0028962779470040876,0.00019267346633274757,2.199533724320648e-05,7.967300986103147e-06,4.006369222920725e-06,2.4061023397180247e-07,6.748051590048605e-07,0.00021250413756646795,6.748051590048605e-07,0.00046462087703568497,0.00019267346633274757,7.967300986103147e-06
211,1,daughter,,False,4.7285443452031076e-05,2.2827997192887966e-06,2.6688529572628562e-06,9.422445939071362e-08,8.939696304799168e-07,1.4144759985825914e-07,0.0004709032361132395,1.1659530314852966e-06,0.00021411253592723288,0.0008760719569540332,0.00010322310367548195,7.722191834067996e-06,4.400118457925303e-06,2.2827997192887966e-06,9.422445939071362e-08,1.4144759985825914e-07,0.00021411253592723288,1.1659530314852966e-06,0.0004709032361132395,0.00010322310367548195,4.400118457925303e-06
211,2,daughter,,False,9.547317110805593e-05,1.2731104162213555e-05,9.761566060239504e-06,1.0451548051737735e-06,3.822911232549001e-06,1.5206840370677115e-06,0.0005984941993117164,3.169325442919291e-06,0.00024050606249465076,0.010327781932783636,0.0002889581017773627,0.0011688122949661533,4.373344035182828e-05,1.2731104162213555e-05,1.0451548051737735e-06,1.5206840370677115e-06,0.00024050606249465076,3.169325442919291e-06,0.0005984941993117164,0.0002889581017773627,4.373344035182828e-05
212,0,son,,False,4.955359475635505e-05,6.40200641038395e-06,2.7535691114583474e-06,2.332074525844782e-07,2.4300240743279605e-06,4.78509449489012e-07,0.0005214086368405433,1.6964426510543331e-06,0.00023589712937775753,0.0028179309367027785,0.00014325365947100792,0.0004979376456416367,1.1235328063870752e-05,6.40200641038395e-06,2.332074525844782e-07,4.78509449489012e-07,0.00023589712937775753,1.6964426510543331e-06,0.0005214086368405433,0.00014325365947100792,1.1235328063870752e-05
212,1,son,,False,3.0061635882429376e-05,3.7636447180974406e-06,2.212566909570261e-06,3.1875652166284776e-07,6.10885510164857e-06,1.8342893327886845e-06,1.3765463368900109e-05,4.936988949458183e-07,5.562206273647035e-06,0.00011513995656772139,7.321812616608614e-05,0.00047990346407748657,6.814872211615988e-06,3.7636447180974406e-06,3.1875652166284776e-07,1.8342893327886845e-06,5.562206273647035e-06,4.936988949458183e-07,1.3765463368900109e-05,7.321812616608614e-05,6.814872211615988e-06
212,2,son,,False,1.141223854434603e-05,1.3846004563753396e-06,1.2219076020491008e-06,9.422445939071362e-08,1.8342893327886845e-06,2.9023119852110973e-07,0.00046139969563489515,4.0929110499856e-07,4.683888424952456e-06,0.0001597845494017344,8.559006367452268e-05,1.941131867789626e-05,9.610241549947397e-06,1.3846004563753396e-06,9.422445939071362e-08,2.9023119852110973e-07,4.683888424952456e-06,4.0929110499856e-07,0.00046139969563489515,8.559006367452268e-05,9.610241549947397e-06
213,0,child,,False,7.437028637763686e-05,6.709224499600877e-06,3.6478537675800286e-06,5.422218970016178e-07,2.6688529572628562e-06,9.223470110117277e-07,0.0005158924645306655,7.766951856747235e-07,0.00021527750928249177,0.0007226435938923609,1.971694219622292e-05,0.0005538279886564313,1.5843621910252592e-05,6.709224499600877e-06,5.422218970016178e-07,9.223470110117277e-07,0.00021527750928249177,7.766951856747235e-07,0.0005158924645306655,1.971694219622292e-05,1.5843621910252592e-05
213,1,child,,False,8.969393236719384e-05,2.453694805426225e-05,6.302758756443267e-06,1.9525885208642222e-06,6.814872211615988e-06,2.931153855960119e-06,0.0005217446467705822,1.6187581436151335e-06,0.00022735757340977805,0.09712399081335783,0.0018404890389241723,0.010262303811719492,3.9821309061635425e-05,2.453694805426225e-05,1.9525885208642222e-06,2.931153855960119e-06,0.00022735757340977805,1.6187581436151335e-06,0.0005217446467705822,0.0018404890389241723,3.9821309061635425e-05
213,2,child,,False,6.070755804415097e-05,3.024195853395102e-06,1.2606946239951315e-06,1.7061832388634166e-07,1.8058518261159955e-06,6.540437226933637e-07,0.0005835666839318764,1.2411496080609794e-06,0.00023360304396588728,5.614787461400803e-05,1.177445922838707e-05,0.0004817760443363762,9.610241549947397e-06,3.024195853395102e-06,1.7061832388634166e-07,6.540437226933637e-07,0.00023360304396588728,1.2411496080609794e-06,0.0005835666839318764,1.177445922838707e-05,9.610241549947397e-06
214,0,daughter,,False,2.1318756129065198e-05,5.144221374220898e-06,1.5689549727726036e-06,3.84493505874534e-07,2.931153855960119e-06,8.664653147910923e-07,0.0005252653591695177,1.2606946239951315e-06,0.00023189247385640036,0.02120360032220091,0.0012821214266594246,0.0005064063866345277,2.5315637215092633e-05,5.144221374220898e-06,3.84493505874534e-07,8.664653147910923e-07,0.00023189247385640036,1.2606946239951315e-06,0.0005252653591695177,0.0012821214266594246,2.5315637215092633e-05
214,1,daughter,,False,4.7285443452031076e-05,4.1335397768930325e-06,3.8831109868779005e-06,3.288749065460498e-07,1.4510478554719287e-06,4.222833444659923e-07,0.0005054879354350698,1.0783312222985275e-06,0.00022303674997692745,0.01999067660234523,0.0007289077583591925,2.0988308820313112e-05,1.3982207564732913e-05,4.1335397768930325e-06,3.288749065460498e-07,4.222833444659923e-07,0.00022303674997692745,1.0783312222985275e-06,0.0005054879354350698,0.0007289077583591925,1.3982207564732913e-05
214,2,daughter,,False,1.177445922838707e-05,1.670142184809518e-06,1.0129990980873922e-06,1.2482708949986417e-07,1.0129990980873922e-06,2.1907815825757866e-07,0.00046350496863962825,6.439037799292652e-07,0.00021358242564492241,0.0007259681821955923,0.00012843081201339694,9.915273115920183e-06,4.006369222920725e-06,1.670142184809518e-06,1.2482708949986417e-07,2.1907815825757866e-07,0.00021358242564492241,6.439037799292652e-07,0.00046350496863962825,0.00012843081201339694,4.006369222920725e-06
215,0,son,,False,0.0005617480965584138,7.484622751061123e-06,1.3342001090985438e-05,6.144174602214718e-07,3.0718185454758057e-06,8.939696304799168e-07,0.0005898535032709132,3.4808121961114687e-06,0.00024395884522464894,0.00016743993037101191,5.792916699214217e-05,0.0004936825844797785,1.0229985472581487e-05,7.484622751061123e-06,6.144174602214718e-07,8.939696304799168e-07,0.00024395884522464894,3.4808121961114687e-06,0.0005898535032709132,5.792916699214217e-05,1.0229985472581487e-05
215,1,son,,False,0.0008564760323611499,3.1999824407395835e-05,5.475976980449466e-06,8.664653147910923e-07,3.321419494792514e-06,1.5689549727726036e-06,0.0005058990298734508,1.9525885208642222e-06,0.00023148126807614352,0.00011695102650555148,7.484622751061123e-06,0.010209708409186832,3.0534893211185946e-05,3.1999824407395835e-05,8.664653147910923e-07,1.5689549727726036e-06,0.00023148126807614352,1.9525885208642222e-06,0.0005058990298734508,7.484622751061123e-06,3.0534893211185946e-05
215,2,son,,False,0.0007555657169452602,1.7674513810355872e-05,4.1335397768930325e-06,4.936988949458183e-07,1.4738981974494932e-06,8.664653147910923e-07,0.0005220819695330309,2.5466403947055455e-06,0.0002253896128383855,6.070755804415097e-05,4.683888424952456e-06,0.01013775836411532,1.971694219622292e-05,1.7674513810355872e-05,4.936988949458183e-07,8.664653147910923e-07,0.0002253896128383855,2.5466403947055455e-06,0.0005220819695330309,4.683888424952456e-06,1.971694219622292e-05
216,0,child,,False,9.697519677825862e-05,1.1061159714638084e-05,3.5913010679499402e-06,1.0783312222985275e-06,2.710880136557205e-06,1.5689549727726036e-06,0.00047624913019932136,9.818326983657703e-07,0.00022914444123060576,7.096703991005882e-05,1.1959857805023158e-05,0.0011749162498717969,2.1654404989510328e-05,1.1061159714638084e-05,1.0783312222985275e-06,1.5689549727726036e-06,0.00022914444123060576,9.818326983657703e-07,0.00047624913019932136,1.1959857805023158e-05,2.1654404989510328e-05
216,1,child,,False,0.0005906285010799165,1.442598644847886e-05,7.484622751061123e-06,1.0953122821495382e-06,3.169325442919291e-06,1.670142184809518e-06,0.0005131168701102027,1.4285517650093407e-06,0.00022170870641199087,0.0007911659505451469,1.6865275398914433e-05,0.0011688122949661533,2.1654404989510328e-05,1.442598644847886e-05,1.0953122821495382e-06,1.670142184809518e-06,0.00022170870641199087,1.4285517650093407e-06,0.0005131168701102027,1.6865275398914433e-05,2.1654404989510328e-05
216,2,child,,False,5.792916699214217e-05,5.307507822667365e-06,3.4268490542555014e-06,2.994440981371515e-07,1.5206840370677115e-06,4.936988949458183e-07,0.0005033355981874768,1.2606946239951315e-06,0.00021849741587309833,0.010246080112770995,0.0006241259229821675,1.4653129390717958e-05,1.1959857805023158e-05,5.307507822667365e-06,2.994440981371515e-07,4.936988949458183e-07,0.00021849741587309833,1.2606946239951315e-06,0.0005033355981874768,0.0006241259229821675,1.1959857805023158e-05
217,0,daughter,,False,4.173157606777201e-05,7.0311842669149565e-06,3.024195853395102e-06,4.495181578513688e-07,2.3923509443082866e-06,8.664653147910923e-07,0.0004925154416755756,1.5446309562386385e-06,0.0002204804354938449,0.010391675954438939,0.00034030053587496954,0.000566725899170637,2.305067219931397e-05,7.0311842669149565e-06,4.495181578513688e-07,8.664653147910923e-07,0.0002204804354938449,1.5446309562386385e-06,0.0004925154416755756,0.00034030053587496954,2.305067219931397e-05
217,1,daughter,,False,2.95957113513077e-05,4.53978687024344e-06,1.9525885208642222e-06,2.561282210758673e-07,1.4285517650093407e-06,3.500854414401442e-07,0.0005504554827327008,8.939696304799168e-07,0.00023148126807614352,0.019801724152056405,0.0006192990157855187,0.0004806349969422068,1.5843621910252592e-05,4.53978687024344e-06,2.561282210758673e-07,3.500854414401442e-07,0.00023148126807614352,8.939696304799168e-07,0.0005504554827327008,0.0006192990157855187,1.5843621910252592e-05
217,2,daughter,,False,2.2693385749600554e-05,3.120191139396651e-06,2.6688529572628562e-06,2.6425858208426533e-07,3.373722476473661e-06,1.0451548051737735e-06,0.0004748414303188522,1.1843139025979655e-06,0.00021467682920914668,8.167381046669487e-05,4.802972318863164e-05,0.0004806349969422068,6.014151777699533e-06,3.120191139396651e-06,2.6425858208426533e-07,1.0451548051737735e-06,0.00021467682920914668,1.1843139025979655e-06,0.0004748414303188522,4.802972318863164e-05,6.014151777699533e-06
218,0,son,,False,0.0007871258902538706,0.0007847193384539771,1.442598644847886e-05,6.302758756443267e-06,1.535623976496012e-05,6.922183404468203e-06,0.0005519794797912377,3.822911232549001e-06,0.00023589712937775753,0.06534144564197028,0.0014063627043245477,0.023527236026875984,7.096703991005882e-05,0.0007847193384539771,6.302758756443267e-06,6.922183404468203e-06,0.00023589712937775753,3.822911232549001e-06,0.0005519794797912377,0.0014063627043245477,7.096703991005882e-05
218,1,son,,False,0.02029644800977978,0.0008419210475288067,5.792916699214217e-05,3.944258675190877e-06,5.064471653194114e-06,2.931153855960119e-06,0.0005457865351075576,5.064471653194114e-06,0.0002464470899300356,0.00015731121653489972,1.971694219622292e-05,0.016249033178287745,1.9110431587777674e-05,0.0008419210475288067,3.944258675190877e-06,2.931153855960119e-06,0.0002464470899300356,5.064471653194114e-06,0.0005457865351075576,1.971694219622292e-05,1.9110431587777674e-05
218,2,son,,False,6.263341581094202e-05,9.610241549947397e-06,4.331903899346328e-06,7.889262586245034e-07,6.302758756443267e-06,1.3420013504783412e-06,0.0004596405007964144,6.144174602214718e-07,5.829126566113866e-06,0.019880268624754036,0.0006145092084085153,0.0005267203585267405,2.1654404989510328e-05,9.610241549947397e-06,7.889262586245034e-07,1.3420013504783412e-06,5.829126566113866e-06,6.144174602214718e-07,0.0004596405007964144,0.0006145092084085153,2.1654404989510328e-05
219,0,child,,False,9.110511944006454e-05,1.0229985472581487e-05,5.144221374220898e-06,8.398072034951531e-07,2.97731143841062e-06,1.8342893327886845e-06,0.0004835135941563736,1.670142184809518e-06,0.0002167744747109176,0.0008704335119750585,6.361912109467577e-05,0.0006069710175518718,2.0342697805520655e-05,1.0229985472581487e-05,8.398072034951531e-07,1.8342893327886845e-06,0.0002167744747109176,1.670142184809518e-06,0.0004835135941563736,6.361912109467577e-05,2.0342697805520655e-05
219,1,child,,False,6.361912109467577e-05,7.484622751061123e-06,4.069457790466838e-06,6.144174602214718e-07,2.0785170435063726e-06,1.0783312222985275e-06,0.0004952508080780285,1.0953122821495382e-06,0.00021912769953547168,0.0028689430188461465,6.878511550552459e-05,0.0005600758955536546,1.15919343186331e-05,7.484622751061123e-06,6.144174602214718e-07,1.0783312222985275e-06,0.00021912769953547168,1.0953122821495382e-06,0.0004952508080780285,6.878511550552459e-05,1.15919343186331e-05
219,2,child,,False,3.569706350376584e-05,4.98595821272702e-06,1.670142184809518e-06,2.9023119852110973e-07,1.2606946239951315e-06,6.540437226933637e-07,0.0005462177694767315,2.3187477504664324e-06,0.00023686610557470552,9.697519677825862e-05,8.349627818261147e-06,0.000597888641539975,2.234163601827719e-05,4.98595821272702e-06,2.9023119852110973e-07,6.540437226933637e-07,0.00023686610557470552,2.3187477504664324e-06,0.0005462177694767315,8.349627818261147e-06,2.234163601827719e-05
220,0,daughter,,False,3.1999824407395835e-05,6.014151777699533e-06,2.355261854303796e-06,4.78509449489012e-07,2.710880136557205e-06,1.0451548051737735e-06,0.0004596405007964144,8.139692624947503e-07,0.00021512380222681108,0.0008234381138183805,0.00013670256456563558,0.0005056385041563992,1.0229985472581487e-05,6.014151777699533e-06,4.78509449489012e-07,1.0451548051737735e-06,0.00021512380222681108,8.139692624947503e-07,0.0004596405007964144,0.00013670256456563558,1.0229985472581487e-05
220,1,daughter,,False,0.0007631824103283109,0.0007580777271516936,1.0071400221737608e-05,2.5071593847983196e-06,7.843789122138342e-06,4.53978687024344e-06,0.0005937180758221596,3.0718185454758057e-06,0.00024277179663959579,0.036137315298503885,0.00045032724170892245,0.010262303811719492,3.9821309061635425e-05,0.0007580777271516936,2.5071593847983196e-06,4.53978687024344e-06,0.00024277179663959579,3.0718185454758057e-06,0.0005937180758221596,0.00045032724170892245,3.9821309061635425e-05
220,2,daughter,,False,6.46203290719727e-05,9.761566060239504e-06,5.738759521437678e-06,8.664653147910923e-07,6.814872211615988e-06,1.7231572752142392e-06,0.0005056246997376632,2.212566909570261e-06,0.0002233150331012493,0.019597587161197097,0.0004297938879407239,0.0005398117107140829,1.488384825728813e-05,9.761566060239504e-06,8.664653147910923e-07,1.7231572752142392e-06,0.0002233150331012493,2.212566909570261e-06,0.0005056246997376632,0.0004297938879407239,1.488384825728813e-05
221,0,son,,False,9.253848866495987e-05,7.0311842669149565e-06,3.535625074174432e-06,4.222833444659923e-07,1.0129990980873922e-06,3.9669859149467314e-07,0.00048149445709564395,1.2219076020491008e-06,0.0002154336363883092,0.0008876146323004368,1.2731104162213555e-05,0.0006069710175518718,1.1959857805023158e-05,7.0311842669149565e-06,4.222833444659923e-07,3.9669859149467314e-07,0.0002154336363883092,1.2219076020491008e-06,0.00048149445709564395,1.2731104162213555e-05,1.1959857805023158e-05
221,1,son,,False,6.986756664856784e-05,9.610241549947397e-06,2.586743108135441e-06,5.173918770225734e-07,3.535625074174432e-06,1.8342893327886845e-06,0.0005508486703291923,2.3923509443082866e-06,0.00024709381223434357,4.108485376346404e-05,4.757645425657629e-06,0.001164357419641046,2.3782205064034188e-05,9.610241549947397e-06,5.173918770225734e-07,1.8342893327886845e-06,0.00024709381223434357,2.3923509443082866e-06,0.0005508486703291923,4.757645425657629e-06,2.3782205064034188e-05
221,2,son,,False,3.682979260160596e-05,4.264746818557914e-06,2.01456908529364e-06,2.4824800371656586e-07,3.0718185454758057e-06,5.594337713435001e-07,0.0005141847064779864,2.586743108135441e-06,0.00021849741587309833,0.0007129746438779075,6.986756664856784e-05,0.0005175603499223236,2.0988308820313112e-05,4.264746818557914e-06,2.4824800371656586e-07,5.594337713435001e-07,0.00021849741587309833,2.586743108135441e-06,0.0005141847064779864,6.986756664856784e-05,2.0988308820313112e-05
222,0,child,,False,6.667023092435894e-05,6.709224499600877e-06,3.6478537675800286e-06,5.255395707074638e-07,2.840974294610978e-06,9.516251694168764e-07,0.0004972673231464611,1.5446309562386385e-06,0.000223597696961234,0.02023244423294625,0.0004681822524333738,0.0005166197289884592,1.3982207564732913e-05,6.709224499600877e-06,5.255395707074638e-07,9.516251694168764e-07,0.000223597696961234,1.5446309562386385e-06,0.0004972673231464611,0.0004681822524333738,1.3982207564732913e-05
222,1,child,,False,0.0049500887215043286,2.0988308820313112e-05,4.006369222920725e-06,5.594337713435001e-07,1.4738981974494932e-06,6.540437226933637e-07,0.000499852431416165,1.5446309562386385e-06,0.00022989918422083383,4.044814978420809e-05,3.8831109868779005e-06,0.010123047268862772,1.535623976496012e-05,2.0988308820313112e-05,5.594337713435001e-07,6.540437226933637e-07,0.00022989918422083383,1.5446309562386385e-06,0.000499852431416165,3.8831109868779005e-06,1.535623976496012e-05
222,2,child,,False,6.263341581094202e-05,1.141223854434603e-05,4.069457790466838e-06,7.889262586245034e-07,4.683888424952456e-06,2.4300240743279605e-06,0.00471389003078428,2.4300240743279605e-06,0.00024219202876817753,0.019801724152056405,0.00030515101629349155,0.0012048615892203932,2.5315637215092633e-05,1.141223854434603e-05,7.889262586245034e-07,2.4300240743279605e-06,0.00024219202876817753,2.4300240743279605e-06,0.00471389003078428,0.00030515101629349155,2.5315637215092633e-05
223,0,daughter,,False,8.295891883591029e-05,8.888084683809127e-06,6.014151777699533e-06,6.748051590048605e-07,2.88571183887091e-06,8.398072034951531e-07,0.0005798594606797912,1.9223170236538178e-06,0.00024709381223434357,0.019654925031931895,0.000564190850002335,0.0005194862076891146,2.453694805426225e-05,8.888084683809127e-06,6.748051590048605e-07,8.398072034951531e-07,0.00024709381223434357,1.9223170236538178e-06,0.0005798594606797912,0.000564190850002335,2.453694805426225e-05
223,1,daughter,,False,5.7031570707833595e-05,5.307507822667365e-06,3.7636447180974406e-06,3.288749065460498e-07,2.4682904407607285e-06,5.955139348629957e-07,0.0005604548101885984,2.01456908529364e-06,0.00024050606249465076,0.010267683829227305,0.00028449096649795007,0.0005005862322300009,1.8522574326531083e-05,5.307507822667365e-06,3.288749065460498e-07,5.955139348629957e-07,0.00024050606249465076,2.01456908529364e-06,0.0005604548101885984,0.00028449096649795007,1.8522574326531083e-05
223,2,daughter,,False,5.8840881855693875e-05,6.014151777699533e-06,4.683888424952456e-06,4.222833444659923e-07,7.602479448313689e-06,1.6442494559854523e-06,0.00046119806894731965,9.223470110117277e-07,4.908661889889002e-06,6.46203290719727e-05,2.6119031909571944e-05,0.0005360157526065469,1.7400543552708932e-05,6.014151777699533e-06,4.222833444659923e-07,1.6442494559854523e-06,4.908661889889002e-06,9.223470110117277e-07,0.00046119806894731965,2.6119031909571944e-05,1.7400543552708932e-05
224,0,son,,False,4.7285443452031076e-05,6.605214485464791e-06,1.7778551863194697e-06,4.936988949458183e-07,2.2474089854291757e-06,5.77192003016332e-07,0.0004880261759260436,1.3007128466476034e-06,0.00022388481049310266,0.00014779429802159512,4.8785712278226595e-05,0.0005214731209501454,1.2731104162213555e-05,6.605214485464791e-06,4.936988949458183e-07,5.77192003016332e-07,0.00022388481049310266,1.3007128466476034e-06,0.0004880261759260436,4.8785712278226595e-05,1.2731104162213555e-05
224,1,son,,True,0.0007134099812571142,0.0007904091417418079,8.888084683809127e-06,3.2192334497037803e-06,1.535623976496012e-05,1.2931563954607948e-05,0.004764350475389467,0.00021348633304871885,0.00024775071036594654,0.0007783738571119147,1.9110431587777674e-05,0.42204544013523243,0.04998417425350192,0.0007904091417418079,3.2192334497037803e-06,1.2931563954607948e-05,0.00024775071036594654,0.00021348633304871885,0.004764350475389467,1.9110431587777674e-05,0.04998417425350192
224,2,son,,False,5.0333557545281144e-05,4.264746818557914e-06,2.5466403947055455e-06,3.288749065460498e-07,1.1125607488784412e-06,5.77192003016332e-07,0.0005219131437281912,1.5206840370677115e-06,0.00022388481049310266,0.0009118021484241878,3.250358452365473e-05,0.0005096006331304874,9.314593042575101e-06,4.264746818557914e-06,3.288749065460498e-07,5.77192003016332e-07,0.00022388481049310266,1.5206840370677115e-06,0.0005219131437281912,3.250358452365473e-05,9.314593042575101e-06
225,0,child,,True,0.0007134099812571142,0.0008170737249001611,9.170196905195049e-06,3.120191139396651e-06,1.4202364022997911e-05,1.3135179706526775e-05,0.004812490324563011,0.00021545223432805976,0.0002464470899300356,0.0007661644959617213,1.941131867789626e-05,0.4276292162188967,0.01619664477105296,0.0008170737249001611,3.120191139396651e-06,1.3135179706526775e-05,0.0002464470899300356,0.00021545223432805976,0.004812490324563011,1.941131867789626e-05,0.01619664477105296
225,1,child,,False,0.0005765709440160247,3.1015598671268335e-05,8.888084683809127e-06,1.1300808333434096e-06,3.6478537675800286e-06,1.7778551863194697e-06,0.004742129689667926,2.7535691114583474e-06,0.0002344992422345146,0.00015487610942879803,1.7674513810355872e-05,0.11663268740235962,0.005460191584432258,3.1015598671268335e-05,1.1300808333434096e-06,1.7778551863194697e-06,0.0002344992422345146,2.7535691114583474e-06,0.004742129689667926,1.7674513810355872e-05,0.005460191584432258
225,2,child,,False,6.667023092435894e-05,3.2192334497037803e-06,2.4682904407607285e-06,1.7603432133424857e-07,2.1112482331487175e-06,4.936988949458183e-07,0.00047787234516711696,1.0616134237448653e-06,0.00021239342043348654,7.554056327295277e-05,8.220189478350845e-06,0.0004948512433533591,6.014151777699533e-06,3.2192334497037803e-06,1.7603432133424857e-07,4.936988949458183e-07,0.00021239342043348654,1.0616134237448653e-06,0.00047787234516711696,8.220189478350845e-06,6.014151777699533e-06
226,0,daughter,,False,0.0005578016147538543,2.199533724320648e-05,3.6478537675800286e-06,8.139692624947503e-07,2.01456908529364e-06,5.422218970016178e-07,0.0005050792393572377,6.540437226933637e-07,0.00022120585807682417,0.020123091547173705,0.0006797531550373377,0.000597888641539975,1.6346470245419304e-05,2.199533724320648e-05,8.139692624947503e-07,5.422218970016178e-07,0.00022120585807682417,6.540437226933637e-07,0.0005050792393572377,0.0006797531550373377,1.6346470245419304e-05
226,1,daughter,,False,6.070755804415097e-05,1.3765463368900109e-05,2.840974294610978e-06,8.139692624947503e-07,6.10885510164857e-06,1.7778551863194697e-06,0.004739023770722177,2.5466403947055455e-06,0.00027744603875469264,0.0029056745866044694,0.0002115703400593114,0.0012158119156463016,2.0988308820313112e-05,1.3765463368900109e-05,8.139692624947503e-07,1.7778551863194697e-06,0.00027744603875469264,2.5466403947055455e-06,0.004739023770722177,0.0002115703400593114,2.0988308820313112e-05
226,2,daughter,,False,3.514382632807918e-05,5.144221374220898e-06,3.4268490542555014e-06,2.994440981371515e-07,1.670142184809518e-06,3.9669859149467314e-07,0.0004959548957933152,1.3420013504783412e-06,0.00021527750928249177,0.019564213543644616,0.0005260852257235712,0.0005130006664921807,1.488384825728813e-05,5.144221374220898e-06,2.994440981371515e-07,3.9669859149467314e-07,0.00021527750928249177,1.3420013504783412e-06,0.0004959548957933152,0.0005260852257235712,1.488384825728813e-05
227,0,son,,False,0.0006482122129075596,0.0007499928075102617,7.602479448313689e-06,1.4510478554719287e-06,1.609308249869283e-05,4.908661889889002e-06,0.0958823150509917,0.0002780873928474103,0.008216652245640145,0.0007433895060961777,1.8235460794662427e-05,0.023009029163182326,0.001599204731769433,0.0007499928075102617,1.4510478554719287e-06,4.908661889889002e-06,0.008216652245640145,0.0002780873928474103,0.0958823150509917,1.8235460794662427e-05,0.001599204731769433
227,1,son,,False,0.000581111582566612,2.305067219931397e-05,1.0071400221737608e-05,1.3007128466476034e-06,8.61465062380632e-06,5.307507822667365e-06,0.0005779017997717302,1.5689549727726036e-06,0.00022770387218484876,0.01038347373249708,0.00012255674483830522,0.022978794291859707,7.096703991005882e-05,2.305067219931397e-05,1.3007128466476034e-06,5.307507822667365e-06,0.00022770387218484876,1.5689549727726036e-06,0.0005779017997717302,0.00012255674483830522,7.096703991005882e-05
227,2,son,,False,5.4421326243255744e-05,2.212566909570261e-06,2.6688529572628562e-06,2.4824800371656586e-07,9.223470110117277e-07,4.495181578513688e-07,0.0004556682925965673,4.78509449489012e-07,2.710880136557205e-06,6.263341581094202e-05,1.2148175280558357e-05,0.0004942623523511968,1.0889691002655445e-05,2.212566909570261e-06,2.4824800371656586e-07,4.495181578513688e-07,2.710880136557205e-06,4.78509449489012e-07,0.0004556682925965673,1.2148175280558357e-05,1.0889691002655445e-05
228,0,child,,True,0.005251521176895636,0.0009215994816258243,1.7400543552708932e-05,1.3342001090985438e-05,2.199533724320648e-05,1.9110431587777674e-05,0.0005977805771146261,0.00021212635591789767,0.00024277179663959579,0.01966665560720298,9.850082967450695e-05,0.35951052709578724,0.005532846447942132,0.0009215994816258243,1.3342001090985438e-05,1.9110431587777674e-05,0.00024277179663959579,0.00021212635591789767,0.0005977805771146261,9.850082967450695e-05,0.005532846447942132
228,1,child,,False,6.667023092435894e-05,8.61465062380632e-06,3.822911232549001e-06,7.411279871974134e-07,5.391084403253366e-06,2.1444948420913954e-06,0.0005954242864922365,4.832563818725537e-06,0.00024277179663959579,0.002809879477103823,2.7803096387751555e-05,0.001154358460870045,3.569706350376584e-05,8.61465062380632e-06,7.411279871974134e-07,2.1444948420913954e-06,0.00024277179663959579,4.832563818725537e-06,0.0005954242864922365,2.7803096387751555e-05,3.569706350376584e-05
228,2,child,,False,5.8840881855693875e-05,1.2339457598623173e-05,4.908661889889002e-06,7.411279871974134e-07,3.2699273422345685e-06,1.0451548051737735e-06,0.0005197481018433826,1.4510478554719287e-06,0.00022417644371706703,0.019976509190057674,0.00029121782831143336,0.0005852836038915696,2.1654404989510328e-05,1.2339457598623173e-05,7.411279871974134e-07,1.0451548051737735e-06,0.00022417644371706703,1.4510478554719287e-06,0.0005197481018433826,0.00029121782831143336,2.1654404989510328e-05
229,0,daughter,,False,2.913700606794303e-05,2.6688529572628562e-06,2.710880136557205e-06,1.7061832388634166e-07,1.0451548051737735e-06,2.8130174840733105e-07,0.0005647944964577889,1.6187581436151335e-06,0.00024709381223434357,0.00010817152527255935,4.238847419937498e-05,0.0004948512433533591,7.722191834067996e-06,2.6688529572628562e-06,1.7061832388634166e-07,2.8130174840733105e-07,0.00024709381223434357,1.6187581436151335e-06,0.0005647944964577889,4.238847419937498e-05,7.722191834067996e-06
229,1,daughter,,False,8.969393236719384e-05,4.400118457925303e-06,4.98595821272702e-06,2.561282210758673e-07,1.0451548051737735e-06,3.3931448129766124e-07,0.000559000652995595,2.840974294610978e-06,0.00025729272261606426,0.0007470393220393539,0.00014325365947100792,0.0004806349969422068,1.9110431587777674e-05,4.400118457925303e-06,2.561282210758673e-07,3.3931448129766124e-07,0.00025729272261606426,2.840974294610978e-06,0.000559000652995595,0.00014325365947100792,1.9110431587777674e-05
229,2,daughter,,False,5.112579049909173e-05,1.177445922838707e-05,3.8831109868779005e-06,1.0129990980873922e-06,7.602479448313689e-06,2.1444948420913954e-06,0.0005737956133417188,1.5936620247162786e-06,0.00023495794751787928,0.020123091547173705,0.0006538824977235005,0.0005957051194471736,4.512106237781923e-05,1.177445922838707e-05,1.0129990980873922e-06,2.1444948420913954e-06,0.00023495794751787928,1.5936620247162786e-06,0.0005737956133417188,0.0006538824977235005,4.512106237781923e-05
230,0,son,,True,0.005695048494260131,0.0010614134567965062,3.1999824407395835e-05,1.3765463368900109e-05,4.512106237781923e-05,3.9821309061635425e-05,0.0005294782590340275,0.00021348633304871885,0.00023837750867635168,0.010282364805175475,0.00027149854690051767,0.35306163741765606,0.0023864626039328788,0.0010614134567965062,1.3765463368900109e-05,3.9821309061635425e-05,0.00023837750867635168,0.00021348633304871885,0.0005294782590340275,0.00027149854690051767,0.0023864626039328788
230,1,son,,False,6.263341581094202e-05,8.888084683809127e-06,2.01456908529364e-06,4.356879983467376e-07,2.0785170435063726e-06,5.422218970016178e-07,0.0004934130379598841,1.0451548051737735e-06,0.00021497247771651897,0.010359240122396841,0.00035380860570885373,0.0005175603499223236,2.3782205064034188e-05,8.888084683809127e-06,4.356879983467376e-07,5.422218970016178e-07,0.00021497247771651897,1.0451548051737735e-06,0.0004934130379598841,0.00035380860570885373,2.3782205064034188e-05
230,2,son,,False,1.442598644847886e-05,8.664653147910923e-07,1.3420013504783412e-06,7.81148330637258e-08,5.422218970016178e-07,1.5057017254045334e-07,1.5000566214994787e-05,3.9669859149467314e-07,4.908661889889002e-06,0.000138852327569001,6.986756664856784e-05,3.7636447180974406e-06,2.586743108135441e-06,8.664653147910923e-07,7.81148330637258e-08,1.5057017254045334e-07,4.908661889889002e-06,3.9669859149467314e-07,1.5000566214994787e-05,6.986756664856784e-05,2.586743108135441e-06
231,0,child,,False,0.0005788235783983012,2.0988308820313112e-05,4.683888424952456e-06,9.223470110117277e-07,1.2148175280558357e-05,3.321419494792514e-06,0.0005336010590884599,4.61127481426412e-06,0.0002519149280417731,0.0007470393220393539,6.070755804415097e-05,0.0011893649972316742,2.737216731838081e-05,2.0988308820313112e-05,9.223470110117277e-07,3.321419494792514e-06,0.0002519149280417731,4.61127481426412e-06,0.0005336010590884599,6.070755804415097e-05,2.737216731838081e-05
231,1,child,,False,2.8240807799315707e-05,2.931153855960119e-06,2.3187477504664324e-06,3.1875652166284776e-07,2.3923509443082866e-06,7.411279871974134e-07,0.000468757999308423,9.818326983657703e-07,0.0002137118639848327,0.0001064962672055945,2.868540823874629e-05,0.0005087832783276653,1.0554685795431098e-05,2.931153855960119e-06,3.1875652166284776e-07,7.411279871974134e-07,0.0002137118639848327,9.818326983657703e-07,0.000468757999308423,2.868540823874629e-05,1.0554685795431098e-05
231,2,child,,False,0.0006692833527513213,0.0008080161796598314,8.750299760661308e-06,2.4682904407607285e-06,4.373344035182828e-05,2.8240807799315707e-05,0.04109518722145794,0.00024764900340771466,0.004462194896201113,0.00016229670614688406,3.150386940813393e-05,0.11651870310316918,0.005526262505870592,0.0008080161796598314,2.4682904407607285e-06,2.8240807799315707e-05,0.004462194896201113,0.00024764900340771466,0.04109518722145794,3.150386940813393e-05,0.005526262505870592
232,0,daughter,,False,0.00010322310367548195,1.5598027633743823e-05,6.814872211615988e-06,8.939696304799168e-07,4.908661889889002e-06,1.8342893327886845e-06,0.0005214086368405433,3.822911232549001e-06,0.00023589712937775753,0.06504715744012987,0.022344589456232807,0.0005479579113182372,2.0988308820313112e-05,1.5598027633743823e-05,8.939696304799168e-07,1.8342893327886845e-06,0.00023589712937775753,3.822911232549001e-06,0.0005214086368405433,0.022344589456232807,2.0988308820313112e-05
232,1,daughter,,False,9.547317110805593e-05,2.199533724320648e-05,4.400118457925303e-06,1.0783312222985275e-06,3.169325442919291e-06,1.1843139025979655e-06,0.0005267669413890896,2.840974294610978e-06,0.00022989918422083383,0.09916145448156378,0.0018475594209544572,0.0005957051194471736,2.868540823874629e-05,2.199533724320648e-05,1.0783312222985275e-06,1.1843139025979655e-06,0.00022989918422083383,2.840974294610978e-06,0.0005267669413890896,0.0018475594209544572,2.868540823874629e-05
232,2,daughter,,False,6.263341581094202e-05,2.1654404989510328e-05,3.2192334497037803e-06,1.3420013504783412e-06,1.0391067562761452e-05,2.1444948420913954e-06,0.0005679861126890581,1.9833367060283617e-06,0.00022477355484446784,0.020673151298573715,0.0006289902136892483,0.010143804341987866,4.512106237781923e-05,2.1654404989510328e-05,1.3420013504783412e-06,2.1444948420913954e-06,0.00022477355484446784,1.9833367060283617e-06,0.0005679861126890581,0.0006289902136892483,4.512106237781923e-05
233,0,son,,False,6.070755804415097e-05,3.7636447180974406e-06,3.4268490542555014e-06,2.6425858208426533e-07,1.3420013504783412e-06,3.6119830612765795e-07,0.0004676088989121183,5.955139348629957e-07,0.0002154336363883092,0.0008760719569540332,0.00014550629385328434,0.0004925498553819385,1.0554685795431098e-05,3.7636447180974406e-06,2.6425858208426533e-07,3.6119830612765795e-07,0.0002154336363883092,5.955139348629957e-07,0.0004676088989121183,0.00014550629385328434,1.0554685795431098e-05
233,1,son,,False,0.0006656335368081451,4.512106237781923e-05,1.0889691002655445e-05,2.4300240743279605e-06,7.14190139989638e-06,3.4268490542555014e-06,0.0005428145022587049,3.120191139396651e-06,0.00022096026380031539,0.09786249444849936,0.00162774609127135,0.01627622808990259,0.0015845785025633825,4.512106237781923e-05,2.4300240743279605e-06,3.4268490542555014e-06,0.00022096026380031539,3.120191139396651e-06,0.0005428145022587049,0.00162774609127135,0.0015845785025633825
233,2,son,,False,0.0001048469267161009,1.6346470245419304e-05,5.307507822667365e-06,5.77192003016332e-07,5.391084403253366e-06,1.3420013504783412e-06,0.01022096731435023,0.0002150452538166087,0.0003378644778878877,0.0008435169429986132,9.399438806628559e-05,0.0005935553564438082,1.6865275398914433e-05,1.6346470245419304e-05,5.77192003016332e-07,1.3420013504783412e-06,0.0003378644778878877,0.0002150452538166087,0.01022096731435023,9.399438806628559e-05,1.6865275398914433e-05
234,0,child,,True,0.0008098586630124042,0.0008310007938052315,1.1959857805023158e-05,6.709224499600877e-06,2.0988308820313112e-05,1.3982207564732913e-05,0.004753832851822126,0.00021632571570449015,0.00025491583092292664,0.0008817985412716716,0.00011335690050875118,0.42204544013523243,0.05032591826109514,0.0008310007938052315,6.709224499600877e-06,1.3982207564732913e-05,0.00025491583092292664,0.00021632571570449015,0.004753832851822126,0.00011335690050875118,0.05032591826109514
234,1,child,,False,9.850082967450695e-05,1.15919343186331e-05,6.40200641038395e-06,6.144174602214718e-07,2.840974294610978e-06,8.398072034951531e-07,0.0004711809344715078,1.1478768127080353e-06,0.00021196745065203636,0.0028428458272168377,4.655269187520153e-05,0.0005224900751216392,8.750299760661308e-06,1.15919343186331e-05,6.144174602214718e-07,8.398072034951531e-07,0.00021196745065203636,1.1478768127080353e-06,0.0004711809344715078,4.655269187520153e-05,8.750299760661308e-06
234,2,child,,False,3.353501304664781e-05,7.722191834067996e-06,2.4300240743279605e-06,5.422218970016178e-07,2.0785170435063726e-06,5.594337713435001e-07,0.000496191429011893,1.1125607488784412e-06,0.0002207184759315317,0.020004950993808408,0.0007999754508377908,0.0005584771959849743,1.7400543552708932e-05,7.722191834067996e-06,5.422218970016178e-07,5.594337713435001e-07,0.0002207184759315317,1.1125607488784412e-06,0.000496191429011893,0.0007999754508377908,1.7400543552708932e-05
235,0,daughter,,False,0.0007361007870018547,4.583129006350382e-05,3.4062932773341e-05,3.4268490542555014e-06,8.61465062380632e-06,3.944258675190877e-06,0.00473928121673577,0.00021337902185586662,0.0002410592996703374,0.03751153307372528,0.002368947129937443,0.010270293258459857,0.0016120876359939614,4.583129006350382e-05,3.4268490542555014e-06,3.944258675190877e-06,0.0002410592996703374,0.00021337902185586662,0.00473928121673577,0.002368947129937443,0.0016120876359939614
235,1,daughter,,False,4.238847419937498e-05,5.829126566113866e-06,2.931153855960119e-06,3.1875652166284776e-07,2.3187477504664324e-06,7.411279871974134e-07,0.0005168395244728861,1.3420013504783412e-06,0.00022096026380031539,0.010495150670035765,0.0003794834220043924,0.0004909157246515137,1.3135179706526775e-05,5.829126566113866e-06,3.1875652166284776e-07,7.411279871974134e-07,0.00022096026380031539,1.3420013504783412e-06,0.0005168395244728861,0.0003794834220043924,1.3135179706526775e-05
235,2,daughter,,False,2.1654404989510328e-05,3.120191139396651e-06,1.9525885208642222e-06,1.8738753836511972e-07,1.6187581436151335e-06,4.222833444659923e-07,0.0005048081008243912,1.1659530314852966e-06,0.0002207184759315317,0.01022496774572234,0.00022872276058698749,1.1235328063870752e-05,7.484622751061123e-06,3.120191139396651e-06,1.8738753836511972e-07,4.222833444659923e-07,0.0002207184759315317,1.1659530314852966e-06,0.0005048081008243912,0.00022872276058698749,7.484622751061123e-06
236,0,son,,False,5.8840881855693875e-05,5.307507822667365e-06,1.6964426510543331e-06,2.994440981371515e-07,1.0783312222985275e-06,3.3931448129766124e-07,0.004658516475309638,1.4971083692627422e-06,0.0002363778348378399,0.0007067749478525128,4.108485376346404e-05,0.0005600758955536546,1.6346470245419304e-05,5.307507822667365e-06,2.994440981371515e-07,3.3931448129766124e-07,0.0002363778348378399,1.4971083692627422e-06,0.004658516475309638,4.108485376346404e-05,1.6346470245419304e-05
236,1,son,,False,2.8240807799315707e-05,5.649793328376294e-06,3.7636447180974406e-06,4.356879983467376e-07,3.373722476473661e-06,1.0129990980873922e-06,0.004661040363741115,2.5071593847983196e-06,0.0002763292760766304,0.0030654830851861575,0.0003172682842485189,0.0005019738542559919,1.3135179706526775e-05,5.649793328376294e-06,4.356879983467376e-07,1.0129990980873922e-06,0.0002763292760766304,2.5071593847983196e-06,0.004661040363741115,0.0003172682842485189,1.3135179706526775e-05
236,2,son,,False,3.459916031782155e-05,2.6688529572628562e-06,1.7778551863194697e-06,1.370957206857845e-07,1.8631746484712008e-06,4.356879983467376e-07,0.00046901888401438977,1.4285517650093407e-06,0.00021625192716922701,9.110511944006454e-05,3.8596609058077356e-05,1.141223854434603e-05,5.144221374220898e-06,2.6688529572628562e-06,1.370957206857845e-07,4.356879983467376e-07,0.00021625192716922701,1.4285517650093407e-06,0.00046901888401438977,3.8596609058077356e-05,5.144221374220898e-06
237,0,child,,False,3.459916031782155e-05,6.814872211615988e-06,2.4300240743279605e-06,6.540437226933637e-07,8.750299760661308e-06,1.8342893327886845e-06,0.0005262341275392092,1.7778551863194697e-06,0.00022989918422083383,0.020004950993808408,0.0006797531550373377,0.0005166197289884592,2.1654404989510328e-05,6.814872211615988e-06,6.540437226933637e-07,1.8342893327886845e-06,0.00022989918422083383,1.7778551863194697e-06,0.0005262341275392092,0.0006797531550373377,2.1654404989510328e-05
237,1,child,,False,3.625900662832244e-05,6.709224499600877e-06,3.944258675190877e-06,4.356879983467376e-07,2.6688529572628562e-06,6.144174602214718e-07,0.0005283842085654113,2.710880136557205e-06,0.00022914444123060576,0.01048616105282962,0.0003483424193080668,0.0005300709180442588,1.442598644847886e-05,6.709224499600877e-06,4.356879983467376e-07,6.144174602214718e-07,0.00022914444123060576,2.710880136557205e-06,0.0005283842085654113,0.0003483424193080668,1.442598644847886e-05
237,2,child,,False,4.238847419937498e-05,3.7636447180974406e-06,2.7535691114583474e-06,2.994440981371515e-07,2.0462932829931794e-06,8.139692624947503e-07,0.00048149445709564395,1.2219076020491008e-06,3.8831109868779005e-06,0.0008000313556104121,1.2931563954607948e-05,0.0005633490590837672,2.571419797957771e-05,3.7636447180974406e-06,2.994440981371515e-07,8.139692624947503e-07,3.8831109868779005e-06,1.2219076020491008e-06,0.00048149445709564395,1.2931563954607948e-05,2.571419797957771e-05
238,0,daughter,,False,8.040859356292355e-05,1.0391067562761452e-05,5.391084403253366e-06,7.411279871974134e-07,3.2699273422345685e-06,1.0783312222985275e-06,0.0005173172258099599,1.670142184809518e-06,0.0002306778733816642,0.019866929726500317,0.0003945406806602023,0.0005600758955536546,2.7803096387751555e-05,1.0391067562761452e-05,7.411279871974134e-07,1.0783312222985275e-06,0.0002306778733816642,1.670142184809518e-06,0.0005173172258099599,0.0003945406806602023,2.7803096387751555e-05
238,1,daughter,,False,3.0061635882429376e-05,7.2543618230189156e-06,2.5071593847983196e-06,3.1875652166284776e-07,2.627477314480822e-06,5.255395707074638e-07,0.004696692466655518,2.3923509443082866e-06,0.00023996139648439313,0.002786458937919142,0.00016229670614688406,0.0005079785823772643,1.535623976496012e-05,7.2543618230189156e-06,3.1875652166284776e-07,5.255395707074638e-07,0.00023996139648439313,2.3923509443082866e-06,0.004696692466655518,0.00016229670614688406,1.535623976496012e-05
238,2,daughter,,False,3.150386940813393e-05,7.602479448313689e-06,3.2192334497037803e-06,4.78509449489012e-07,5.225226840386988e-06,1.3420013504783412e-06,0.0005594834845592887,3.4808121961114687e-06,0.00024219202876817753,0.020615836170692067,0.0008985428752560174,0.0004936825844797785,2.0342697805520655e-05,7.602479448313689e-06,4.78509449489012e-07,1.3420013504783412e-06,0.00024219202876817753,3.4808121961114687e-06,0.0005594834845592887,0.0008985428752560174,2.0342697805520655e-05
239,0,son,,False,4.108485376346404e-05,6.814872211615988e-06,3.0718185454758057e-06,4.6378732973537256e-07,3.822911232549001e-06,1.2219076020491008e-06,0.000544502871111018,3.7636447180974406e-06,0.00024050606249465076,0.0008540336462424981,0.00011879054941163418,0.0004925498553819385,7.0311842669149565e-06,6.814872211615988e-06,4.6378732973537256e-07,1.2219076020491008e-06,0.00024050606249465076,3.7636447180974406e-06,0.000544502871111018,0.00011879054941163418,7.0311842669149565e-06
239,1,son,,False,7.67292412858718e-05,7.2543618230189156e-06,3.7636447180974406e-06,3.726639284186561e-07,4.331903899346328e-06,7.889262586245034e-07,0.0005184427898036522,1.4285517650093407e-06,0.00022417644371706703,0.0009309527809802363,0.00010987310729246431,0.0005235230228025316,2.453694805426225e-05,7.2543618230189156e-06,3.726639284186561e-07,7.889262586245034e-07,0.00022417644371706703,1.4285517650093407e-06,0.0005184427898036522,0.00010987310729246431,2.453694805426225e-05
239,2,son,,False,5.27478412523148e-05,8.61465062380632e-06,6.014151777699533e-06,7.411279871974134e-07,2.97731143841062e-06,1.3420013504783412e-06,0.0005271238858212198,1.8342893327886845e-06,0.00022841290836588554,0.019840551876477083,0.0005426943348925353,0.0006046470898997678,3.514382632807918e-05,8.61465062380632e-06,7.411279871974134e-07,1.3420013504783412e-06,0.00022841290836588554,1.8342893327886845e-06,0.0005271238858212198,0.0005426943348925353,3.514382632807918e-05
240,0,child,,False,5.7031570707833595e-05,1.3135179706526775e-05,3.535625074174432e-06,5.422218970016178e-07,2.5071593847983196e-06,1.2219076020491008e-06,0.0005515258334857348,1.7502925788778209e-06,0.000223597696961234,0.00014550629385328434,2.2693385749600554e-05,0.016160169062700146,0.0015892277098919255,1.3135179706526775e-05,5.422218970016178e-07,1.2219076020491008e-06,0.000223597696961234,1.7502925788778209e-06,0.0005515258334857348,2.2693385749600554e-05,0.0015892277098919255
240,1,child,,False,0.0008011681774325891,2.913700606794303e-05,5.649793328376294e-06,7.411279871974134e-07,2.4300240743279605e-06,9.516251694168764e-07,0.0005566145160189753,3.4808121961114687e-06,0.000249784072058715,9.850082967450695e-05,6.302758756443267e-06,0.0013060039544166998,1.3982207564732913e-05,2.913700606794303e-05,7.411279871974134e-07,9.516251694168764e-07,0.000249784072058715,3.4808121961114687e-06,0.0005566145160189753,6.302758756443267e-06,1.3982207564732913e-05
240,2,child,,False,5.527786369235996e-05,4.264746818557914e-06,3.024195853395102e-06,2.9023119852110973e-07,1.6187581436151335e-06,6.339210403977636e-07,0.0005166809106791167,7.411279871974134e-07,0.00022570493397209223,0.002722381836565666,5.792916699214217e-05,0.0004999085000106341,1.488384825728813e-05,4.264746818557914e-06,2.9023119852110973e-07,6.339210403977636e-07,0.00022570493397209223,7.411279871974134e-07,0.0005166809106791167,5.792916699214217e-05,1.488384825728813e-05
241,0,daughter,,True,0.0007871258902538706,0.000853725970210422,1.15919343186331e-05,6.922183404468203e-06,1.4653129390717958e-05,1.4202364022997911e-05,0.004675944920571677,4.1335397768930325e-06,0.00022841290836588554,0.01040826973575264,0.00045384317247953825,0.5110221557762062,0.04998417425350192,0.000853725970210422,6.922183404468203e-06,1.4202364022997911e-05,0.00022841290836588554,4.1335397768930325e-06,0.004675944920571677,0.00045384317247953825,0.04998417425350192
241,1,daughter,,False,5.193048644949271e-05,9.761566060239504e-06,4.006369222920725e-06,5.77192003016332e-07,3.6478537675800286e-06,1.3007128466476034e-06,0.0005135727299760099,1.8631746484712008e-06,0.00022841290836588554,0.0648082021865704,0.0023870834952430912,0.0004966741009398081,2.0342697805520655e-05,9.761566060239504e-06,5.77192003016332e-07,1.3007128466476034e-06,0.00022841290836588554,1.8631746484712008e-06,0.0005135727299760099,0.0023870834952430912,2.0342697805520655e-05
241,2,daughter,,False,5.7031570707833595e-05,9.314593042575101e-06,3.7636447180974406e-06,6.339210403977636e-07,3.373722476473661e-06,9.818326983657703e-07,0.0005355343110587409,1.3846004563753396e-06,0.00022170870641199087,0.037710205824884886,0.0007176881945656949,0.001154358460870045,5.112579049909173e-05,9.314593042575101e-06,6.339210403977636e-07,9.818326983657703e-07,0.00022170870641199087,1.3846004563753396e-06,0.0005355343110587409,0.0007176881945656949,5.112579049909173e-05
242,0,son,,False,9.850082967450695e-05,2.868540823874629e-05,6.014151777699533e-06,1.3846004563753396e-06,7.484622751061123e-06,3.822911232549001e-06,0.0005580406158060472,2.840974294610978e-06,0.00022447266775434924,0.0027714383583302433,0.00018386652876885775,0.016102303579181083,6.263341581094202e-05,2.868540823874629e-05,1.3846004563753396e-06,3.822911232549001e-06,0.00022447266775434924,2.840974294610978e-06,0.0005580406158060472,0.00018386652876885775,6.263341581094202e-05
242,1,son,,False,0.0006620400451320043,3.150386940813393e-05,1.1235328063870752e-05,1.5206840370677115e-06,5.738759521437678e-06,3.321419494792514e-06,0.0005832781689893371,0.0002120401266247001,0.0002564880266656633,0.0028962779470040876,0.00019570169401946335,0.0012958875223580482,3.8596609058077356e-05,3.150386940813393e-05,1.5206840370677115e-06,3.321419494792514e-06,0.0002564880266656633,0.0002120401266247001,0.0005832781689893371,0.00019570169401946335,3.8596609058077356e-05
242,2,son,,False,0.00507243098981704,2.2693385749600554e-05,8.220189478350845e-06,5.422218970016178e-07,1.4285517650093407e-06,5.422218970016178e-07,0.000498117286778684,1.6187581436151335e-06,0.00022668099229563676,0.00017274586267297022,2.6119031909571944e-05,0.0013138000668073558,1.6865275398914433e-05,2.2693385749600554e-05,5.422218970016178e-07,5.422218970016178e-07,0.00022668099229563676,1.6187581436151335e-06,0.000498117286778684,2.6119031909571944e-05,1.6865275398914433e-05
243,0,child,,False,4.044814978420809e-05,4.98595821272702e-06,4.832563818725537e-06,6.540437226933637e-07,1.8058518261159955e-06,7.411279871974134e-07,0.0005054879354350698,1.5206840370677115e-06,0.00021978822261505042,0.019564213543644616,0.00037072528743862214,0.0005278198317882314,1.8522574326531083e-05,4.98595821272702e-06,6.540437226933637e-07,7.411279871974134e-07,0.00021978822261505042,1.5206840370677115e-06,0.0005054879354350698,0.00037072528743862214,1.8522574326531083e-05
243,1,child,,False,4.583129006350382e-05,7.2543618230189156e-06,5.475976980449466e-06,8.398072034951531e-07,2.6688529572628562e-06,1.3420013504783412e-06,0.0004934130379598841,1.4510478554719287e-06,0.0002270166411560819,0.01040826973575264,0.0003824483644637211,0.0005451573766566274,1.1959857805023158e-05,7.2543618230189156e-06,8.398072034951531e-07,1.3420013504783412e-06,0.0002270166411560819,1.4510478554719287e-06,0.0004934130379598841,0.0003824483644637211,1.1959857805023158e-05
243,2,child,,False,4.583129006350382e-05,8.220189478350845e-06,3.2699273422345685e-06,3.1875652166284776e-07,2.88571183887091e-06,7.646537350121258e-07,0.005013890950906945,4.069457790466838e-06,0.0003389023180639088,0.002722381836565666,0.00011160142598430911,0.0005278198317882314,2.453694805426225e-05,8.220189478350845e-06,3.1875652166284776e-07,7.646537350121258e-07,0.0003389023180639088,4.069457790466838e-06,0.005013890950906945,0.00011160142598430911,2.453694805426225e-05
244,0,daughter,,False,2.4923252458203565e-05,4.006369222920725e-06,3.6478537675800286e-06,3.726639284186561e-07,2.840974294610978e-06,1.0783312222985275e-06,0.0046565573980340445,1.2219076020491008e-06,0.00024909567651839985,0.010359240122396841,0.00039148236056371676,0.000493111798506495,1.7400543552708932e-05,4.006369222920725e-06,3.726639284186561e-07,1.0783312222985275e-06,0.00024909567651839985,1.2219076020491008e-06,0.0046565573980340445,0.00039148236056371676,1.7400543552708932e-05
244,1,daughter,,False,1.609308249869283e-05,3.024195853395102e-06,1.9525885208642222e-06,2.561282210758673e-07,5.144221374220898e-06,8.398072034951531e-07,0.0005087019971338281,1.2606946239951315e-06,0.00021912769953547168,0.0007007652612809208,0.000138852327569001,0.00047990346407748657,1.1959857805023158e-05,3.024195853395102e-06,2.561282210758673e-07,8.398072034951531e-07,0.00021912769953547168,1.2606946239951315e-06,0.0005087019971338281,0.000138852327569001,1.1959857805023158e-05
244,2,daughter,,False,3.9204178923762816e-05,4.400118457925303e-06,3.4268490542555014e-06,2.4824800371656586e-07,1.5689549727726036e-06,4.356879983467376e-07,0.0004858174285130231,7.527989669055592e-07,0.00021467682920914668,0.0007259681821955923,0.00014550629385328434,0.000510430845712912,2.571419797957771e-05,4.400118457925303e-06,2.4824800371656586e-07,4.356879983467376e-07,0.00021467682920914668,7.527989669055592e-07,0.0004858174285130231,0.00014550629385328434,2.571419797957771e-05
245,0,son,,False,0.000565819526266333,9.314593042575101e-06,2.1444948420913954e-06,2.4824800371656586e-07,1.1478768127080353e-06,3.726639284186561e-07,0.0005042689864732666,1.0783312222985275e-06,0.00023189247385640036,0.00013458604012970922,5.0333557545281144e-05,0.000597888641539975,1.2731104162213555e-05,9.314593042575101e-06,2.4824800371656586e-07,3.726639284186561e-07,0.00023189247385640036,1.0783312222985275e-06,0.0005042689864732666,5.0333557545281144e-05,1.2731104162213555e-05
245,1,son,,False,9.547317110805593e-05,2.2693385749600554e-05,3.4268490542555014e-06,9.516251694168764e-07,2.5071593847983196e-06,1.0783312222985275e-06,0.004801181205809102,2.627477314480822e-06,0.00026329140315871374,0.010327781932783636,0.0003324436891655638,0.001154358460870045,3.9204178923762816e-05,2.2693385749600554e-05,9.516251694168764e-07,1.0783312222985275e-06,0.00026329140315871374,2.627477314480822e-06,0.004801181205809102,0.0003324436891655638,3.9204178923762816e-05
245,2,son,,False,0.0005521078339566511,1.7674513810355872e-05,6.502816785764437e-06,1.1843139025979655e-06,6.302758756443267e-06,1.5206840370677115e-06,0.0005451428268714554,5.307507822667365e-06,0.00023273440348495238,0.020771555435745475,0.00045384317247953825,0.0006069710175518718,2.868540823874629e-05,1.7674513810355872e-05,1.1843139025979655e-06,1.5206840370677115e-06,0.00023273440348495238,5.307507822667365e-06,0.0005451428268714554,0.00045384317247953825,2.868540823874629e-05
246,0,child,,False,0.0005765709440160247,1.3552078562406772e-05,6.014151777699533e-06,8.664653147910923e-07,8.092757566536092e-06,2.212566909570261e-06,0.0004676088989121183,1.3846004563753396e-06,0.00021250413756646795,0.00010987310729246431,1.0889691002655445e-05,0.0005147819588703148,1.1959857805023158e-05,1.3552078562406772e-05,8.664653147910923e-07,2.212566909570261e-06,0.00021250413756646795,1.3846004563753396e-06,0.0004676088989121183,1.0889691002655445e-05,1.1959857805023158e-05
246,1,child,,False,6.878511550552459e-05,6.014151777699533e-06,2.2827997192887966e-06,4.356879983467376e-07,1.3420013504783412e-06,6.540437226933637e-07,0.000511914201923901,1.4064044342149064e-06,0.00022841290836588554,0.0007583355694965269,1.9110431587777674e-05,0.0005138843625860062,5.649793328376294e-06,6.014151777699533e-06,4.356879983467376e-07,6.540437226933637e-07,0.00022841290836588554,1.4064044342149064e-06,0.000511914201923901,1.9110431587777674e-05,5.649793328376294e-06
246,2,child,,False,0.0008403310561346296,0.0007949155833500293,1.3982207564732913e-05,3.7636447180974406e-06,6.605214485464791e-06,3.024195853395102e-06,0.0004934130379598841,2.5466403947055455e-06,0.000218704237257557,0.000782571800733567,4.238847419937498e-05,0.04725585015705573,7.208380258812108e-05,0.0007949155833500293,3.7636447180974406e-06,3.024195853395102e-06,0.000218704237257557,2.5466403947055455e-06,0.0004934130379598841,4.238847419937498e-05,7.208380258812108e-05
247,0,daughter,,False,1.3982207564732913e-05,2.212566909570261e-06,1.4738981974494932e-06,2.1907815825757866e-07,1.5689549727726036e-06,4.6378732973537256e-07,0.0004929624887242293,6.748051590048605e-07,0.00022417644371706703,0.003077507246275801,0.00041987952714718686,2.199533724320648e-05,1.3982207564732913e-05,2.212566909570261e-06,2.1907815825757866e-07,4.6378732973537256e-07,0.00022417644371706703,6.748051590048605e-07,0.0004929624887242293,0.00041987952714718686,1.3982207564732913e-05
247,1,daughter,,False,0.000581111582566612,3.150386940813393e-05,2.4682904407607285e-06,6.540437226933637e-07,7.2543618230189156e-06,2.627477314480822e-06,0.0005594834845592887,0.0002157343465494457,0.00026606979421072254,0.002809879477103823,0.00013458604012970922,0.0005832949863420954,2.6119031909571944e-05,3.150386940813393e-05,6.540437226933637e-07,2.627477314480822e-06,0.00026606979421072254,0.0002157343465494457,0.0005594834845592887,0.00013458604012970922,2.6119031909571944e-05
247,2,daughter,,False,6.878511550552459e-05,1.6603846953733614e-05,2.1444948420913954e-06,4.6378732973537256e-07,2.796930302582677e-06,7.646537350121258e-07,0.004699055926382641,3.2699273422345685e-06,0.00026329140315871374,0.0027788905419273728,0.00012255674483830522,0.0005702096923869237,2.737216731838081e-05,1.6603846953733614e-05,4.6378732973537256e-07,7.646537350121258e-07,0.00026329140315871374,3.2699273422345685e-06,0.004699055926382641,0.00012255674483830522,2.737216731838081e-05
248,0,son,,False,7.554056327295277e-05,5.738759521437678e-06,5.475976980449466e-06,3.84493505874534e-07,2.1782649863110498e-06,5.422218970016178e-07,0.0004797325991661444,8.80110037979258e-07,0.00021575330372933303,0.002722381836565666,0.00014779429802159512,0.0004973009416623807,7.967300986103147e-06,5.738759521437678e-06,3.84493505874534e-07,5.422218970016178e-07,0.00021575330372933303,8.80110037979258e-07,0.0004797325991661444,0.00014779429802159512,7.967300986103147e-06
248,1,son,,False,0.0006550185868397556,2.571419797957771e-05,5.064471653194114e-06,9.516251694168764e-07,2.586743108135441e-06,1.8925148246037342e-06,0.004691405806289331,3.7636447180974406e-06,0.00024395884522464894,0.00013250224172131609,1.0229985472581487e-05,0.01617841479475612,5.4421326243255744e-05,2.571419797957771e-05,9.516251694168764e-07,1.8925148246037342e-06,0.00024395884522464894,3.7636447180974406e-06,0.004691405806289331,1.0229985472581487e-05,5.4421326243255744e-05
248,2,son,,False,1.941131867789626e-05,3.2192334497037803e-06,1.4285517650093407e-06,1.7603432133424857e-07,1.5446309562386385e-06,4.78509449489012e-07,0.0004788771226696619,8.013499398837462e-07,5.829126566113866e-06,0.0007259681821955923,0.0001048469267161009,0.0005005862322300009,1.0229985472581487e-05,3.2192334497037803e-06,1.7603432133424857e-07,4.78509449489012e-07,5.829126566113866e-06,8.013499398837462e-07,0.0004788771226696619,0.0001048469267161009,1.0229985472581487e-05
249,0,child,,False,7.208380258812108e-05,4.264746818557914e-06,1.8342893327886845e-06,2.72647027069593e-07,2.710880136557205e-06,8.939696304799168e-07,0.0004676088989121183,1.0289513485400628e-06,0.0002126165979895905,0.00016743993037101191,2.1654404989510328e-05,0.00048644850322948033,5.829126566113866e-06,4.264746818557914e-06,2.72647027069593e-07,8.939696304799168e-07,0.0002126165979895905,1.0289513485400628e-06,0.0004676088989121183,2.1654404989510328e-05,5.829126566113866e-06
249,1,child,,False,0.0005981655787301457,3.0534893211185946e-05,8.092757566536092e-06,1.8342893327886845e-06,1.2931563954607948e-05,3.705296977158347e-06,0.0004952508080780285,1.8058518261159955e-06,0.00023686610557470552,0.002851410837716049,0.00015487610942879803,0.01013775836411532,3.459916031782155e-05,3.0534893211185946e-05,1.8342893327886845e-06,3.705296977158347e-06,0.00023686610557470552,1.8058518261159955e-06,0.0004952508080780285,0.00015487610942879803,3.459916031782155e-05
249,2,child,,True,0.0007555657169452602,0.0008248455656889193,8.481104172358076e-06,4.006369222920725e-06,1.7400543552708932e-05,2.1318756129065198e-05,0.00744424496476185,0.00021745384064690608,0.0002504832985443908,0.0008935216182967705,4.108485376346404e-05,0.5114071064312485,0.049811587807627664,0.0008248455656889193,4.006369222920725e-06,2.1318756129065198e-05,0.0002504832985443908,0.00021745384064690608,0.00744424496476185,4.108485376346404e-05,0.049811587807627664
250,0,daughter,,False,5.193048644949271e-05,1.2931563954607948e-05,2.931153855960119e-06,9.818326983657703e-07,5.391084403253366e-06,1.4738981974494932e-06,0.0005854557881215913,1.8631746484712008e-06,0.00022951886599524403,0.03732267515983334,0.0006589771663080563,0.0005893550335994887,2.3782205064034188e-05,1.2931563954607948e-05,9.818326983657703e-07,1.4738981974494932e-06,0.00022951886599524403,1.8631746484712008e-06,0.0005854557881215913,0.0006589771663080563,2.3782205064034188e-05
250,1,daughter,,False,2.5315637215092633e-05,4.832563818725537e-06,1.7231572752142392e-06,2.9023119852110973e-07,2.710880136557205e-06,6.962256250138369e-07,0.0004996016430842948,1.3211958228877664e-06,0.0002306778733816642,0.01951025220072374,0.0003854363826911696,0.00048297182378774457,1.0554685795431098e-05,4.832563818725537e-06,2.9023119852110973e-07,6.962256250138369e-07,0.0002306778733816642,1.3211958228877664e-06,0.0004996016430842948,0.0003854363826911696,1.0554685795431098e-05
250,2,daughter,,False,9.850082967450695e-05,2.0988308820313112e-05,4.264746818557914e-06,1.1478768127080353e-06,4.198630823683514e-06,1.0451548051737735e-06,0.0005168395244728861,1.5689549727726036e-06,0.00021912769953547168,0.05180327919217142,0.0013532148655407107,0.0011516002696433543,3.9821309061635425e-05,2.0988308820313112e-05,1.1478768127080353e-06,1.0451548051737735e-06,0.00021912769953547168,1.5689549727726036e-06,0.0005168395244728861,0.0013532148655407107,3.9821309061635425e-05
251,0,son,,False,3.250358452365473e-05,4.98595821272702e-06,2.7535691114583474e-06,2.1907815825757866e-07,2.796930302582677e-06,6.144174602214718e-07,0.0005253530003959248,5.225226840386988e-06,0.0002344992422345146,0.002809879477103823,0.00015731121653489972,1.9110431587777674e-05,5.829126566113866e-06,4.98595821272702e-06,2.1907815825757866e-07,6.144174602214718e-07,0.0002344992422345146,5.225226840386988e-06,0.0005253530003959248,0.00015731121653489972,5.829126566113866e-06
251,1,son,,False,0.0007268124590163906,4.373344035182828e-05,1.3135179706526775e-05,2.212566909570261e-06,5.475976980449466e-06,3.120191139396651e-06,0.0005302147677935735,2.931153855960119e-06,0.0002253896128383855,0.020184875619607884,0.0005343255956149591,0.02303996185349252,0.0015643325470709956,4.373344035182828e-05,2.212566909570261e-06,3.120191139396651e-06,0.0002253896128383855,2.931153855960119e-06,0.0005302147677935735,0.0005343255956149591,0.0015643325470709956
251,2,son,,False,1.535623976496012e-05,2.212566909570261e-06,1.1843139025979655e-06,2.2603242979035749e-07,8.664653147910923e-07,3.1875652166284776e-07,0.00045598608581835884,3.84493505874534e-07,3.944258675190877e-06,0.0008383797509002126,0.00015487610942879803,0.0004954494009362499,1.7952796934677738e-05,2.212566909570261e-06,2.2603242979035749e-07,3.1875652166284776e-07,3.944258675190877e-06,3.84493505874534e-07,0.00045598608581835884,0.00015487610942879803,1.7952796934677738e-05
252,0,child,,False,0.000635218674589875,3.9204178923762816e-05,5.475976980449466e-06,1.6187581436151335e-06,3.535625074174432e-06,2.355261854303796e-06,0.0005807066625002291,4.331903899346328e-06,0.00023686610557470552,0.0006978298516223775,1.15919343186331e-05,0.021706620947801056,3.682979260160596e-05,3.9204178923762816e-05,1.6187581436151335e-06,2.355261854303796e-06,0.00023686610557470552,4.331903899346328e-06,0.0005807066625002291,1.15919343186331e-05,3.682979260160596e-05
252,1,child,,False,6.667023092435894e-05,4.331903899346328e-06,4.1335397768930325e-06,4.0929110499856e-07,8.139692624947503e-07,3.1875652166284776e-07,0.00047318672763725406,9.368717268777097e-07,4.832563818725537e-06,0.0007007652612809208,1.3552078562406772e-05,0.0005087832783276653,1.0229985472581487e-05,4.331903899346328e-06,4.0929110499856e-07,3.1875652166284776e-07,4.832563818725537e-06,9.368717268777097e-07,0.00047318672763725406,1.3552078562406772e-05,1.0229985472581487e-05
252,2,child,,False,7.793660930208434e-05,2.0027376671813928e-05,3.6478537675800286e-06,1.0451548051737735e-06,5.225226840386988e-06,1.8342893327886845e-06,0.0005365151605153171,9.223470110117277e-07,0.00023148126807614352,0.002749761539826477,7.67292412858718e-05,0.016064368539652724,2.7803096387751555e-05,2.0027376671813928e-05,1.0451548051737735e-06,1.8342893327886845e-06,0.00023148126807614352,9.223470110117277e-07,0.0005365151605153171,7.67292412858718e-05,2.7803096387751555e-05
253,0,daughter,,False,2.6947915555885546e-05,5.144221374220898e-06,2.2827997192887966e-06,5.255395707074638e-07,4.98595821272702e-06,1.670142184809518e-06,0.0004667426519547087,1.0783312222985275e-06,0.00021912769953547168,0.0027290685694033377,0.0002182716445345181,1.6346470245419304e-05,9.028039015031105e-06,5.144221374220898e-06,5.255395707074638e-07,1.670142184809518e-06,0.00021912769953547168,1.0783312222985275e-06,0.0004667426519547087,0.0002182716445345181,9.028039015031105e-06
253,1,daughter,,False,5.193048644949271e-05,6.014151777699533e-06,6.502816785764437e-06,5.77192003016332e-07,2.5466403947055455e-06,1.1843139025979655e-06,0.0005798594606797912,3.705296977158347e-06,0.00023942516893991257,0.0029056745866044694,0.00020190139004485808,0.0005138843625860062,1.8522574326531083e-05,6.014151777699533e-06,5.77192003016332e-07,1.1843139025979655e-06,0.00023942516893991257,3.705296977158347e-06,0.0005798594606797912,0.00020190139004485808,1.8522574326531083e-05
253,2,daughter,,False,7.793660930208434e-05,1.5843621910252592e-05,2.1444948420913954e-06,5.422218970016178e-07,5.307507822667365e-06,8.939696304799168e-07,0.0004938671167868664,1.6964426510543331e-06,0.00022417644371706703,0.0009309527809802363,0.0002050743539917378,0.0004985843679459446,1.0554685795431098e-05,1.5843621910252592e-05,5.422218970016178e-07,8.939696304799168e-07,0.00022417644371706703,1.6964426510543331e-06,0.0004938671167868664,0.0002050743539917378,1.0554685795431098e-05
254,0,son,,False,7.096703991005882e-05,2.0342697805520655e-05,2.840974294610978e-06,1.2219076020491008e-06,8.61465062380632e-06,2.212566909570261e-06,0.0006042348328708527,1.8925148246037342e-06,0.00023889724921321938,0.010416662243394846,0.0003565736662361027,0.0012983872610336491,3.0534893211185946e-05,2.0342697805520655e-05,1.2219076020491008e-06,2.212566909570261e-06,0.00023889724921321938,1.8925148246037342e-06,0.0006042348328708527,0.0003565736662361027,3.0534893211185946e-05
254,1,son,,False,0.0005521078339566511,2.5315637215092633e-05,4.98595821272702e-06,8.939696304799168e-07,7.843789122138342e-06,1.8925148246037342e-06,0.0005631653170777645,4.331903899346328e-06,0.00022570493397209223,0.019702385022300335,0.000498226973042126,0.010143804341987866,3.459916031782155e-05,2.5315637215092633e-05,8.939696304799168e-07,1.8925148246037342e-06,0.00022570493397209223,4.331903899346328e-06,0.0005631653170777645,0.000498226973042126,3.459916031782155e-05
254,2,son,,False,0.0005857959236675918,1.0071400221737608e-05,5.649793328376294e-06,5.422218970016178e-07,3.024195853395102e-06,6.540437226933637e-07,0.004830709475400486,3.6478537675800286e-06,0.00041693257622588294,0.0007327745561277882,4.955359475635505e-05,0.0005256379073836972,1.442598644847886e-05,1.0071400221737608e-05,5.422218970016178e-07,6.540437226933637e-07,0.00041693257622588294,3.6478537675800286e-06,0.004830709475400486,4.955359475635505e-05,1.442598644847886e-05
255,0,child,,False,5.193048644949271e-05,5.307507822667365e-06,2.3923509443082866e-06,2.8130174840733105e-07,6.962256250138369e-07,3.6119830612765795e-07,0.000496191429011893,1.2219076020491008e-06,0.00022001536555728952,0.0008138567562898873,1.7400543552708932e-05,0.0005347894011802569,8.750299760661308e-06,5.307507822667365e-06,2.8130174840733105e-07,3.6119830612765795e-07,0.00022001536555728952,1.2219076020491008e-06,0.000496191429011893,1.7400543552708932e-05,8.750299760661308e-06
255,1,child,,False,8.295891883591029e-05,7.722191834067996e-06,2.0462932829931794e-06,3.6119830612765795e-07,1.9525885208642222e-06,1.1125607488784412e-06,0.0005110244342406947,9.368717268777097e-07,0.00021695417048520467,0.0007362579817833515,1.5598027633743823e-05,0.0005538279886564313,1.1959857805023158e-05,7.722191834067996e-06,3.6119830612765795e-07,1.1125607488784412e-06,0.00021695417048520467,9.368717268777097e-07,0.0005110244342406947,1.5598027633743823e-05,1.1959857805023158e-05
255,2,child,,False,0.0005414888098175762,2.913700606794303e-05,7.0311842669149565e-06,1.4738981974494932e-06,7.722191834067996e-06,3.2699273422345685e-06,0.0005214086368405433,1.4738981974494932e-06,0.00021659756423044233,9.547317110805593e-05,1.3342001090985438e-05,0.08878835514851911,0.005465743236865414,2.913700606794303e-05,1.4738981974494932e-06,3.2699273422345685e-06,0.00021659756423044233,1.4738981974494932e-06,0.0005214086368405433,1.3342001090985438e-05,0.005465743236865414
256,0,daughter,,False,5.9766937110286536e-05,1.2731104162213555e-05,3.7636447180974406e-06,1.3420013504783412e-06,5.475976980449466e-06,2.0785170435063726e-06,0.0005081326230993903,9.223470110117277e-07,0.00021956460018956949,0.06459870755608439,0.002145072917548942,0.0011409871228185344,2.5315637215092633e-05,1.2731104162213555e-05,1.3420013504783412e-06,2.0785170435063726e-06,0.00021956460018956949,9.223470110117277e-07,0.0005081326230993903,0.002145072917548942,2.5315637215092633e-05
256,1,daughter,,False,4.7285443452031076e-05,9.314593042575101e-06,1.670142184809518e-06,5.255395707074638e-07,2.1444948420913954e-06,5.77192003016332e-07,0.0005473032375160875,2.1444948420913954e-06,0.0002323101517224571,0.019702385022300335,0.0003649987031209838,0.0005794095367164778,3.150386940813393e-05,9.314593042575101e-06,5.255395707074638e-07,5.77192003016332e-07,0.0002323101517224571,2.1444948420913954e-06,0.0005473032375160875,0.0003649987031209838,3.150386940813393e-05
256,2,daughter,,False,3.4062932773341e-05,6.014151777699533e-06,2.212566909570261e-06,3.6119830612765795e-07,2.1782649863110498e-06,4.78509449489012e-07,0.000539009515965754,1.0783312222985275e-06,0.00022249305551005476,0.0030305010247946448,0.00020829707830458003,0.0005056385041563992,1.2731104162213555e-05,6.014151777699533e-06,3.6119830612765795e-07,4.78509449489012e-07,0.00022249305551005476,1.0783312222985275e-06,0.000539009515965754,0.00020829707830458003,1.2731104162213555e-05
257,0,son,,False,0.0005788235783983012,1.9110431587777674e-05,1.0889691002655445e-05,1.3846004563753396e-06,6.605214485464791e-06,2.840974294610978e-06,0.0005772090778777674,3.944258675190877e-06,0.00025264767961860266,0.019702385022300335,0.0010408314101072438,0.0011435787590044176,2.5315637215092633e-05,1.9110431587777674e-05,1.3846004563753396e-06,2.840974294610978e-06,0.00025264767961860266,3.944258675190877e-06,0.0005772090778777674,0.0010408314101072438,2.5315637215092633e-05
257,1,son,,False,8.559006367452268e-05,1.971694219622292e-05,6.205049602300744e-06,1.2219076020491008e-06,4.006369222920725e-06,1.8925148246037342e-06,0.0005610657438635145,3.535625074174432e-06,0.0002363778348378399,0.03810680622081447,0.001691491326672651,0.0012158119156463016,4.442183589214344e-05,1.971694219622292e-05,1.2219076020491008e-06,1.8925148246037342e-06,0.0002363778348378399,3.535625074174432e-06,0.0005610657438635145,0.001691491326672651,4.442183589214344e-05
257,2,son,,False,2.0342697805520655e-05,3.120191139396651e-06,2.931153855960119e-06,3.288749065460498e-07,4.832563818725537e-06,1.2219076020491008e-06,0.00047640861561708075,1.2606946239951315e-06,0.0002207184759315317,0.0030536424941330197,0.00035380860570885373,0.00048380070743405816,8.481104172358076e-06,3.120191139396651e-06,3.288749065460498e-07,1.2219076020491008e-06,0.0002207184759315317,1.2606946239951315e-06,0.00047640861561708075,0.00035380860570885373,8.481104172358076e-06
258,0,child,,False,3.625900662832244e-05,2.6688529572628562e-06,1.0289513485400628e-06,1.370957206857845e-07,5.093705003229987e-07,2.72647027069593e-07,0.000468888187061718,4.0929110499856e-07,0.0002137118639848327,4.655269187520153e-05,4.683888424952456e-06,0.0004903878049248205,4.683888424952456e-06,2.6688529572628562e-06,1.370957206857845e-07,2.72647027069593e-07,0.0002137118639848327,4.0929110499856e-07,0.000468888187061718,4.683888424952456e-06,4.683888424952456e-06
258,1,child,,False,4.373344035182828e-05,2.840974294610978e-06,2.4300240743279605e-06,1.7061832388634166e-07,1.3846004563753396e-06,3.3931448129766124e-07,0.000498117286778684,9.818326983657703e-07,0.000218704237257557,0.0028344121635247347,0.00014550629385328434,1.8522574326531083e-05,1.1235328063870752e-05,2.840974294610978e-06,1.7061832388634166e-07,3.3931448129766124e-07,0.000218704237257557,9.818326983657703e-07,0.000498117286778684,0.00014550629385328434,1.1235328063870752e-05
258,2,child,,False,0.00010005044009099887,3.150386940813393e-05,1.15919343186331e-05,3.321419494792514e-06,5.562206273647035e-06,4.908661889889002e-06,0.00471171651191177,4.53978687024344e-06,0.00023942516893991257,0.2875499210579305,0.0019719128107346592,0.07078422857267862,0.0089471008619775,3.150386940813393e-05,3.321419494792514e-06,4.908661889889002e-06,0.00023942516893991257,4.53978687024344e-06,0.00471171651191177,0.0019719128107346592,0.0089471008619775
259,0,daughter,,False,9.110511944006454e-05,1.177445922838707e-05,6.302758756443267e-06,8.139692624947503e-07,2.931153855960119e-06,1.1478768127080353e-06,0.0005311435167805096,3.2192334497037803e-06,0.00023316533255432313,0.01981456914013987,0.00039148236056371676,0.0006191494980250567,2.305067219931397e-05,1.177445922838707e-05,8.139692624947503e-07,1.1478768127080353e-06,0.00023316533255432313,3.2192334497037803e-06,0.0005311435167805096,0.00039148236056371676,2.305067219931397e-05
259,1,daughter,,False,4.955359475635505e-05,4.400118457925303e-06,4.400118457925303e-06,3.726639284186561e-07,1.6187581436151335e-06,6.962256250138369e-07,0.0004940954884194094,1.0616134237448653e-06,0.0002204804354938449,0.010177555173122577,0.0003854363826911696,0.00048644850322948033,1.1959857805023158e-05,4.400118457925303e-06,3.726639284186561e-07,6.962256250138369e-07,0.0002204804354938449,1.0616134237448653e-06,0.0004940954884194094,0.0003854363826911696,1.1959857805023158e-05
259,2,daughter,,False,0.0005981655787301457,3.682979260160596e-05,8.481104172358076e-06,1.3211958228877664e-06,7.14190139989638e-06,1.5689549727726036e-06,0.007428437930000342,0.00021465690721078674,0.0002950561685337654,0.0030191947476948433,0.00020190139004485808,0.0011435787590044176,2.7803096387751555e-05,3.682979260160596e-05,1.3211958228877664e-06,1.5689549727726036e-06,0.0002950561685337654,0.00021465690721078674,0.007428437930000342,0.00020190139004485808,2.7803096387751555e-05
260,0,son,,False,2.6947915555885546e-05,2.6688529572628562e-06,1.8925148246037342e-06,2.0580491096133835e-07,9.223470110117277e-07,3.6119830612765795e-07,0.00045535542432847726,3.726639284186561e-07,4.53978687024344e-06,0.00010987310729246431,6.361912109467577e-05,0.0004999085000106341,1.15919343186331e-05,2.6688529572628562e-06,2.0580491096133835e-07,3.6119830612765795e-07,4.53978687024344e-06,3.726639284186561e-07,0.00045535542432847726,6.361912109467577e-05,1.15919343186331e-05
260,1,son,,False,8.559006367452268e-05,1.2339457598623173e-05,5.920916517463734e-06,1.3420013504783412e-06,5.144221374220898e-06,2.1444948420913954e-06,0.0005158924645306655,1.4510478554719287e-06,0.00021809334032878513,0.010267683829227305,0.00029349517447137377,0.001208455080896534,4.512106237781923e-05,1.2339457598623173e-05,1.3420013504783412e-06,2.1444948420913954e-06,0.00021809334032878513,1.4510478554719287e-06,0.0005158924645306655,0.00029349517447137377,4.512106237781923e-05
260,2,son,,False,3.4062932773341e-05,2.355261854303796e-06,3.4268490542555014e-06,1.816222403812674e-07,1.8342893327886845e-06,5.093705003229987e-07,0.0004669877403758759,1.2606946239951315e-06,0.00021591692196200267,0.0008234381138183805,0.00010162440410680168,8.481104172358076e-06,4.400118457925303e-06,2.355261854303796e-06,1.816222403812674e-07,5.093705003229987e-07,0.00021591692196200267,1.2606946239951315e-06,0.0004669877403758759,0.00010162440410680168,4.400118457925303e-06
261,0,child,,False,6.878511550552459e-05,1.9110431587777674e-05,2.5466403947055455e-06,1.0129990980873922e-06,8.61465062380632e-06,2.4300240743279605e-06,0.0005391105597924047,1.3211958228877664e-06,0.00022805562191617214,0.0009309527809802363,0.00023231625226312826,0.010206165153903688,3.682979260160596e-05,1.9110431587777674e-05,1.0129990980873922e-06,2.4300240743279605e-06,0.00022805562191617214,1.3211958228877664e-06,0.0005391105597924047,0.00023231625226312826,3.682979260160596e-05
261,1,child,,False,4.108485376346404e-05,7.967300986103147e-06,4.832563818725537e-06,7.646537350121258e-07,4.1335397768930325e-06,1.670142184809518e-06,0.004795200896844157,0.0002123029091656883,0.0002936668209450264,0.020398940154437228,0.0007066400963249157,0.0005538279886564313,3.250358452365473e-05,7.967300986103147e-06,7.646537350121258e-07,1.670142184809518e-06,0.0002936668209450264,0.0002123029091656883,0.004795200896844157,0.0007066400963249157,3.250358452365473e-05
261,2,child,,False,2.913700606794303e-05,3.7636447180974406e-06,1.3846004563753396e-06,1.816222403812674e-07,1.9525885208642222e-06,3.9669859149467314e-07,0.0004888531552443837,1.4738981974494932e-06,0.00022096026380031539,0.00012255674483830522,4.655269187520153e-05,0.00048786839054944096,7.722191834067996e-06,3.7636447180974406e-06,1.816222403812674e-07,3.9669859149467314e-07,0.00022096026380031539,1.4738981974494932e-06,0.0004888531552443837,4.655269187520153e-05,7.722191834067996e-06
262,0,daughter,,False,3.514382632807918e-05,5.475976980449466e-06,2.212566909570261e-06,3.089494448007139e-07,2.627477314480822e-06,6.962256250138369e-07,0.0005812031541742516,3.373722476473661e-06,0.0002511935262300754,0.0027358596836205874,5.112579049909173e-05,0.0005194862076891146,1.442598644847886e-05,5.475976980449466e-06,3.089494448007139e-07,6.962256250138369e-07,0.0002511935262300754,3.373722476473661e-06,0.0005812031541742516,5.112579049909173e-05,1.442598644847886e-05
262,1,daughter,,False,1.6603846953733614e-05,2.840974294610978e-06,1.4285517650093407e-06,2.332074525844782e-07,2.7535691114583474e-06,6.962256250138369e-07,0.0005289296341864526,1.6964426510543331e-06,0.00023360304396588728,0.002944745327012609,0.0001206589712246389,0.00048644850322948033,6.205049602300744e-06,2.840974294610978e-06,2.332074525844782e-07,6.962256250138369e-07,0.00023360304396588728,1.6964426510543331e-06,0.0005289296341864526,0.0001206589712246389,6.205049602300744e-06
262,2,daughter,,False,3.569706350376584e-05,2.5071593847983196e-06,2.6688529572628562e-06,2.1907815825757866e-07,9.818326983657703e-07,2.72647027069593e-07,0.00047245775800492507,8.267873072601938e-07,0.00021217710837818755,4.305570813246149e-05,9.028039015031105e-06,0.00048691442776060197,9.610241549947397e-06,2.5071593847983196e-06,2.1907815825757866e-07,2.72647027069593e-07,0.00021217710837818755,8.267873072601938e-07,0.00047245775800492507,9.028039015031105e-06,9.610241549947397e-06
263,0,son,,False,2.8240807799315707e-05,1.670142184809518e-06,1.9525885208642222e-06,1.101595360000069e-07,9.223470110117277e-07,2.4824800371656586e-07,0.00045945255747000983,6.339210403977636e-07,5.475976980449466e-06,0.0008935216182967705,0.00014779429802159512,9.761566060239504e-06,4.832563818725537e-06,1.670142184809518e-06,1.101595360000069e-07,2.4824800371656586e-07,5.475976980449466e-06,6.339210403977636e-07,0.00045945255747000983,0.00014779429802159512,4.832563818725537e-06
263,1,son,,False,5.0333557545281144e-05,4.1335397768930325e-06,2.7535691114583474e-06,2.332074525844782e-07,1.5206840370677115e-06,4.78509449489012e-07,0.00047245775800492507,8.139692624947503e-07,0.00021217710837818755,0.0008876146323004368,0.00018102110262026484,1.9110431587777674e-05,1.0229985472581487e-05,4.1335397768930325e-06,2.332074525844782e-07,4.78509449489012e-07,0.00021217710837818755,8.139692624947503e-07,0.00047245775800492507,0.00018102110262026484,1.0229985472581487e-05
263,2,son,,False,3.1015598671268335e-05,3.321419494792514e-06,2.5071593847983196e-06,1.7603432133424857e-07,1.1843139025979655e-06,4.222833444659923e-07,0.00048542592528307775,9.666109404131067e-07,0.00021659756423044233,0.0027290685694033377,0.0002673006032788653,2.0342697805520655e-05,1.15919343186331e-05,3.321419494792514e-06,1.7603432133424857e-07,4.222833444659923e-07,0.00021659756423044233,9.666109404131067e-07,0.00048542592528307775,0.0002673006032788653,1.15919343186331e-05
264,0,child,,False,0.000595613990691901,2.913700606794303e-05,7.967300986103147e-06,2.796930302582677e-06,8.092757566536092e-06,3.024195853395102e-06,0.0005585196991727035,2.1112482331487175e-06,0.00025414794844479815,0.003041982713740955,0.0002182716445345181,0.022873659092585756,5.193048644949271e-05,2.913700606794303e-05,2.796930302582677e-06,3.024195853395102e-06,0.00025414794844479815,2.1112482331487175e-06,0.0005585196991727035,0.0002182716445345181,5.193048644949271e-05
264,1,child,,False,0.0006432446275116634,2.0027376671813928e-05,4.61127481426412e-06,8.398072034951531e-07,2.4300240743279605e-06,1.4285517650093407e-06,0.0005095644298672442,1.3846004563753396e-06,0.00022303674997692745,0.00014550629385328434,1.442598644847886e-05,0.01014076963630073,2.3782205064034188e-05,2.0027376671813928e-05,8.398072034951531e-07,1.4285517650093407e-06,0.00022303674997692745,1.3846004563753396e-06,0.0005095644298672442,1.442598644847886e-05,2.3782205064034188e-05
264,2,child,,False,2.95957113513077e-05,5.475976980449466e-06,3.2192334497037803e-06,5.77192003016332e-07,3.4268490542555014e-06,1.1478768127080353e-06,0.0005412553863666313,1.1843139025979655e-06,0.0002306778733816642,0.010343390645853583,0.0002889581017773627,0.0005372613854410962,1.6865275398914433e-05,5.475976980449466e-06,5.77192003016332e-07,1.1478768127080353e-06,0.0002306778733816642,1.1843139025979655e-06,0.0005412553863666313,0.0002889581017773627,1.6865275398914433e-05
265,0,daughter,,False,2.6119031909571944e-05,4.832563818725537e-06,1.8342893327886845e-06,3.500854414401442e-07,3.5913010679499402e-06,1.1125607488784412e-06,0.0005070071141709016,1.7778551863194697e-06,0.00023028548862477513,0.01949970367927649,0.00043653261113939663,0.0005019738542559919,2.234163601827719e-05,4.832563818725537e-06,3.500854414401442e-07,1.1125607488784412e-06,0.00023028548862477513,1.7778551863194697e-06,0.0005070071141709016,0.00043653261113939663,2.234163601827719e-05
265,1,daughter,,False,3.569706350376584e-05,5.144221374220898e-06,2.6688529572628562e-06,3.288749065460498e-07,2.2827997192887966e-06,5.77192003016332e-07,0.0005236163060256535,1.8925148246037342e-06,0.0002323101517224571,0.019654925031931895,0.0006338921737094388,0.0004888526162855685,1.3552078562406772e-05,5.144221374220898e-06,3.288749065460498e-07,5.77192003016332e-07,0.0002323101517224571,1.8925148246037342e-06,0.0005236163060256535,0.0006338921737094388,1.3552078562406772e-05
265,2,daughter,,False,7.916296072837432e-05,1.2148175280558357e-05,3.7636447180974406e-06,7.646537350121258e-07,3.4268490542555014e-06,8.139692624947503e-07,0.0005104370135339874,1.6964426510543331e-06,0.00021934444373130447,0.010132624023293487,0.00018675659778932805,0.0006093314310007475,4.8785712278226595e-05,1.2148175280558357e-05,7.646537350121258e-07,8.139692624947503e-07,0.00021934444373130447,1.6964426510543331e-06,0.0005104370135339874,0.00018675659778932805,4.8785712278226595e-05
266,0,son,,False,0.0005431903918374811,1.971694219622292e-05,1.0229985472581487e-05,1.8342893327886845e-06,3.0718185454758057e-06,1.3007128466476034e-06,0.0005483993338182368,2.7535691114583474e-06,0.00022447266775434924,0.03732267515983334,0.0009936418705946226,0.010097962948230692,5.7031570707833595e-05,1.971694219622292e-05,1.8342893327886845e-06,1.3007128466476034e-06,0.00022447266775434924,2.7535691114583474e-06,0.0005483993338182368,0.0009936418705946226,5.7031570707833595e-05
266,1,son,,False,0.0007361007870018547,0.0008115547102432437,9.314593042575101e-06,2.355261854303796e-06,1.609308249869283e-05,5.225226840386988e-06,0.015007428870962682,0.00021762530935888873,0.0003337930481799685,0.010177555173122577,0.0001597845494017344,0.12553593877559716,0.003497514251509983,0.0008115547102432437,2.355261854303796e-06,5.225226840386988e-06,0.0003337930481799685,0.00021762530935888873,0.015007428870962682,0.0001597845494017344,0.003497514251509983
266,2,son,,False,6.667023092435894e-05,3.6478537675800286e-06,2.6688529572628562e-06,3.288749065460498e-07,3.4268490542555014e-06,6.144174602214718e-07,0.0004686283187719674,7.766951856747235e-07,0.00021659756423044233,0.00010322310367548195,3.459916031782155e-05,0.0004855382001169189,7.967300986103147e-06,3.6478537675800286e-06,3.288749065460498e-07,6.144174602214718e-07,0.00021659756423044233,7.766951856747235e-07,0.0004686283187719674,3.459916031782155e-05,7.967300986103147e-06
267,0,child,,False,0.000546674185053768,3.799845147518645e-05,6.205049602300744e-06,2.5466403947055455e-06,3.569706350376584e-05,9.761566060239504e-06,0.007427364873127722,5.391084403253366e-06,0.00032602120739121045,0.0007507463408459455,7.67292412858718e-05,0.02351317482313751,0.002435743092572027,3.799845147518645e-05,2.5466403947055455e-06,9.761566060239504e-06,0.00032602120739121045,5.391084403253366e-06,0.007427364873127722,7.67292412858718e-05,0.002435743092572027
267,1,child,,False,4.442183589214344e-05,5.307507822667365e-06,3.321419494792514e-06,4.0929110499856e-07,1.8925148246037342e-06,8.664653147910923e-07,0.0004940954884194094,1.2805474213228684e-06,0.00021956460018956949,0.002887025252971318,9.850082967450695e-05,0.0005026840819416764,1.7400543552708932e-05,5.307507822667365e-06,4.0929110499856e-07,8.664653147910923e-07,0.00021956460018956949,1.2805474213228684e-06,0.0004940954884194094,9.850082967450695e-05,1.7400543552708932e-05
267,2,child,,False,0.005829903721957755,2.95957113513077e-05,8.888084683809127e-06,8.664653147910923e-07,2.0785170435063726e-06,7.183260399857925e-07,0.0005171576814344368,1.7231572752142392e-06,0.00022668099229563676,7.096703991005882e-05,6.605214485464791e-06,0.010153050876015288,1.7400543552708932e-05,2.95957113513077e-05,8.664653147910923e-07,7.183260399857925e-07,0.00022668099229563676,1.7231572752142392e-06,0.0005171576814344368,6.605214485464791e-06,1.7400543552708932e-05
268,0,daughter,,False,9.761566060239504e-06,1.1125607488784412e-06,8.139692624947503e-07,7.112436985392046e-08,9.223470110117277e-07,1.5057017254045334e-07,0.00046416927920648823,6.540437226933637e-07,0.00021512380222681108,0.000754511454683582,6.878511550552459e-05,5.829126566113866e-06,3.535625074174432e-06,1.1125607488784412e-06,7.112436985392046e-08,1.5057017254045334e-07,0.00021512380222681108,6.540437226933637e-07,0.00046416927920648823,6.878511550552459e-05,3.535625074174432e-06
268,1,daughter,,False,0.0005788235783983012,2.8240807799315707e-05,7.2543618230189156e-06,1.5206840370677115e-06,3.705296977158347e-06,1.8925148246037342e-06,0.0005204084331370591,2.1112482331487175e-06,0.00022170870641199087,0.03801197454499603,0.0011419614645648403,0.010178785450642876,3.682979260160596e-05,2.8240807799315707e-05,1.5206840370677115e-06,1.8925148246037342e-06,0.00022170870641199087,2.1112482331487175e-06,0.0005204084331370591,0.0011419614645648403,3.682979260160596e-05
268,2,daughter,,False,3.625900662832244e-05,7.602479448313689e-06,2.931153855960119e-06,4.6378732973537256e-07,2.1444948420913954e-06,5.255395707074638e-07,0.000526057214305579,1.7502925788778209e-06,0.00021912769953547168,0.01048616105282962,0.00027149854690051767,0.0005071863494234538,1.442598644847886e-05,7.602479448313689e-06,4.6378732973537256e-07,5.255395707074638e-07,0.00021912769953547168,1.7502925788778209e-06,0.000526057214305579,0.00027149854690051767,1.442598644847886e-05
269,0,son,,False,3.150386940813393e-05,3.535625074174432e-06,2.01456908529364e-06,3.726639284186561e-07,2.212566909570261e-06,8.939696304799168e-07,0.000481855155257204,6.144174602214718e-07,0.00021695417048520467,0.0028601092173492736,0.00015011822567369918,0.0004999085000106341,1.3135179706526775e-05,3.535625074174432e-06,3.726639284186561e-07,8.939696304799168e-07,0.00021695417048520467,6.144174602214718e-07,0.000481855155257204,0.00015011822567369918,1.3135179706526775e-05
269,1,son,,False,0.0007555657169452602,0.0007684985562636434,1.2731104162213555e-05,2.355261854303796e-06,1.0889691002655445e-05,4.757645425657629e-06,0.004835064596393239,0.00021762530935888873,0.0002797325225442084,0.037456592052662885,0.0006744989542092038,0.022910874517132526,0.001599204731769433,0.0007684985562636434,2.355261854303796e-06,4.757645425657629e-06,0.0002797325225442084,0.00021762530935888873,0.004835064596393239,0.0006744989542092038,0.001599204731769433
269,2,son,,False,3.799845147518645e-05,6.605214485464791e-06,4.198630823683514e-06,3.6119830612765795e-07,1.5689549727726036e-06,7.646537350121258e-07,0.0005611882880754948,1.3211958228877664e-06,0.00023404764440531787,0.002749761539826477,0.00017821963223663923,0.0005245722151820294,1.7952796934677738e-05,6.605214485464791e-06,3.6119830612765795e-07,7.646537350121258e-07,0.00023404764440531787,1.3211958228877664e-06,0.0005611882880754948,0.00017821963223663923,1.7952796934677738e-05
270,0,child,,False,8.830458477845481e-05,9.915273115920183e-06,4.61127481426412e-06,5.594337713435001e-07,3.024195853395102e-06,9.818326983657703e-07,0.0005078495974182844,1.8925148246037342e-06,0.00021625192716922701,0.0199624479863192,0.00024726231566347745,0.0005398117107140829,1.3552078562406772e-05,9.915273115920183e-06,5.594337713435001e-07,9.818326983657703e-07,0.00021625192716922701,1.8925148246037342e-06,0.0005078495974182844,0.00024726231566347745,1.3552078562406772e-05
270,1,child,,False,7.096703991005882e-05,7.2543618230189156e-06,2.355261854303796e-06,4.222833444659923e-07,2.3923509443082866e-06,7.646537350121258e-07,0.0005026766516422264,1.2219076020491008e-06,0.00021575330372933303,0.00011695102650555148,1.2931563954607948e-05,0.0005633490590837672,1.6346470245419304e-05,7.2543618230189156e-06,4.222833444659923e-07,7.646537350121258e-07,0.00021575330372933303,1.2219076020491008e-06,0.0005026766516422264,1.2931563954607948e-05,1.6346470245419304e-05
270,2,child,,False,2.0342697805520655e-05,2.0785170435063726e-06,7.646537350121258e-07,1.4144759985825914e-07,9.223470110117277e-07,2.72647027069593e-07,0.00048823171222005674,5.682435212870505e-07,0.00021512380222681108,0.0007397960144200369,7.321812616608614e-05,0.00048738768508935855,7.967300986103147e-06,2.0785170435063726e-06,1.4144759985825914e-07,2.72647027069593e-07,0.00021512380222681108,5.682435212870505e-07,0.00048823171222005674,7.321812616608614e-05,7.967300986103147e-06
271,0,daughter,,False,0.0005597594790089396,0.000748345240125015,7.0311842669149565e-06,2.3923509443082866e-06,4.198630823683514e-06,3.120191139396651e-06,0.0074223517346629995,0.00021221394297262693,0.0002820914774524434,0.020184875619607884,0.0003483424193080668,0.03199469344274105,0.003444522217938925,0.000748345240125015,2.3923509443082866e-06,3.120191139396651e-06,0.0002820914774524434,0.00021221394297262693,0.0074223517346629995,0.0003483424193080668,0.003444522217938925
271,1,daughter,,False,0.0006143383871652817,7.967300986103147e-06,8.349627818261147e-06,7.889262586245034e-07,2.7535691114583474e-06,1.1478768127080353e-06,0.0005026766516422264,1.0451548051737735e-06,0.00022096026380031539,0.0009309527809802363,1.5118199327273332e-05,0.0005832949863420954,1.3552078562406772e-05,7.967300986103147e-06,7.889262586245034e-07,1.1478768127080353e-06,0.00022096026380031539,1.0451548051737735e-06,0.0005026766516422264,1.5118199327273332e-05,1.3552078562406772e-05
271,2,daughter,,False,1.488384825728813e-05,1.8342893327886845e-06,1.3846004563753396e-06,1.2482708949986417e-07,1.363134508591315e-06,3.1875652166284776e-07,0.0004596405007964144,6.643433442159853e-07,0.00021239342043348654,0.0007327745561277882,0.0001048469267161009,7.967300986103147e-06,2.931153855960119e-06,1.8342893327886845e-06,1.2482708949986417e-07,3.1875652166284776e-07,0.00021239342043348654,6.643433442159853e-07,0.0004596405007964144,0.0001048469267161009,2.931153855960119e-06
272,0,son,,False,1.3982207564732913e-05,2.355261854303796e-06,1.4285517650093407e-06,1.370957206857845e-07,1.8342893327886845e-06,2.9023119852110973e-07,0.0005016356132551542,1.7231572752142392e-06,0.00022417644371706703,0.0007293448983675676,8.830458477845481e-05,1.3982207564732913e-05,6.40200641038395e-06,2.355261854303796e-06,1.370957206857845e-07,2.9023119852110973e-07,0.00022417644371706703,1.7231572752142392e-06,0.0005016356132551542,8.830458477845481e-05,6.40200641038395e-06
272,1,son,,False,0.0007926775426870258,0.0007525626282895303,1.0554685795431098e-05,1.8925148246037342e-06,9.761566060239504e-06,3.6478537675800286e-06,0.0005087019971338281,1.8631746484712008e-06,0.0002219660831203052,0.019468534921721643,0.00035936025814200905,0.022828708452516652,6.771942330385674e-05,0.0007525626282895303,1.8925148246037342e-06,3.6478537675800286e-06,0.0002219660831203052,1.8631746484712008e-06,0.0005087019971338281,0.00035936025814200905,6.771942330385674e-05
272,2,son,,False,0.004970781691927468,3.0061635882429376e-05,7.843789122138342e-06,8.664653147910923e-07,3.373722476473661e-06,1.3846004563753396e-06,0.0005391105597924047,2.840974294610978e-06,0.00023404764440531787,8.426423087564058e-05,6.605214485464791e-06,0.010123047268862772,1.7952796934677738e-05,3.0061635882429376e-05,8.664653147910923e-07,1.3846004563753396e-06,0.00023404764440531787,2.840974294610978e-06,0.0005391105597924047,6.605214485464791e-06,1.7952796934677738e-05
273,0,child,,False,3.682979260160596e-05,2.586743108135441e-06,1.8925148246037342e-06,1.994729721527057e-07,1.4738981974494932e-06,3.6119830612765795e-07,0.0004730397933324441,6.748051590048605e-07,0.00021625192716922701,9.547317110805593e-05,4.655269187520153e-05,1.8814207550495463e-05,5.829126566113866e-06,2.586743108135441e-06,1.994729721527057e-07,3.6119830612765795e-07,0.00021625192716922701,6.748051590048605e-07,0.0004730397933324441,4.655269187520153e-05,5.829126566113866e-06
273,1,child,,False,0.0006692833527513213,4.583129006350382e-05,7.722191834067996e-06,3.373722476473661e-06,1.3765463368900109e-05,4.264746818557914e-06,0.0005787375304387498,2.2474089854291757e-06,0.0002363778348378399,0.010450880942532732,0.00029810327298548977,0.022727578398059053,5.357805383473943e-05,4.583129006350382e-05,3.373722476473661e-06,4.264746818557914e-06,0.0002363778348378399,2.2474089854291757e-06,0.0005787375304387498,0.00029810327298548977,5.357805383473943e-05
273,2,child,,False,9.547317110805593e-05,5.649793328376294e-06,3.024195853395102e-06,3.3931448129766124e-07,3.169325442919291e-06,9.516251694168764e-07,0.0005233587099478392,1.3007128466476034e-06,0.00021575330372933303,0.0007067749478525128,2.5315637215092633e-05,0.0005185157653543439,9.610241549947397e-06,5.649793328376294e-06,3.3931448129766124e-07,9.516251694168764e-07,0.00021575330372933303,1.3007128466476034e-06,0.0005233587099478392,2.5315637215092633e-05,9.610241549947397e-06
274,0,daughter,,False,3.4062932773341e-05,6.605214485464791e-06,4.006369222920725e-06,6.540437226933637e-07,3.822911232549001e-06,1.2606946239951315e-06,0.0005430241115911696,2.840974294610978e-06,0.00023942516893991257,0.01022496774572234,0.0003376612381739501,0.0005112741181214284,1.3552078562406772e-05,6.605214485464791e-06,6.540437226933637e-07,1.2606946239951315e-06,0.00023942516893991257,2.840974294610978e-06,0.0005430241115911696,0.0003376612381739501,1.3552078562406772e-05
274,1,daughter,,False,3.682979260160596e-05,4.006369222920725e-06,2.5071593847983196e-06,2.4824800371656586e-07,1.9833367060283617e-06,4.78509449489012e-07,0.0005120635113600338,1.5446309562386385e-06,0.00022388481049310266,0.003002558463671854,0.00016743993037101191,1.2533751425646102e-05,6.605214485464791e-06,4.006369222920725e-06,2.4824800371656586e-07,4.78509449489012e-07,0.00022388481049310266,1.5446309562386385e-06,0.0005120635113600338,0.00016743993037101191,6.605214485464791e-06
274,2,daughter,,False,2.868540823874629e-05,4.1335397768930325e-06,2.212566909570261e-06,2.9023119852110973e-07,2.0785170435063726e-06,4.78509449489012e-07,0.0005343698407628075,1.4971083692627422e-06,0.00023404764440531787,0.002851410837716049,0.00018102110262026484,0.0005156936737338665,1.7400543552708932e-05,4.1335397768930325e-06,2.9023119852110973e-07,4.78509449489012e-07,0.00023404764440531787,1.4971083692627422e-06,0.0005343698407628075,0.00018102110262026484,1.7400543552708932e-05
275,0,son,,False,1.609308249869283e-05,1.2219076020491008e-06,8.664653147910923e-07,1.067702870044147e-07,9.516251694168764e-07,2.561282210758673e-07,0.00048295429655924565,1.0783312222985275e-06,0.00022303674997692745,5.7031570707833595e-05,2.95957113513077e-05,6.814872211615988e-06,3.4268490542555014e-06,1.2219076020491008e-06,1.067702870044147e-07,2.561282210758673e-07,0.00022303674997692745,1.0783312222985275e-06,0.00048295429655924565,2.95957113513077e-05,3.4268490542555014e-06
275,1,son,,False,2.0027376671813928e-05,2.2827997192887966e-06,2.1444948420913954e-06,2.4061023397180247e-07,2.1782649863110498e-06,9.223470110117277e-07,1.15919343186331e-05,7.889262586245034e-07,3.822911232549001e-06,0.0007742406513215074,9.110511944006454e-05,1.609308249869283e-05,4.98595821272702e-06,2.2827997192887966e-06,2.4061023397180247e-07,9.223470110117277e-07,3.822911232549001e-06,7.889262586245034e-07,1.15919343186331e-05,9.110511944006454e-05,4.98595821272702e-06
275,2,son,,False,6.667023092435894e-05,6.922183404468203e-06,5.649793328376294e-06,6.962256250138369e-07,2.4682904407607285e-06,8.939696304799168e-07,0.0004996016430842948,1.0451548051737735e-06,0.00021575330372933303,0.020200613225055345,0.0004070137715896128,0.0005071863494234538,1.442598644847886e-05,6.922183404468203e-06,6.962256250138369e-07,8.939696304799168e-07,0.00021575330372933303,1.0451548051737735e-06,0.0004996016430842948,0.0004070137715896128,1.442598644847886e-05
276,0,child,,False,9.253848866495987e-05,9.610241549947397e-06,3.944258675190877e-06,6.144174602214718e-07,2.710880136557205e-06,1.3420013504783412e-06,0.0005269452396347513,1.7231572752142392e-06,0.00022805562191617214,0.010170987564578925,5.27478412523148e-05,0.000571992748445894,1.6865275398914433e-05,9.610241549947397e-06,6.144174602214718e-07,1.3420013504783412e-06,0.00022805562191617214,1.7231572752142392e-06,0.0005269452396347513,5.27478412523148e-05,1.6865275398914433e-05
276,1,child,,False,5.0333557545281144e-05,6.709224499600877e-06,3.4268490542555014e-06,6.144174602214718e-07,5.064471653194114e-06,1.7778551863194697e-06,0.0005105834393976184,1.4285517650093407e-06,0.00022914444123060576,0.0201537519834205,0.0006957608807376379,0.0005064063866345277,1.6865275398914433e-05,6.709224499600877e-06,6.144174602214718e-07,1.7778551863194697e-06,0.00022914444123060576,1.4285517650093407e-06,0.0005105834393976184,0.0006957608807376379,1.6865275398914433e-05
276,2,child,,False,5.0333557545281144e-05,3.120191139396651e-06,3.2699273422345685e-06,3.089494448007139e-07,1.1478768127080353e-06,4.495181578513688e-07,0.0004748414303188522,9.972941593827283e-07,4.469407144215697e-06,0.000754511454683582,1.3135179706526775e-05,0.0005267203585267405,1.6346470245419304e-05,3.120191139396651e-06,3.089494448007139e-07,4.495181578513688e-07,4.469407144215697e-06,9.972941593827283e-07,0.0004748414303188522,1.3135179706526775e-05,1.6346470245419304e-05
277,0,daughter,,False,3.9204178923762816e-05,8.61465062380632e-06,2.355261854303796e-06,7.889262586245034e-07,8.092757566536092e-06,2.5071593847983196e-06,0.0004966672729750374,1.3007128466476034e-06,0.00022770387218484876,0.020138364280079025,0.0008251598569085517,0.0005185157653543439,1.5843621910252592e-05,8.61465062380632e-06,7.889262586245034e-07,2.5071593847983196e-06,0.00022770387218484876,1.3007128466476034e-06,0.0004966672729750374,0.0008251598569085517,1.5843621910252592e-05
277,1,daughter,,False,3.0061635882429376e-05,4.832563818725537e-06,3.024195853395102e-06,4.0929110499856e-07,2.931153855960119e-06,9.223470110117277e-07,0.0005475489288518097,1.7502925788778209e-06,0.00024050606249465076,0.01932293225576745,0.00019877742123839117,0.0005064063866345277,1.2731104162213555e-05,4.832563818725537e-06,4.0929110499856e-07,9.223470110117277e-07,0.00024050606249465076,1.7502925788778209e-06,0.0005475489288518097,0.00019877742123839117,1.2731104162213555e-05
277,2,daughter,,False,3.569706350376584e-05,6.302758756443267e-06,2.1444948420913954e-06,4.0929110499856e-07,3.373722476473661e-06,7.889262586245034e-07,0.0005567327219456155,2.5071593847983196e-06,0.0002504832985443908,0.0027941453403890646,0.00018969200744787138,0.0005034054837533741,1.0229985472581487e-05,6.302758756443267e-06,4.0929110499856e-07,7.889262586245034e-07,0.0002504832985443908,2.5071593847983196e-06,0.0005567327219456155,0.00018969200744787138,1.0229985472581487e-05
278,0,son,,False,3.1999824407395835e-05,4.908661889889002e-06,2.212566909570261e-06,2.9023119852110973e-07,1.7778551863194697e-06,3.726639284186561e-07,0.0005189298972771254,1.8058518261159955e-06,0.0002263505449868847,0.0008283415380815684,8.426423087564058e-05,0.0005005862322300009,9.915273115920183e-06,4.908661889889002e-06,2.9023119852110973e-07,3.726639284186561e-07,0.0002263505449868847,1.8058518261159955e-06,0.0005189298972771254,8.426423087564058e-05,9.915273115920183e-06
278,1,son,,False,4.305570813246149e-05,7.484622751061123e-06,3.4268490542555014e-06,5.255395707074638e-07,8.888084683809127e-06,2.01456908529364e-06,0.0005149564205302751,1.6442494559854523e-06,0.00021591692196200267,0.0028428458272168377,0.0003324436891655638,0.0005893550335994887,1.971694219622292e-05,7.484622751061123e-06,5.255395707074638e-07,2.01456908529364e-06,0.00021591692196200267,1.6442494559854523e-06,0.0005149564205302751,0.0003324436891655638,1.971694219622292e-05
278,2,son,,False,0.0007456821445303479,1.15919343186331e-05,1.971694219622292e-05,1.1843139025979655e-06,3.024195853395102e-06,1.2219076020491008e-06,0.0005324590677460005,2.3187477504664324e-06,0.0002219660831203052,8.295891883591029e-05,1.2148175280558357e-05,0.0005493912805431325,1.5843621910252592e-05,1.15919343186331e-05,1.1843139025979655e-06,1.2219076020491008e-06,0.0002219660831203052,2.3187477504664324e-06,0.0005324590677460005,1.2148175280558357e-05,1.5843621910252592e-05
279,0,child,,False,3.569706350376584e-05,6.922183404468203e-06,3.321419494792514e-06,7.646537350121258e-07,2.840974294610978e-06,1.4738981974494932e-06,0.000481855155257204,6.962256250138369e-07,0.0002202460844238597,0.0007583355694965269,5.8840881855693875e-05,0.0011516002696433543,2.1654404989510328e-05,6.922183404468203e-06,7.646537350121258e-07,1.4738981974494932e-06,0.0002202460844238597,6.962256250138369e-07,0.000481855155257204,5.8840881855693875e-05,2.1654404989510328e-05
279,1,child,,False,9.253848866495987e-05,7.0311842669149565e-06,4.469407144215697e-06,4.222833444659923e-07,1.7778551863194697e-06,7.183260399857925e-07,0.0004816744542579805,1.4738981974494932e-06,0.00021608311625873148,0.0027641006197803124,2.653023768982879e-05,0.0005175603499223236,1.2731104162213555e-05,7.0311842669149565e-06,4.222833444659923e-07,7.183260399857925e-07,0.00021608311625873148,1.4738981974494932e-06,0.0004816744542579805,2.653023768982879e-05,1.2731104162213555e-05
279,2,child,,False,0.0005449187105293259,1.2931563954607948e-05,5.920916517463734e-06,7.889262586245034e-07,4.1335397768930325e-06,1.5206840370677115e-06,0.0005163646094550098,2.1782649863110498e-06,0.0002519149280417731,0.01038347373249708,0.0003765413784673874,0.0005323933551511255,1.3135179706526775e-05,1.2931563954607948e-05,7.889262586245034e-07,1.5206840370677115e-06,0.0002519149280417731,2.1782649863110498e-06,0.0005163646094550098,0.0003765413784673874,1.3135179706526775e-05
280,0,daughter,,False,4.305570813246149e-05,7.967300986103147e-06,2.840974294610978e-06,5.255395707074638e-07,4.908661889889002e-06,1.1125607488784412e-06,0.0005298457955252682,1.0451548051737735e-06,0.00023495794751787928,0.010158002718213734,0.00035936025814200905,0.0005465467242453664,2.3782205064034188e-05,7.967300986103147e-06,5.255395707074638e-07,1.1125607488784412e-06,0.00023495794751787928,1.0451548051737735e-06,0.0005298457955252682,0.00035936025814200905,2.3782205064034188e-05
280,1,daughter,,False,8.167381046669487e-05,1.1061159714638084e-05,4.908661889889002e-06,5.093705003229987e-07,2.2827997192887966e-06,8.139692624947503e-07,0.0005636644075704571,2.710880136557205e-06,0.00024581038595077964,0.0030536424941330197,0.0003376612381739501,0.0005156936737338665,1.7400543552708932e-05,1.1061159714638084e-05,5.093705003229987e-07,8.139692624947503e-07,0.00024581038595077964,2.710880136557205e-06,0.0005636644075704571,0.0003376612381739501,1.7400543552708932e-05
280,2,daughter,,False,1.3765463368900109e-05,1.5689549727726036e-06,7.411279871974134e-07,8.579235380478509e-08,9.223470110117277e-07,1.816222403812674e-07,0.00047705281867000977,6.339210403977636e-07,0.0002310764341461493,0.00013045066466158166,4.173157606777201e-05,9.610241549947397e-06,3.321419494792514e-06,1.5689549727726036e-06,8.579235380478509e-08,1.816222403812674e-07,0.0002310764341461493,6.339210403977636e-07,0.00047705281867000977,4.173157606777201e-05,3.321419494792514e-06
281,0,son,,False,7.096703991005882e-05,7.602479448313689e-06,2.5071593847983196e-06,5.093705003229987e-07,5.225226840386988e-06,1.2606946239951315e-06,0.0005615566377521951,3.705296977158347e-06,0.00026064009985893153,0.010312410400820201,0.00021489492836254285,0.0005424428555526953,2.2693385749600554e-05,7.602479448313689e-06,5.093705003229987e-07,1.2606946239951315e-06,0.00026064009985893153,3.705296977158347e-06,0.0005615566377521951,0.00021489492836254285,2.2693385749600554e-05
281,1,son,,False,0.0006692833527513213,2.6947915555885546e-05,8.349627818261147e-06,1.5689549727726036e-06,3.7636447180974406e-06,1.8925148246037342e-06,0.000559000652995595,3.169325442919291e-06,0.00023837750867635168,0.019468534921721643,0.00020190139004485808,0.01613648719075861,0.0015692771162518187,2.6947915555885546e-05,1.5689549727726036e-06,1.8925148246037342e-06,0.00023837750867635168,3.169325442919291e-06,0.000559000652995595,0.00020190139004485808,0.0015692771162518187
281,2,son,,False,2.95957113513077e-05,3.321419494792514e-06,2.01456908529364e-06,2.8130174840733105e-07,1.8925148246037342e-06,4.936988949458183e-07,0.0005008654260033248,9.516251694168764e-07,0.0002233150331012493,0.0027568755852843594,0.00017274586267297022,0.0004909157246515137,7.484622751061123e-06,3.321419494792514e-06,2.8130174840733105e-07,4.936988949458183e-07,0.0002233150331012493,9.516251694168764e-07,0.0005008654260033248,0.00017274586267297022,7.484622751061123e-06
282,0,child,,False,0.0007200331438843955,1.7130819343483194e-05,9.170196905195049e-06,8.939696304799168e-07,3.024195853395102e-06,1.4738981974494932e-06,0.0005006106934840828,1.5446309562386385e-06,0.0002167744747109176,0.0008935216182967705,3.8596609058077356e-05,0.0011435787590044176,1.8522574326531083e-05,1.7130819343483194e-05,8.939696304799168e-07,1.4738981974494932e-06,0.0002167744747109176,1.5446309562386385e-06,0.0005006106934840828,3.8596609058077356e-05,1.8522574326531083e-05
282,1,child,,False,4.8785712278226595e-05,6.605214485464791e-06,2.7535691114583474e-06,4.936988949458183e-07,3.169325442919291e-06,1.8342893327886845e-06,0.0005797890836989044,3.0718185454758057e-06,0.00023942516893991257,0.002809879477103823,5.112579049909173e-05,0.0005616997185942735,2.1654404989510328e-05,6.605214485464791e-06,4.936988949458183e-07,1.8342893327886845e-06,0.00023942516893991257,3.0718185454758057e-06,0.0005797890836989044,5.112579049909173e-05,2.1654404989510328e-05
282,2,child,,False,1.8814207550495463e-05,2.586743108135441e-06,1.0129990980873922e-06,1.4144759985825914e-07,1.7778551863194697e-06,4.936988949458183e-07,0.00046473488269551934,8.398072034951531e-07,0.0002154336363883092,0.002830243962961898,0.0002217013022947387,1.3765463368900109e-05,8.220189478350845e-06,2.586743108135441e-06,1.4144759985825914e-07,4.936988949458183e-07,0.0002154336363883092,8.398072034951531e-07,0.00046473488269551934,0.0002217013022947387,8.220189478350845e-06
283,0,daughter,,False,3.1015598671268335e-05,7.722191834067996e-06,2.6688529572628562e-06,4.6378732973537256e-07,1.9525885208642222e-06,8.398072034951531e-07,0.0005134204802698263,2.1112482331487175e-06,0.00022303674997692745,0.010274996187545843,0.0003298651257832941,0.000565024317150732,3.150386940813393e-05,7.722191834067996e-06,4.6378732973537256e-07,8.398072034951531e-07,0.00022303674997692745,2.1112482331487175e-06,0.0005134204802698263,0.0003298651257832941,3.150386940813393e-05
283,1,daughter,,False,1.5118199327273332e-05,2.2827997192887966e-06,1.5689549727726036e-06,1.816222403812674e-07,1.0783312222985275e-06,3.1875652166284776e-07,0.00045935913472730375,4.936988949458183e-07,5.064471653194114e-06,0.002851410837716049,0.00028009269671209737,0.0004883566612863065,1.3135179706526775e-05,2.2827997192887966e-06,1.816222403812674e-07,3.1875652166284776e-07,5.064471653194114e-06,4.936988949458183e-07,0.00045935913472730375,0.00028009269671209737,1.3135179706526775e-05
283,2,daughter,,False,8.040859356292355e-05,9.610241549947397e-06,3.7636447180974406e-06,4.495181578513688e-07,1.6187581436151335e-06,4.356879983467376e-07,0.000481855155257204,1.4064044342149064e-06,0.0002142503208503807,0.0027941453403890646,0.00016229670614688406,0.0005957051194471736,2.453694805426225e-05,9.610241549947397e-06,4.495181578513688e-07,4.356879983467376e-07,0.0002142503208503807,1.4064044342149064e-06,0.000481855155257204,0.00016229670614688406,2.453694805426225e-05
284,0,son,,False,0.008718966198915106,0.0011869553242477258,2.7803096387751555e-05,7.843789122138342e-06,1.442598644847886e-05,1.0391067562761452e-05,0.0004925154416755756,3.822911232549001e-06,0.00023360304396588728,0.019880268624754036,0.0004038591571505557,0.1842641659552668,0.001606393855196758,0.0011869553242477258,7.843789122138342e-06,1.0391067562761452e-05,0.00023360304396588728,3.822911232549001e-06,0.0004925154416755756,0.0004038591571505557,0.001606393855196758
284,1,son,,False,3.8596609058077356e-05,5.475976980449466e-06,2.840974294610978e-06,6.748051590048605e-07,1.4738981974494932e-06,6.962256250138369e-07,0.0005018943519102321,8.139692624947503e-07,0.00021512380222681108,0.010197563316236873,0.00014550629385328434,0.0011571599312536706,4.108485376346404e-05,5.475976980449466e-06,6.748051590048605e-07,6.962256250138369e-07,0.00021512380222681108,8.139692624947503e-07,0.0005018943519102321,0.00014550629385328434,4.108485376346404e-05
284,2,son,,False,5.0333557545281144e-05,8.61465062380632e-06,3.321419494792514e-06,7.889262586245034e-07,3.8831109868779005e-06,1.8342893327886845e-06,0.000507567673555863,1.363134508591315e-06,0.00021849741587309833,0.02102311084576229,0.0006850480026644968,0.0011488846913063758,3.0534893211185946e-05,8.61465062380632e-06,7.889262586245034e-07,1.8342893327886845e-06,0.00021849741587309833,1.363134508591315e-06,0.000507567673555863,0.0006850480026644968,3.0534893211185946e-05
285,0,child,,False,0.0006550185868397556,2.0988308820313112e-05,8.888084683809127e-06,1.5936620247162786e-06,7.2543618230189156e-06,3.8831109868779005e-06,0.0005580256745107843,2.2474089854291757e-06,0.00023736206057396741,0.01960888153610577,5.4421326243255744e-05,0.0013034453257005688,2.0662982488383408e-05,2.0988308820313112e-05,1.5936620247162786e-06,3.8831109868779005e-06,0.00023736206057396741,2.2474089854291757e-06,0.0005580256745107843,5.4421326243255744e-05,2.0662982488383408e-05
285,1,child,,False,4.305570813246149e-05,3.535625074174432e-06,2.5071593847983196e-06,3.089494448007139e-07,9.223470110117277e-07,4.495181578513688e-07,0.00047938840401504903,8.267873072601938e-07,0.0002117642425769555,5.792916699214217e-05,5.307507822667365e-06,0.0005278198317882314,1.15919343186331e-05,3.535625074174432e-06,3.089494448007139e-07,4.495181578513688e-07,0.0002117642425769555,8.267873072601938e-07,0.00047938840401504903,5.307507822667365e-06,1.15919343186331e-05
285,2,child,,False,0.0006171838133138746,1.0391067562761452e-05,6.814872211615988e-06,7.411279871974134e-07,6.10885510164857e-06,1.7778551863194697e-06,0.00047453526696982607,1.1300808333434096e-06,0.00021439027518160267,0.00017274586267297022,6.263341581094202e-05,0.0005794095367164778,2.1654404989510328e-05,1.0391067562761452e-05,7.411279871974134e-07,1.7778551863194697e-06,0.00021439027518160267,1.1300808333434096e-06,0.00047453526696982607,6.263341581094202e-05,2.1654404989510328e-05
286,0,daughter,,False,4.955359475635505e-05,1.0720880092159908e-05,4.400118457925303e-06,1.0783312222985275e-06,3.6478537675800286e-06,1.3420013504783412e-06,0.0005332189102820234,1.1478768127080353e-06,0.0002263505449868847,0.010211160378759361,0.0003027835024568379,0.0011780402186782639,3.682979260160596e-05,1.0720880092159908e-05,1.0783312222985275e-06,1.3420013504783412e-06,0.0002263505449868847,1.1478768127080353e-06,0.0005332189102820234,0.0003027835024568379,3.682979260160596e-05
286,1,daughter,,False,2.6119031909571944e-05,4.264746818557914e-06,1.8925148246037342e-06,2.1907815825757866e-07,2.1444948420913954e-06,6.339210403977636e-07,0.0004816744542579805,1.1659530314852966e-06,0.00021713669539495865,0.0008704335119750585,0.00014550629385328434,0.00048297182378774457,1.2731104162213555e-05,4.264746818557914e-06,2.1907815825757866e-07,6.339210403977636e-07,0.00021713669539495865,1.1659530314852966e-06,0.0004816744542579805,0.00014550629385328434,1.2731104162213555e-05
286,2,daughter,,False,4.583129006350382e-05,4.683888424952456e-06,3.120191139396651e-06,2.994440981371515e-07,1.7502925788778209e-06,4.78509449489012e-07,0.0005003569527817763,1.5206840370677115e-06,0.0002227627797192805,0.003024826125706131,0.00010987310729246431,0.0005130006664921807,1.971694219622292e-05,4.683888424952456e-06,2.994440981371515e-07,4.78509449489012e-07,0.0002227627797192805,1.5206840370677115e-06,0.0005003569527817763,0.00010987310729246431,1.971694219622292e-05
287,0,son,,False,3.150386940813393e-05,5.475976980449466e-06,1.8342893327886845e-06,3.3931448129766124e-07,2.840974294610978e-06,7.183260399857925e-07,0.0005668281678807696,2.7535691114583474e-06,0.0002202460844238597,0.0027568755852843594,0.00011513995656772139,0.000565024317150732,2.868540823874629e-05,5.475976980449466e-06,3.3931448129766124e-07,7.183260399857925e-07,0.0002202460844238597,2.7535691114583474e-06,0.0005668281678807696,0.00011513995656772139,2.868540823874629e-05
287,1,son,,False,6.563728324346652e-05,9.028039015031105e-06,2.931153855960119e-06,4.936988949458183e-07,2.6688529572628562e-06,7.183260399857925e-07,0.0005262341275392092,2.0462932829931794e-06,0.00022096026380031539,0.019350737161114014,0.00029810327298548977,0.0006166373412799071,5.0333557545281144e-05,9.028039015031105e-06,4.936988949458183e-07,7.183260399857925e-07,0.00022096026380031539,2.0462932829931794e-06,0.0005262341275392092,0.00029810327298548977,5.0333557545281144e-05
287,2,son,,False,0.0007222753863223796,1.6865275398914433e-05,4.108485376346404e-05,2.01456908529364e-06,3.024195853395102e-06,1.3420013504783412e-06,0.00048332643359647655,1.0451548051737735e-06,0.00022120585807682417,0.0196317288104485,0.0005469274598698992,0.0005584771959849743,2.3782205064034188e-05,1.6865275398914433e-05,2.01456908529364e-06,1.3420013504783412e-06,0.00022120585807682417,1.0451548051737735e-06,0.00048332643359647655,0.0005469274598698992,2.3782205064034188e-05
288,0,child,,False,0.0005617480965584138,2.6947915555885546e-05,3.4808121961114687e-06,1.3420013504783412e-06,4.683888424952456e-06,1.8342893327886845e-06,0.0005123630051727004,1.4971083692627422e-06,0.00021891431472897835,0.010282364805175475,0.00017821963223663923,0.010178785450642876,4.8785712278226595e-05,2.6947915555885546e-05,1.3420013504783412e-06,1.8342893327886845e-06,0.00021891431472897835,1.4971083692627422e-06,0.0005123630051727004,0.00017821963223663923,4.8785712278226595e-05
288,1,child,,False,0.0006115369167816561,3.9204178923762816e-05,6.502816785764437e-06,2.1112482331487175e-06,5.829126566113866e-06,2.627477314480822e-06,0.0005946464709359438,1.7778551863194697e-06,0.00022989918422083383,0.0028428458272168377,5.9766937110286536e-05,0.08284713598087162,0.0023951302232741774,3.9204178923762816e-05,2.1112482331487175e-06,2.627477314480822e-06,0.00022989918422083383,1.7778551863194697e-06,0.0005946464709359438,5.9766937110286536e-05,0.0023951302232741774
288,2,child,,False,0.0006602641499937108,1.3552078562406772e-05,3.5913010679499402e-06,4.78509449489012e-07,1.4738981974494932e-06,4.356879983467376e-07,0.0005034681604106033,1.2411496080609794e-06,0.000223597696961234,6.563728324346652e-05,3.6478537675800286e-06,0.0006141640084130724,1.0554685795431098e-05,1.3552078562406772e-05,4.78509449489012e-07,4.356879983467376e-07,0.000223597696961234,1.2411496080609794e-06,0.0005034681604106033,3.6478537675800286e-06,1.0554685795431098e-05
289,0,daughter,,False,6.166297347617125e-05,1.1061159714638084e-05,4.53978687024344e-06,8.398072034951531e-07,4.61127481426412e-06,1.7231572752142392e-06,0.0005217446467705822,1.6442494559854523e-06,0.00022303674997692745,0.020673151298573715,0.0006957608807376379,0.0005873034565397543,2.6947915555885546e-05,1.1061159714638084e-05,8.398072034951531e-07,1.7231572752142392e-06,0.00022303674997692745,1.6442494559854523e-06,0.0005217446467705822,0.0006957608807376379,2.6947915555885546e-05
289,1,daughter,,False,7.793660930208434e-05,8.220189478350845e-06,8.61465062380632e-06,6.540437226933637e-07,2.2474089854291757e-06,8.398072034951531e-07,0.0005009931654036166,1.2219076020491008e-06,0.0002202460844238597,0.003041982713740955,0.0003027835024568379,0.0005684542178624818,2.3782205064034188e-05,8.220189478350845e-06,6.540437226933637e-07,8.398072034951531e-07,0.0002202460844238597,1.2219076020491008e-06,0.0005009931654036166,0.0003027835024568379,2.3782205064034188e-05
289,2,daughter,,False,0.0007337515861650474,7.722191834067996e-06,7.484622751061123e-06,3.1875652166284776e-07,1.1478768127080353e-06,3.84493505874534e-07,0.000468757999308423,1.2606946239951315e-06,0.0002214553186652644,0.0008435169429986132,0.0001064962672055945,0.000510430845712912,1.0889691002655445e-05,7.722191834067996e-06,3.1875652166284776e-07,3.84493505874534e-07,0.0002214553186652644,1.2606946239951315e-06,0.000468757999308423,0.0001064962672055945,1.0889691002655445e-05
290,0,son,,False,5.9766937110286536e-05,9.761566060239504e-06,3.4808121961114687e-06,6.339210403977636e-07,4.1335397768930325e-06,1.7778551863194697e-06,0.0005029394593519703,1.2219076020491008e-06,0.0002233150331012493,0.002965203459775424,0.00023596606820630445,0.0005893550335994887,1.488384825728813e-05,9.761566060239504e-06,6.339210403977636e-07,1.7778551863194697e-06,0.0002233150331012493,1.2219076020491008e-06,0.0005029394593519703,0.00023596606820630445,1.488384825728813e-05
290,1,son,,False,2.453694805426225e-05,3.535625074174432e-06,2.0785170435063726e-06,4.0929110499856e-07,2.97731143841062e-06,1.3846004563753396e-06,0.00045504740472045987,7.646537350121258e-07,0.00021956460018956949,0.0028428458272168377,0.00020829707830458003,0.0004960569708019354,8.220189478350845e-06,3.535625074174432e-06,4.0929110499856e-07,1.3846004563753396e-06,0.00021956460018956949,7.646537350121258e-07,0.00045504740472045987,0.00020829707830458003,8.220189478350845e-06
290,2,son,,False,1.8522574326531083e-05,2.586743108135441e-06,1.0451548051737735e-06,1.602810987828144e-07,2.0785170435063726e-06,6.748051590048605e-07,0.0004642815183884054,6.540437226933637e-07,0.0002154336363883092,0.000924470062878294,9.547317110805593e-05,1.4202364022997911e-05,7.484622751061123e-06,2.586743108135441e-06,1.602810987828144e-07,6.748051590048605e-07,0.0002154336363883092,6.540437226933637e-07,0.0004642815183884054,9.547317110805593e-05,7.484622751061123e-06
291,0,child,,False,2.199533724320648e-05,2.840974294610978e-06,2.01456908529364e-06,1.9333584585546466e-07,2.0785170435063726e-06,5.77192003016332e-07,0.0005413586199002623,2.2827997192887966e-06,0.00022570493397209223,0.000703746720165797,9.110511944006454e-05,1.8814207550495463e-05,8.481104172358076e-06,2.840974294610978e-06,1.9333584585546466e-07,5.77192003016332e-07,0.00022570493397209223,2.2827997192887966e-06,0.0005413586199002623,9.110511944006454e-05,8.481104172358076e-06
291,1,child,,False,0.000583435510218716,1.4653129390717958e-05,2.931153855960119e-06,4.936988949458183e-07,2.586743108135441e-06,1.4285517650093407e-06,0.004656912036074423,3.169325442919291e-06,0.00024775071036594654,5.193048644949271e-05,4.400118457925303e-06,0.010159335753013763,2.234163601827719e-05,1.4653129390717958e-05,4.936988949458183e-07,1.4285517650093407e-06,0.00024775071036594654,3.169325442919291e-06,0.004656912036074423,4.400118457925303e-06,2.234163601827719e-05
291,2,child,,False,8.559006367452268e-05,3.6478537675800286e-06,7.14190139989638e-06,3.726639284186561e-07,1.6187581436151335e-06,6.144174602214718e-07,0.0004895874266528124,1.4510478554719287e-06,0.0002154336363883092,5.112579049909173e-05,9.170196905195049e-06,0.0004936825844797785,9.915273115920183e-06,3.6478537675800286e-06,3.726639284186561e-07,6.144174602214718e-07,0.0002154336363883092,1.4510478554719287e-06,0.0004895874266528124,9.170196905195049e-06,9.915273115920183e-06
292,0,daughter,,False,4.583129006350382e-05,1.4653129390717958e-05,3.8831109868779005e-06,1.3007128466476034e-06,8.481104172358076e-06,2.01456908529364e-06,0.0005359255040937842,1.8058518261159955e-06,0.0002204804354938449,0.019575253788077195,0.0004297938879407239,0.0011435787590044176,3.9204178923762816e-05,1.4653129390717958e-05,1.3007128466476034e-06,2.01456908529364e-06,0.0002204804354938449,1.8058518261159955e-06,0.0005359255040937842,0.0004297938879407239,3.9204178923762816e-05
292,1,daughter,,False,0.0006482122129075596,2.6119031909571944e-05,7.14190139989638e-06,9.516251694168764e-07,4.264746818557914e-06,1.1843139025979655e-06,0.000476568724731206,1.7778551863194697e-06,0.00021789598759221768,0.0030897177774876707,0.00028009269671209737,0.0006001064513491806,1.971694219622292e-05,2.6119031909571944e-05,9.516251694168764e-07,1.1843139025979655e-06,0.00021789598759221768,1.7778551863194697e-06,0.000476568724731206,0.00028009269671209737,1.971694219622292e-05
292,2,daughter,,False,2.868540823874629e-05,4.1335397768930325e-06,3.024195853395102e-06,2.9023119852110973e-07,1.8342893327886845e-06,6.540437226933637e-07,0.0005237884557461967,1.3007128466476034e-06,0.00022914444123060576,0.010477239776896663,0.0003298651257832941,0.00048738768508935855,1.1235328063870752e-05,4.1335397768930325e-06,2.9023119852110973e-07,6.540437226933637e-07,0.00022914444123060576,1.3007128466476034e-06,0.0005237884557461967,0.0003298651257832941,1.1235328063870752e-05
293,0,son,,False,3.250358452365473e-05,3.4268490542555014e-06,1.8925148246037342e-06,2.6425858208426533e-07,2.1782649863110498e-06,4.936988949458183e-07,0.00046372467876705764,7.889262586245034e-07,0.00021411253592723288,0.0007507463408459455,7.554056327295277e-05,0.0004979376456416367,9.915273115920183e-06,3.4268490542555014e-06,2.6425858208426533e-07,4.936988949458183e-07,0.00021411253592723288,7.889262586245034e-07,0.00046372467876705764,7.554056327295277e-05,9.915273115920183e-06
293,1,son,,False,0.0005765709440160247,1.3342001090985438e-05,9.915273115920183e-06,1.0783312222985275e-06,3.4268490542555014e-06,1.0783312222985275e-06,0.0005241337637323174,2.212566909570261e-06,0.0002214553186652644,0.03768120566799784,0.0013020490113842828,0.0005633490590837672,2.6947915555885546e-05,1.3342001090985438e-05,1.0783312222985275e-06,1.0783312222985275e-06,0.0002214553186652644,2.212566909570261e-06,0.0005241337637323174,0.0013020490113842828,2.6947915555885546e-05
293,2,son,,False,3.625900662832244e-05,1.8342893327886845e-06,2.01456908529364e-06,1.0030140882067352e-07,1.0451548051737735e-06,1.7603432133424857e-07,0.0004558265687732626,5.955139348629957e-07,0.0002115672857688723,7.916296072837432e-05,3.4062932773341e-05,8.220189478350845e-06,3.120191139396651e-06,1.8342893327886845e-06,1.0030140882067352e-07,1.7603432133424857e-07,0.0002115672857688723,5.955139348629957e-07,0.0004558265687732626,3.4062932773341e-05,3.120191139396651e-06
294,0,child,,False,3.9821309061635425e-05,4.53978687024344e-06,2.796930302582677e-06,3.288749065460498e-07,1.7778551863194697e-06,5.77192003016332e-07,0.0004966672729750374,1.0289513485400628e-06,0.00021527750928249177,0.00016484829418512883,2.234163601827719e-05,0.0004999085000106341,1.6865275398914433e-05,4.53978687024344e-06,3.288749065460498e-07,5.77192003016332e-07,0.00021527750928249177,1.0289513485400628e-06,0.0004966672729750374,2.234163601827719e-05,1.6865275398914433e-05
294,1,child,,False,0.0007134099812571142,0.0007833514929561441,1.6346470245419304e-05,4.98595821272702e-06,9.314593042575101e-06,7.2543618230189156e-06,0.0005087019971338281,2.796930302582677e-06,0.00023360304396588728,0.020771555435745475,0.0007755536780847568,0.0825490932815271,0.0015718675366607645,0.0007833514929561441,4.98595821272702e-06,7.2543618230189156e-06,0.00023360304396588728,2.796930302582677e-06,0.0005087019971338281,0.0007755536780847568,0.0015718675366607645
294,2,child,,False,5.7031570707833595e-05,9.170196905195049e-06,3.4808121961114687e-06,3.500854414401442e-07,1.4285517650093407e-06,5.093705003229987e-07,0.0005436553962403013,1.8342893327886845e-06,0.00023495794751787928,0.0007661644959617213,6.46203290719727e-05,0.0011462110697769345,2.0988308820313112e-05,9.170196905195049e-06,3.500854414401442e-07,5.093705003229987e-07,0.00023495794751787928,1.8342893327886845e-06,0.0005436553962403013,6.46203290719727e-05,2.0988308820313112e-05
295,0,daughter,,False,7.916296072837432e-05,1.3552078562406772e-05,3.822911232549001e-06,9.516251694168764e-07,4.400118457925303e-06,1.3846004563753396e-06,0.0005158924645306655,1.6442494559854523e-06,0.00024277179663959579,0.010433640888789751,0.00043653261113939663,0.0005832949863420954,3.4062932773341e-05,1.3552078562406772e-05,9.516251694168764e-07,1.3846004563753396e-06,0.00024277179663959579,1.6442494559854523e-06,0.0005158924645306655,0.00043653261113939663,3.4062932773341e-05
295,1,daughter,,False,6.166297347617125e-05,1.2533751425646102e-05,4.006369222920725e-06,9.516251694168764e-07,4.264746818557914e-06,2.01456908529364e-06,0.0005449290924233987,2.2474089854291757e-06,0.00021956460018956949,0.02120360032220091,0.0007518718061432194,0.0012121048968397102,4.442183589214344e-05,1.2533751425646102e-05,9.516251694168764e-07,2.01456908529364e-06,0.00021956460018956949,2.2474089854291757e-06,0.0005449290924233987,0.0007518718061432194,4.442183589214344e-05
295,2,daughter,,False,2.4923252458203565e-05,3.4268490542555014e-06,1.8925148246037342e-06,1.6536895860212648e-07,1.5936620247162786e-06,2.994440981371515e-07,0.0006035780411064288,2.1112482331487175e-06,0.00026606979421072254,0.0008234381138183805,0.00011879054941163418,1.3765463368900109e-05,8.220189478350845e-06,3.4268490542555014e-06,1.6536895860212648e-07,2.994440981371515e-07,0.00026606979421072254,2.1112482331487175e-06,0.0006035780411064288,0.00011879054941163418,8.220189478350845e-06
296,0,son,,False,0.0005414888098175762,9.314593042575101e-06,9.170196905195049e-06,6.339210403977636e-07,2.355261854303796e-06,1.1478768127080353e-06,0.0004790468850690059,1.4064044342149064e-06,0.00021467682920914668,0.0518365080798966,0.0004070137715896128,0.0005411170227538132,1.2731104162213555e-05,9.314593042575101e-06,6.339210403977636e-07,1.1478768127080353e-06,0.00021467682920914668,1.4064044342149064e-06,0.0004790468850690059,0.0004070137715896128,1.2731104162213555e-05
296,1,son,,False,1.7400543552708932e-05,2.2827997192887966e-06,1.5689549727726036e-06,2.6425858208426533e-07,2.7535691114583474e-06,6.540437226933637e-07,0.0004911950427828109,9.516251694168764e-07,0.00021384334033892964,0.0028428458272168377,0.0003565736662361027,2.0662982488383408e-05,1.0889691002655445e-05,2.2827997192887966e-06,2.6425858208426533e-07,6.540437226933637e-07,0.00021384334033892964,9.516251694168764e-07,0.0004911950427828109,0.0003565736662361027,1.0889691002655445e-05
296,2,son,,False,0.0006087787255549655,3.4062932773341e-05,1.0071400221737608e-05,2.710880136557205e-06,4.757645425657629e-06,3.6478537675800286e-06,0.011985854189258587,0.00021221394297262693,0.0002809027994395243,0.019369630193220477,9.697519677825862e-05,0.12855857755655611,0.005482924357190793,3.4062932773341e-05,2.710880136557205e-06,3.6478537675800286e-06,0.0002809027994395243,0.00021221394297262693,0.011985854189258587,9.697519677825862e-05,0.005482924357190793
297,0,child,,False,5.193048644949271e-05,3.321419494792514e-06,2.1444948420913954e-06,2.994440981371515e-07,1.7231572752142392e-06,8.939696304799168e-07,0.00047624913019932136,6.339210403977636e-07,5.649793328376294e-06,6.361912109467577e-05,4.400118457925303e-06,0.0005493912805431325,1.442598644847886e-05,3.321419494792514e-06,2.994440981371515e-07,8.939696304799168e-07,5.649793328376294e-06,6.339210403977636e-07,0.00047624913019932136,4.400118457925303e-06,1.442598644847886e-05
297,1,child,,False,8.426423087564058e-05,9.761566060239504e-06,4.683888424952456e-06,9.516251694168764e-07,3.120191139396651e-06,1.7778551863194697e-06,0.0005345629746103697,2.2827997192887966e-06,0.0002270166411560819,0.020138364280079025,5.614787461400803e-05,0.001154358460870045,3.0534893211185946e-05,9.761566060239504e-06,9.516251694168764e-07,1.7778551863194697e-06,0.0002270166411560819,2.2827997192887966e-06,0.0005345629746103697,5.614787461400803e-05,3.0534893211185946e-05
297,2,child,,False,0.0007200331438843955,2.2693385749600554e-05,5.225226840386988e-06,8.939696304799168e-07,3.024195853395102e-06,1.3846004563753396e-06,0.0005423965071506443,2.5466403947055455e-06,0.00023736206057396741,0.00015247863912257493,1.141223854434603e-05,0.010156181138574706,1.8522574326531083e-05,2.2693385749600554e-05,8.939696304799168e-07,1.3846004563753396e-06,0.00023736206057396741,2.5466403947055455e-06,0.0005423965071506443,1.141223854434603e-05,1.8522574326531083e-05
298,0,daughter,,False,4.655269187520153e-05,7.484622751061123e-06,2.6688529572628562e-06,4.222833444659923e-07,3.321419494792514e-06,7.411279871974134e-07,0.0005117651833782575,2.3923509443082866e-06,0.0002207184759315317,0.02120360032220091,0.0014281933925111155,0.0004985843679459446,3.250358452365473e-05,7.484622751061123e-06,4.222833444659923e-07,7.411279871974134e-07,0.0002207184759315317,2.3923509443082866e-06,0.0005117651833782575,0.0014281933925111155,3.250358452365473e-05
298,1,daughter,,False,3.250358452365473e-05,5.829126566113866e-06,1.8342893327886845e-06,4.78509449489012e-07,4.469407144215697e-06,1.2219076020491008e-06,0.00048621199923766566,8.013499398837462e-07,0.000223597696961234,0.00016743993037101191,8.830458477845481e-05,0.0005493912805431325,1.2731104162213555e-05,5.829126566113866e-06,4.78509449489012e-07,1.2219076020491008e-06,0.000223597696961234,8.013499398837462e-07,0.00048621199923766566,8.830458477845481e-05,1.2731104162213555e-05
298,2,daughter,,False,0.000606063147217987,1.8522574326531083e-05,1.1061159714638084e-05,1.3007128466476034e-06,3.7636447180974406e-06,1.0129990980873922e-06,0.0005003569527817763,2.355261854303796e-06,0.0002233150331012493,0.020063133943110382,0.00041987952714718686,0.0005289365944662937,1.2731104162213555e-05,1.8522574326531083e-05,1.3007128466476034e-06,1.0129990980873922e-06,0.0002233150331012493,2.355261854303796e-06,0.0005003569527817763,0.00041987952714718686,1.2731104162213555e-05
299,0,son,,False,2.1654404989510328e-05,2.840974294610978e-06,2.4300240743279605e-06,3.1875652166284776e-07,1.9833367060283617e-06,7.411279871974134e-07,0.0005241337637323174,1.4971083692627422e-06,0.00023316533255432313,0.00016484829418512883,8.295891883591029e-05,0.0004909157246515137,7.967300986103147e-06,2.840974294610978e-06,3.1875652166284776e-07,7.411279871974134e-07,0.00023316533255432313,1.4971083692627422e-06,0.0005241337637323174,8.295891883591029e-05,7.967300986103147e-06
299,1,son,,False,0.0006033895256885456,2.0027376671813928e-05,2.7535691114583474e-06,6.144174602214718e-07,2.355261854303796e-06,1.0783312222985275e-06,0.000498117286778684,2.1444948420913954e-06,0.00022805562191617214,0.00011513995656772139,5.225226840386988e-06,0.010307814451793261,2.95957113513077e-05,2.0027376671813928e-05,6.144174602214718e-07,1.0783312222985275e-06,0.00022805562191617214,2.1444948420913954e-06,0.000498117286778684,5.225226840386988e-06,2.95957113513077e-05
299,2,son,,False,5.357805383473943e-05,7.14190139989638e-06,3.535625074174432e-06,5.422218970016178e-07,2.5071593847983196e-06,9.818326983657703e-07,0.0004938671167868664,1.6964426510543331e-06,0.00021751041144712992,0.020216469146194235,0.00055982486146599,0.0005245722151820294,2.234163601827719e-05,7.14190139989638e-06,5.422218970016178e-07,9.818326983657703e-07,0.00021751041144712992,1.6964426510543331e-06,0.0004938671167868664,0.00055982486146599,2.234163601827719e-05
300,0,child,,False,0.0005597594790089396,8.888084683809127e-06,7.0311842669149565e-06,7.183260399857925e-07,2.4300240743279605e-06,8.664653147910923e-07,0.0004894819157773981,1.2805474213228684e-06,0.00022222751156548602,0.019575253788077195,0.0002199798043691517,0.0005096006331304874,1.6346470245419304e-05,8.888084683809127e-06,7.183260399857925e-07,8.664653147910923e-07,0.00022222751156548602,1.2805474213228684e-06,0.0004894819157773981,0.0002199798043691517,1.6346470245419304e-05
300,1,child,,False,0.0007222753863223796,2.653023768982879e-05,1.4653129390717958e-05,2.1782649863110498e-06,9.915273115920183e-06,4.98595821272702e-06,0.0005683743554198099,3.321419494792514e-06,0.0002581100774188864,0.010297272518613728,9.850082967450695e-05,0.010274334550779989,3.9821309061635425e-05,2.653023768982879e-05,2.1782649863110498e-06,4.98595821272702e-06,0.0002581100774188864,3.321419494792514e-06,0.0005683743554198099,9.850082967450695e-05,3.9821309061635425e-05
300,2,child,,False,0.0005521078339566511,7.0311842669149565e-06,4.006369222920725e-06,4.222833444659923e-07,1.9525885208642222e-06,8.139692624947503e-07,0.0005154230735683692,1.2805474213228684e-06,0.00022447266775434924,0.0008383797509002126,6.563728324346652e-05,0.0005335820331640444,1.535623976496012e-05,7.0311842669149565e-06,4.222833444659923e-07,8.139692624947503e-07,0.00022447266775434924,1.2805474213228684e-06,0.0005154230735683692,6.563728324346652e-05,1.535623976496012e-05
301,0,daughter,,False,5.7031570707833595e-05,7.0311842669149565e-06,3.7636447180974406e-06,5.422218970016178e-07,3.7636447180974406e-06,9.516251694168764e-07,0.0005128144417801662,2.88571183887091e-06,0.0002344992422345146,0.019575253788077195,0.00040072889459113846,0.0005048825150668042,1.7952796934677738e-05,7.0311842669149565e-06,5.422218970016178e-07,9.516251694168764e-07,0.0002344992422345146,2.88571183887091e-06,0.0005128144417801662,0.00040072889459113846,1.7952796934677738e-05
301,1,daughter,,False,5.112579049909173e-05,4.832563818725537e-06,2.931153855960119e-06,2.72647027069593e-07,1.1478768127080353e-06,3.500854414401442e-07,0.000544715774106057,1.5936620247162786e-06,0.00022668099229563676,0.0007911659505451469,6.46203290719727e-05,0.0004966741009398081,9.314593042575101e-06,4.832563818725537e-06,2.72647027069593e-07,3.500854414401442e-07,0.00022668099229563676,1.5936620247162786e-06,0.000544715774106057,6.46203290719727e-05,9.314593042575101e-06
301,2,daughter,,False,3.3015272509780104e-05,5.475976980449466e-06,1.4738981974494932e-06,2.561282210758673e-07,2.931153855960119e-06,5.255395707074638e-07,0.0004996016430842948,1.7231572752142392e-06,0.000218704237257557,0.000924470062878294,0.00010817152527255935,0.0005245722151820294,1.7952796934677738e-05,5.475976980449466e-06,2.561282210758673e-07,5.255395707074638e-07,0.000218704237257557,1.7231572752142392e-06,0.0004996016430842948,0.00010817152527255935,1.7952796934677738e-05
302,0,son,,False,0.0008309400819925469,0.000764134176979379,1.1061159714638084e-05,2.5071593847983196e-06,1.6346470245419304e-05,8.481104172358076e-06,0.004693953150028695,5.064471653194114e-06,0.00024581038595077964,0.0008234381138183805,5.0333557545281144e-05,0.016053900477043873,6.361912109467577e-05,0.000764134176979379,2.5071593847983196e-06,8.481104172358076e-06,0.00024581038595077964,5.064471653194114e-06,0.004693953150028695,5.0333557545281144e-05,6.361912109467577e-05
302,1,son,,False,5.7031570707833595e-05,1.442598644847886e-05,3.6478537675800286e-06,6.339210403977636e-07,4.198630823683514e-06,1.5689549727726036e-06,0.004746856978175153,4.198630823683514e-06,0.0002581100774188864,0.000703746720165797,6.986756664856784e-05,0.016018507558324825,0.0015787084252251885,1.442598644847886e-05,6.339210403977636e-07,1.5689549727726036e-06,0.0002581100774188864,4.198630823683514e-06,0.004746856978175153,6.986756664856784e-05,0.0015787084252251885
302,2,son,,False,8.426423087564058e-05,1.3135179706526775e-05,4.069457790466838e-06,7.183260399857925e-07,2.6688529572628562e-06,9.818326983657703e-07,0.00467673047643392,4.400118457925303e-06,0.0002323101517224571,0.010170987564578925,6.361912109467577e-05,0.010131805403428543,5.0333557545281144e-05,1.3135179706526775e-05,7.183260399857925e-07,9.818326983657703e-07,0.0002323101517224571,4.400118457925303e-06,0.00467673047643392,6.361912109467577e-05,5.0333557545281144e-05
303,0,child,,False,0.0006259907508777644,2.0027376671813928e-05,1.0391067562761452e-05,1.8631746484712008e-06,5.144221374220898e-06,2.4300240743279605e-06,0.0006024347903144326,5.391084403253366e-06,0.000245183545228207,0.01939851507928994,6.46203290719727e-05,0.010153050876015288,3.8596609058077356e-05,2.0027376671813928e-05,1.8631746484712008e-06,2.4300240743279605e-06,0.000245183545228207,5.391084403253366e-06,0.0006024347903144326,6.46203290719727e-05,3.8596609058077356e-05
303,1,child,,False,8.426423087564058e-05,1.3342001090985438e-05,4.98595821272702e-06,9.666109404131067e-07,3.4268490542555014e-06,1.670142184809518e-06,0.0005672130222110198,1.7231572752142392e-06,0.00021934444373130447,0.0007067749478525128,1.5843621910252592e-05,0.02302957246214866,0.0015861041354596308,1.3342001090985438e-05,9.666109404131067e-07,1.670142184809518e-06,0.00021934444373130447,1.7231572752142392e-06,0.0005672130222110198,1.5843621910252592e-05,0.0015861041354596308
303,2,child,,False,3.9204178923762816e-05,5.475976980449466e-06,2.586743108135441e-06,2.9023119852110973e-07,2.796930302582677e-06,7.411279871974134e-07,0.00048258505277662156,1.2606946239951315e-06,0.00022222751156548602,0.01948923501667421,0.0004645557549716042,0.00048738768508935855,6.814872211615988e-06,5.475976980449466e-06,2.9023119852110973e-07,7.411279871974134e-07,0.00022222751156548602,1.2606946239951315e-06,0.00048258505277662156,0.0004645557549716042,6.814872211615988e-06
304,0,daughter,,False,7.793660930208434e-05,1.6346470245419304e-05,3.4808121961114687e-06,5.093705003229987e-07,4.61127481426412e-06,1.2606946239951315e-06,0.01021729847227764,0.000214407938766389,0.00036765894231345565,0.002924908581036187,0.00010005044009099887,0.001165830836081277,1.535623976496012e-05,1.6346470245419304e-05,5.093705003229987e-07,1.2606946239951315e-06,0.00036765894231345565,0.000214407938766389,0.01021729847227764,0.00010005044009099887,1.535623976496012e-05
304,1,daughter,,False,3.8596609058077356e-05,1.1061159714638084e-05,1.8925148246037342e-06,5.422218970016178e-07,2.931153855960119e-06,1.0451548051737735e-06,0.0005324590677460005,2.2474089854291757e-06,0.00022170870641199087,0.06529531430232809,0.002442309005410721,0.0005893550335994887,3.8596609058077356e-05,1.1061159714638084e-05,5.422218970016178e-07,1.0451548051737735e-06,0.00022170870641199087,2.2474089854291757e-06,0.0005324590677460005,0.002442309005410721,3.8596609058077356e-05
304,2,daughter,,False,5.0333557545281144e-05,8.61465062380632e-06,4.757645425657629e-06,5.093705003229987e-07,2.1112482331487175e-06,8.398072034951531e-07,0.0004933000708259083,1.2219076020491008e-06,0.00021809334032878513,0.010132624023293487,0.0003172682842485189,0.0005437895311587944,2.5315637215092633e-05,8.61465062380632e-06,5.093705003229987e-07,8.398072034951531e-07,0.00021809334032878513,1.2219076020491008e-06,0.0004933000708259083,0.0003172682842485189,2.5315637215092633e-05
305,0,son,,False,4.655269187520153e-05,3.2192334497037803e-06,2.5071593847983196e-06,2.6425858208426533e-07,1.3846004563753396e-06,5.77192003016332e-07,0.0004804291020575482,1.0451548051737735e-06,0.00021849741587309833,8.295891883591029e-05,7.2543618230189156e-06,0.0005048825150668042,1.3552078562406772e-05,3.2192334497037803e-06,2.6425858208426533e-07,5.77192003016332e-07,0.00021849741587309833,1.0451548051737735e-06,0.0004804291020575482,7.2543618230189156e-06,1.3552078562406772e-05
305,1,son,,False,1.4202364022997911e-05,1.4738981974494932e-06,1.4285517650093407e-06,1.6536895860212648e-07,1.2411496080609794e-06,4.0929110499856e-07,0.0004806049333455612,1.1659530314852966e-06,0.00021453243307176662,3.9821309061635425e-05,4.264746818557914e-06,1.9110431587777674e-05,7.484622751061123e-06,1.4738981974494932e-06,1.6536895860212648e-07,4.0929110499856e-07,0.00021453243307176662,1.1659530314852966e-06,0.0004806049333455612,4.264746818557914e-06,7.484622751061123e-06
305,2,son,,False,5.4421326243255744e-05,6.014151777699533e-06,3.7636447180974406e-06,3.84493505874534e-07,2.0785170435063726e-06,7.889262586245034e-07,0.0005135727299760099,1.4064044342149064e-06,0.0002219660831203052,0.019690384944210562,0.0003884476548765806,0.000510430845712912,1.8522574326531083e-05,6.014151777699533e-06,3.84493505874534e-07,7.889262586245034e-07,0.0002219660831203052,1.4064044342149064e-06,0.0005135727299760099,0.0003884476548765806,1.8522574326531083e-05
306,0,child,,False,0.0007871258902538706,0.0007590481694864643,1.4202364022997911e-05,3.321419494792514e-06,1.3342001090985438e-05,9.610241549947397e-06,0.004800546495505792,0.0002126730047458992,0.0002564880266656633,0.010450880942532732,8.167381046669487e-05,0.07119262271213145,0.0024246224264761395,0.0007590481694864643,3.321419494792514e-06,9.610241549947397e-06,0.0002564880266656633,0.0002126730047458992,0.004800546495505792,8.167381046669487e-05,0.0024246224264761395
306,1,child,,False,5.527786369235996e-05,5.649793328376294e-06,3.024195853395102e-06,3.84493505874534e-07,1.670142184809518e-06,7.411279871974134e-07,0.0005123630051727004,1.4064044342149064e-06,0.000223597696961234,0.0029704173215561423,2.4923252458203565e-05,0.0005832949863420954,1.6346470245419304e-05,5.649793328376294e-06,3.84493505874534e-07,7.411279871974134e-07,0.000223597696961234,1.4064044342149064e-06,0.0005123630051727004,2.4923252458203565e-05,1.6346470245419304e-05
306,2,child,,False,7.14190139989638e-06,6.144174602214718e-07,8.939696304799168e-07,7.571149413053982e-08,7.411279871974134e-07,1.994729721527057e-07,9.028039015031105e-06,2.0580491096133835e-07,2.212566909570261e-06,0.0009056139344932517,0.0002182716445345181,4.1335397768930325e-06,4.98595821272702e-06,6.144174602214718e-07,7.571149413053982e-08,1.994729721527057e-07,2.212566909570261e-06,2.0580491096133835e-07,9.028039015031105e-06,0.0002182716445345181,4.98595821272702e-06
307,0,daughter,,False,0.0006230092919928882,4.305570813246149e-05,4.757645425657629e-06,2.212566909570261e-06,1.1061159714638084e-05,4.53978687024344e-06,0.000499852431416165,1.8342893327886845e-06,0.000226025218654955,0.01966665560720298,0.000530189486940215,0.023424313438873766,0.0015830764768931798,4.305570813246149e-05,2.212566909570261e-06,4.53978687024344e-06,0.000226025218654955,1.8342893327886845e-06,0.000499852431416165,0.000530189486940215,0.0015830764768931798
307,1,daughter,,False,0.0005597594790089396,1.4653129390717958e-05,7.0311842669149565e-06,1.1843139025979655e-06,4.264746818557914e-06,1.6187581436151335e-06,0.0005426053010428334,4.264746818557914e-06,0.0002410592996703374,0.019458302326364016,0.0003794834220043924,0.0005300709180442588,1.971694219622292e-05,1.4653129390717958e-05,1.1843139025979655e-06,1.6187581436151335e-06,0.0002410592996703374,4.264746818557914e-06,0.0005426053010428334,0.0003794834220043924,1.971694219622292e-05
307,2,daughter,,False,0.0006964846820334749,0.0007904091417418079,1.0229985472581487e-05,3.321419494792514e-06,9.028039015031105e-06,4.53978687024344e-06,0.0005255285393568199,2.4300240743279605e-06,0.00022477355484446784,0.10451027406430946,0.023242287857811322,0.02319400981884638,6.563728324346652e-05,0.0007904091417418079,3.321419494792514e-06,4.53978687024344e-06,0.00022477355484446784,2.4300240743279605e-06,0.0005255285393568199,0.023242287857811322,6.563728324346652e-05
308,0,son,,False,0.0005700198491106524,1.141223854434603e-05,4.908661889889002e-06,3.9054837391123835e-07,2.796930302582677e-06,5.955139348629957e-07,0.010183398473794904,0.00021393274262539145,0.0002785803623326577,0.00017821963223663923,1.0391067562761452e-05,0.0006141640084130724,2.6119031909571944e-05,1.141223854434603e-05,3.9054837391123835e-07,5.955139348629957e-07,0.0002785803623326577,0.00021393274262539145,0.010183398473794904,1.0391067562761452e-05,2.6119031909571944e-05
308,1,son,,False,5.614787461400803e-05,1.1235328063870752e-05,3.321419494792514e-06,4.222833444659923e-07,4.832563818725537e-06,1.0129990980873922e-06,0.004714969617113997,4.1335397768930325e-06,0.00027522980281513944,0.0029756715223842765,0.00017274586267297022,0.0005214731209501454,1.7952796934677738e-05,1.1235328063870752e-05,4.222833444659923e-07,1.0129990980873922e-06,0.00027522980281513944,4.1335397768930325e-06,0.004714969617113997,0.00017274586267297022,1.7952796934677738e-05
308,2,son,,False,0.0008403310561346296,2.1654404989510328e-05,4.469407144215697e-06,6.339210403977636e-07,2.5071593847983196e-06,1.0451548051737735e-06,0.0005867777071565832,2.7535691114583474e-06,0.00026898135726124734,6.361912109467577e-05,4.006369222920725e-06,0.0013111811701143894,1.535623976496012e-05,2.1654404989510328e-05,6.339210403977636e-07,1.0451548051737735e-06,0.00026898135726124734,2.7535691114583474e-06,0.0005867777071565832,4.006369222920725e-06,1.535623976496012e-05
309,0,child,,False,7.096703991005882e-05,8.481104172358076e-06,3.8831109868779005e-06,4.936988949458183e-07,1.0720880092159908e-05,1.1843139025979655e-06,0.0004945549134849281,1.7231572752142392e-06,0.00021956460018956949,0.0007362579817833515,0.00010322310367548195,0.0005156936737338665,1.6346470245419304e-05,8.481104172358076e-06,4.936988949458183e-07,1.1843139025979655e-06,0.00021956460018956949,1.7231572752142392e-06,0.0004945549134849281,0.00010322310367548195,1.6346470245419304e-05
309,1,child,,False,7.67292412858718e-05,8.349627818261147e-06,6.014151777699533e-06,7.889262586245034e-07,3.6478537675800286e-06,1.5689549727726036e-06,0.0005355343110587409,2.5071593847983196e-06,0.00021695417048520467,0.010267683829227305,8.167381046669487e-05,0.001171840522652869,5.193048644949271e-05,8.349627818261147e-06,7.889262586245034e-07,1.5689549727726036e-06,0.00021695417048520467,2.5071593847983196e-06,0.0005355343110587409,8.167381046669487e-05,5.193048644949271e-05
309,2,child,,False,6.361912109467577e-05,8.750299760661308e-06,4.198630823683514e-06,3.84493505874534e-07,2.4682904407607285e-06,4.78509449489012e-07,0.004756700342648715,4.53978687024344e-06,0.00025264767961860266,0.0028689430188461465,0.00011513995656772139,0.0005335820331640444,1.7952796934677738e-05,8.750299760661308e-06,3.84493505874534e-07,4.78509449489012e-07,0.00025264767961860266,4.53978687024344e-06,0.004756700342648715,0.00011513995656772139,1.7952796934677738e-05
310,0,daughter,,False,8.830458477845481e-05,1.8522574326531083e-05,6.014151777699533e-06,1.3420013504783412e-06,9.028039015031105e-06,2.840974294610978e-06,0.0005731228364407487,3.8831109868779005e-06,0.00024219202876817753,0.05180327919217142,0.0011869121046339474,0.0005893550335994887,3.150386940813393e-05,1.8522574326531083e-05,1.3420013504783412e-06,2.840974294610978e-06,0.00024219202876817753,3.8831109868779005e-06,0.0005731228364407487,0.0011869121046339474,3.150386940813393e-05
310,1,daughter,,False,3.9204178923762816e-05,3.024195853395102e-06,1.670142184809518e-06,2.561282210758673e-07,1.670142184809518e-06,8.664653147910923e-07,0.00048407947820627276,8.664653147910923e-07,0.00021891431472897835,5.4421326243255744e-05,8.888084683809127e-06,0.0005130006664921807,1.0554685795431098e-05,3.024195853395102e-06,2.561282210758673e-07,8.664653147910923e-07,0.00021891431472897835,8.664653147910923e-07,0.00048407947820627276,8.888084683809127e-06,1.0554685795431098e-05
310,2,daughter,,False,0.006087083276922458,0.0008921164476949857,3.682979260160596e-05,6.014151777699533e-06,1.0391067562761452e-05,6.10885510164857e-06,0.0005432341298346752,4.53978687024344e-06,0.00023360304396588728,0.0208945483738125,0.0006192990157855187,0.07121826174931334,0.0015861041354596308,0.0008921164476949857,6.014151777699533e-06,6.10885510164857e-06,0.00023360304396588728,4.53978687024344e-06,0.0005432341298346752,0.0006192990157855187,0.0015861041354596308
311,0,son,,False,2.305067219931397e-05,1.8925148246037342e-06,1.6187581436151335e-06,1.9333584585546466e-07,7.183260399857925e-07,3.1875652166284776e-07,0.0004781213379932631,6.144174602214718e-07,0.00021332953715267472,0.00012448433020883747,9.314593042575101e-06,0.0004909157246515137,7.722191834067996e-06,1.8925148246037342e-06,1.9333584585546466e-07,3.1875652166284776e-07,0.00021332953715267472,6.144174602214718e-07,0.0004781213379932631,9.314593042575101e-06,7.722191834067996e-06
311,1,son,,False,2.4156629828672456e-05,2.212566909570261e-06,2.4300240743279605e-06,1.2098656835274183e-07,3.120191139396651e-06,5.255395707074638e-07,0.00045663675831385605,8.530321297909616e-07,5.391084403253366e-06,0.0008045684283044233,0.00025114635138098534,8.481104172358076e-06,5.307507822667365e-06,2.212566909570261e-06,1.2098656835274183e-07,5.255395707074638e-07,5.391084403253366e-06,8.530321297909616e-07,0.00045663675831385605,0.00025114635138098534,5.307507822667365e-06
311,2,son,,False,0.000606063147217987,3.9204178923762816e-05,9.761566060239504e-06,2.7535691114583474e-06,9.915273115920183e-06,3.535625074174432e-06,0.0005549716677961165,2.3187477504664324e-06,0.00022877581864421098,0.06545815998397235,0.0020177318322869993,0.01623574568727164,5.27478412523148e-05,3.9204178923762816e-05,2.7535691114583474e-06,3.535625074174432e-06,0.00022877581864421098,2.3187477504664324e-06,0.0005549716677961165,0.0020177318322869993,5.27478412523148e-05
312,0,child,,False,4.173157606777201e-05,7.967300986103147e-06,3.944258675190877e-06,6.748051590048605e-07,3.2192334497037803e-06,1.2219076020491008e-06,0.0005686338148501459,2.5466403947055455e-06,0.00023996139648439313,0.010132624023293487,0.0003324436891655638,0.0005775117631028116,3.569706350376584e-05,7.967300986103147e-06,6.748051590048605e-07,1.2219076020491008e-06,0.00023996139648439313,2.5466403947055455e-06,0.0005686338148501459,0.0003324436891655638,3.569706350376584e-05
312,1,child,,False,0.0006656335368081451,2.8240807799315707e-05,4.757645425657629e-06,1.1125607488784412e-06,4.264746818557914e-06,2.710880136557205e-06,0.0005165226058734741,1.5446309562386385e-06,0.0002204804354938449,0.00013250224172131609,6.922183404468203e-06,0.022910874517132526,0.0015731933694596465,2.8240807799315707e-05,1.1125607488784412e-06,2.710880136557205e-06,0.0002204804354938449,1.5446309562386385e-06,0.0005165226058734741,6.922183404468203e-06,0.0015731933694596465
312,2,child,,False,2.7803096387751555e-05,7.843789122138342e-06,2.931153855960119e-06,5.093705003229987e-07,1.1061159714638084e-05,1.7778551863194697e-06,0.0004692818134867376,1.0451548051737735e-06,6.014151777699533e-06,0.010177555173122577,0.00032224843240024345,0.0005278198317882314,2.913700606794303e-05,7.843789122138342e-06,5.093705003229987e-07,1.7778551863194697e-06,6.014151777699533e-06,1.0451548051737735e-06,0.0004692818134867376,0.00032224843240024345,2.913700606794303e-05
313,0,daughter,,False,2.571419797957771e-05,3.6478537675800286e-06,2.6688529572628562e-06,3.6119830612765795e-07,3.024195853395102e-06,9.516251694168764e-07,0.0004768908238063255,8.664653147910923e-07,0.00021751041144712992,0.010450880942532732,0.00047551999098330473,2.0988308820313112e-05,9.915273115920183e-06,3.6478537675800286e-06,3.6119830612765795e-07,9.516251694168764e-07,0.00021751041144712992,8.664653147910923e-07,0.0004768908238063255,0.00047551999098330473,9.915273115920183e-06
313,1,daughter,,False,9.399438806628559e-05,2.0342697805520655e-05,5.738759521437678e-06,1.6187581436151335e-06,5.562206273647035e-06,2.1444948420913954e-06,0.0005042689864732666,1.6442494559854523e-06,0.00023404764440531787,0.0007433895060961777,9.110511944006454e-05,0.0012030856940820997,1.971694219622292e-05,2.0342697805520655e-05,1.6187581436151335e-06,2.1444948420913954e-06,0.00023404764440531787,1.6442494559854523e-06,0.0005042689864732666,9.110511944006454e-05,1.971694219622292e-05
313,2,daughter,,False,2.234163601827719e-05,1.1843139025979655e-06,2.0785170435063726e-06,1.136563710667868e-07,6.144174602214718e-07,2.0580491096133835e-07,0.0004582660558828788,5.422218970016178e-07,4.757645425657629e-06,0.0029600296315546795,0.00014779429802159512,7.2543618230189156e-06,4.683888424952456e-06,1.1843139025979655e-06,1.136563710667868e-07,2.0580491096133835e-07,4.757645425657629e-06,5.422218970016178e-07,0.0004582660558828788,0.00014779429802159512,4.683888424952456e-06
314,0,son,,False,1.7952796934677738e-05,3.2192334497037803e-06,4.1335397768930325e-06,3.089494448007139e-07,6.10885510164857e-06,7.646537350121258e-07,0.00046901888401438977,7.071895057311757e-07,3.6478537675800286e-06,0.0065976353770408145,0.0003298651257832941,0.0005079785823772643,1.971694219622292e-05,3.2192334497037803e-06,3.089494448007139e-07,7.646537350121258e-07,3.6478537675800286e-06,7.071895057311757e-07,0.00046901888401438977,0.0003298651257832941,1.971694219622292e-05
314,1,son,,False,6.771942330385674e-05,9.915273115920183e-06,5.738759521437678e-06,6.748051590048605e-07,2.7535691114583474e-06,1.3420013504783412e-06,0.000540740725021219,2.4300240743279605e-06,0.0002227627797192805,0.019678475359317615,0.0005060332031966209,0.0005794095367164778,2.6947915555885546e-05,9.915273115920183e-06,6.748051590048605e-07,1.3420013504783412e-06,0.0002227627797192805,2.4300240743279605e-06,0.000540740725021219,0.0005060332031966209,2.6947915555885546e-05
314,2,son,,False,7.321812616608614e-05,1.3765463368900109e-05,3.535625074174432e-06,4.222833444659923e-07,5.920916517463734e-06,1.3420013504783412e-06,0.0004807814521955314,2.840974294610978e-06,0.00022770387218484876,0.01040826973575264,0.0005260852257235712,0.0004966741009398081,1.2731104162213555e-05,1.3765463368900109e-05,4.222833444659923e-07,1.3420013504783412e-06,0.00022770387218484876,2.840974294610978e-06,0.0004807814521955314,0.0005260852257235712,1.2731104162213555e-05
315,0,child,,False,0.0006383916385367546,0.000747540544174614,1.15919343186331e-05,3.120191139396651e-06,8.481104172358076e-06,5.144221374220898e-06,0.0005561428421923809,3.6478537675800286e-06,0.0002207184759315317,0.09919530905977486,0.0017848738449988992,0.023019261758539952,0.001592450232501225,0.000747540544174614,3.120191139396651e-06,5.144221374220898e-06,0.0002207184759315317,3.6478537675800286e-06,0.0005561428421923809,0.0017848738449988992,0.001592450232501225
315,1,child,,False,7.437028637763686e-05,1.2339457598623173e-05,7.2543618230189156e-06,9.223470110117277e-07,3.705296977158347e-06,1.6187581436151335e-06,0.0004896931435821077,1.4285517650093407e-06,0.0002182938001211795,0.02001933314017697,0.00045032724170892245,0.0005914388320078819,2.1654404989510328e-05,1.2339457598623173e-05,9.223470110117277e-07,1.6187581436151335e-06,0.0002182938001211795,1.4285517650093407e-06,0.0004896931435821077,0.00045032724170892245,2.1654404989510328e-05
315,2,child,,False,3.3015272509780104e-05,4.683888424952456e-06,1.2219076020491008e-06,2.2603242979035749e-07,2.212566909570261e-06,6.962256250138369e-07,0.00046462087703568497,1.2411496080609794e-06,0.00021912769953547168,0.00089952090870963,0.00013670256456563558,0.0004888526162855685,7.722191834067996e-06,4.683888424952456e-06,2.2603242979035749e-07,6.962256250138369e-07,0.00021912769953547168,1.2411496080609794e-06,0.00046462087703568497,0.00013670256456563558,7.722191834067996e-06
316,0,daughter,,False,0.0005857959236675918,3.8596609058077356e-05,5.391084403253366e-06,1.9223170236538178e-06,1.3135179706526775e-05,2.6688529572628562e-06,0.018719481650212803,0.0002196993293507774,0.00046648699651563727,0.0028261078542871536,0.00011160142598430911,0.016172286056274132,0.0023929124134649715,3.8596609058077356e-05,1.9223170236538178e-06,2.6688529572628562e-06,0.00046648699651563727,0.0002196993293507774,0.018719481650212803,0.00011160142598430911,0.0023929124134649715
316,1,daughter,,False,2.6947915555885546e-05,3.321419494792514e-06,1.4285517650093407e-06,1.602810987828144e-07,1.8925148246037342e-06,4.356879983467376e-07,0.0005292950274613038,1.0783312222985275e-06,0.0002363778348378399,0.002722381836565666,0.00023596606820630445,0.00048644850322948033,1.7400543552708932e-05,3.321419494792514e-06,1.602810987828144e-07,4.356879983467376e-07,0.0002363778348378399,1.0783312222985275e-06,0.0005292950274613038,0.00023596606820630445,1.7400543552708932e-05
316,2,daughter,,False,5.4421326243255744e-05,9.610241549947397e-06,3.8831109868779005e-06,5.594337713435001e-07,2.1112482331487175e-06,8.664653147910923e-07,0.004705117124814612,3.535625074174432e-06,0.00024909567651839985,0.01966665560720298,0.0003350423414809838,0.0005289365944662937,1.6865275398914433e-05,9.610241549947397e-06,5.594337713435001e-07,8.664653147910923e-07,0.00024909567651839985,3.535625074174432e-06,0.004705117124814612,0.0003350423414809838,1.6865275398914433e-05
317,0,son,,False,1.941131867789626e-05,2.931153855960119e-06,1.2219076020491008e-06,2.0580491096133835e-07,8.398072034951531e-07,3.288749065460498e-07,0.0004852313165264701,9.223470110117277e-07,0.00022170870641199087,0.0008817985412716716,0.0001410358496618023,0.0004810094217068451,6.605214485464791e-06,2.931153855960119e-06,2.0580491096133835e-07,3.288749065460498e-07,0.00022170870641199087,9.223470110117277e-07,0.0004852313165264701,0.0001410358496618023,6.605214485464791e-06
317,1,son,,False,2.653023768982879e-05,3.8831109868779005e-06,2.0785170435063726e-06,3.6119830612765795e-07,2.2827997192887966e-06,8.139692624947503e-07,0.0004970266005320533,9.818326983657703e-07,0.0002263505449868847,0.010297272518613728,0.0003273064970671631,0.0004909157246515137,1.0229985472581487e-05,3.8831109868779005e-06,3.6119830612765795e-07,8.139692624947503e-07,0.0002263505449868847,9.818326983657703e-07,0.0004970266005320533,0.0003273064970671631,1.0229985472581487e-05
317,2,son,,False,2.6947915555885546e-05,4.1335397768930325e-06,2.7535691114583474e-06,3.6119830612765795e-07,1.9525885208642222e-06,7.646537350121258e-07,0.0004872120043649615,1.2029639084557005e-06,0.00021659756423044233,0.019934641147342655,0.0006388320909721285,0.0004948512433533591,2.0988308820313112e-05,4.1335397768930325e-06,3.6119830612765795e-07,7.646537350121258e-07,0.00021659756423044233,1.2029639084557005e-06,0.0004872120043649615,0.0006388320909721285,2.0988308820313112e-05
318,0,child,,False,3.740956047302422e-05,5.562206273647035e-06,2.7535691114583474e-06,3.6119830612765795e-07,1.8925148246037342e-06,6.144174602214718e-07,0.0004800794914748689,1.2805474213228684e-06,0.00022170870641199087,0.0009309527809802363,0.00010987310729246431,0.0005121306555705326,1.6865275398914433e-05,5.562206273647035e-06,3.6119830612765795e-07,6.144174602214718e-07,0.00022170870641199087,1.2805474213228684e-06,0.0004800794914748689,0.00010987310729246431,1.6865275398914433e-05
318,1,child,,False,0.005191437473657134,0.0007949155833500293,2.3413582477639402e-05,3.535625074174432e-06,9.461262661302227e-06,4.1335397768930325e-06,0.0004802539556557626,2.4682904407607285e-06,0.00021751041144712992,0.03765241389232205,0.0014281933925111155,0.02303996185349252,0.0015759078905635787,0.0007949155833500293,3.535625074174432e-06,4.1335397768930325e-06,0.00021751041144712992,2.4682904407607285e-06,0.0004802539556557626,0.0014281933925111155,0.0015759078905635787
318,2,child,,False,3.8596609058077356e-05,5.307507822667365e-06,3.7636447180974406e-06,3.84493505874534e-07,2.931153855960119e-06,1.0783312222985275e-06,0.0005376051934383461,2.586743108135441e-06,0.0002310764341461493,0.010304812472231823,0.0002550912421286719,0.0004966741009398081,1.2339457598623173e-05,5.307507822667365e-06,3.84493505874534e-07,1.0783312222985275e-06,0.0002310764341461493,2.586743108135441e-06,0.0005376051934383461,0.0002550912421286719,1.2339457598623173e-05
319,0,daughter,,False,0.005047128006388145,0.0008921164476949857,1.3982207564732913e-05,4.469407144215697e-06,9.761566060239504e-06,6.814872211615988e-06,0.000476568724731206,1.670142184809518e-06,0.00021849741587309833,0.0028689430188461465,0.00018102110262026484,0.18647558909614323,0.0023951302232741774,0.0008921164476949857,4.469407144215697e-06,6.814872211615988e-06,0.00021849741587309833,1.670142184809518e-06,0.000476568724731206,0.00018102110262026484,0.0023951302232741774
319,1,daughter,,False,5.7031570707833595e-05,8.481104172358076e-06,4.1335397768930325e-06,5.093705003229987e-07,2.212566909570261e-06,7.411279871974134e-07,0.0004964288868690976,9.516251694168764e-07,0.00021751041144712992,0.01985369105236534,0.0006744989542092038,0.0005347894011802569,2.1654404989510328e-05,8.481104172358076e-06,5.093705003229987e-07,7.411279871974134e-07,0.00021751041144712992,9.516251694168764e-07,0.0004964288868690976,0.0006744989542092038,2.1654404989510328e-05
319,2,daughter,,False,3.459916031782155e-05,2.931153855960119e-06,2.2827997192887966e-06,1.8738753836511972e-07,1.4285517650093407e-06,3.84493505874534e-07,0.0005149564205302751,1.6187581436151335e-06,0.0002720324670909305,0.0008383797509002126,0.00016743993037101191,1.442598644847886e-05,6.205049602300744e-06,2.931153855960119e-06,1.8738753836511972e-07,3.84493505874534e-07,0.0002720324670909305,1.6187581436151335e-06,0.0005149564205302751,0.00016743993037101191,6.205049602300744e-06
320,0,son,,False,8.969393236719384e-05,9.314593042575101e-06,3.8831109868779005e-06,6.339210403977636e-07,4.757645425657629e-06,1.9223170236538178e-06,0.0004858174285130231,1.2029639084557005e-06,0.0002142503208503807,0.0007067749478525128,1.609308249869283e-05,0.0006117289013069706,1.6865275398914433e-05,9.314593042575101e-06,6.339210403977636e-07,1.9223170236538178e-06,0.0002142503208503807,1.2029639084557005e-06,0.0004858174285130231,1.609308249869283e-05,1.6865275398914433e-05
320,1,son,,False,4.583129006350382e-05,4.469407144215697e-06,4.98595821272702e-06,4.6378732973537256e-07,1.3007128466476034e-06,6.748051590048605e-07,0.0005817013407821319,3.169325442919291e-06,0.0002233150331012493,0.0008817985412716716,1.941131867789626e-05,0.0004925498553819385,9.610241549947397e-06,4.469407144215697e-06,4.6378732973537256e-07,6.748051590048605e-07,0.0002233150331012493,3.169325442919291e-06,0.0005817013407821319,1.941131867789626e-05,9.610241549947397e-06
320,2,son,,False,0.0006416143628495969,3.4062932773341e-05,1.1959857805023158e-05,2.5071593847983196e-06,1.2533751425646102e-05,5.225226840386988e-06,0.0005542744203793762,3.7636447180974406e-06,0.00023996139648439313,0.03762382912912615,0.0007695647178392189,0.010123047268862772,0.0015667662665134982,3.4062932773341e-05,2.5071593847983196e-06,5.225226840386988e-06,0.00023996139648439313,3.7636447180974406e-06,0.0005542744203793762,0.0007695647178392189,0.0015667662665134982
321,0,child,,False,8.167381046669487e-05,9.610241549947397e-06,6.605214485464791e-06,9.516251694168764e-07,2.6688529572628562e-06,1.2219076020491008e-06,0.0005721197937090947,3.321419494792514e-06,0.0002410592996703374,0.010359240122396841,0.0003027835024568379,0.0011978401309281443,3.799845147518645e-05,9.610241549947397e-06,9.516251694168764e-07,1.2219076020491008e-06,0.0002410592996703374,3.321419494792514e-06,0.0005721197937090947,0.0003027835024568379,3.799845147518645e-05
321,1,child,,False,0.0007006178878238821,1.7952796934677738e-05,7.484622751061123e-06,1.1478768127080353e-06,2.840974294610978e-06,1.3420013504783412e-06,0.0006078932497815162,4.53978687024344e-06,0.00025978356240982734,0.0008283415380815684,1.4653129390717958e-05,0.010153050876015288,2.234163601827719e-05,1.7952796934677738e-05,1.1478768127080353e-06,1.3420013504783412e-06,0.00025978356240982734,4.53978687024344e-06,0.0006078932497815162,1.4653129390717958e-05,2.234163601827719e-05
321,2,child,,False,3.682979260160596e-05,2.840974294610978e-06,1.0451548051737735e-06,1.816222403812674e-07,9.368717268777097e-07,4.936988949458183e-07,0.00046462087703568497,4.78509449489012e-07,0.00021308442800063956,1.8522574326531083e-05,1.7778551863194697e-06,0.0005005862322300009,1.6346470245419304e-05,2.840974294610978e-06,1.816222403812674e-07,4.936988949458183e-07,0.00021308442800063956,4.78509449489012e-07,0.00046462087703568497,1.7778551863194697e-06,1.6346470245419304e-05
322,0,daughter,,False,0.000581111582566612,1.3982207564732913e-05,6.014151777699533e-06,5.77192003016332e-07,4.683888424952456e-06,9.223470110117277e-07,0.01848547657654427,0.00021990615073523608,0.004621599634879226,0.0027941453403890646,0.00016484829418512883,0.000565024317150732,1.7400543552708932e-05,1.3982207564732913e-05,5.77192003016332e-07,9.223470110117277e-07,0.004621599634879226,0.00021990615073523608,0.01848547657654427,0.00016484829418512883,1.7400543552708932e-05
322,1,daughter,,False,0.0006115369167816561,2.199533724320648e-05,7.967300986103147e-06,1.0451548051737735e-06,3.822911232549001e-06,1.3846004563753396e-06,0.0004806049333455612,1.3420013504783412e-06,0.00021358242564492241,0.002786458937919142,0.0002434382008505326,0.010266283091181034,4.955359475635505e-05,2.199533724320648e-05,1.0451548051737735e-06,1.3846004563753396e-06,0.00021358242564492241,1.3420013504783412e-06,0.0004806049333455612,0.0002434382008505326,4.955359475635505e-05
322,2,daughter,,False,0.0005414888098175762,3.0061635882429376e-05,4.400118457925303e-06,1.4285517650093407e-06,8.61465062380632e-06,3.024195853395102e-06,0.004769326175206464,3.120191139396651e-06,0.00028577082972949515,0.0009309527809802363,0.00018386652876885775,0.021645595107122946,6.46203290719727e-05,3.0061635882429376e-05,1.4285517650093407e-06,3.024195853395102e-06,0.00028577082972949515,3.120191139396651e-06,0.004769326175206464,0.00018386652876885775,6.46203290719727e-05
323,0,son,,False,6.361912109467577e-05,1.6346470245419304e-05,3.321419494792514e-06,9.223470110117277e-07,1.6865275398914433e-05,5.307507822667365e-06,0.010237832989344766,0.00021587874268682574,0.0003378644778878877,0.010158002718213734,0.00020190139004485808,0.0012885036886187368,5.4421326243255744e-05,1.6346470245419304e-05,9.223470110117277e-07,5.307507822667365e-06,0.0003378644778878877,0.00021587874268682574,0.010237832989344766,0.00020190139004485808,5.4421326243255744e-05
323,1,son,,False,0.0006416143628495969,1.1959857805023158e-05,2.653023768982879e-05,8.939696304799168e-07,3.120191139396651e-06,1.0451548051737735e-06,0.0005838557612586506,4.757645425657629e-06,0.00024336068764175802,7.793660930208434e-05,5.357805383473943e-05,0.0005385266023448675,2.1654404989510328e-05,1.1959857805023158e-05,8.939696304799168e-07,1.0451548051737735e-06,0.00024336068764175802,4.757645425657629e-06,0.0005838557612586506,5.357805383473943e-05,2.1654404989510328e-05
323,2,son,,False,1.6865275398914433e-05,1.7231572752142392e-06,1.7231572752142392e-06,1.1726420733772349e-07,5.144221374220898e-06,4.936988949458183e-07,0.0004556682925965673,3.9669859149467314e-07,3.2699273422345685e-06,9.697519677825862e-05,6.46203290719727e-05,1.0720880092159908e-05,9.028039015031105e-06,1.7231572752142392e-06,1.1726420733772349e-07,4.936988949458183e-07,3.2699273422345685e-06,3.9669859149467314e-07,0.0004556682925965673,6.46203290719727e-05,9.028039015031105e-06
324,0,child,,False,4.442183589214344e-05,7.368592981140821e-06,2.2827997192887966e-06,3.726639284186561e-07,2.7535691114583474e-06,6.962256250138369e-07,0.0004813151610312458,9.223470110117277e-07,0.00021273082914771238,0.020936772211732315,0.0003976227974475301,0.0004979376456416367,1.971694219622292e-05,7.368592981140821e-06,3.726639284186561e-07,6.962256250138369e-07,0.00021273082914771238,9.223470110117277e-07,0.0004813151610312458,0.0003976227974475301,1.971694219622292e-05
324,1,child,,True,0.0007983159876660006,0.0008097716541842735,1.2731104162213555e-05,8.750299760661308e-06,1.941131867789626e-05,1.7952796934677738e-05,0.004750054731555903,0.00021428634147831863,0.0002564880266656633,0.0030191947476948433,0.00023231625226312826,0.20233424898713787,0.04953584801214785,0.0008097716541842735,8.750299760661308e-06,1.7952796934677738e-05,0.0002564880266656633,0.00021428634147831863,0.004750054731555903,0.00023231625226312826,0.04953584801214785
324,2,child,,False,5.7031570707833595e-05,5.144221374220898e-06,3.2699273422345685e-06,5.255395707074638e-07,2.627477314480822e-06,1.1843139025979655e-06,0.0005232730118634665,1.4738981974494932e-06,0.0002219660831203052,0.0028428458272168377,2.913700606794303e-05,0.0005794095367164778,1.15919343186331e-05,5.144221374220898e-06,5.255395707074638e-07,1.1843139025979655e-06,0.0002219660831203052,1.4738981974494932e-06,0.0005232730118634665,2.913700606794303e-05,1.15919343186331e-05
325,0,daughter,,False,0.0007314205575305066,0.0008045862789480817,1.8522574326531083e-05,7.368592981140821e-06,1.3552078562406772e-05,1.3765463368900109e-05,0.0005011211542112085,3.2699273422345685e-06,0.00022668099229563676,0.0028962779470040876,0.0003376612381739501,0.12566948671177555,0.002382327228464751,0.0008045862789480817,7.368592981140821e-06,1.3765463368900109e-05,0.00022668099229563676,3.2699273422345685e-06,0.0005011211542112085,0.0003376612381739501,0.002382327228464751
325,1,daughter,,False,9.850082967450695e-05,3.250358452365473e-05,5.391084403253366e-06,1.8631746484712008e-06,6.814872211615988e-06,3.2699273422345685e-06,0.0005436553962403013,2.4682904407607285e-06,0.00022417644371706703,0.010238988609384374,0.0002217013022947387,0.01632587434337637,0.0015705622246210342,3.250358452365473e-05,1.8631746484712008e-06,3.2699273422345685e-06,0.00022417644371706703,2.4682904407607285e-06,0.0005436553962403013,0.0002217013022947387,0.0015705622246210342
325,2,daughter,,False,5.4421326243255744e-05,1.5118199327273332e-05,2.0785170435063726e-06,5.594337713435001e-07,4.069457790466838e-06,9.818326983657703e-07,0.0005411522533847313,3.321419494792514e-06,0.00022989918422083383,0.01964328298202807,0.0005819959584259008,0.0005738038183837241,3.9821309061635425e-05,1.5118199327273332e-05,5.594337713435001e-07,9.818326983657703e-07,0.00022989918422083383,3.321419494792514e-06,0.0005411522533847313,0.0005819959584259008,3.9821309061635425e-05
326,0,son,,False,9.028039015031105e-06,9.818326983657703e-07,1.3007128466476034e-06,8.851569304133282e-08,9.223470110117277e-07,2.72647027069593e-07,1.7265154827585877e-05,4.0929110499856e-07,3.321419494792514e-06,0.0028689430188461465,0.00024534282596974844,4.1335397768930325e-06,4.832563818725537e-06,9.818326983657703e-07,8.851569304133282e-08,2.72647027069593e-07,3.321419494792514e-06,4.0929110499856e-07,1.7265154827585877e-05,0.00024534282596974844,4.832563818725537e-06
326,1,son,,False,6.263341581094202e-05,7.0311842669149565e-06,3.6478537675800286e-06,4.222833444659923e-07,2.88571183887091e-06,1.1478768127080353e-06,0.0005048081008243912,2.4300240743279605e-06,0.00022668099229563676,0.0030835890390056844,0.0003172682842485189,0.0005071863494234538,1.3135179706526775e-05,7.0311842669149565e-06,4.222833444659923e-07,1.1478768127080353e-06,0.00022668099229563676,2.4300240743279605e-06,0.0005048081008243912,0.0003172682842485189,1.3135179706526775e-05
326,2,son,,False,1.971694219622292e-05,2.0785170435063726e-06,1.3007128466476034e-06,1.4593762210768862e-07,1.3211958228877664e-06,2.8130174840733105e-07,0.0004682423007537106,5.422218970016178e-07,0.00021308442800063956,0.0008234381138183805,8.559006367452268e-05,2.0988308820313112e-05,9.610241549947397e-06,2.0785170435063726e-06,1.4593762210768862e-07,2.8130174840733105e-07,0.00021308442800063956,5.422218970016178e-07,0.0004682423007537106,8.559006367452268e-05,9.610241549947397e-06
327,0,child,,False,0.0005597594790089396,2.1318756129065198e-05,3.8831109868779005e-06,4.289333109916098e-07,3.705296977158347e-06,6.962256250138369e-07,0.04125855805552521,0.00023351206520013618,0.008200644519939845,0.00011160142598430911,6.10885510164857e-06,0.001267356656944839,3.353501304664781e-05,2.1318756129065198e-05,4.289333109916098e-07,6.962256250138369e-07,0.008200644519939845,0.00023351206520013618,0.04125855805552521,6.10885510164857e-06,3.353501304664781e-05
327,1,child,,False,0.0007156005743211729,3.1015598671268335e-05,1.0889691002655445e-05,2.2827997192887966e-06,1.0889691002655445e-05,5.391084403253366e-06,0.0005931021514622165,4.006369222920725e-06,0.00023542387204900095,0.01978897580689893,0.000138852327569001,0.0012584221184095618,3.799845147518645e-05,3.1015598671268335e-05,2.2827997192887966e-06,5.391084403253366e-06,0.00023542387204900095,4.006369222920725e-06,0.0005931021514622165,0.000138852327569001,3.799845147518645e-05
327,2,child,,False,0.0008217649394215974,0.0007707850400531591,2.0662982488383408e-05,4.61127481426412e-06,1.1959857805023158e-05,7.2543618230189156e-06,0.004746856978175153,0.0002123029091656883,0.00025729272261606426,0.010211160378759361,0.00018386652876885775,0.08282156389711215,0.003455818465396098,0.0007707850400531591,4.61127481426412e-06,7.2543618230189156e-06,0.00025729272261606426,0.0002123029091656883,0.004746856978175153,0.00018386652876885775,0.003455818465396098
328,0,daughter,,False,3.514382632807918e-05,9.915273115920183e-06,2.840974294610978e-06,7.646537350121258e-07,4.400118457925303e-06,1.3420013504783412e-06,0.0005018943519102321,7.646537350121258e-07,0.0002148234988278738,0.010138895748284412,0.0003172682842485189,0.001171840522652869,2.737216731838081e-05,9.915273115920183e-06,7.646537350121258e-07,1.3420013504783412e-06,0.0002148234988278738,7.646537350121258e-07,0.0005018943519102321,0.0003172682842485189,2.737216731838081e-05
328,1,daughter,,False,1.7952796934677738e-05,2.931153855960119e-06,2.2827997192887966e-06,2.0580491096133835e-07,2.01456908529364e-06,4.222833444659923e-07,0.0004707651978138664,1.1659530314852966e-06,0.00021575330372933303,0.0008487344920069995,0.00018102110262026484,1.7130819343483194e-05,7.0311842669149565e-06,2.931153855960119e-06,2.0580491096133835e-07,4.222833444659923e-07,0.00021575330372933303,1.1659530314852966e-06,0.0004707651978138664,0.00018102110262026484,7.0311842669149565e-06
328,2,daughter,,False,1.9110431587777674e-05,2.931153855960119e-06,1.8342893327886845e-06,2.8130174840733105e-07,1.9833367060283617e-06,5.422218970016178e-07,0.0004988551217927297,1.1125607488784412e-06,0.00022001536555728952,0.000754511454683582,0.00012255674483830522,0.0004954494009362499,1.7952796934677738e-05,2.931153855960119e-06,2.8130174840733105e-07,5.422218970016178e-07,0.00022001536555728952,1.1125607488784412e-06,0.0004988551217927297,0.00012255674483830522,1.7952796934677738e-05
329,0,son,,False,2.234163601827719e-05,3.6478537675800286e-06,2.5071593847983196e-06,4.936988949458183e-07,3.705296977158347e-06,1.2219076020491008e-06,0.0005081326230993903,1.1125607488784412e-06,0.00021956460018956949,0.019801724152056405,0.0003854363826911696,0.0005385266023448675,2.6119031909571944e-05,3.6478537675800286e-06,4.936988949458183e-07,1.2219076020491008e-06,0.00021956460018956949,1.1125607488784412e-06,0.0005081326230993903,0.0003854363826911696,2.6119031909571944e-05
329,1,son,,False,0.000672990371557913,0.0007743513629776067,1.1959857805023158e-05,5.475976980449466e-06,1.609308249869283e-05,1.15919343186331e-05,0.0005909652058719723,3.705296977158347e-06,0.000245183545228207,0.000924470062878294,0.00018102110262026484,0.18260391833777753,0.005539533180779804,0.0007743513629776067,5.475976980449466e-06,1.15919343186331e-05,0.000245183545228207,3.705296977158347e-06,0.0005909652058719723,0.00018102110262026484,0.005539533180779804
329,2,son,,False,1.9110431587777674e-05,3.321419494792514e-06,2.1444948420913954e-06,2.561282210758673e-07,6.10885510164857e-06,1.1125607488784412e-06,0.00046416927920648823,7.889262586245034e-07,0.00021384334033892964,0.0007433895060961777,0.00014550629385328434,2.234163601827719e-05,7.484622751061123e-06,3.321419494792514e-06,2.561282210758673e-07,1.1125607488784412e-06,0.00021384334033892964,7.889262586245034e-07,0.00046416927920648823,0.00014550629385328434,7.484622751061123e-06
330,0,child,,False,0.0007222753863223796,0.0008612630478606511,1.0554685795431098e-05,5.307507822667365e-06,1.3765463368900109e-05,1.1235328063870752e-05,0.0005980973566615599,4.61127481426412e-06,0.00022770387218484876,0.019934641147342655,0.00035380860570885373,0.12859340419136114,0.003480054696633138,0.0008612630478606511,5.307507822667365e-06,1.1235328063870752e-05,0.00022770387218484876,4.61127481426412e-06,0.0005980973566615599,0.00035380860570885373,0.003480054696633138
330,1,child,,False,0.0006448876246043282,2.234163601827719e-05,1.1959857805023158e-05,2.212566909570261e-06,4.683888424952456e-06,2.4300240743279605e-06,0.0005893064904465087,2.4682904407607285e-06,0.00023273440348495238,0.020092887706664737,0.00018675659778932805,0.010274334550779989,5.357805383473943e-05,2.234163601827719e-05,2.212566909570261e-06,2.4300240743279605e-06,0.00023273440348495238,2.4682904407607285e-06,0.0005893064904465087,0.00018675659778932805,5.357805383473943e-05
330,2,child,,False,0.005051264115062889,0.0007580777271516936,9.761566060239504e-06,1.670142184809518e-06,5.064471653194114e-06,1.9525885208642222e-06,0.000490331794854473,2.627477314480822e-06,0.0002154336363883092,0.0008138567562898873,3.682979260160596e-05,0.023289661724541943,6.46203290719727e-05,0.0007580777271516936,1.670142184809518e-06,1.9525885208642222e-06,0.0002154336363883092,2.627477314480822e-06,0.000490331794854473,3.682979260160596e-05,6.46203290719727e-05
331,0,daughter,,False,4.305570813246149e-05,5.649793328376294e-06,1.8925148246037342e-06,4.936988949458183e-07,2.1112482331487175e-06,7.411279871974134e-07,0.0005052152057628686,1.3846004563753396e-06,0.00022877581864421098,0.00089952090870963,0.00011335690050875118,0.0004925498553819385,1.535623976496012e-05,5.649793328376294e-06,4.936988949458183e-07,7.411279871974134e-07,0.00022877581864421098,1.3846004563753396e-06,0.0005052152057628686,0.00011335690050875118,1.535623976496012e-05
331,1,daughter,,False,2.7803096387751555e-05,4.1335397768930325e-06,2.7535691114583474e-06,4.0929110499856e-07,2.01456908529364e-06,8.939696304799168e-07,0.0004996016430842948,1.1125607488784412e-06,0.00022170870641199087,0.0028179309367027785,0.00018675659778932805,0.0004960569708019354,1.6865275398914433e-05,4.1335397768930325e-06,4.0929110499856e-07,8.939696304799168e-07,0.00022170870641199087,1.1125607488784412e-06,0.0004996016430842948,0.00018675659778932805,1.6865275398914433e-05
331,2,daughter,,False,1.8814207550495463e-05,2.6688529572628562e-06,1.1478768127080353e-06,1.370957206857845e-07,1.2219076020491008e-06,2.9023119852110973e-07,0.0005018943519102321,1.0451548051737735e-06,0.0002219660831203052,0.002749761539826477,0.0001048469267161009,1.7130819343483194e-05,5.307507822667365e-06,2.6688529572628562e-06,1.370957206857845e-07,2.9023119852110973e-07,0.0002219660831203052,1.0451548051737735e-06,0.0005018943519102321,0.0001048469267161009,5.307507822667365e-06
332,0,son,,False,2.571419797957771e-05,2.7535691114583474e-06,2.355261854303796e-06,3.1875652166284776e-07,1.0783312222985275e-06,5.255395707074638e-07,0.0005368112842655159,1.3420013504783412e-06,0.00021467682920914668,0.0007742406513215074,2.3782205064034188e-05,0.0005204719129728484,2.234163601827719e-05,2.7535691114583474e-06,3.1875652166284776e-07,5.255395707074638e-07,0.00021467682920914668,1.3420013504783412e-06,0.0005368112842655159,2.3782205064034188e-05,2.234163601827719e-05
332,1,son,,False,4.173157606777201e-05,6.014151777699533e-06,4.53978687024344e-06,4.936988949458183e-07,1.3342001090985438e-05,2.586743108135441e-06,0.00045889745344538133,4.936988949458183e-07,3.321419494792514e-06,0.00017007224114352882,7.437028637763686e-05,0.0005156936737338665,2.1654404989510328e-05,6.014151777699533e-06,4.936988949458183e-07,2.586743108135441e-06,3.321419494792514e-06,4.936988949458183e-07,0.00045889745344538133,7.437028637763686e-05,2.1654404989510328e-05
332,2,son,,False,2.1654404989510328e-05,8.481104172358076e-06,2.0785170435063726e-06,4.6378732973537256e-07,4.61127481426412e-06,1.4285517650093407e-06,0.004785299130158529,4.198630823683514e-06,0.0002679956519775136,0.010359240122396841,0.0003854363826911696,0.0005508471799444582,3.0061635882429376e-05,8.481104172358076e-06,4.6378732973537256e-07,1.4285517650093407e-06,0.0002679956519775136,4.198630823683514e-06,0.004785299130158529,0.0003854363826911696,3.0061635882429376e-05
333,0,child,,False,0.0007268124590163906,4.442183589214344e-05,1.3135179706526775e-05,2.4682904407607285e-06,6.302758756443267e-06,4.1335397768930325e-06,0.0005856020966414411,5.225226840386988e-06,0.00023028548862477513,0.020433757142136064,0.00013250224172131609,0.0216605028205612,0.0015772972381523178,4.442183589214344e-05,2.4682904407607285e-06,4.1335397768930325e-06,0.00023028548862477513,5.225226840386988e-06,0.0005856020966414411,0.00013250224172131609,0.0015772972381523178
333,1,child,,False,0.005022971722644551,0.0007696328798416084,6.502816785764437e-06,1.1659530314852966e-06,2.931153855960119e-06,1.0451548051737735e-06,0.0005320813624897828,1.8342893327886845e-06,0.00023189247385640036,0.000754511454683582,1.7130819343483194e-05,0.016064368539652724,1.5843621910252592e-05,0.0007696328798416084,1.1659530314852966e-06,1.0451548051737735e-06,0.00023189247385640036,1.8342893327886845e-06,0.0005320813624897828,1.7130819343483194e-05,1.5843621910252592e-05
333,2,child,,False,4.173157606777201e-05,7.484622751061123e-06,2.931153855960119e-06,4.356879983467376e-07,2.97731143841062e-06,9.223470110117277e-07,0.0005126636693651535,1.670142184809518e-06,0.00022447266775434924,0.019468534921721643,0.0003483424193080668,0.0005437895311587944,1.8522574326531083e-05,7.484622751061123e-06,4.356879983467376e-07,9.223470110117277e-07,0.00022447266775434924,1.670142184809518e-06,0.0005126636693651535,0.0003483424193080668,1.8522574326531083e-05
334,0,daughter,,False,4.238847419937498e-05,4.53978687024344e-06,2.2827997192887966e-06,2.6425858208426533e-07,2.355261854303796e-06,4.6378732973537256e-07,0.0004709032361132395,8.267873072601938e-07,0.00021642339588120966,0.0030654830851861575,0.00018675659778932805,0.0005041382353302037,1.0554685795431098e-05,4.53978687024344e-06,2.6425858208426533e-07,4.6378732973537256e-07,0.00021642339588120966,8.267873072601938e-07,0.0004709032361132395,0.00018675659778932805,1.0554685795431098e-05
334,1,daughter,,False,0.005043023745171501,0.000782004817350045,1.7952796934677738e-05,3.4808121961114687e-06,8.349627818261147e-06,4.61127481426412e-06,0.000546650687904265,3.6478537675800286e-06,0.00024162124279489402,0.020330845522620287,0.0005911068856243796,0.022901463997932324,6.771942330385674e-05,0.000782004817350045,3.4808121961114687e-06,4.61127481426412e-06,0.00024162124279489402,3.6478537675800286e-06,0.000546650687904265,0.0005911068856243796,6.771942330385674e-05
334,2,daughter,,False,3.569706350376584e-05,1.177445922838707e-05,3.7636447180974406e-06,9.516251694168764e-07,7.722191834067996e-06,2.586743108135441e-06,0.004687769741964343,3.7636447180974406e-06,0.0002511935262300754,0.020248539340728323,0.000568590693522782,0.0005935553564438082,2.5315637215092633e-05,1.177445922838707e-05,9.516251694168764e-07,2.586743108135441e-06,0.0002511935262300754,3.7636447180974406e-06,0.004687769741964343,0.000568590693522782,2.5315637215092633e-05
335,0,son,,False,5.193048644949271e-05,3.8831109868779005e-06,5.829126566113866e-06,3.6119830612765795e-07,2.840974294610978e-06,9.516251694168764e-07,8.888084683809127e-06,4.936988949458183e-07,1.8925148246037342e-06,0.0009309527809802363,4.7285443452031076e-05,0.00048509359967748836,7.967300986103147e-06,3.8831109868779005e-06,3.6119830612765795e-07,9.516251694168764e-07,1.8925148246037342e-06,4.936988949458183e-07,8.888084683809127e-06,4.7285443452031076e-05,7.967300986103147e-06
335,1,son,,False,5.27478412523148e-05,7.0311842669149565e-06,4.331903899346328e-06,5.255395707074638e-07,8.349627818261147e-06,1.8342893327886845e-06,0.0004838901135969594,1.3007128466476034e-06,0.00022447266775434924,0.0027941453403890646,0.0001410358496618023,0.0005312230782558095,1.0554685795431098e-05,7.0311842669149565e-06,5.255395707074638e-07,1.8342893327886845e-06,0.00022447266775434924,1.3007128466476034e-06,0.0004838901135969594,0.0001410358496618023,1.0554685795431098e-05
335,2,son,,False,6.263341581094202e-05,3.8831109868779005e-06,4.61127481426412e-06,3.1875652166284776e-07,2.1112482331487175e-06,5.955139348629957e-07,0.00048113656333647627,1.0783312222985275e-06,0.0002219660831203052,0.002944745327012609,0.00020190139004485808,0.00048691442776060197,1.442598644847886e-05,3.8831109868779005e-06,3.1875652166284776e-07,5.955139348629957e-07,0.0002219660831203052,1.0783312222985275e-06,0.00048113656333647627,0.00020190139004485808,1.442598644847886e-05
336,0,child,,False,3.250358452365473e-05,7.722191834067996e-06,1.9525885208642222e-06,6.540437226933637e-07,4.757645425657629e-06,1.4285517650093407e-06,0.0005217446467705822,1.6442494559854523e-06,0.0002306778733816642,0.020751581986515787,0.0009412589587609823,0.0005479579113182372,2.1654404989510328e-05,7.722191834067996e-06,6.540437226933637e-07,1.4285517650093407e-06,0.0002306778733816642,1.6442494559854523e-06,0.0005217446467705822,0.0009412589587609823,2.1654404989510328e-05
336,1,child,,False,1.609308249869283e-05,2.0785170435063726e-06,1.0783312222985275e-06,2.123378462433771e-07,1.4738981974494932e-06,8.139692624947503e-07,0.0005389590309671613,8.013499398837462e-07,0.00021809334032878513,0.00017007224114352882,2.1654404989510328e-05,0.0006141640084130724,2.0342697805520655e-05,2.0785170435063726e-06,2.123378462433771e-07,8.139692624947503e-07,0.00021809334032878513,8.013499398837462e-07,0.0005389590309671613,2.1654404989510328e-05,2.0342697805520655e-05
336,2,child,,False,0.0005721696121140179,1.971694219622292e-05,5.225226840386988e-06,1.2219076020491008e-06,3.6478537675800286e-06,1.670142184809518e-06,0.0005070071141709016,1.6187581436151335e-06,0.000226025218654955,0.010391675954438939,0.00016484829418512883,0.010146862662084352,1.971694219622292e-05,1.971694219622292e-05,1.2219076020491008e-06,1.670142184809518e-06,0.000226025218654955,1.6187581436151335e-06,0.0005070071141709016,0.00016484829418512883,1.971694219622292e-05
337,0,daughter,,False,2.95957113513077e-05,5.144221374220898e-06,1.9525885208642222e-06,4.0929110499856e-07,2.3923509443082866e-06,5.77192003016332e-07,0.000465311635123257,5.77192003016332e-07,0.000218704237257557,0.0030080612419204488,0.00026316739748845797,0.0005034054837533741,1.3982207564732913e-05,5.144221374220898e-06,4.0929110499856e-07,5.77192003016332e-07,0.000218704237257557,5.77192003016332e-07,0.000465311635123257,0.00026316739748845797,1.3982207564732913e-05
337,1,daughter,,False,6.166297347617125e-05,2.234163601827719e-05,4.469407144215697e-06,1.3420013504783412e-06,6.814872211615988e-06,3.7636447180974406e-06,0.014920232389314437,5.144221374220898e-06,0.0003318044306304943,0.020248539340728323,0.0007011795381497107,0.016013605598304635,0.0015655399150872082,2.234163601827719e-05,1.3420013504783412e-06,3.7636447180974406e-06,0.0003318044306304943,5.144221374220898e-06,0.014920232389314437,0.0007011795381497107,0.0015655399150872082
337,2,daughter,,False,7.096703991005882e-05,6.502816785764437e-06,4.198630823683514e-06,5.594337713435001e-07,3.120191139396651e-06,1.3007128466476034e-06,0.000547795159417565,1.3420013504783412e-06,0.00022951886599524403,0.010391675954438939,0.00015011822567369918,0.0005738038183837241,2.1654404989510328e-05,6.502816785764437e-06,5.594337713435001e-07,1.3007128466476034e-06,0.00022951886599524403,1.3420013504783412e-06,0.000547795159417565,0.00015011822567369918,2.1654404989510328e-05
338,0,son,,False,3.459916031782155e-05,3.4268490542555014e-06,3.120191139396651e-06,3.3931448129766124e-07,3.944258675190877e-06,7.183260399857925e-07,0.000495484588901584,1.4971083692627422e-06,0.00022096026380031539,0.0028261078542871536,0.00017007224114352882,0.00048138973993243486,1.5843621910252592e-05,3.4268490542555014e-06,3.3931448129766124e-07,7.183260399857925e-07,0.00022096026380031539,1.4971083692627422e-06,0.000495484588901584,0.00017007224114352882,1.5843621910252592e-05
338,1,son,,False,0.0006171838133138746,1.0554685795431098e-05,8.220189478350845e-06,4.936988949458183e-07,2.212566909570261e-06,5.594337713435001e-07,0.000476568724731206,2.01456908529364e-06,0.00021345499373310768,0.03753930333307293,0.0016529556557654283,0.0004855382001169189,1.1235328063870752e-05,1.0554685795431098e-05,4.936988949458183e-07,5.594337713435001e-07,0.00021345499373310768,2.01456908529364e-06,0.000476568724731206,0.0016529556557654283,1.1235328063870752e-05
338,2,son,,False,1.442598644847886e-05,1.8342893327886845e-06,1.6187581436151335e-06,1.370957206857845e-07,1.2029639084557005e-06,3.288749065460498e-07,0.0004894819157773981,1.5936620247162786e-06,0.0002167744747109176,0.0007955642203309994,8.295891883591029e-05,9.610241549947397e-06,4.832563818725537e-06,1.8342893327886845e-06,1.370957206857845e-07,3.288749065460498e-07,0.0002167744747109176,1.5936620247162786e-06,0.0004894819157773981,8.295891883591029e-05,4.832563818725537e-06
339,0,child,,False,3.625900662832244e-05,4.331903899346328e-06,1.9525885208642222e-06,3.6119830612765795e-07,1.4738981974494932e-06,5.955139348629957e-07,0.0004847481042366493,9.080474758713811e-07,6.10885510164857e-06,8.295891883591029e-05,8.61465062380632e-06,0.0005347894011802569,1.3982207564732913e-05,4.331903899346328e-06,3.6119830612765795e-07,5.955139348629957e-07,6.10885510164857e-06,9.080474758713811e-07,0.0004847481042366493,8.61465062380632e-06,1.3982207564732913e-05
339,1,child,,False,0.0005398135517506113,8.61465062380632e-06,4.469407144215697e-06,5.594337713435001e-07,3.321419494792514e-06,1.7231572752142392e-06,0.0005337926929087504,1.6187581436151335e-06,0.00022249305551005476,0.002965203459775424,5.7031570707833595e-05,0.000571992748445894,2.0988308820313112e-05,8.61465062380632e-06,5.594337713435001e-07,1.7231572752142392e-06,0.00022249305551005476,1.6187581436151335e-06,0.0005337926929087504,5.7031570707833595e-05,2.0988308820313112e-05
339,2,child,,False,0.000606063147217987,2.868540823874629e-05,9.028039015031105e-06,1.7231572752142392e-06,1.0229985472581487e-05,4.400118457925303e-06,0.000511914201923901,1.670142184809518e-06,0.00022805562191617214,0.0008594156731411163,0.00010987310729246431,0.015944440246081378,4.655269187520153e-05,2.868540823874629e-05,1.7231572752142392e-06,4.400118457925303e-06,0.00022805562191617214,1.670142184809518e-06,0.000511914201923901,0.00010987310729246431,4.655269187520153e-05
340,0,daughter,,False,4.173157606777201e-05,4.61127481426412e-06,2.3923509443082866e-06,2.332074525844782e-07,1.2219076020491008e-06,3.089494448007139e-07,0.0005881112603617882,3.4808121961114687e-06,0.0002581100774188864,6.070755804415097e-05,8.220189478350845e-06,0.0005041382353302037,1.15919343186331e-05,4.61127481426412e-06,2.332074525844782e-07,3.089494448007139e-07,0.0002581100774188864,3.4808121961114687e-06,0.0005881112603617882,8.220189478350845e-06,1.15919343186331e-05
340,1,daughter,,False,1.609308249869283e-05,9.516251694168764e-07,1.1125607488784412e-06,4.737905579381181e-08,7.889262586245034e-07,1.4144759985825914e-07,0.0004609980105272653,6.540437226933637e-07,0.00021453243307176662,7.208380258812108e-05,5.4421326243255744e-05,3.7636447180974406e-06,2.931153855960119e-06,9.516251694168764e-07,4.737905579381181e-08,1.4144759985825914e-07,0.00021453243307176662,6.540437226933637e-07,0.0004609980105272653,5.4421326243255744e-05,2.931153855960119e-06
340,2,daughter,,False,5.792916699214217e-05,1.7130819343483194e-05,4.53978687024344e-06,9.516251694168764e-07,3.7636447180974406e-06,1.5206840370677115e-06,0.0005522069667795399,2.0785170435063726e-06,0.00022447266775434924,0.0992975158789285,0.024401805292195926,0.0005873034565397543,4.955359475635505e-05,1.7130819343483194e-05,9.516251694168764e-07,1.5206840370677115e-06,0.00022447266775434924,2.0785170435063726e-06,0.0005522069667795399,0.024401805292195926,4.955359475635505e-05
341,0,son,,False,4.238847419937498e-05,4.400118457925303e-06,3.321419494792514e-06,4.356879983467376e-07,1.9223170236538178e-06,9.818326983657703e-07,0.0005338886499908735,1.8925148246037342e-06,0.000223597696961234,0.002924908581036187,3.8596609058077356e-05,0.0005194862076891146,1.3135179706526775e-05,4.400118457925303e-06,4.356879983467376e-07,9.818326983657703e-07,0.000223597696961234,1.8925148246037342e-06,0.0005338886499908735,3.8596609058077356e-05,1.3135179706526775e-05
341,1,son,,False,0.0007361007870018547,0.0007780885641422171,1.4202364022997911e-05,7.14190139989638e-06,4.108485376346404e-05,3.459916031782155e-05,0.004711947411475265,4.908661889889002e-06,0.00027744603875469264,0.01932293225576745,0.00040072889459113846,0.0828986901646985,6.878511550552459e-05,0.0007780885641422171,7.14190139989638e-06,3.459916031782155e-05,0.00027744603875469264,4.908661889889002e-06,0.004711947411475265,0.00040072889459113846,6.878511550552459e-05
341,2,son,,False,2.1654404989510328e-05,2.355261854303796e-06,1.7778551863194697e-06,1.6536895860212648e-07,1.8342893327886845e-06,3.3931448129766124e-07,0.0004936396344533515,1.2606946239951315e-06,0.000218704237257557,0.0027427567939960506,9.697519677825862e-05,1.4202364022997911e-05,4.683888424952456e-06,2.355261854303796e-06,1.6536895860212648e-07,3.3931448129766124e-07,0.000218704237257557,1.2606946239951315e-06,0.0004936396344533515,9.697519677825862e-05,4.683888424952456e-06
342,0,child,,False,0.0001048469267161009,9.915273115920183e-06,3.120191139396651e-06,4.495181578513688e-07,1.8342893327886845e-06,1.0129990980873922e-06,0.0048231715056971285,4.069457790466838e-06,0.00028962646704221216,0.00018102110262026484,1.0391067562761452e-05,0.0005756433412898068,1.3552078562406772e-05,9.915273115920183e-06,4.495181578513688e-07,1.0129990980873922e-06,0.00028962646704221216,4.069457790466838e-06,0.0048231715056971285,1.0391067562761452e-05,1.3552078562406772e-05
342,1,child,,False,2.571419797957771e-05,5.738759521437678e-06,2.212566909570261e-06,3.3931448129766124e-07,3.822911232549001e-06,8.398072034951531e-07,0.000593988297815332,2.1444948420913954e-06,0.00023736206057396741,0.010304812472231823,0.00030043430162003063,0.0005166197289884592,1.6865275398914433e-05,5.738759521437678e-06,3.3931448129766124e-07,8.398072034951531e-07,0.00023736206057396741,2.1444948420913954e-06,0.000593988297815332,0.00030043430162003063,1.6865275398914433e-05
342,2,child,,False,0.0006087787255549655,1.1959857805023158e-05,3.944258675190877e-06,7.646537350121258e-07,3.024195853395102e-06,1.3420013504783412e-06,0.00048095866129362324,5.594337713435001e-07,0.00021308442800063956,0.0007868354905725904,2.6947915555885546e-05,0.0011749162498717969,2.1654404989510328e-05,1.1959857805023158e-05,7.646537350121258e-07,1.3420013504783412e-06,0.00021308442800063956,5.594337713435001e-07,0.00048095866129362324,2.6947915555885546e-05,2.1654404989510328e-05
343,0,daughter,,False,3.1015598671268335e-05,2.6688529572628562e-06,1.9525885208642222e-06,1.602810987828144e-07,2.0785170435063726e-06,3.288749065460498e-07,0.00046496423359047314,6.540437226933637e-07,0.00021512380222681108,0.0007193703321376295,4.442183589214344e-05,1.7952796934677738e-05,7.484622751061123e-06,2.6688529572628562e-06,1.602810987828144e-07,3.288749065460498e-07,0.00021512380222681108,6.540437226933637e-07,0.00046496423359047314,4.442183589214344e-05,7.484622751061123e-06
343,1,daughter,,False,2.571419797957771e-05,3.8831109868779005e-06,2.1444948420913954e-06,2.72647027069593e-07,5.475976980449466e-06,6.540437226933637e-07,0.0004596405007964144,6.339210403977636e-07,0.00021345499373310768,0.000754511454683582,0.00012644219446392274,0.0004973009416623807,1.0554685795431098e-05,3.8831109868779005e-06,2.72647027069593e-07,6.540437226933637e-07,0.00021345499373310768,6.339210403977636e-07,0.0004596405007964144,0.00012644219446392274,1.0554685795431098e-05
343,2,daughter,,False,0.0005431903918374811,1.15919343186331e-05,4.469407144215697e-06,8.530321297909616e-07,1.0391067562761452e-05,1.8342893327886845e-06,0.000572520131853573,1.8058518261159955e-06,0.00022770387218484876,9.697519677825862e-05,7.14190139989638e-06,0.010295016316316685,3.1015598671268335e-05,1.15919343186331e-05,8.530321297909616e-07,1.8342893327886845e-06,0.00022770387218484876,1.8058518261159955e-06,0.000572520131853573,7.14190139989638e-06,3.1015598671268335e-05
344,0,son,,False,0.0007134099812571142,2.234163601827719e-05,1.5118199327273332e-05,7.646537350121258e-07,5.562206273647035e-06,1.5206840370677115e-06,0.010260006696771108,0.00022240777155450324,0.0002797325225442084,0.002809879477103823,0.00010005044009099887,0.0005852836038915696,2.913700606794303e-05,2.234163601827719e-05,7.646537350121258e-07,1.5206840370677115e-06,0.0002797325225442084,0.00022240777155450324,0.010260006696771108,0.00010005044009099887,2.913700606794303e-05
344,1,son,,False,1.7130819343483194e-05,1.4738981974494932e-06,1.7778551863194697e-06,9.13254801895554e-08,8.398072034951531e-07,1.816222403812674e-07,0.0004718847396776921,7.071895057311757e-07,0.00021228441957103978,0.0006978298516223775,9.110511944006454e-05,9.761566060239504e-06,4.832563818725537e-06,1.4738981974494932e-06,9.13254801895554e-08,1.816222403812674e-07,0.00021228441957103978,7.071895057311757e-07,0.0004718847396776921,9.110511944006454e-05,4.832563818725537e-06
344,2,son,,False,0.0005857959236675918,1.2339457598623173e-05,3.6478537675800286e-06,5.77192003016332e-07,5.829126566113866e-06,1.363134508591315e-06,0.0004726024159923188,1.5446309562386385e-06,0.00021695417048520467,0.0007259681821955923,6.361912109467577e-05,0.0005323933551511255,1.442598644847886e-05,1.2339457598623173e-05,5.77192003016332e-07,1.363134508591315e-06,0.00021695417048520467,1.5446309562386385e-06,0.0004726024159923188,6.361912109467577e-05,1.442598644847886e-05
345,0,child,,False,4.512106237781923e-05,6.205049602300744e-06,3.944258675190877e-06,6.144174602214718e-07,2.796930302582677e-06,1.0451548051737735e-06,0.0005556730028188441,1.0129990980873922e-06,0.00023148126807614352,0.010253226208557755,0.00014550629385328434,0.0005756433412898068,2.0342697805520655e-05,6.205049602300744e-06,6.144174602214718e-07,1.0451548051737735e-06,0.00023148126807614352,1.0129990980873922e-06,0.0005556730028188441,0.00014550629385328434,2.0342697805520655e-05
345,1,child,,False,3.3015272509780104e-05,4.908661889889002e-06,1.6187581436151335e-06,2.72647027069593e-07,1.3007128466476034e-06,3.84493505874534e-07,0.000476568724731206,7.646537350121258e-07,0.00021296471561488525,0.010197563316236873,0.00016743993037101191,0.0004985843679459446,1.5843621910252592e-05,4.908661889889002e-06,2.72647027069593e-07,3.84493505874534e-07,0.00021296471561488525,7.646537350121258e-07,0.000476568724731206,0.00016743993037101191,1.5843621910252592e-05
345,2,child,,False,1.941131867789626e-05,1.7231572752142392e-06,1.7231572752142392e-06,2.2603242979035749e-07,2.931153855960119e-06,7.183260399857925e-07,1.6734050747377145e-05,4.78509449489012e-07,3.024195853395102e-06,4.373344035182828e-05,1.141223854434603e-05,0.0004954494009362499,1.0889691002655445e-05,1.7231572752142392e-06,2.2603242979035749e-07,7.183260399857925e-07,3.024195853395102e-06,4.78509449489012e-07,1.6734050747377145e-05,1.141223854434603e-05,1.0889691002655445e-05
346,0,daughter,,False,0.0005765709440160247,1.3765463368900109e-05,5.475976980449466e-06,6.962256250138369e-07,3.822911232549001e-06,1.4738981974494932e-06,0.00047438307922800164,1.8342893327886845e-06,0.0002202460844238597,0.0009056139344932517,8.969393236719384e-05,0.0005289365944662937,7.484622751061123e-06,1.3765463368900109e-05,6.962256250138369e-07,1.4738981974494932e-06,0.0002202460844238597,1.8342893327886845e-06,0.00047438307922800164,8.969393236719384e-05,7.484622751061123e-06
346,1,daughter,,False,5.193048644949271e-05,4.683888424952456e-06,3.7636447180974406e-06,5.422218970016178e-07,1.3846004563753396e-06,7.646537350121258e-07,0.0004820365628429435,8.80110037979258e-07,0.00021559222163915307,0.010297272518613728,0.0003172682842485189,0.0005245722151820294,1.7952796934677738e-05,4.683888424952456e-06,5.422218970016178e-07,7.646537350121258e-07,0.00021559222163915307,8.80110037979258e-07,0.0004820365628429435,0.0003172682842485189,1.7952796934677738e-05
346,2,daughter,,False,1.971694219622292e-05,1.7778551863194697e-06,1.1843139025979655e-06,1.4593762210768862e-07,1.4510478554719287e-06,3.84493505874534e-07,0.0004706276972958211,7.183260399857925e-07,0.0002137118639848327,0.0007911659505451469,0.00014325365947100792,1.1235328063870752e-05,6.814872211615988e-06,1.7778551863194697e-06,1.4593762210768862e-07,3.84493505874534e-07,0.0002137118639848327,7.183260399857925e-07,0.0004706276972958211,0.00014325365947100792,6.814872211615988e-06
347,0,son,,False,3.250358452365473e-05,4.1335397768930325e-06,3.8831109868779005e-06,4.936988949458183e-07,3.5913010679499402e-06,1.1843139025979655e-06,0.0004807814521955314,1.8631746484712008e-06,0.00021296471561488525,0.03606095514154291,0.0014172366191301682,0.0004817760443363762,1.9110431587777674e-05,4.1335397768930325e-06,4.936988949458183e-07,1.1843139025979655e-06,0.00021296471561488525,1.8631746484712008e-06,0.0004807814521955314,0.0014172366191301682,1.9110431587777674e-05
347,1,son,,True,0.0006805796002084943,0.0008062878609679866,1.0554685795431098e-05,4.908661889889002e-06,2.0662982488383408e-05,1.5598027633743823e-05,0.004799596736307936,0.000214407938766389,0.00024709381223434357,0.002749761539826477,8.559006367452268e-05,0.4233788953621776,0.049526292968916245,0.0008062878609679866,4.908661889889002e-06,1.5598027633743823e-05,0.00024709381223434357,0.000214407938766389,0.004799596736307936,8.559006367452268e-05,0.049526292968916245
347,2,son,,False,5.4421326243255744e-05,6.205049602300744e-06,4.264746818557914e-06,5.422218970016178e-07,2.4682904407607285e-06,1.3420013504783412e-06,0.0004918513782782733,9.223470110117277e-07,0.00021849741587309833,0.019880268624754036,0.00019570169401946335,0.0005465467242453664,1.8522574326531083e-05,6.205049602300744e-06,5.422218970016178e-07,1.3420013504783412e-06,0.00021849741587309833,9.223470110117277e-07,0.0004918513782782733,0.00019570169401946335,1.8522574326531083e-05
348,0,child,,False,7.096703991005882e-05,3.535625074174432e-06,6.10885510164857e-06,3.726639284186561e-07,1.4738981974494932e-06,6.748051590048605e-07,0.0005094199893538772,1.9223170236538178e-06,0.00022096026380031539,3.9821309061635425e-05,1.5118199327273332e-05,0.00048380070743405816,1.0554685795431098e-05,3.535625074174432e-06,3.726639284186561e-07,6.748051590048605e-07,0.00022096026380031539,1.9223170236538178e-06,0.0005094199893538772,1.5118199327273332e-05,1.0554685795431098e-05
348,1,child,,False,4.373344035182828e-05,3.6478537675800286e-06,4.400118457925303e-06,2.561282210758673e-07,2.0462932829931794e-06,4.78509449489012e-07,0.0004728934314407662,1.4064044342149064e-06,0.00021695417048520467,8.167381046669487e-05,5.8840881855693875e-05,2.0027376671813928e-05,9.028039015031105e-06,3.6478537675800286e-06,2.561282210758673e-07,4.78509449489012e-07,0.00021695417048520467,1.4064044342149064e-06,0.0004728934314407662,5.8840881855693875e-05,9.028039015031105e-06
348,2,child,,True,0.005155770610420059,0.000985372855452885,1.0229985472581487e-05,4.757645425657629e-06,2.95957113513077e-05,2.7803096387751555e-05,0.004777023577311216,0.00021404877239531177,0.00023404764440531787,0.002809879477103823,3.353501304664781e-05,0.5923309468974565,0.05027975432286948,0.000985372855452885,4.757645425657629e-06,2.7803096387751555e-05,0.00023404764440531787,0.00021404877239531177,0.004777023577311216,3.353501304664781e-05,0.05027975432286948
349,0,daughter,,False,0.0007069393944598207,1.941131867789626e-05,1.0889691002655445e-05,9.666109404131067e-07,4.908661889889002e-06,1.1125607488784412e-06,0.014640593834409223,0.00021531444940491194,0.00044503532317946765,0.00011160142598430911,2.0027376671813928e-05,0.0011628954264227337,2.4923252458203565e-05,1.941131867789626e-05,9.666109404131067e-07,1.1125607488784412e-06,0.00044503532317946765,0.00021531444940491194,0.014640593834409223,2.0027376671813928e-05,2.4923252458203565e-05
349,1,daughter,,False,3.4062932773341e-05,1.0720880092159908e-05,3.024195853395102e-06,8.398072034951531e-07,7.722191834067996e-06,3.535625074174432e-06,0.004768896366448077,0.00021248506616171437,0.00026239380687440516,0.010132624023293487,0.0005774929853444153,0.0005873034565397543,4.108485376346404e-05,1.0720880092159908e-05,8.398072034951531e-07,3.535625074174432e-06,0.00026239380687440516,0.00021248506616171437,0.004768896366448077,0.0005774929853444153,4.108485376346404e-05
349,2,daughter,,False,0.0005521078339566511,1.3135179706526775e-05,5.829126566113866e-06,9.223470110117277e-07,3.2192334497037803e-06,1.3420013504783412e-06,0.0004892715105842414,7.889262586245034e-07,0.00021512380222681108,0.05247669474833683,0.0011419614645648403,0.0005914388320078819,2.453694805426225e-05,1.3135179706526775e-05,9.223470110117277e-07,1.3420013504783412e-06,0.00021512380222681108,7.889262586245034e-07,0.0004892715105842414,0.0011419614645648403,2.453694805426225e-05
350,0,son,,False,7.096703991005882e-05,9.028039015031105e-06,3.373722476473661e-06,9.516251694168764e-07,5.562206273647035e-06,1.670142184809518e-06,0.0004907617346601019,7.646537350121258e-07,0.0002250791783627945,0.003002558463671854,0.00027149854690051767,0.0005335820331640444,1.15919343186331e-05,9.028039015031105e-06,9.516251694168764e-07,1.670142184809518e-06,0.0002250791783627945,7.646537350121258e-07,0.0004907617346601019,0.00027149854690051767,1.15919343186331e-05
350,1,son,,False,2.4156629828672456e-05,6.014151777699533e-06,1.8925148246037342e-06,3.089494448007139e-07,2.586743108135441e-06,8.939696304799168e-07,0.004715496578484249,2.1112482331487175e-06,0.0002581100774188864,0.0008435169429986132,0.00019267346633274757,0.0005893550335994887,3.353501304664781e-05,6.014151777699533e-06,3.089494448007139e-07,8.939696304799168e-07,0.0002581100774188864,2.1112482331487175e-06,0.004715496578484249,0.00019267346633274757,3.353501304664781e-05
350,2,son,,False,0.0005539762557696557,2.199533724320648e-05,6.814872211615988e-06,1.0129990980873922e-06,3.6478537675800286e-06,1.7778551863194697e-06,0.0004737802338585972,1.670142184809518e-06,0.00021559222163915307,0.0008000313556104121,0.0001206589712246389,0.016064368539652724,3.9821309061635425e-05,2.199533724320648e-05,1.0129990980873922e-06,1.7778551863194697e-06,0.00021559222163915307,1.670142184809518e-06,0.0004737802338585972,0.0001206589712246389,3.9821309061635425e-05
351,0,child,,False,0.0006143383871652817,0.0007651998691810468,6.10885510164857e-06,3.169325442919291e-06,8.220189478350845e-06,3.4268490542555014e-06,0.014877492707612166,0.00022121727903496859,0.0003102091628826725,0.0008186102388378728,1.941131867789626e-05,0.12485927258208795,0.005477108266162027,0.0007651998691810468,3.169325442919291e-06,3.4268490542555014e-06,0.0003102091628826725,0.00022121727903496859,0.014877492707612166,1.941131867789626e-05,0.005477108266162027
351,1,child,,False,8.167381046669487e-05,1.8522574326531083e-05,5.064471653194114e-06,6.540437226933637e-07,5.307507822667365e-06,1.4738981974494932e-06,0.010260255822158776,0.0002177994777081214,0.0004010639301860349,0.0007433895060961777,8.693673928062173e-05,0.0005523259629862285,2.737216731838081e-05,1.8522574326531083e-05,6.540437226933637e-07,1.4738981974494932e-06,0.0004010639301860349,0.0002177994777081214,0.010260255822158776,8.693673928062173e-05,2.737216731838081e-05
351,2,child,,False,0.0006924152209879503,0.0007889532423404821,9.170196905195049e-06,3.944258675190877e-06,8.220189478350845e-06,5.225226840386988e-06,0.018604730951429154,0.00021762530935888873,0.0003578408752891465,0.01985369105236534,0.00013670256456563558,0.1254809709397941,0.005500923659383607,0.0007889532423404821,3.944258675190877e-06,5.225226840386988e-06,0.0003578408752891465,0.00021762530935888873,0.018604730951429154,0.00013670256456563558,0.005500923659383607
352,0,daughter,,False,4.7285443452031076e-05,6.814872211615988e-06,3.8831109868779005e-06,5.422218970016178e-07,3.6478537675800286e-06,9.516251694168764e-07,0.0005588802387867069,1.8925148246037342e-06,0.0002378658206902263,0.01951025220072374,0.0004718369255027519,0.0005194862076891146,2.453694805426225e-05,6.814872211615988e-06,5.422218970016178e-07,9.516251694168764e-07,0.0002378658206902263,1.8925148246037342e-06,0.0005588802387867069,0.0004718369255027519,2.453694805426225e-05
352,1,daughter,,False,1.9110431587777674e-05,3.6478537675800286e-06,1.8342893327886845e-06,1.3287773439792038e-07,1.4285517650093407e-06,3.500854414401442e-07,0.0004911950427828109,1.3846004563753396e-06,0.00021789598759221768,0.0008234381138183805,0.00012843081201339694,0.00048598979794611563,7.0311842669149565e-06,3.6478537675800286e-06,1.3287773439792038e-07,3.500854414401442e-07,0.00021789598759221768,1.3846004563753396e-06,0.0004911950427828109,0.00012843081201339694,7.0311842669149565e-06
352,2,daughter,,False,1.971694219622292e-05,4.400118457925303e-06,1.7778551863194697e-06,2.2603242979035749e-07,3.7636447180974406e-06,7.183260399857925e-07,0.0004782046600624745,1.3846004563753396e-06,0.00021559222163915307,0.0008594156731411163,0.00023231625226312826,0.000493111798506495,7.722191834067996e-06,4.400118457925303e-06,2.2603242979035749e-07,7.183260399857925e-07,0.00021559222163915307,1.3846004563753396e-06,0.0004782046600624745,0.00023231625226312826,7.722191834067996e-06
353,0,son,,False,4.655269187520153e-05,7.2543618230189156e-06,4.1335397768930325e-06,5.77192003016332e-07,4.757645425657629e-06,1.8925148246037342e-06,0.0005078495974182844,1.7778551863194697e-06,0.00022096026380031539,0.01947884562533035,0.0005774929853444153,0.0005194862076891146,1.971694219622292e-05,7.2543618230189156e-06,5.77192003016332e-07,1.8925148246037342e-06,0.00022096026380031539,1.7778551863194697e-06,0.0005078495974182844,0.0005774929853444153,1.971694219622292e-05
353,1,son,,False,4.238847419937498e-05,3.535625074174432e-06,3.4808121961114687e-06,3.500854414401442e-07,1.7231572752142392e-06,6.339210403977636e-07,0.00047938840401504903,6.339210403977636e-07,0.0002137118639848327,0.01948923501667421,0.0003483424193080668,0.0004888526162855685,1.3982207564732913e-05,3.535625074174432e-06,3.500854414401442e-07,6.339210403977636e-07,0.0002137118639848327,6.339210403977636e-07,0.00047938840401504903,0.0003483424193080668,1.3982207564732913e-05
353,2,son,,False,8.295891883591029e-05,1.4202364022997911e-05,5.144221374220898e-06,1.5446309562386385e-06,6.205049602300744e-06,1.7231572752142392e-06,0.0005371082750745437,1.1843139025979655e-06,0.0002464470899300356,0.003077507246275801,0.00016229670614688406,0.010192263297697799,4.512106237781923e-05,1.4202364022997911e-05,1.5446309562386385e-06,1.7231572752142392e-06,0.0002464470899300356,1.1843139025979655e-06,0.0005371082750745437,0.00016229670614688406,4.512106237781923e-05
354,0,child,,False,0.0005502683110505684,1.3342001090985438e-05,5.829126566113866e-06,8.664653147910923e-07,4.006369222920725e-06,1.4285517650093407e-06,0.000603496121776184,3.7636447180974406e-06,0.00024050606249465076,0.01949970367927649,0.00041339680904524455,0.0005523259629862285,1.7952796934677738e-05,1.3342001090985438e-05,8.664653147910923e-07,1.4285517650093407e-06,0.00024050606249465076,3.7636447180974406e-06,0.000603496121776184,0.00041339680904524455,1.7952796934677738e-05
354,1,child,,False,1.6346470245419304e-05,1.3846004563753396e-06,1.3420013504783412e-06,8.851569304133282e-08,8.664653147910923e-07,2.6425858208426533e-07,0.0004864104424062609,8.80110037979258e-07,0.00021575330372933303,0.0001410358496618023,8.349627818261147e-06,2.0662982488383408e-05,8.220189478350845e-06,1.3846004563753396e-06,8.851569304133282e-08,2.6425858208426533e-07,0.00021575330372933303,8.80110037979258e-07,0.0004864104424062609,8.349627818261147e-06,8.220189478350845e-06
354,2,child,,False,0.0006515889290795349,4.802972318863164e-05,9.170196905195049e-06,2.01456908529364e-06,6.014151777699533e-06,3.2699273422345685e-06,0.0005708597453233479,1.6187581436151335e-06,0.00022570493397209223,0.02129789687799805,0.00018102110262026484,0.07105490062561941,0.002388579128368805,4.802972318863164e-05,2.01456908529364e-06,3.2699273422345685e-06,0.00022570493397209223,1.6187581436151335e-06,0.0005708597453233479,0.00018102110262026484,0.002388579128368805
355,0,daughter,,False,1.971694219622292e-05,3.120191139396651e-06,2.355261854303796e-06,3.089494448007139e-07,2.4682904407607285e-06,5.594337713435001e-07,0.000499852431416165,1.5446309562386385e-06,0.0002219660831203052,0.0007067749478525128,8.426423087564058e-05,0.00048380070743405816,8.481104172358076e-06,3.120191139396651e-06,3.089494448007139e-07,5.594337713435001e-07,0.0002219660831203052,1.5446309562386385e-06,0.000499852431416165,8.426423087564058e-05,8.481104172358076e-06
355,1,daughter,,False,4.655269187520153e-05,1.4653129390717958e-05,3.321419494792514e-06,1.1843139025979655e-06,3.4808121961114687e-06,1.7778551863194697e-06,0.004705622516017352,2.796930302582677e-06,0.0002797325225442084,0.01951025220072374,0.0007345826574477062,0.0012121048968397102,0.0015892277098919255,1.4653129390717958e-05,1.1843139025979655e-06,1.7778551863194697e-06,0.0002797325225442084,2.796930302582677e-06,0.004705622516017352,0.0007345826574477062,0.0015892277098919255
355,2,daughter,,False,7.321812616608614e-05,1.3135179706526775e-05,2.3923509443082866e-06,7.411279871974134e-07,2.6688529572628562e-06,1.1125607488784412e-06,0.00048095866129362324,8.80110037979258e-07,0.00021527750928249177,0.01949970367927649,0.0004297938879407239,0.0005738038183837241,2.305067219931397e-05,1.3135179706526775e-05,7.411279871974134e-07,1.1125607488784412e-06,0.00021527750928249177,8.80110037979258e-07,0.00048095866129362324,0.0004297938879407239,2.305067219931397e-05
356,0,son,,False,2.0342697805520655e-05,3.120191139396651e-06,2.355261854303796e-06,2.4824800371656586e-07,1.0783312222985275e-06,4.356879983467376e-07,0.00046968007670061194,9.666109404131067e-07,5.920916517463734e-06,0.0028428458272168377,0.00030753698500482333,1.7952796934677738e-05,9.610241549947397e-06,3.120191139396651e-06,2.4824800371656586e-07,4.356879983467376e-07,5.920916517463734e-06,9.666109404131067e-07,0.00046968007670061194,0.00030753698500482333,9.610241549947397e-06
356,1,son,,True,0.0006805796002084943,0.0007571223117196732,1.1061159714638084e-05,3.0718185454758057e-06,1.15919343186331e-05,5.829126566113866e-06,0.004828637692097915,4.1335397768930325e-06,0.000258940290001311,0.000703746720165797,2.0342697805520655e-05,0.20421223150441853,0.016183047708530473,0.0007571223117196732,3.0718185454758057e-06,5.829126566113866e-06,0.000258940290001311,4.1335397768930325e-06,0.004828637692097915,2.0342697805520655e-05,0.016183047708530473
356,2,son,,False,3.1999824407395835e-05,5.649793328376294e-06,3.2192334497037803e-06,6.339210403977636e-07,8.61465062380632e-06,2.586743108135441e-06,0.00048295429655924565,9.223470110117277e-07,0.00021467682920914668,0.010304812472231823,0.0003376612381739501,0.0005335820331640444,1.8522574326531083e-05,5.649793328376294e-06,6.339210403977636e-07,2.586743108135441e-06,0.00021467682920914668,9.223470110117277e-07,0.00048295429655924565,0.0003376612381739501,1.8522574326531083e-05
357,0,child,,False,5.527786369235996e-05,4.264746818557914e-06,3.5913010679499402e-06,3.9669859149467314e-07,1.7778551863194697e-06,5.955139348629957e-07,0.0004775426141829032,7.889262586245034e-07,0.0002115672857688723,8.969393236719384e-05,1.7952796934677738e-05,0.0005289365944662937,2.234163601827719e-05,4.264746818557914e-06,3.9669859149467314e-07,5.955139348629957e-07,0.0002115672857688723,7.889262586245034e-07,0.0004775426141829032,1.7952796934677738e-05,2.234163601827719e-05
357,1,child,,False,2.5315637215092633e-05,3.4268490542555014e-06,2.1444948420913954e-06,3.288749065460498e-07,1.5206840370677115e-06,4.78509449489012e-07,0.0004896931435821077,5.955139348629957e-07,0.00022447266775434924,0.0028601092173492736,0.00021489492836254285,0.0004909157246515137,1.488384825728813e-05,3.4268490542555014e-06,3.288749065460498e-07,4.78509449489012e-07,0.00022447266775434924,5.955139348629957e-07,0.0004896931435821077,0.00021489492836254285,1.488384825728813e-05
357,2,child,,False,1.488384825728813e-05,2.5071593847983196e-06,1.3007128466476034e-06,1.136563710667868e-07,1.8342893327886845e-06,3.84493505874534e-07,0.0004717428775960644,1.1300808333434096e-06,0.0002219660831203052,0.0028689430188461465,0.00018969200744787138,1.2731104162213555e-05,7.722191834067996e-06,2.5071593847983196e-06,1.136563710667868e-07,3.84493505874534e-07,0.0002219660831203052,1.1300808333434096e-06,0.0004717428775960644,0.00018969200744787138,7.722191834067996e-06
358,0,daughter,,False,0.000567903324674726,4.305570813246149e-05,1.2533751425646102e-05,2.7535691114583474e-06,1.0071400221737608e-05,4.331903899346328e-06,0.0005177977297866245,0.00021617439119419804,0.0002511935262300754,0.379076395297132,0.19561565331121894,0.0005832949863420954,4.442183589214344e-05,4.305570813246149e-05,2.7535691114583474e-06,4.331903899346328e-06,0.0002511935262300754,0.00021617439119419804,0.0005177977297866245,0.19561565331121894,4.442183589214344e-05
358,1,daughter,,False,4.373344035182828e-05,5.307507822667365e-06,3.2192334497037803e-06,3.1875652166284776e-07,1.3846004563753396e-06,5.955139348629957e-07,0.0004909779660391795,6.748051590048605e-07,0.00021642339588120966,0.0030536424941330197,0.00025114635138098534,0.0005079785823772643,1.535623976496012e-05,5.307507822667365e-06,3.1875652166284776e-07,5.955139348629957e-07,0.00021642339588120966,6.748051590048605e-07,0.0004909779660391795,0.00025114635138098534,1.535623976496012e-05
358,2,daughter,,False,2.4923252458203565e-05,2.5071593847983196e-06,1.5689549727726036e-06,1.067702870044147e-07,1.4064044342149064e-06,2.332074525844782e-07,0.00047705281867000977,1.363134508591315e-06,0.00021934444373130447,0.0008648818595419032,6.563728324346652e-05,1.2339457598623173e-05,4.264746818557914e-06,2.5071593847983196e-06,1.067702870044147e-07,2.332074525844782e-07,0.00021934444373130447,1.363134508591315e-06,0.00047705281867000977,6.563728324346652e-05,4.264746818557914e-06
359,0,son,,False,0.0005788235783983012,3.514382632807918e-05,6.814872211615988e-06,3.705296977158347e-06,6.605214485464791e-06,3.4808121961114687e-06,0.004659054418171892,3.4808121961114687e-06,0.00024395884522464894,0.019934641147342655,0.0006289902136892483,0.02318245564726681,0.0024116611132049036,3.514382632807918e-05,3.705296977158347e-06,3.4808121961114687e-06,0.00024395884522464894,3.4808121961114687e-06,0.004659054418171892,0.0006289902136892483,0.0024116611132049036
359,1,son,,False,2.1318756129065198e-05,2.840974294610978e-06,1.7778551863194697e-06,1.7603432133424857e-07,1.5446309562386385e-06,4.78509449489012e-07,0.0006106035478452502,2.796930302582677e-06,0.00023495794751787928,0.0008487344920069995,0.00012448433020883747,0.00048422495919655346,1.488384825728813e-05,2.840974294610978e-06,1.7603432133424857e-07,4.78509449489012e-07,0.00023495794751787928,2.796930302582677e-06,0.0006106035478452502,0.00012448433020883747,1.488384825728813e-05
359,2,son,,False,2.4156629828672456e-05,2.4300240743279605e-06,1.9525885208642222e-06,2.4061023397180247e-07,1.670142184809518e-06,6.339210403977636e-07,0.0004907617346601019,9.516251694168764e-07,0.00021732209397159474,0.003077507246275801,0.00010005044009099887,0.0004985843679459446,1.3982207564732913e-05,2.4300240743279605e-06,2.4061023397180247e-07,6.339210403977636e-07,0.00021732209397159474,9.516251694168764e-07,0.0004907617346601019,0.00010005044009099887,1.3982207564732913e-05
360,0,child,,False,2.95957113513077e-05,4.264746818557914e-06,2.5071593847983196e-06,2.4061023397180247e-07,1.8631746484712008e-06,6.748051590048605e-07,0.004683736028113757,2.931153855960119e-06,0.00027414735167209615,0.0007661644959617213,2.8240807799315707e-05,0.0005166197289884592,7.484622751061123e-06,4.264746818557914e-06,2.4061023397180247e-07,6.748051590048605e-07,0.00027414735167209615,2.931153855960119e-06,0.004683736028113757,2.8240807799315707e-05,7.484622751061123e-06
360,1,child,,False,0.0007736178204199864,2.305067219931397e-05,3.822911232549001e-06,5.955139348629957e-07,1.8925148246037342e-06,6.962256250138369e-07,0.0005309570420757979,1.8058518261159955e-06,0.00022570493397209223,8.295891883591029e-05,6.40200641038395e-06,0.010117320684545133,2.2693385749600554e-05,2.305067219931397e-05,5.955139348629957e-07,6.962256250138369e-07,0.00022570493397209223,1.8058518261159955e-06,0.0005309570420757979,6.40200641038395e-06,2.2693385749600554e-05
360,2,child,,False,0.0005788235783983012,2.3413582477639402e-05,8.220189478350845e-06,2.1782649863110498e-06,4.757645425657629e-06,2.931153855960119e-06,0.0005887077117656575,2.2474089854291757e-06,0.00026420311802226543,0.01040826973575264,0.00015011822567369918,0.022828708452516652,7.321812616608614e-05,2.3413582477639402e-05,2.1782649863110498e-06,2.931153855960119e-06,0.00026420311802226543,2.2474089854291757e-06,0.0005887077117656575,0.00015011822567369918,7.321812616608614e-05
361,0,daughter,,False,1.15919343186331e-05,2.4300240743279605e-06,1.8342893327886845e-06,2.2603242979035749e-07,9.170196905195049e-06,1.1478768127080353e-06,0.00045954634568336845,3.3931448129766124e-07,3.373722476473661e-06,0.00017821963223663923,8.040859356292355e-05,1.7130819343483194e-05,1.1235328063870752e-05,2.4300240743279605e-06,2.2603242979035749e-07,1.1478768127080353e-06,3.373722476473661e-06,3.3931448129766124e-07,0.00045954634568336845,8.040859356292355e-05,1.1235328063870752e-05
361,1,daughter,,False,2.95957113513077e-05,3.024195853395102e-06,1.5689549727726036e-06,1.370957206857845e-07,8.139692624947503e-07,1.994729721527057e-07,0.00046416927920648823,5.594337713435001e-07,0.0002182938001211795,0.00017821963223663923,6.771942330385674e-05,1.5118199327273332e-05,4.832563818725537e-06,3.024195853395102e-06,1.370957206857845e-07,1.994729721527057e-07,0.0002182938001211795,5.594337713435001e-07,0.00046416927920648823,6.771942330385674e-05,4.832563818725537e-06
361,2,daughter,,False,2.1318756129065198e-05,1.7231572752142392e-06,2.2827997192887966e-06,1.2482708949986417e-07,1.670142184809518e-06,4.0929110499856e-07,0.0004889574381942242,1.3007128466476034e-06,0.00022388481049310266,0.0007226435938923609,6.46203290719727e-05,8.092757566536092e-06,4.53978687024344e-06,1.7231572752142392e-06,1.2482708949986417e-07,4.0929110499856e-07,0.00022388481049310266,1.3007128466476034e-06,0.0004889574381942242,6.46203290719727e-05,4.53978687024344e-06
362,0,son,,True,0.0007456821445303479,0.0008465329793492215,1.2339457598623173e-05,5.649793328376294e-06,1.941131867789626e-05,1.8235460794662427e-05,0.0047145021734019575,0.00021428634147831863,0.00023889724921321938,0.0007293448983675676,0.0001048469267161009,0.35235743910248096,0.008991967971265538,0.0008465329793492215,5.649793328376294e-06,1.8235460794662427e-05,0.00023889724921321938,0.00021428634147831863,0.0047145021734019575,0.0001048469267161009,0.008991967971265538
362,1,son,,False,0.000595613990691901,3.3015272509780104e-05,5.738759521437678e-06,1.1125607488784412e-06,1.0889691002655445e-05,3.373722476473661e-06,0.0005197481018433826,1.5446309562386385e-06,0.00021891431472897835,0.0030191947476948433,0.00020190139004485808,0.01625575383038594,5.527786369235996e-05,3.3015272509780104e-05,1.1125607488784412e-06,3.373722476473661e-06,0.00021891431472897835,1.5446309562386385e-06,0.0005197481018433826,0.00020190139004485808,5.527786369235996e-05
362,2,son,,False,2.2693385749600554e-05,4.1335397768930325e-06,3.535625074174432e-06,3.84493505874534e-07,2.7535691114583474e-06,1.0451548051737735e-06,0.00046139969563489515,8.013499398837462e-07,5.391084403253366e-06,0.01976376624240485,0.0005865338360797102,0.000510430845712912,1.0554685795431098e-05,4.1335397768930325e-06,3.84493505874534e-07,1.0451548051737735e-06,5.391084403253366e-06,8.013499398837462e-07,0.00046139969563489515,0.0005865338360797102,1.0554685795431098e-05
363,0,child,,False,0.000581111582566612,1.4202364022997911e-05,4.832563818725537e-06,5.594337713435001e-07,2.1444948420913954e-06,1.0783312222985275e-06,0.004721850648997551,3.024195853395102e-06,0.0002484179442990331,7.554056327295277e-05,5.920916517463734e-06,0.010202649223133072,3.0061635882429376e-05,1.4202364022997911e-05,5.594337713435001e-07,1.0783312222985275e-06,0.0002484179442990331,3.024195853395102e-06,0.004721850648997551,5.920916517463734e-06,3.0061635882429376e-05
363,1,child,,False,8.426423087564058e-05,1.0889691002655445e-05,3.8831109868779005e-06,4.6378732973537256e-07,2.627477314480822e-06,4.78509449489012e-07,0.00047921731131957026,1.5446309562386385e-06,0.00022249305551005476,0.00015487610942879803,8.969393236719384e-05,0.0005465467242453664,1.6865275398914433e-05,1.0889691002655445e-05,4.6378732973537256e-07,4.78509449489012e-07,0.00022249305551005476,1.5446309562386385e-06,0.00047921731131957026,8.969393236719384e-05,1.6865275398914433e-05
363,2,child,,False,2.6947915555885546e-05,1.8342893327886845e-06,2.01456908529364e-06,1.2482708949986417e-07,1.2219076020491008e-06,2.0580491096133835e-07,0.00046285603828612274,5.682435212870505e-07,0.00021228441957103978,0.00011879054941163418,3.1015598671268335e-05,9.915273115920183e-06,3.535625074174432e-06,1.8342893327886845e-06,1.2482708949986417e-07,2.0580491096133835e-07,0.00021228441957103978,5.682435212870505e-07,0.00046285603828612274,3.1015598671268335e-05,3.535625074174432e-06
364,0,daughter,,False,0.0005484572411127382,4.173157606777201e-05,6.605214485464791e-06,2.586743108135441e-06,7.722191834067996e-06,3.8831109868779005e-06,0.00471171651191177,3.120191139396651e-06,0.00026606979421072254,0.002954895533654995,0.00020829707830458003,0.1236169704765908,0.005574565231156779,4.173157606777201e-05,2.586743108135441e-06,3.8831109868779005e-06,0.00026606979421072254,3.120191139396651e-06,0.00471171651191177,0.00020829707830458003,0.005574565231156779
364,1,daughter,,False,0.0006143383871652817,1.609308249869283e-05,1.8522574326531083e-05,1.2219076020491008e-06,3.822911232549001e-06,1.5206840370677115e-06,0.0005018943519102321,2.4682904407607285e-06,0.00021978822261505042,0.0007911659505451469,0.00018675659778932805,0.000602359085731457,2.234163601827719e-05,1.609308249869283e-05,1.2219076020491008e-06,1.5206840370677115e-06,0.00021978822261505042,2.4682904407607285e-06,0.0005018943519102321,0.00018675659778932805,2.234163601827719e-05
364,2,daughter,,False,3.682979260160596e-05,6.922183404468203e-06,2.5071593847983196e-06,3.288749065460498e-07,2.88571183887091e-06,7.183260399857925e-07,0.0005915727927525314,1.3846004563753396e-06,0.00023736206057396741,0.0028344121635247347,0.00025114635138098534,0.0005385266023448675,1.971694219622292e-05,6.922183404468203e-06,3.288749065460498e-07,7.183260399857925e-07,0.00023736206057396741,1.3846004563753396e-06,0.0005915727927525314,0.00025114635138098534,1.971694219622292e-05
365,0,son,,False,0.0005502683110505684,3.0061635882429376e-05,7.484622751061123e-06,2.355261854303796e-06,6.605214485464791e-06,3.321419494792514e-06,0.007433932465000786,0.00021517880026805696,0.0002964673556066361,0.03807496932935008,0.0014392336369436931,0.010254436976187381,5.614787461400803e-05,3.0061635882429376e-05,2.355261854303796e-06,3.321419494792514e-06,0.0002964673556066361,0.00021517880026805696,0.007433932465000786,0.0014392336369436931,5.614787461400803e-05
365,1,son,,True,0.000632094705783408,0.000782004817350045,9.170196905195049e-06,5.391084403253366e-06,1.9110431587777674e-05,1.488384825728813e-05,0.007426943675946202,0.00021221394297262693,0.00027414735167209615,0.0027427567939960506,0.00011695102650555148,0.40204275469096273,0.04954547612610375,0.000782004817350045,5.391084403253366e-06,1.488384825728813e-05,0.00027414735167209615,0.00021221394297262693,0.007426943675946202,0.00011695102650555148,0.04954547612610375
365,2,son,,False,3.4062932773341e-05,6.502816785764437e-06,1.8342893327886845e-06,3.84493505874534e-07,3.4268490542555014e-06,5.594337713435001e-07,0.00046372467876705764,7.889262586245034e-07,0.00021934444373130447,0.010335556418985823,0.0003976227974475301,0.0005224900751216392,2.0342697805520655e-05,6.502816785764437e-06,3.84493505874534e-07,5.594337713435001e-07,0.00021934444373130447,7.889262586245034e-07,0.00046372467876705764,0.0003976227974475301,2.0342697805520655e-05
366,0,child,,False,0.005094431504792345,4.442183589214344e-05,7.843789122138342e-06,1.4064044342149064e-06,6.814872211615988e-06,2.1444948420913954e-06,0.0005692846788900117,2.212566909570261e-06,0.00022914444123060576,0.0027641006197803124,2.95957113513077e-05,0.010254436976187381,2.7803096387751555e-05,4.442183589214344e-05,1.4064044342149064e-06,2.1444948420913954e-06,0.00022914444123060576,2.212566909570261e-06,0.0005692846788900117,2.95957113513077e-05,2.7803096387751555e-05
366,1,child,,True,0.005777920630109285,0.0009287310059386505,1.3135179706526775e-05,5.829126566113866e-06,3.514382632807918e-05,1.8235460794662427e-05,0.0074422415708257274,0.00021239327621036451,0.0003008354072746275,0.0030897177774876707,7.437028637763686e-05,0.20075523207745824,0.0034482292367455166,0.0009287310059386505,5.829126566113866e-06,1.8235460794662427e-05,0.0003008354072746275,0.00021239327621036451,0.0074422415708257274,7.437028637763686e-05,0.0034482292367455166
366,2,child,,False,9.110511944006454e-05,5.391084403253366e-06,4.400118457925303e-06,3.089494448007139e-07,8.664653147910923e-07,2.9023119852110973e-07,0.0004740804800258193,8.664653147910923e-07,0.00021320602528870992,0.010132624023293487,2.7803096387751555e-05,0.0005019738542559919,9.610241549947397e-06,5.391084403253366e-06,3.089494448007139e-07,2.9023119852110973e-07,0.00021320602528870992,8.664653147910923e-07,0.0004740804800258193,2.7803096387751555e-05,9.610241549947397e-06
367,0,daughter,,False,3.3015272509780104e-05,3.024195853395102e-06,1.8925148246037342e-06,2.6425858208426533e-07,1.8342893327886845e-06,4.6378732973537256e-07,0.0004682423007537106,8.939696304799168e-07,0.00021239342043348654,0.0007583355694965269,5.193048644949271e-05,2.0662982488383408e-05,7.0311842669149565e-06,3.024195853395102e-06,2.6425858208426533e-07,4.6378732973537256e-07,0.00021239342043348654,8.939696304799168e-07,0.0004682423007537106,5.193048644949271e-05,7.0311842669149565e-06
367,1,daughter,,False,2.0988308820313112e-05,6.014151777699533e-06,1.5206840370677115e-06,3.84493505874534e-07,2.88571183887091e-06,8.139692624947503e-07,0.0005481792593274822,2.7535691114583474e-06,0.00023889724921321938,0.020416283747934114,0.0006097562192575309,0.0005138843625860062,2.1654404989510328e-05,6.014151777699533e-06,3.84493505874534e-07,8.139692624947503e-07,0.00023889724921321938,2.7535691114583474e-06,0.0005481792593274822,0.0006097562192575309,2.1654404989510328e-05
367,2,daughter,,False,1.8235460794662427e-05,2.7535691114583474e-06,1.1125607488784412e-06,1.8738753836511972e-07,1.8342893327886845e-06,4.78509449489012e-07,0.0004931873238609058,8.139692624947503e-07,0.00022001536555728952,0.0027324509784863353,0.00018675659778932805,2.2693385749600554e-05,1.3552078562406772e-05,2.7535691114583474e-06,1.8738753836511972e-07,4.78509449489012e-07,0.00022001536555728952,8.139692624947503e-07,0.0004931873238609058,0.00018675659778932805,1.3552078562406772e-05
368,0,son,,False,3.9821309061635425e-05,6.40200641038395e-06,3.4808121961114687e-06,4.78509449489012e-07,5.920916517463734e-06,2.7535691114583474e-06,0.0005332189102820234,2.710880136557205e-06,0.0002730816594704283,0.002786458937919142,0.00014325365947100792,0.0005064063866345277,1.5843621910252592e-05,6.40200641038395e-06,4.78509449489012e-07,2.7535691114583474e-06,0.0002730816594704283,2.710880136557205e-06,0.0005332189102820234,0.00014325365947100792,1.5843621910252592e-05
368,1,son,,False,2.8240807799315707e-05,2.7535691114583474e-06,1.6187581436151335e-06,2.2603242979035749e-07,2.0462932829931794e-06,4.495181578513688e-07,0.0004753051800293774,9.516251694168764e-07,0.000223597696961234,6.361912109467577e-05,2.4156629828672456e-05,1.7400543552708932e-05,5.475976980449466e-06,2.7535691114583474e-06,2.2603242979035749e-07,4.495181578513688e-07,0.000223597696961234,9.516251694168764e-07,0.0004753051800293774,2.4156629828672456e-05,5.475976980449466e-06
368,2,son,,False,0.0006805796002084943,0.0007516926173678823,8.481104172358076e-06,2.88571183887091e-06,5.562206273647035e-06,2.1444948420913954e-06,0.0004890619248024814,1.5446309562386385e-06,0.000223597696961234,0.0030136065619126334,0.00020829707830458003,0.022776984360880336,5.193048644949271e-05,0.0007516926173678823,2.88571183887091e-06,2.1444948420913954e-06,0.000223597696961234,1.5446309562386385e-06,0.0004890619248024814,0.00020829707830458003,5.193048644949271e-05
369,0,child,,False,0.0005539762557696557,8.888084683809127e-06,3.535625074174432e-06,5.594337713435001e-07,4.832563818725537e-06,2.586743108135441e-06,0.0005479596132833155,2.4682904407607285e-06,0.00026702520964274283,0.00013670256456563558,2.913700606794303e-05,0.0005493912805431325,2.305067219931397e-05,8.888084683809127e-06,5.594337713435001e-07,2.586743108135441e-06,0.00026702520964274283,2.4682904407607285e-06,0.0005479596132833155,2.913700606794303e-05,2.305067219931397e-05
369,1,child,,False,5.8840881855693875e-05,4.1335397768930325e-06,2.7535691114583474e-06,3.500854414401442e-07,1.5689549727726036e-06,8.139692624947503e-07,0.0004930747966362707,1.3420013504783412e-06,0.00021891431472897835,0.0009118021484241878,4.583129006350382e-05,0.0005147819588703148,8.750299760661308e-06,4.1335397768930325e-06,3.500854414401442e-07,8.139692624947503e-07,0.00021891431472897835,1.3420013504783412e-06,0.0004930747966362707,4.583129006350382e-05,8.750299760661308e-06
369,2,child,,False,0.000583435510218716,1.0554685795431098e-05,3.4268490542555014e-06,4.936988949458183e-07,1.4285517650093407e-06,1.0451548051737735e-06,0.0004780381783651428,9.223470110117277e-07,0.00021751041144712992,0.0001064962672055945,8.750299760661308e-06,0.0011796205287082032,1.2731104162213555e-05,1.0554685795431098e-05,4.936988949458183e-07,1.0451548051737735e-06,0.00021751041144712992,9.223470110117277e-07,0.0004780381783651428,8.750299760661308e-06,1.2731104162213555e-05
370,0,daughter,,False,1.6346470245419304e-05,3.321419494792514e-06,1.1843139025979655e-06,1.2482708949986417e-07,1.7778551863194697e-06,3.84493505874534e-07,0.004695667965998084,3.822911232549001e-06,0.00028577082972949515,5.4421326243255744e-05,2.453694805426225e-05,1.5598027633743823e-05,5.649793328376294e-06,3.321419494792514e-06,1.2482708949986417e-07,3.84493505874534e-07,0.00028577082972949515,3.822911232549001e-06,0.004695667965998084,2.453694805426225e-05,5.649793328376294e-06
370,1,daughter,,False,2.6119031909571944e-05,4.98595821272702e-06,2.01456908529364e-06,5.77192003016332e-07,3.2699273422345685e-06,1.1843139025979655e-06,0.0005113198674311622,9.818326983657703e-07,0.00022447266775434924,0.010416662243394846,0.0004681822524333738,0.0005267203585267405,2.234163601827719e-05,4.98595821272702e-06,5.77192003016332e-07,1.1843139025979655e-06,0.00022447266775434924,9.818326983657703e-07,0.0005113198674311622,0.0004681822524333738,2.234163601827719e-05
370,2,daughter,,False,0.0005502683110505684,2.0027376671813928e-05,5.562206273647035e-06,1.6187581436151335e-06,7.602479448313689e-06,3.169325442919291e-06,0.0005367124801338166,3.2699273422345685e-06,0.000245183545228207,0.002924908581036187,0.00013670256456563558,0.01027840720714772,6.263341581094202e-05,2.0027376671813928e-05,1.6187581436151335e-06,3.169325442919291e-06,0.000245183545228207,3.2699273422345685e-06,0.0005367124801338166,0.00013670256456563558,6.263341581094202e-05
371,0,son,,False,4.305570813246149e-05,6.605214485464791e-06,2.931153855960119e-06,7.183260399857925e-07,4.832563818725537e-06,1.5206840370677115e-06,0.000554738798988623,1.4510478554719287e-06,0.00024162124279489402,0.010375333996460123,0.00032224843240024345,0.0005300709180442588,1.7400543552708932e-05,6.605214485464791e-06,7.183260399857925e-07,1.5206840370677115e-06,0.00024162124279489402,1.4510478554719287e-06,0.000554738798988623,0.00032224843240024345,1.7400543552708932e-05
371,1,son,,False,3.625900662832244e-05,4.683888424952456e-06,2.7535691114583474e-06,3.500854414401442e-07,2.710880136557205e-06,1.1125607488784412e-06,0.0004660187641789279,7.527989669055592e-07,0.00021497247771651897,0.0007783738571119147,1.6603846953733614e-05,0.0005437895311587944,9.915273115920183e-06,4.683888424952456e-06,3.500854414401442e-07,1.1125607488784412e-06,0.00021497247771651897,7.527989669055592e-07,0.0004660187641789279,1.6603846953733614e-05,9.915273115920183e-06
371,2,son,,False,9.253848866495987e-05,9.761566060239504e-06,2.88571183887091e-06,6.962256250138369e-07,1.3007128466476034e-06,7.889262586245034e-07,0.004679728639695574,3.2192334497037803e-06,0.00030698664027337325,0.0008045684283044233,1.2731104162213555e-05,0.0011780402186782639,8.220189478350845e-06,9.761566060239504e-06,6.962256250138369e-07,7.889262586245034e-07,0.00030698664027337325,3.2192334497037803e-06,0.004679728639695574,1.2731104162213555e-05,8.220189478350845e-06
372,0,child,,False,2.7803096387751555e-05,6.10885510164857e-06,2.586743108135441e-06,3.9669859149467314e-07,3.373722476473661e-06,8.939696304799168e-07,0.0004714608092839256,8.939696304799168e-07,0.000211865052952336,0.0027788905419273728,0.00019877742123839117,0.0005493912805431325,1.535623976496012e-05,6.10885510164857e-06,3.9669859149467314e-07,8.939696304799168e-07,0.000211865052952336,8.939696304799168e-07,0.0004714608092839256,0.00019877742123839117,1.535623976496012e-05
372,1,child,,False,0.0007268124590163906,2.5315637215092633e-05,1.6603846953733614e-05,2.1112482331487175e-06,6.605214485464791e-06,3.2699273422345685e-06,0.0005197481018433826,3.2192334497037803e-06,0.00021956460018956949,0.09759968709783357,0.0004792316673138822,0.001208455080896534,3.9821309061635425e-05,2.5315637215092633e-05,2.1112482331487175e-06,3.2699273422345685e-06,0.00021956460018956949,3.2192334497037803e-06,0.0005197481018433826,0.0004792316673138822,3.9821309061635425e-05
372,2,child,,False,4.7285443452031076e-05,9.761566060239504e-06,1.9525885208642222e-06,4.936988949458183e-07,2.627477314480822e-06,9.516251694168764e-07,0.0005543903454309866,1.6442494559854523e-06,0.0002253896128383855,0.0028601092173492736,0.0001064962672055945,0.0005738038183837241,1.7400543552708932e-05,9.761566060239504e-06,4.936988949458183e-07,9.516251694168764e-07,0.0002253896128383855,1.6442494559854523e-06,0.0005543903454309866,0.0001064962672055945,1.7400543552708932e-05
373,0,daughter,,False,3.569706350376584e-05,3.321419494792514e-06,2.4300240743279605e-06,2.72647027069593e-07,1.9525885208642222e-06,4.356879983467376e-07,0.0004698138709183132,1.1843139025979655e-06,0.0002227627797192805,0.000770171190275983,6.070755804415097e-05,0.0004925498553819385,1.2339457598623173e-05,3.321419494792514e-06,2.72647027069593e-07,4.356879983467376e-07,0.0002227627797192805,1.1843139025979655e-06,0.0004698138709183132,6.070755804415097e-05,1.2339457598623173e-05
373,1,daughter,,False,2.571419797957771e-05,4.683888424952456e-06,1.6187581436151335e-06,2.6425858208426533e-07,3.4268490542555014e-06,8.664653147910923e-07,0.00047348232244292843,1.2411496080609794e-06,0.0002139768867903779,0.0008383797509002126,0.0001597845494017344,0.0004999085000106341,1.7952796934677738e-05,4.683888424952456e-06,2.6425858208426533e-07,8.664653147910923e-07,0.0002139768867903779,1.2411496080609794e-06,0.00047348232244292843,0.0001597845494017344,1.7952796934677738e-05
373,2,daughter,,False,3.514382632807918e-05,5.738759521437678e-06,2.5071593847983196e-06,3.9669859149467314e-07,1.8925148246037342e-06,9.818326983657703e-07,0.0005409462886852909,1.6187581436151335e-06,0.00022668099229563676,0.01949970367927649,0.0003976227974475301,0.0005096006331304874,1.7952796934677738e-05,5.738759521437678e-06,3.9669859149467314e-07,9.818326983657703e-07,0.00022668099229563676,1.6187581436151335e-06,0.0005409462886852909,0.0003976227974475301,1.7952796934677738e-05
374,0,son,,False,1.9110431587777674e-05,2.01456908529364e-06,1.5206840370677115e-06,1.994729721527057e-07,2.710880136557205e-06,1.0451548051737735e-06,0.00045504740472045987,5.093705003229987e-07,4.198630823683514e-06,0.0001048469267161009,9.399438806628559e-05,1.3982207564732913e-05,8.220189478350845e-06,2.01456908529364e-06,1.994729721527057e-07,1.0451548051737735e-06,4.198630823683514e-06,5.093705003229987e-07,0.00045504740472045987,9.399438806628559e-05,8.220189478350845e-06
374,1,son,,False,5.9766937110286536e-05,1.2148175280558357e-05,3.6478537675800286e-06,1.1125607488784412e-06,4.400118457925303e-06,1.5206840370677115e-06,0.0004957192836172622,1.2219076020491008e-06,0.00022735757340977805,0.010450880942532732,0.0003483424193080668,0.001171840522652869,3.0061635882429376e-05,1.2148175280558357e-05,1.1125607488784412e-06,1.5206840370677115e-06,0.00022735757340977805,1.2219076020491008e-06,0.0004957192836172622,0.0003483424193080668,3.0061635882429376e-05
374,2,son,,False,5.527786369235996e-05,6.10885510164857e-06,3.2192334497037803e-06,2.8130174840733105e-07,1.670142184809518e-06,5.594337713435001e-07,0.0004856212949545413,1.0451548051737735e-06,0.00021239342043348654,0.019341398102757146,0.00039148236056371676,0.0005289365944662937,2.913700606794303e-05,6.10885510164857e-06,2.8130174840733105e-07,5.594337713435001e-07,0.00021239342043348654,1.0451548051737735e-06,0.0004856212949545413,0.00039148236056371676,2.913700606794303e-05
375,0,child,,False,6.667023092435894e-05,4.006369222920725e-06,3.2699273422345685e-06,3.500854414401442e-07,1.4971083692627422e-06,6.962256250138369e-07,0.00046849914347752206,1.3211958228877664e-06,0.00021196745065203636,0.0001410358496618023,1.5598027633743823e-05,0.0004960569708019354,1.535623976496012e-05,4.006369222920725e-06,3.500854414401442e-07,6.962256250138369e-07,0.00021196745065203636,1.3211958228877664e-06,0.00046849914347752206,1.5598027633743823e-05,1.535623976496012e-05
375,1,child,,False,5.7031570707833595e-05,8.481104172358076e-06,2.840974294610978e-06,4.78509449489012e-07,2.01456908529364e-06,5.594337713435001e-07,0.0005236163060256535,1.3420013504783412e-06,0.00021789598759221768,0.019690384944210562,0.0004231587478161331,0.0005569032319691715,2.6119031909571944e-05,8.481104172358076e-06,4.78509449489012e-07,5.594337713435001e-07,0.00021789598759221768,1.3420013504783412e-06,0.0005236163060256535,0.0004231587478161331,2.6119031909571944e-05
375,2,child,,False,4.108485376346404e-05,8.61465062380632e-06,3.024195853395102e-06,5.422218970016178e-07,2.6688529572628562e-06,8.939696304799168e-07,0.0005276619188094595,1.5689549727726036e-06,0.00022096026380031539,0.0030654830851861575,0.0002182716445345181,0.0005267203585267405,1.8522574326531083e-05,8.61465062380632e-06,5.422218970016178e-07,8.939696304799168e-07,0.00022096026380031539,1.5689549727726036e-06,0.0005276619188094595,0.0002182716445345181,1.8522574326531083e-05
376,0,daughter,,False,0.000583435510218716,3.150386940813393e-05,1.0229985472581487e-05,3.4808121961114687e-06,7.2543618230189156e-06,3.822911232549001e-06,0.00468701885312286,4.400118457925303e-06,0.0002504832985443908,0.0030654830851861575,0.00018102110262026484,0.022988795999336092,6.771942330385674e-05,3.150386940813393e-05,3.4808121961114687e-06,3.822911232549001e-06,0.0002504832985443908,4.400118457925303e-06,0.00468701885312286,0.00018102110262026484,6.771942330385674e-05
376,1,daughter,,False,2.4156629828672456e-05,4.832563818725537e-06,1.7778551863194697e-06,4.0929110499856e-07,2.3923509443082866e-06,5.77192003016332e-07,0.00046849914347752206,6.85431721163334e-07,0.00021497247771651897,0.0008435169429986132,0.00014779429802159512,0.0005185157653543439,1.442598644847886e-05,4.832563818725537e-06,4.0929110499856e-07,5.77192003016332e-07,0.00021497247771651897,6.85431721163334e-07,0.00046849914347752206,0.00014779429802159512,1.442598644847886e-05
376,2,daughter,,False,5.112579049909173e-05,9.610241549947397e-06,2.01456908529364e-06,6.339210403977636e-07,2.6688529572628562e-06,7.889262586245034e-07,0.0005174770815890978,1.1659530314852966e-06,0.00021809334032878513,0.0028428458272168377,0.00022872276058698749,0.0012812898449268972,3.459916031782155e-05,9.610241549947397e-06,6.339210403977636e-07,7.889262586245034e-07,0.00021809334032878513,1.1659530314852966e-06,0.0005174770815890978,0.00022872276058698749,3.459916031782155e-05
377,0,son,,False,0.0008309400819925469,2.8240807799315707e-05,4.373344035182828e-05,2.710880136557205e-06,1.2931563954607948e-05,4.1335397768930325e-06,0.0005255285393568199,5.225226840386988e-06,0.00023942516893991257,0.00012843081201339694,9.697519677825862e-05,0.0011600053574022634,2.571419797957771e-05,2.8240807799315707e-05,2.710880136557205e-06,4.1335397768930325e-06,0.00023942516893991257,5.225226840386988e-06,0.0005255285393568199,9.697519677825862e-05,2.571419797957771e-05
377,1,son,,False,2.8240807799315707e-05,3.7636447180974406e-06,3.6478537675800286e-06,2.994440981371515e-07,2.627477314480822e-06,8.398072034951531e-07,0.0005037340617940835,1.7231572752142392e-06,0.00022668099229563676,0.019350737161114014,0.0003376612381739501,0.00048738768508935855,1.0889691002655445e-05,3.7636447180974406e-06,2.994440981371515e-07,8.398072034951531e-07,0.00022668099229563676,1.7231572752142392e-06,0.0005037340617940835,0.0003376612381739501,1.0889691002655445e-05
377,2,son,,False,5.112579049909173e-05,5.649793328376294e-06,3.7636447180974406e-06,3.84493505874534e-07,2.01456908529364e-06,9.223470110117277e-07,0.00047737871137815444,1.1125607488784412e-06,0.00021497247771651897,0.020216469146194235,0.0008511303026562553,0.00048738768508935855,1.3135179706526775e-05,5.649793328376294e-06,3.84493505874534e-07,9.223470110117277e-07,0.00021497247771651897,1.1125607488784412e-06,0.00047737871137815444,0.0008511303026562553,1.3135179706526775e-05
378,0,child,,False,5.9766937110286536e-05,6.10885510164857e-06,1.8058518261159955e-06,2.994440981371515e-07,1.0451548051737735e-06,6.144174602214718e-07,0.0005391105597924047,1.9223170236538178e-06,0.0002270166411560819,3.1015598671268335e-05,2.5071593847983196e-06,0.0005451573766566274,8.750299760661308e-06,6.10885510164857e-06,2.994440981371515e-07,6.144174602214718e-07,0.0002270166411560819,1.9223170236538178e-06,0.0005391105597924047,2.5071593847983196e-06,8.750299760661308e-06
378,1,child,,False,0.0007314205575305066,0.0007833514929561441,8.092757566536092e-06,4.400118457925303e-06,1.5598027633743823e-05,6.205049602300744e-06,0.0047793864996393595,0.00021296615605463458,0.00027744603875469264,0.0030080612419204488,0.00018386652876885775,0.07098207836800449,0.0024300961960398086,0.0007833514929561441,4.400118457925303e-06,6.205049602300744e-06,0.00027744603875469264,0.00021296615605463458,0.0047793864996393595,0.00018386652876885775,0.0024300961960398086
378,2,child,,False,1.7952796934677738e-05,2.7535691114583474e-06,1.9525885208642222e-06,1.8738753836511972e-07,9.223470110117277e-07,2.561282210758673e-07,0.000482769314419773,5.955139348629957e-07,0.00022001536555728952,0.0007327745561277882,0.00012255674483830522,2.0662982488383408e-05,6.605214485464791e-06,2.7535691114583474e-06,1.8738753836511972e-07,2.561282210758673e-07,0.00022001536555728952,5.955139348629957e-07,0.000482769314419773,0.00012255674483830522,6.605214485464791e-06
379,0,daughter,,False,3.0061635882429376e-05,5.649793328376294e-06,2.0785170435063726e-06,3.1875652166284776e-07,1.8631746484712008e-06,7.889262586245034e-07,0.0004624317865236275,5.955139348629957e-07,0.0002142503208503807,0.0028689430188461465,0.00017007224114352882,0.0005360157526065469,1.8522574326531083e-05,5.649793328376294e-06,3.1875652166284776e-07,7.889262586245034e-07,0.0002142503208503807,5.955139348629957e-07,0.0004624317865236275,0.00017007224114352882,1.8522574326531083e-05
379,1,daughter,,False,7.793660930208434e-05,2.0342697805520655e-05,3.8831109868779005e-06,8.664653147910923e-07,6.302758756443267e-06,1.4285517650093407e-06,0.004762944305581166,5.144221374220898e-06,0.0002564880266656633,0.0029009581361683955,0.00015487610942879803,0.015994371603872917,6.563728324346652e-05,2.0342697805520655e-05,8.664653147910923e-07,1.4285517650093407e-06,0.0002564880266656633,5.144221374220898e-06,0.004762944305581166,0.00015487610942879803,6.563728324346652e-05
379,2,daughter,,False,0.0006115369167816561,4.802972318863164e-05,7.602479448313689e-06,3.373722476473661e-06,1.2931563954607948e-05,4.683888424952456e-06,0.0005958927962500085,4.264746818557914e-06,0.00026898135726124734,0.01947884562533035,0.000439941316273649,0.016033442344281057,3.0534893211185946e-05,4.802972318863164e-05,3.373722476473661e-06,4.683888424952456e-06,0.00026898135726124734,4.264746818557914e-06,0.0005958927962500085,0.000439941316273649,3.0534893211185946e-05
380,0,son,,False,0.00010162440410680168,2.0988308820313112e-05,3.4808121961114687e-06,8.139692624947503e-07,5.738759521437678e-06,1.5689549727726036e-06,0.0005197481018433826,3.373722476473661e-06,0.00022170870641199087,0.0008594156731411163,0.00016229670614688406,0.0012606297951313558,5.614787461400803e-05,2.0988308820313112e-05,8.139692624947503e-07,1.5689549727726036e-06,0.00022170870641199087,3.373722476473661e-06,0.0005197481018433826,0.00016229670614688406,5.614787461400803e-05
380,1,son,,False,9.253848866495987e-05,3.535625074174432e-06,2.796930302582677e-06,1.8738753836511972e-07,8.398072034951531e-07,2.9023119852110973e-07,0.00045535542432847726,4.222833444659923e-07,3.4268490542555014e-06,0.00017007224114352882,1.941131867789626e-05,2.199533724320648e-05,6.205049602300744e-06,3.535625074174432e-06,1.8738753836511972e-07,2.9023119852110973e-07,3.4268490542555014e-06,4.222833444659923e-07,0.00045535542432847726,1.941131867789626e-05,6.205049602300744e-06
380,2,son,,False,3.514382632807918e-05,2.4300240743279605e-06,1.9525885208642222e-06,1.602810987828144e-07,1.3846004563753396e-06,3.84493505874534e-07,0.00046968007670061194,5.093705003229987e-07,6.014151777699533e-06,0.0007226435938923609,7.916296072837432e-05,0.00048598979794611563,1.0554685795431098e-05,2.4300240743279605e-06,1.602810987828144e-07,3.84493505874534e-07,6.014151777699533e-06,5.093705003229987e-07,0.00046968007670061194,7.916296072837432e-05,1.0554685795431098e-05
381,0,child,,False,1.7130819343483194e-05,2.212566909570261e-06,1.6187581436151335e-06,1.816222403812674e-07,1.1478768127080353e-06,2.994440981371515e-07,0.0004797325991661444,1.1300808333434096e-06,0.0002202460844238597,0.0007470393220393539,7.67292412858718e-05,1.4202364022997911e-05,4.264746818557914e-06,2.212566909570261e-06,1.816222403812674e-07,2.994440981371515e-07,0.0002202460844238597,1.1300808333434096e-06,0.0004797325991661444,7.67292412858718e-05,4.264746818557914e-06
381,1,child,,False,3.625900662832244e-05,7.14190139989638e-06,2.931153855960119e-06,8.664653147910923e-07,3.321419494792514e-06,1.3007128466476034e-06,0.0005084167548990412,1.0451548051737735e-06,0.00023316533255432313,0.0008045684283044233,0.0001048469267161009,0.010111682239566159,6.771942330385674e-05,7.14190139989638e-06,8.664653147910923e-07,1.3007128466476034e-06,0.00023316533255432313,1.0451548051737735e-06,0.0005084167548990412,0.0001048469267161009,6.771942330385674e-05
381,2,child,,False,0.000565819526266333,1.6346470245419304e-05,9.028039015031105e-06,1.9223170236538178e-06,1.535623976496012e-05,6.709224499600877e-06,0.0005971488651319711,4.469407144215697e-06,0.00024581038595077964,0.0007783738571119147,2.3413582477639402e-05,0.0012584221184095618,5.357805383473943e-05,1.6346470245419304e-05,1.9223170236538178e-06,6.709224499600877e-06,0.00024581038595077964,4.469407144215697e-06,0.0005971488651319711,2.3413582477639402e-05,5.357805383473943e-05
382,0,daughter,,False,0.0006290189785644802,1.3982207564732913e-05,1.15919343186331e-05,1.3007128466476034e-06,4.683888424952456e-06,2.355261854303796e-06,0.0005110244342406947,2.355261854303796e-06,0.0002219660831203052,0.010253226208557755,4.8785712278226595e-05,0.0011462110697769345,2.868540823874629e-05,1.3982207564732913e-05,1.3007128466476034e-06,2.355261854303796e-06,0.0002219660831203052,2.355261854303796e-06,0.0005110244342406947,4.8785712278226595e-05,2.868540823874629e-05
382,1,daughter,,False,5.614787461400803e-05,6.10885510164857e-06,4.1335397768930325e-06,3.1875652166284776e-07,1.8925148246037342e-06,4.936988949458183e-07,0.0005954242864922365,2.796930302582677e-06,0.0002310764341461493,9.253848866495987e-05,6.605214485464791e-06,0.0005633490590837672,2.1654404989510328e-05,6.10885510164857e-06,3.1875652166284776e-07,4.936988949458183e-07,0.0002310764341461493,2.796930302582677e-06,0.0005954242864922365,6.605214485464791e-06,2.1654404989510328e-05
382,2,daughter,,False,4.373344035182828e-05,7.0311842669149565e-06,4.006369222920725e-06,3.726639284186561e-07,1.7502925788778209e-06,5.594337713435001e-07,0.0004852313165264701,1.4064044342149064e-06,0.00021789598759221768,0.03734907110624474,0.0006957608807376379,0.0004898680643879527,1.7400543552708932e-05,7.0311842669149565e-06,3.726639284186561e-07,5.594337713435001e-07,0.00021789598759221768,1.4064044342149064e-06,0.0004852313165264701,0.0006957608807376379,1.7400543552708932e-05
383,0,son,,False,3.625900662832244e-05,4.98595821272702e-06,1.7778551863194697e-06,4.222833444659923e-07,2.3923509443082866e-06,5.594337713435001e-07,0.00047274763973393307,6.748051590048605e-07,0.0002137118639848327,0.00018102110262026484,4.583129006350382e-05,0.0005156936737338665,1.1959857805023158e-05,4.98595821272702e-06,4.222833444659923e-07,5.594337713435001e-07,0.0002137118639848327,6.748051590048605e-07,0.00047274763973393307,4.583129006350382e-05,1.1959857805023158e-05
383,1,son,,False,3.9204178923762816e-05,5.144221374220898e-06,2.2827997192887966e-06,4.6378732973537256e-07,3.4268490542555014e-06,1.5689549727726036e-06,0.00049163174558175,8.939696304799168e-07,0.00022303674997692745,0.0027427567939960506,0.00013458604012970922,0.0005185157653543439,1.1959857805023158e-05,5.144221374220898e-06,4.6378732973537256e-07,1.5689549727726036e-06,0.00022303674997692745,8.939696304799168e-07,0.00049163174558175,0.00013458604012970922,1.1959857805023158e-05
383,2,son,,False,0.0007505855687935357,4.044814978420809e-05,1.2931563954607948e-05,2.710880136557205e-06,5.307507822667365e-06,2.5071593847983196e-06,0.00048332643359647655,1.0783312222985275e-06,0.00021512380222681108,0.019418141577792924,0.00040072889459113846,0.010188854592563546,4.802972318863164e-05,4.044814978420809e-05,2.710880136557205e-06,2.5071593847983196e-06,0.00021512380222681108,1.0783312222985275e-06,0.00048332643359647655,0.00040072889459113846,4.802972318863164e-05
384,0,child,,False,7.096703991005882e-05,6.922183404468203e-06,6.10885510164857e-06,6.144174602214718e-07,2.88571183887091e-06,9.818326983657703e-07,0.0005778497285545303,1.5206840370677115e-06,0.00023495794751787928,0.010253226208557755,0.00013670256456563558,0.0005873034565397543,1.488384825728813e-05,6.922183404468203e-06,6.144174602214718e-07,9.818326983657703e-07,0.00023495794751787928,1.5206840370677115e-06,0.0005778497285545303,0.00013670256456563558,1.488384825728813e-05
384,1,child,,False,1.5598027633743823e-05,3.024195853395102e-06,1.2219076020491008e-06,1.994729721527057e-07,2.5071593847983196e-06,7.646537350121258e-07,0.0005717870709197415,2.710880136557205e-06,0.0002519149280417731,0.002954895533654995,0.00024726231566347745,1.8522574326531083e-05,9.028039015031105e-06,3.024195853395102e-06,1.994729721527057e-07,7.646537350121258e-07,0.0002519149280417731,2.710880136557205e-06,0.0005717870709197415,0.00024726231566347745,9.028039015031105e-06
384,2,child,,False,0.0006383916385367546,0.0007630849845998813,1.0391067562761452e-05,3.535625074174432e-06,9.610241549947397e-06,7.14190139989638e-06,0.004674188554563963,4.1335397768930325e-06,0.00024581038595077964,0.020200613225055345,0.0007577241267860812,0.032262920003303726,6.986756664856784e-05,0.0007630849845998813,3.535625074174432e-06,7.14190139989638e-06,0.00024581038595077964,4.1335397768930325e-06,0.004674188554563963,0.0007577241267860812,6.986756664856784e-05
385,0,daughter,,False,2.7803096387751555e-05,3.024195853395102e-06,1.2219076020491008e-06,2.2603242979035749e-07,1.4510478554719287e-06,3.288749065460498e-07,0.0004790468850690059,7.527989669055592e-07,0.00021659756423044233,0.0008045684283044233,0.00013045066466158166,0.0004817760443363762,1.1959857805023158e-05,3.024195853395102e-06,2.2603242979035749e-07,3.288749065460498e-07,0.00021659756423044233,7.527989669055592e-07,0.0004790468850690059,0.00013045066466158166,1.1959857805023158e-05
385,1,daughter,,False,7.437028637763686e-05,1.5118199327273332e-05,2.840974294610978e-06,6.540437226933637e-07,3.6478537675800286e-06,9.516251694168764e-07,0.000537505615958198,2.0462932829931794e-06,0.00022770387218484876,0.021157478857872898,0.0008251598569085517,0.0005508471799444582,2.1654404989510328e-05,1.5118199327273332e-05,6.540437226933637e-07,9.516251694168764e-07,0.00022770387218484876,2.0462932829931794e-06,0.000537505615958198,0.0008251598569085517,2.1654404989510328e-05
385,2,daughter,,False,6.667023092435894e-05,1.2731104162213555e-05,3.4268490542555014e-06,1.0783312222985275e-06,5.225226840386988e-06,2.01456908529364e-06,0.0005305851814371124,1.1478768127080353e-06,0.0002310764341461493,0.0027941453403890646,0.00018102110262026484,0.010146862662084352,4.442183589214344e-05,1.2731104162213555e-05,1.0783312222985275e-06,2.01456908529364e-06,0.0002310764341461493,1.1478768127080353e-06,0.0005305851814371124,0.00018102110262026484,4.442183589214344e-05
386,0,son,,False,0.0007505855687935357,0.0007904091417418079,2.0342697805520655e-05,4.832563818725537e-06,8.220189478350845e-06,9.314593042575101e-06,0.0006126641457280185,4.400118457925303e-06,0.00022805562191617214,0.20666300495734963,0.022110580712420464,0.04722400670256895,0.0016160341177985209,0.0007904091417418079,4.832563818725537e-06,9.314593042575101e-06,0.00022805562191617214,4.400118457925303e-06,0.0006126641457280185,0.022110580712420464,0.0016160341177985209
386,1,son,,False,3.9821309061635425e-05,4.683888424952456e-06,1.2606946239951315e-06,2.123378462433771e-07,8.398072034951531e-07,3.6119830612765795e-07,0.0004938671167868664,5.955139348629957e-07,0.00021625192716922701,5.0333557545281144e-05,3.120191139396651e-06,0.0005616997185942735,1.15919343186331e-05,4.683888424952456e-06,2.123378462433771e-07,3.6119830612765795e-07,0.00021625192716922701,5.955139348629957e-07,0.0004938671167868664,3.120191139396651e-06,1.15919343186331e-05
386,2,son,,False,4.955359475635505e-05,5.829126566113866e-06,4.53978687024344e-06,7.411279871974134e-07,5.829126566113866e-06,1.2219076020491008e-06,0.000524306923308154,1.4971083692627422e-06,0.000226025218654955,0.010218037575753522,0.00040072889459113846,0.0005096006331304874,1.9110431587777674e-05,5.829126566113866e-06,7.411279871974134e-07,1.2219076020491008e-06,0.000226025218654955,1.4971083692627422e-06,0.000524306923308154,0.00040072889459113846,1.9110431587777674e-05
387,0,child,,False,3.569706350376584e-05,4.400118457925303e-06,2.212566909570261e-06,3.9669859149467314e-07,2.4682904407607285e-06,1.1125607488784412e-06,0.004702107881018547,1.5206840370677115e-06,0.0002809027994395243,0.00010322310367548195,5.112579049909173e-05,0.0005569032319691715,2.305067219931397e-05,4.400118457925303e-06,3.9669859149467314e-07,1.1125607488784412e-06,0.0002809027994395243,1.5206840370677115e-06,0.004702107881018547,5.112579049909173e-05,2.305067219931397e-05
387,1,child,,False,0.000581111582566612,1.8522574326531083e-05,1.8235460794662427e-05,1.4738981974494932e-06,3.822911232549001e-06,2.0785170435063726e-06,0.0005361216732412824,4.198630823683514e-06,0.0002253896128383855,0.02036463870505605,0.00037362205834114967,0.0011910337569959485,2.8240807799315707e-05,1.8522574326531083e-05,1.4738981974494932e-06,2.0785170435063726e-06,0.0002253896128383855,4.198630823683514e-06,0.0005361216732412824,0.00037362205834114967,2.8240807799315707e-05
387,2,child,,False,8.167381046669487e-05,1.6865275398914433e-05,5.649793328376294e-06,9.818326983657703e-07,1.15919343186331e-05,1.9833367060283617e-06,0.0004558265687732626,1.1478768127080353e-06,6.10885510164857e-06,0.01973893488772363,0.0007577241267860812,0.0005756433412898068,1.971694219622292e-05,1.6865275398914433e-05,9.818326983657703e-07,1.9833367060283617e-06,6.10885510164857e-06,1.1478768127080353e-06,0.0004558265687732626,0.0007577241267860812,1.971694219622292e-05
388,0,daughter,,False,1.6603846953733614e-05,1.2606946239951315e-06,1.1843139025979655e-06,9.13254801895554e-08,1.0129990980873922e-06,1.816222403812674e-07,0.00046941405001030257,6.748051590048605e-07,0.00021527750928249177,0.000703746720165797,0.00010987310729246431,6.014151777699533e-06,3.2192334497037803e-06,1.2606946239951315e-06,9.13254801895554e-08,1.816222403812674e-07,0.00021527750928249177,6.748051590048605e-07,0.00046941405001030257,0.00010987310729246431,3.2192334497037803e-06
388,1,daughter,,False,5.27478412523148e-05,6.014151777699533e-06,2.840974294610978e-06,3.726639284186561e-07,2.0785170435063726e-06,9.223470110117277e-07,0.0004945549134849281,2.01456908529364e-06,0.00022570493397209223,0.019360147680314216,0.00055982486146599,2.199533724320648e-05,1.3552078562406772e-05,6.014151777699533e-06,3.726639284186561e-07,9.223470110117277e-07,0.00022570493397209223,2.01456908529364e-06,0.0004945549134849281,0.00055982486146599,1.3552078562406772e-05
388,2,daughter,,True,0.006126039618263301,0.0011432531803246345,2.1318756129065198e-05,9.461262661302227e-06,2.305067219931397e-05,1.6865275398914433e-05,0.0005128144417801662,2.931153855960119e-06,0.00022477355484446784,0.03611167626132199,0.0013636835281429878,0.20309637391840024,0.0023973828576564537,0.0011432531803246345,9.461262661302227e-06,1.6865275398914433e-05,0.00022477355484446784,2.931153855960119e-06,0.0005128144417801662,0.0013636835281429878,0.0023973828576564537
389,0,son,,False,2.453694805426225e-05,3.024195853395102e-06,1.6187581436151335e-06,1.994729721527057e-07,1.4738981974494932e-06,3.288749065460498e-07,0.00045853454316705595,7.411279871974134e-07,5.391084403253366e-06,0.0028601092173492736,0.00018969200744787138,1.6346470245419304e-05,6.814872211615988e-06,3.024195853395102e-06,1.994729721527057e-07,3.288749065460498e-07,5.391084403253366e-06,7.411279871974134e-07,0.00045853454316705595,0.00018969200744787138,6.814872211615988e-06
389,1,son,,False,0.0007816597038530837,4.655269187520153e-05,7.484622751061123e-06,1.2411496080609794e-06,6.922183404468203e-06,3.822911232549001e-06,0.0047154379703007905,0.0002177994777081214,0.00030858533984205353,8.693673928062173e-05,1.5118199327273332e-05,0.0012860803801843506,2.653023768982879e-05,4.655269187520153e-05,1.2411496080609794e-06,3.822911232549001e-06,0.00030858533984205353,0.0002177994777081214,0.0047154379703007905,1.5118199327273332e-05,2.653023768982879e-05
389,2,son,,False,0.006116189011596201,0.0010909554343357245,2.305067219931397e-05,5.920916517463734e-06,1.7130819343483194e-05,8.092757566536092e-06,0.0005363182251333737,4.198630823683514e-06,0.00022805562191617214,0.0028428458272168377,0.00010005044009099887,0.11638607925275958,7.208380258812108e-05,0.0010909554343357245,5.920916517463734e-06,8.092757566536092e-06,0.00022805562191617214,4.198630823683514e-06,0.0005363182251333737,0.00010005044009099887,7.208380258812108e-05
390,0,child,,False,0.0006692833527513213,1.9110431587777674e-05,8.092757566536092e-06,9.516251694168764e-07,2.97731143841062e-06,1.8925148246037342e-06,0.0005232730118634665,2.97731143841062e-06,0.000226025218654955,0.010164470205568928,3.9204178923762816e-05,0.0012628546879727843,2.0027376671813928e-05,1.9110431587777674e-05,9.516251694168764e-07,1.8925148246037342e-06,0.000226025218654955,2.97731143841062e-06,0.0005232730118634665,3.9204178923762816e-05,2.0027376671813928e-05
390,1,child,,False,7.916296072837432e-05,1.0071400221737608e-05,4.1335397768930325e-06,5.77192003016332e-07,3.5913010679499402e-06,1.2606946239951315e-06,0.004798334683295968,0.00021416662909256432,0.0003023374329448302,0.002944745327012609,2.95957113513077e-05,0.0006166373412799071,3.4062932773341e-05,1.0071400221737608e-05,5.77192003016332e-07,1.2606946239951315e-06,0.0003023374329448302,0.00021416662909256432,0.004798334683295968,2.95957113513077e-05,3.4062932773341e-05
390,2,child,,False,4.7285443452031076e-05,6.014151777699533e-06,4.53978687024344e-06,6.540437226933637e-07,2.01456908529364e-06,1.0783312222985275e-06,0.0004959548957933152,8.398072034951531e-07,0.00022303674997692745,0.0027941453403890646,3.740956047302422e-05,0.0006141640084130724,1.7400543552708932e-05,6.014151777699533e-06,6.540437226933637e-07,1.0783312222985275e-06,0.00022303674997692745,8.398072034951531e-07,0.0004959548957933152,3.740956047302422e-05,1.7400543552708932e-05
391,0,daughter,,False,2.1318756129065198e-05,3.2192334497037803e-06,1.4738981974494932e-06,1.3287773439792038e-07,1.1125607488784412e-06,2.2603242979035749e-07,0.000504001002462806,1.3211958228877664e-06,0.00024162124279489402,0.0007433895060961777,8.969393236719384e-05,1.3135179706526775e-05,4.683888424952456e-06,3.2192334497037803e-06,1.3287773439792038e-07,2.2603242979035749e-07,0.00024162124279489402,1.3211958228877664e-06,0.000504001002462806,8.969393236719384e-05,4.683888424952456e-06
391,1,daughter,,False,2.199533724320648e-05,1.8342893327886845e-06,1.4738981974494932e-06,7.571149413053982e-08,1.0129990980873922e-06,2.123378462433771e-07,0.0004813151610312458,1.0616134237448653e-06,0.00021978822261505042,0.00014325365947100792,5.527786369235996e-05,5.475976980449466e-06,4.006369222920725e-06,1.8342893327886845e-06,7.571149413053982e-08,2.123378462433771e-07,0.00021978822261505042,1.0616134237448653e-06,0.0004813151610312458,5.527786369235996e-05,4.006369222920725e-06
391,2,daughter,,False,0.0006844636359260021,0.000761035082747495,7.967300986103147e-06,4.1335397768930325e-06,6.502816785764437e-06,3.2192334497037803e-06,0.0005897571071770666,2.1444948420913954e-06,0.00022668099229563676,0.0008487344920069995,2.199533724320648e-05,0.08869344744286276,0.0023996708618247643,0.000761035082747495,4.1335397768930325e-06,3.2192334497037803e-06,0.00022668099229563676,2.1444948420913954e-06,0.0005897571071770666,2.199533724320648e-05,0.0023996708618247643
392,0,son,,False,1.3135179706526775e-05,2.6688529572628562e-06,2.01456908529364e-06,1.9333584585546466e-07,1.9525885208642222e-06,3.726639284186561e-07,0.0005058990298734508,1.2606946239951315e-06,0.00022303674997692745,0.003024826125706131,0.00025909793644293347,1.6346470245419304e-05,7.0311842669149565e-06,2.6688529572628562e-06,1.9333584585546466e-07,3.726639284186561e-07,0.00022303674997692745,1.2606946239951315e-06,0.0005058990298734508,0.00025909793644293347,7.0311842669149565e-06
392,1,son,,False,0.0008340461791361553,0.0007561816907858088,1.5118199327273332e-05,2.1444948420913954e-06,4.53978687024344e-06,2.2474089854291757e-06,0.0004901180798892147,2.0462932829931794e-06,0.00021308442800063956,0.036035870566143144,0.0008916127052872007,0.023527236026875984,0.0015876537458761227,0.0007561816907858088,2.1444948420913954e-06,2.2474089854291757e-06,0.00021308442800063956,2.0462932829931794e-06,0.0004901180798892147,0.0008916127052872007,0.0015876537458761227
392,2,son,,False,5.357805383473943e-05,7.14190139989638e-06,4.53978687024344e-06,6.540437226933637e-07,3.0718185454758057e-06,1.4738981974494932e-06,0.0004922932229656134,2.1444948420913954e-06,0.00021934444373130447,0.020216469146194235,0.0006145092084085153,0.0004985843679459446,1.7400543552708932e-05,7.14190139989638e-06,6.540437226933637e-07,1.4738981974494932e-06,0.00021934444373130447,2.1444948420913954e-06,0.0004922932229656134,0.0006145092084085153,1.7400543552708932e-05
393,0,child,,False,2.913700606794303e-05,4.98595821272702e-06,2.586743108135441e-06,5.594337713435001e-07,2.796930302582677e-06,8.139692624947503e-07,0.00045415169252567306,4.936988949458183e-07,5.649793328376294e-06,0.002786458937919142,0.00017007224114352882,0.0004960569708019354,8.220189478350845e-06,4.98595821272702e-06,5.594337713435001e-07,8.139692624947503e-07,5.649793328376294e-06,4.936988949458183e-07,0.00045415169252567306,0.00017007224114352882,8.220189478350845e-06
393,1,child,,False,5.9766937110286536e-05,8.750299760661308e-06,4.832563818725537e-06,6.540437226933637e-07,3.024195853395102e-06,1.6187581436151335e-06,0.004689227246120262,0.00021239327621036451,0.0002699825652385443,0.002749761539826477,2.95957113513077e-05,0.0011462110697769345,2.913700606794303e-05,8.750299760661308e-06,6.540437226933637e-07,1.6187581436151335e-06,0.0002699825652385443,0.00021239327621036451,0.004689227246120262,2.95957113513077e-05,2.913700606794303e-05
393,2,child,,False,1.9110431587777674e-05,1.4738981974494932e-06,2.1444948420913954e-06,1.4593762210768862e-07,1.5446309562386385e-06,5.422218970016178e-07,1.7265154827585877e-05,8.80110037979258e-07,0.0002115672857688723,0.00011160142598430911,6.070755804415097e-05,9.314593042575101e-06,4.006369222920725e-06,1.4738981974494932e-06,1.4593762210768862e-07,5.422218970016178e-07,0.0002115672857688723,8.80110037979258e-07,1.7265154827585877e-05,6.070755804415097e-05,4.006369222920725e-06
394,0,daughter,,False,1.7674513810355872e-05,2.2827997192887966e-06,1.2219076020491008e-06,2.0580491096133835e-07,1.4971083692627422e-06,4.222833444659923e-07,0.0004760902660503319,7.527989669055592e-07,0.00021358242564492241,0.0007911659505451469,0.00013458604012970922,0.00048216842909326526,1.15919343186331e-05,2.2827997192887966e-06,2.0580491096133835e-07,4.222833444659923e-07,0.00021358242564492241,7.527989669055592e-07,0.0004760902660503319,0.00013458604012970922,1.15919343186331e-05
394,1,daughter,,False,0.0006924152209879503,4.238847419937498e-05,7.722191834067996e-06,2.1782649863110498e-06,4.98595821272702e-06,2.840974294610978e-06,0.0006116308389751401,3.024195853395102e-06,0.000249784072058715,0.010335556418985823,6.263341581094202e-05,0.07178700001501843,0.0024116611132049036,4.238847419937498e-05,2.1782649863110498e-06,2.840974294610978e-06,0.000249784072058715,3.024195853395102e-06,0.0006116308389751401,6.263341581094202e-05,0.0024116611132049036
394,2,daughter,,False,5.193048644949271e-05,1.3982207564732913e-05,3.4808121961114687e-06,4.6378732973537256e-07,3.4268490542555014e-06,7.183260399857925e-07,0.01846295934121439,0.0002177994777081214,0.00455777277449876,0.0007470393220393539,8.693673928062173e-05,0.0005300709180442588,2.0342697805520655e-05,1.3982207564732913e-05,4.6378732973537256e-07,7.183260399857925e-07,0.00455777277449876,0.0002177994777081214,0.01846295934121439,8.693673928062173e-05,2.0342697805520655e-05
395,0,son,,False,1.3135179706526775e-05,7.183260399857925e-07,1.3846004563753396e-06,8.851569304133282e-08,5.255395707074638e-07,1.7061832388634166e-07,0.00045853454316705595,4.495181578513688e-07,4.832563818725537e-06,0.0001206589712246389,4.173157606777201e-05,8.61465062380632e-06,4.400118457925303e-06,7.183260399857925e-07,8.851569304133282e-08,1.7061832388634166e-07,4.832563818725537e-06,4.495181578513688e-07,0.00045853454316705595,4.173157606777201e-05,4.400118457925303e-06
395,1,son,,False,3.0061635882429376e-05,3.024195853395102e-06,1.8342893327886845e-06,2.2603242979035749e-07,1.7502925788778209e-06,4.936988949458183e-07,0.00046507958231904967,9.516251694168764e-07,0.0002128468589176327,0.00015011822567369918,5.112579049909173e-05,0.00048691442776060197,5.649793328376294e-06,3.024195853395102e-06,2.2603242979035749e-07,4.936988949458183e-07,0.0002128468589176327,9.516251694168764e-07,0.00046507958231904967,5.112579049909173e-05,5.649793328376294e-06
395,2,son,,False,3.9821309061635425e-05,6.922183404468203e-06,2.931153855960119e-06,3.6119830612765795e-07,1.4738981974494932e-06,4.936988949458183e-07,0.0005072868472289325,1.4738981974494932e-06,0.00022388481049310266,0.0027290685694033377,0.00010322310367548195,0.0005245722151820294,1.442598644847886e-05,6.922183404468203e-06,3.6119830612765795e-07,4.936988949458183e-07,0.00022388481049310266,1.4738981974494932e-06,0.0005072868472289325,0.00010322310367548195,1.442598644847886e-05
396,0,child,,False,4.373344035182828e-05,1.1959857805023158e-05,2.7535691114583474e-06,7.646537350121258e-07,5.920916517463734e-06,2.01456908529364e-06,0.0005122131122536138,2.1112482331487175e-06,0.00022877581864421098,0.002934750458319067,0.00023596606820630445,0.0005245722151820294,1.15919343186331e-05,1.1959857805023158e-05,7.646537350121258e-07,2.01456908529364e-06,0.00022877581864421098,2.1112482331487175e-06,0.0005122131122536138,0.00023596606820630445,1.15919343186331e-05
396,1,child,,False,0.005207322326570118,0.0008921164476949857,2.913700606794303e-05,6.605214485464791e-06,1.609308249869283e-05,1.0229985472581487e-05,0.00046578121174862316,2.2827997192887966e-06,0.00021770169376519476,0.0199208939961324,0.00048297217458043417,0.07098207836800449,4.955359475635505e-05,0.0008921164476949857,6.605214485464791e-06,1.0229985472581487e-05,0.00021770169376519476,2.2827997192887966e-06,0.00046578121174862316,0.00048297217458043417,4.955359475635505e-05
396,2,child,,False,2.0988308820313112e-05,3.024195853395102e-06,1.8342893327886845e-06,2.2603242979035749e-07,1.3420013504783412e-06,4.6378732973537256e-07,0.0005344663606281181,1.4738981974494932e-06,0.0002323101517224571,0.010151584727374874,0.00019570169401946335,1.9110431587777674e-05,9.915273115920183e-06,3.024195853395102e-06,2.2603242979035749e-07,4.6378732973537256e-07,0.0002323101517224571,1.4738981974494932e-06,0.0005344663606281181,0.00019570169401946335,9.915273115920183e-06
397,0,daughter,,False,4.7285443452031076e-05,1.0391067562761452e-05,2.2827997192887966e-06,4.78509449489012e-07,4.908661889889002e-06,8.664653147910923e-07,0.0004630706616311211,1.3007128466476034e-06,0.00021891431472897835,0.0065976353770408145,0.00028009269671209737,0.0005235230228025316,1.6346470245419304e-05,1.0391067562761452e-05,4.78509449489012e-07,8.664653147910923e-07,0.00021891431472897835,1.3007128466476034e-06,0.0004630706616311211,0.00028009269671209737,1.6346470245419304e-05
397,1,daughter,,False,1.6346470245419304e-05,4.98595821272702e-06,1.4738981974494932e-06,3.3931448129766124e-07,3.024195853395102e-06,9.818326983657703e-07,0.0004878214401016874,9.516251694168764e-07,0.00021453243307176662,0.010312410400820201,0.0004573864277626819,0.0005538279886564313,2.453694805426225e-05,4.98595821272702e-06,3.3931448129766124e-07,9.818326983657703e-07,0.00021453243307176662,9.516251694168764e-07,0.0004878214401016874,0.0004573864277626819,2.453694805426225e-05
397,2,daughter,,False,6.361912109467577e-05,1.535623976496012e-05,3.8831109868779005e-06,8.398072034951531e-07,7.14190139989638e-06,1.8925148246037342e-06,0.004666939988561145,5.144221374220898e-06,0.0002730816594704283,0.020731755870913186,0.001292047303907898,0.0011435787590044176,5.9766937110286536e-05,1.535623976496012e-05,8.398072034951531e-07,1.8925148246037342e-06,0.0002730816594704283,5.144221374220898e-06,0.004666939988561145,0.001292047303907898,5.9766937110286536e-05
398,0,son,,False,6.361912109467577e-05,6.205049602300744e-06,3.2192334497037803e-06,4.6378732973537256e-07,2.6688529572628562e-06,6.339210403977636e-07,0.00048426958324596857,1.2029639084557005e-06,0.00021559222163915307,0.019776323402749808,0.000439941316273649,0.0005175603499223236,1.8522574326531083e-05,6.205049602300744e-06,4.6378732973537256e-07,6.339210403977636e-07,0.00021559222163915307,1.2029639084557005e-06,0.00048426958324596857,0.000439941316273649,1.8522574326531083e-05
398,1,son,,False,8.349627818261147e-06,1.4738981974494932e-06,9.818326983657703e-07,1.5534977545950122e-07,3.6478537675800286e-06,7.646537350121258e-07,0.0004530208647415158,3.089494448007139e-07,4.331903899346328e-06,4.512106237781923e-05,2.737216731838081e-05,1.141223854434603e-05,5.307507822667365e-06,1.4738981974494932e-06,1.5534977545950122e-07,7.646537350121258e-07,4.331903899346328e-06,3.089494448007139e-07,0.0004530208647415158,2.737216731838081e-05,5.307507822667365e-06
398,2,son,,False,4.238847419937498e-05,9.761566060239504e-06,5.829126566113866e-06,6.339210403977636e-07,6.814872211615988e-06,2.212566909570261e-06,0.0005613109517168498,3.4268490542555014e-06,0.00024775071036594654,0.010238988609384374,0.00027149854690051767,0.0005584771959849743,2.0988308820313112e-05,9.761566060239504e-06,6.339210403977636e-07,2.212566909570261e-06,0.00024775071036594654,3.4268490542555014e-06,0.0005613109517168498,0.00027149854690051767,2.0988308820313112e-05
399,0,child,,False,8.693673928062173e-05,6.605214485464791e-06,4.832563818725537e-06,5.255395707074638e-07,2.3187477504664324e-06,7.646537350121258e-07,0.0005032032942715987,2.796930302582677e-06,0.0002233150331012493,0.002910427575755454,0.00017546144100994869,0.0004960569708019354,1.2731104162213555e-05,6.605214485464791e-06,5.255395707074638e-07,7.646537350121258e-07,0.0002233150331012493,2.796930302582677e-06,0.0005032032942715987,0.00017546144100994869,1.2731104162213555e-05
399,1,child,,False,3.9821309061635425e-05,1.0071400221737608e-05,4.469407144215697e-06,1.1125607488784412e-06,3.024195853395102e-06,1.2606946239951315e-06,0.0005085592369416004,1.2219076020491008e-06,0.00022249305551005476,0.037296470350082996,0.0010818448652863185,0.0011409871228185344,4.583129006350382e-05,1.0071400221737608e-05,1.1125607488784412e-06,1.2606946239951315e-06,0.00022249305551005476,1.2219076020491008e-06,0.0005085592369416004,0.0010818448652863185,4.583129006350382e-05
399,2,child,,False,7.67292412858718e-05,1.8235460794662427e-05,6.205049602300744e-06,1.2219076020491008e-06,5.738759521437678e-06,2.01456908529364e-06,0.0005827028218956953,3.535625074174432e-06,0.00023028548862477513,0.05200624165211269,0.0013222821752305151,0.001208455080896534,6.771942330385674e-05,1.8235460794662427e-05,1.2219076020491008e-06,2.01456908529364e-06,0.00023028548862477513,3.535625074174432e-06,0.0005827028218956953,0.0013222821752305151,6.771942330385674e-05
400,0,daughter,,False,0.0007871258902538706,0.000826865418337104,1.9110431587777674e-05,5.920916517463734e-06,9.761566060239504e-06,6.40200641038395e-06,0.00469870117581205,0.00021276919924655138,0.0002410592996703374,0.09789217501622238,0.022695772909124674,0.07114190159235237,0.001610160050623429,0.000826865418337104,5.920916517463734e-06,6.40200641038395e-06,0.0002410592996703374,0.00021276919924655138,0.00469870117581205,0.022695772909124674,0.001610160050623429
400,1,daughter,,False,3.625900662832244e-05,9.028039015031105e-06,2.586743108135441e-06,7.889262586245034e-07,4.53978687024344e-06,1.7231572752142392e-06,0.0047439582651151065,3.944258675190877e-06,0.0002950561685337654,0.019531591190960835,0.00040072889459113846,0.0005385266023448675,1.6865275398914433e-05,9.028039015031105e-06,7.889262586245034e-07,1.7231572752142392e-06,0.0002950561685337654,3.944258675190877e-06,0.0047439582651151065,0.00040072889459113846,1.6865275398914433e-05
400,2,daughter,,False,4.238847419937498e-05,5.920916517463734e-06,3.024195853395102e-06,4.495181578513688e-07,3.024195853395102e-06,8.664653147910923e-07,0.0005037340617940835,2.3187477504664324e-06,0.00022477355484446784,0.0027941453403890646,0.0002050743539917378,0.0004954494009362499,8.481104172358076e-06,5.920916517463734e-06,4.495181578513688e-07,8.664653147910923e-07,0.00022477355484446784,2.3187477504664324e-06,0.0005037340617940835,0.0002050743539917378,8.481104172358076e-06
401,0,son,,False,0.00010005044009099887,8.481104172358076e-06,5.649793328376294e-06,7.411279871974134e-07,3.321419494792514e-06,1.1843139025979655e-06,0.0004831400020096265,1.8925148246037342e-06,0.00024219202876817753,0.010320066741060945,0.00020829707830458003,0.0005041382353302037,1.0554685795431098e-05,8.481104172358076e-06,7.411279871974134e-07,1.1843139025979655e-06,0.00024219202876817753,1.8925148246037342e-06,0.0004831400020096265,0.00020829707830458003,1.0554685795431098e-05
401,1,son,,False,4.583129006350382e-05,7.722191834067996e-06,2.0785170435063726e-06,2.4824800371656586e-07,2.212566909570261e-06,4.78509449489012e-07,0.00047438307922800164,1.1478768127080353e-06,0.000223597696961234,0.002949800865070439,0.00023231625226312826,0.0005026840819416764,1.15919343186331e-05,7.722191834067996e-06,2.4824800371656586e-07,4.78509449489012e-07,0.000223597696961234,1.1478768127080353e-06,0.00047438307922800164,0.00023231625226312826,1.15919343186331e-05
401,2,son,,False,2.4923252458203565e-05,4.006369222920725e-06,2.4300240743279605e-06,2.4824800371656586e-07,2.2474089854291757e-06,5.594337713435001e-07,0.0005713226178825887,3.024195853395102e-06,0.00024050606249465076,0.010477239776896663,0.0004645557549716042,1.9110431587777674e-05,1.3552078562406772e-05,4.006369222920725e-06,2.4824800371656586e-07,5.594337713435001e-07,0.00024050606249465076,3.024195853395102e-06,0.0005713226178825887,0.0004645557549716042,1.3552078562406772e-05
402,0,child,,False,2.4156629828672456e-05,4.069457790466838e-06,2.840974294610978e-06,2.332074525844782e-07,1.5936620247162786e-06,3.089494448007139e-07,0.0005307709305299657,1.9525885208642222e-06,0.000226025218654955,0.0029916792480845764,0.00019570169401946335,1.7400543552708932e-05,9.915273115920183e-06,4.069457790466838e-06,2.332074525844782e-07,3.089494448007139e-07,0.000226025218654955,1.9525885208642222e-06,0.0005307709305299657,0.00019570169401946335,9.915273115920183e-06
402,1,child,,False,4.655269187520153e-05,7.722191834067996e-06,4.53978687024344e-06,3.84493505874534e-07,2.97731143841062e-06,5.422218970016178e-07,0.0006127505272614478,2.88571183887091e-06,0.00023889724921321938,0.002934750458319067,0.0002115703400593114,0.0005347894011802569,2.95957113513077e-05,7.722191834067996e-06,3.84493505874534e-07,5.422218970016178e-07,0.00023889724921321938,2.88571183887091e-06,0.0006127505272614478,0.0002115703400593114,2.95957113513077e-05
402,2,child,,False,0.0005414888098175762,9.610241549947397e-06,5.738759521437678e-06,6.748051590048605e-07,3.7636447180974406e-06,1.0783312222985275e-06,0.0004976301725815779,2.01456908529364e-06,0.00022249305551005476,0.019776323402749808,0.0002889581017773627,0.000510430845712912,1.6346470245419304e-05,9.610241549947397e-06,6.748051590048605e-07,1.0783312222985275e-06,0.00022249305551005476,2.01456908529364e-06,0.0004976301725815779,0.0002889581017773627,1.6346470245419304e-05
403,0,daughter,,False,3.0534893211185946e-05,4.832563818725537e-06,1.2606946239951315e-06,2.1907815825757866e-07,1.7231572752142392e-06,3.500854414401442e-07,0.00048621199923766566,8.398072034951531e-07,0.00021956460018956949,0.0008000313556104121,0.00011335690050875118,0.0004954494009362499,1.5843621910252592e-05,4.832563818725537e-06,2.1907815825757866e-07,3.500854414401442e-07,0.00021956460018956949,8.398072034951531e-07,0.00048621199923766566,0.00011335690050875118,1.5843621910252592e-05
403,1,daughter,,False,1.3765463368900109e-05,2.586743108135441e-06,1.670142184809518e-06,2.1907815825757866e-07,1.7231572752142392e-06,5.255395707074638e-07,0.0005082745504650036,1.0451548051737735e-06,0.00022249305551005476,0.010450880942532732,0.0003678508928875723,0.00047990346407748657,1.2731104162213555e-05,2.586743108135441e-06,2.1907815825757866e-07,5.255395707074638e-07,0.00022249305551005476,1.0451548051737735e-06,0.0005082745504650036,0.0003678508928875723,1.2731104162213555e-05
403,2,daughter,,False,4.655269187520153e-05,7.722191834067996e-06,3.4268490542555014e-06,5.093705003229987e-07,3.705296977158347e-06,9.223470110117277e-07,0.000529112152743343,2.0462932829931794e-06,0.00024050606249465076,0.0027788905419273728,0.00015011822567369918,0.0005235230228025316,1.2731104162213555e-05,7.722191834067996e-06,5.093705003229987e-07,9.223470110117277e-07,0.00024050606249465076,2.0462932829931794e-06,0.000529112152743343,0.00015011822567369918,1.2731104162213555e-05
404,0,son,,False,3.625900662832244e-05,4.1335397768930325e-06,2.7535691114583474e-06,2.4824800371656586e-07,2.2827997192887966e-06,7.183260399857925e-07,0.0004964288868690976,1.2411496080609794e-06,0.00024395884522464894,0.010132624023293487,0.00018102110262026484,1.7674513810355872e-05,3.8831109868779005e-06,4.1335397768930325e-06,2.4824800371656586e-07,7.183260399857925e-07,0.00024395884522464894,1.2411496080609794e-06,0.0004964288868690976,0.00018102110262026484,3.8831109868779005e-06
404,1,son,,False,4.238847419937498e-05,9.761566060239504e-06,2.586743108135441e-06,6.339210403977636e-07,5.920916517463734e-06,2.01456908529364e-06,0.00046901888401438977,1.3007128466476034e-06,0.00021308442800063956,0.0007742406513215074,0.00010987310729246431,0.0011435787590044176,1.9110431587777674e-05,9.761566060239504e-06,6.339210403977636e-07,2.01456908529364e-06,0.00021308442800063956,1.3007128466476034e-06,0.00046901888401438977,0.00010987310729246431,1.9110431587777674e-05
404,2,son,,False,0.004953471130587327,3.625900662832244e-05,1.6346470245419304e-05,1.670142184809518e-06,6.502816785764437e-06,2.4300240743279605e-06,0.0005599682011765794,0.00021276919924655138,0.00024581038595077964,0.010327781932783636,0.00030994155155094483,0.000602359085731457,2.453694805426225e-05,3.625900662832244e-05,1.670142184809518e-06,2.4300240743279605e-06,0.00024581038595077964,0.00021276919924655138,0.0005599682011765794,0.00030994155155094483,2.453694805426225e-05
405,0,child,,False,1.2731104162213555e-05,1.3846004563753396e-06,1.8342893327886845e-06,1.4144759985825914e-07,1.3007128466476034e-06,3.726639284186561e-07,0.00046285603828612274,5.093705003229987e-07,0.0002139768867903779,0.0008186102388378728,0.00018675659778932805,9.314593042575101e-06,4.98595821272702e-06,1.3846004563753396e-06,1.4144759985825914e-07,3.726639284186561e-07,0.0002139768867903779,5.093705003229987e-07,0.00046285603828612274,0.00018675659778932805,4.98595821272702e-06
405,1,child,,False,1.2339457598623173e-05,2.0785170435063726e-06,1.670142184809518e-06,1.9333584585546466e-07,3.8831109868779005e-06,7.411279871974134e-07,0.00046180770305806804,7.071895057311757e-07,5.144221374220898e-06,0.0001048469267161009,4.802972318863164e-05,2.199533724320648e-05,1.15919343186331e-05,2.0785170435063726e-06,1.9333584585546466e-07,7.411279871974134e-07,5.144221374220898e-06,7.071895057311757e-07,0.00046180770305806804,4.802972318863164e-05,1.15919343186331e-05
405,2,child,,False,0.0005765709440160247,1.1061159714638084e-05,6.502816785764437e-06,6.540437226933637e-07,1.8342893327886845e-06,6.144174602214718e-07,0.000482769314419773,1.2411496080609794e-06,0.00021273082914771238,0.0028261078542871536,3.0534893211185946e-05,0.0011812131826251435,2.199533724320648e-05,1.1061159714638084e-05,6.540437226933637e-07,6.144174602214718e-07,0.00021273082914771238,1.2411496080609794e-06,0.000482769314419773,3.0534893211185946e-05,2.199533724320648e-05
406,0,daughter,,False,0.00010322310367548195,1.7952796934677738e-05,5.225226840386988e-06,1.4971083692627422e-06,8.349627818261147e-06,3.0718185454758057e-06,0.0005624203180044445,4.61127481426412e-06,0.00026329140315871374,0.0008540336462424981,8.830458477845481e-05,0.0005538279886564313,1.2339457598623173e-05,1.7952796934677738e-05,1.4971083692627422e-06,3.0718185454758057e-06,0.00026329140315871374,4.61127481426412e-06,0.0005624203180044445,8.830458477845481e-05,1.2339457598623173e-05
406,1,daughter,,False,2.234163601827719e-05,2.0785170435063726e-06,1.1478768127080353e-06,9.422445939071362e-08,8.398072034951531e-07,1.7603432133424857e-07,0.00045889745344538133,5.77192003016332e-07,0.00021978822261505042,0.00010005044009099887,4.044814978420809e-05,1.2148175280558357e-05,2.586743108135441e-06,2.0785170435063726e-06,9.422445939071362e-08,1.7603432133424857e-07,0.00021978822261505042,5.77192003016332e-07,0.00045889745344538133,4.044814978420809e-05,2.586743108135441e-06
406,2,daughter,,False,2.234163601827719e-05,1.8342893327886845e-06,1.7231572752142392e-06,1.0348531401872454e-07,1.0129990980873922e-06,1.816222403812674e-07,0.0004760902660503319,6.540437226933637e-07,0.00021239342043348654,0.000754511454683582,7.554056327295277e-05,9.028039015031105e-06,5.649793328376294e-06,1.8342893327886845e-06,1.0348531401872454e-07,1.816222403812674e-07,0.00021239342043348654,6.540437226933637e-07,0.0004760902660503319,7.554056327295277e-05,5.649793328376294e-06
407,0,son,,False,0.0006033895256885456,2.2693385749600554e-05,1.2339457598623173e-05,1.670142184809518e-06,4.61127481426412e-06,2.2827997192887966e-06,0.0005184427898036522,2.4300240743279605e-06,0.00022805562191617214,0.0199624479863192,0.00043653261113939663,0.010206165153903688,4.373344035182828e-05,2.2693385749600554e-05,1.670142184809518e-06,2.2827997192887966e-06,0.00022805562191617214,2.4300240743279605e-06,0.0005184427898036522,0.00043653261113939663,4.373344035182828e-05
407,1,son,,False,4.655269187520153e-05,9.761566060239504e-06,4.53978687024344e-06,1.3007128466476034e-06,5.064471653194114e-06,2.212566909570261e-06,0.0005292950274613038,1.5936620247162786e-06,0.00023360304396588728,0.02028109306868244,0.000831577847747413,0.0005873034565397543,3.4062932773341e-05,9.761566060239504e-06,1.3007128466476034e-06,2.212566909570261e-06,0.00023360304396588728,1.5936620247162786e-06,0.0005292950274613038,0.000831577847747413,3.4062932773341e-05
407,2,son,,False,4.173157606777201e-05,7.484622751061123e-06,1.7778551863194697e-06,3.6119830612765795e-07,1.9833367060283617e-06,6.339210403977636e-07,0.0004901180798892147,7.411279871974134e-07,0.00021411253592723288,0.010504209139318285,0.0003197486937246425,0.0005204719129728484,1.535623976496012e-05,7.484622751061123e-06,3.6119830612765795e-07,6.339210403977636e-07,0.00021411253592723288,7.411279871974134e-07,0.0004901180798892147,0.0003197486937246425,1.535623976496012e-05
408,0,child,,False,1.3342001090985438e-05,1.9525885208642222e-06,1.7231572752142392e-06,2.0580491096133835e-07,1.7778551863194697e-06,5.77192003016332e-07,0.00047938840401504903,7.889262586245034e-07,0.00021789598759221768,0.002722381836565666,0.00018386652876885775,2.0027376671813928e-05,8.750299760661308e-06,1.9525885208642222e-06,2.0580491096133835e-07,5.77192003016332e-07,0.00021789598759221768,7.889262586245034e-07,0.00047938840401504903,0.00018386652876885775,8.750299760661308e-06
408,1,child,,False,3.0534893211185946e-05,3.321419494792514e-06,2.6688529572628562e-06,3.726639284186561e-07,1.8925148246037342e-06,7.889262586245034e-07,0.0004914129681922839,5.955139348629957e-07,0.00021751041144712992,0.010297272518613728,8.040859356292355e-05,0.0005224900751216392,9.314593042575101e-06,3.321419494792514e-06,3.726639284186561e-07,7.889262586245034e-07,0.00021751041144712992,5.955139348629957e-07,0.0004914129681922839,8.040859356292355e-05,9.314593042575101e-06
408,2,child,,False,0.000567903324674726,2.4156629828672456e-05,1.15919343186331e-05,2.355261854303796e-06,4.757645425657629e-06,2.7535691114583474e-06,0.00046901888401438977,1.9833367060283617e-06,0.0002142503208503807,0.12088870995044736,0.001196109824980955,0.0011462110697769345,2.4923252458203565e-05,2.4156629828672456e-05,2.355261854303796e-06,2.7535691114583474e-06,0.0002142503208503807,1.9833367060283617e-06,0.00046901888401438977,0.001196109824980955,2.4923252458203565e-05
409,0,daughter,,False,0.0006290189785644802,0.0007673817935855811,6.10885510164857e-06,5.562206273647035e-06,1.8522574326531083e-05,8.481104172358076e-06,0.0005200776237272741,1.5689549727726036e-06,0.00023148126807614352,0.020832370137366857,0.0014615670100635953,0.023358861358496026,0.0015667662665134982,0.0007673817935855811,5.562206273647035e-06,8.481104172358076e-06,0.00023148126807614352,1.5689549727726036e-06,0.0005200776237272741,0.0014615670100635953,0.0015667662665134982
409,1,daughter,,False,9.850082967450695e-05,2.3413582477639402e-05,7.14190139989638e-06,1.7231572752142392e-06,1.7952796934677738e-05,3.5913010679499402e-06,0.007422732360563717,0.00021949571359885858,0.00032415278557820575,0.020811948469677814,0.0003123648599853311,0.0012628546879727843,3.9204178923762816e-05,2.3413582477639402e-05,1.7231572752142392e-06,3.5913010679499402e-06,0.00032415278557820575,0.00021949571359885858,0.007422732360563717,0.0003123648599853311,3.9204178923762816e-05
409,2,daughter,,False,0.0006448876246043282,2.2693385749600554e-05,1.5843621910252592e-05,1.3420013504783412e-06,5.738759521437678e-06,1.7778551863194697e-06,0.007423494719640147,0.00022011622820665742,0.0002964673556066361,0.010177555173122577,0.0003172682842485189,0.0005411170227538132,3.150386940813393e-05,2.2693385749600554e-05,1.3420013504783412e-06,1.7778551863194697e-06,0.0002964673556066361,0.00022011622820665742,0.007423494719640147,0.0003172682842485189,3.150386940813393e-05
410,0,son,,False,3.250358452365473e-05,3.8831109868779005e-06,2.0462932829931794e-06,4.222833444659923e-07,2.586743108135441e-06,7.889262586245034e-07,0.0005197481018433826,8.530321297909616e-07,0.00022668099229563676,0.0001597845494017344,4.802972318863164e-05,0.0011462110697769345,3.569706350376584e-05,3.8831109868779005e-06,4.222833444659923e-07,7.889262586245034e-07,0.00022668099229563676,8.530321297909616e-07,0.0005197481018433826,4.802972318863164e-05,3.569706350376584e-05
410,1,son,,False,0.0005597594790089396,1.7952796934677738e-05,4.61127481426412e-06,9.223470110117277e-07,4.1335397768930325e-06,1.8342893327886845e-06,0.0006154493076966291,2.3923509443082866e-06,0.00024395884522464894,0.0029056745866044694,0.0002673006032788653,0.001283675813638229,4.044814978420809e-05,1.7952796934677738e-05,9.223470110117277e-07,1.8342893327886845e-06,0.00024395884522464894,2.3923509443082866e-06,0.0006154493076966291,0.0002673006032788653,4.044814978420809e-05
410,2,son,,False,1.9110431587777674e-05,2.4300240743279605e-06,1.3420013504783412e-06,2.1907815825757866e-07,3.373722476473661e-06,1.0451548051737735e-06,0.00047837179279292826,7.183260399857925e-07,0.00021849741587309833,0.0006949397826019072,5.527786369235996e-05,1.971694219622292e-05,9.314593042575101e-06,2.4300240743279605e-06,2.1907815825757866e-07,1.0451548051737735e-06,0.00021849741587309833,7.183260399857925e-07,0.00047837179279292826,5.527786369235996e-05,9.314593042575101e-06
411,0,child,,False,0.0005414888098175762,2.0342697805520655e-05,7.368592981140821e-06,1.670142184809518e-06,3.822911232549001e-06,1.8925148246037342e-06,0.0005186048424648466,2.586743108135441e-06,0.00022120585807682417,0.03748396308906819,0.0008577485413711985,0.010117320684545133,5.4421326243255744e-05,2.0342697805520655e-05,1.670142184809518e-06,1.8925148246037342e-06,0.00022120585807682417,2.586743108135441e-06,0.0005186048424648466,0.0008577485413711985,5.4421326243255744e-05
411,1,child,,False,0.0005449187105293259,1.7400543552708932e-05,6.302758756443267e-06,1.4285517650093407e-06,4.98595821272702e-06,2.5071593847983196e-06,0.0046750648156970885,1.4738981974494932e-06,0.00026606979421072254,0.019468534921721643,0.000275762236739541,0.0012765731302534363,2.95957113513077e-05,1.7400543552708932e-05,1.4285517650093407e-06,2.5071593847983196e-06,0.00026606979421072254,1.4738981974494932e-06,0.0046750648156970885,0.000275762236739541,2.95957113513077e-05
411,2,child,,False,0.0006259907508777644,0.0007590481694864643,1.0071400221737608e-05,4.331903899346328e-06,7.602479448313689e-06,4.832563818725537e-06,0.010264886424106699,0.00021337902185586662,0.0002679956519775136,0.019408290971125827,8.969393236719384e-05,0.11638899894633603,0.0024019947894768686,0.0007590481694864643,4.331903899346328e-06,4.832563818725537e-06,0.0002679956519775136,0.00021337902185586662,0.010264886424106699,8.969393236719384e-05,0.0024019947894768686
412,0,daughter,,False,3.0534893211185946e-05,8.888084683809127e-06,2.1444948420913954e-06,7.411279871974134e-07,2.5071593847983196e-06,1.4285517650093407e-06,0.0004914129681922839,5.255395707074638e-07,0.00021512380222681108,0.03608622329228313,0.0004718369255027519,0.0006046470898997678,3.740956047302422e-05,8.888084683809127e-06,7.411279871974134e-07,1.4285517650093407e-06,0.00021512380222681108,5.255395707074638e-07,0.0004914129681922839,0.0004718369255027519,3.740956047302422e-05
412,1,daughter,,False,7.554056327295277e-05,1.5598027633743823e-05,3.2192334497037803e-06,9.516251694168764e-07,3.7636447180974406e-06,1.1843139025979655e-06,0.0004911950427828109,1.5446309562386385e-06,0.000218704237257557,0.0029056745866044694,0.00018969200744787138,0.0012860803801843506,3.682979260160596e-05,1.5598027633743823e-05,9.516251694168764e-07,1.1843139025979655e-06,0.000218704237257557,1.5446309562386385e-06,0.0004911950427828109,0.00018969200744787138,3.682979260160596e-05
412,2,daughter,,False,0.005117298099105079,0.0007499928075102617,1.0391067562761452e-05,1.4285517650093407e-06,3.7636447180974406e-06,1.4738981974494932e-06,0.0074490928770656675,0.00021478433912260148,0.00028703604663326643,0.0029863021744691264,6.986756664856784e-05,0.01632587434337637,6.667023092435894e-05,0.0007499928075102617,1.4285517650093407e-06,1.4738981974494932e-06,0.00028703604663326643,0.00021478433912260148,0.0074490928770656675,6.986756664856784e-05,6.667023092435894e-05
413,0,son,,False,2.7803096387751555e-05,5.391084403253366e-06,2.586743108135441e-06,5.093705003229987e-07,2.0462932829931794e-06,8.139692624947503e-07,0.0004952508080780285,9.223470110117277e-07,0.00021732209397159474,0.02036463870505605,0.00047551999098330473,0.0005600758955536546,2.3782205064034188e-05,5.391084403253366e-06,5.093705003229987e-07,8.139692624947503e-07,0.00021732209397159474,9.223470110117277e-07,0.0004952508080780285,0.00047551999098330473,2.3782205064034188e-05
413,1,son,,False,3.8596609058077356e-05,7.484622751061123e-06,2.931153855960119e-06,5.255395707074638e-07,3.4808121961114687e-06,1.0783312222985275e-06,0.0005704642512806485,2.212566909570261e-06,0.00024709381223434357,0.019438069162517783,0.00041339680904524455,0.0005138843625860062,1.2339457598623173e-05,7.484622751061123e-06,5.255395707074638e-07,1.0783312222985275e-06,0.00024709381223434357,2.212566909570261e-06,0.0005704642512806485,0.00041339680904524455,1.2339457598623173e-05
413,2,son,,False,2.4156629828672456e-05,2.0785170435063726e-06,1.4738981974494932e-06,1.370957206857845e-07,1.0289513485400628e-06,1.8738753836511972e-07,0.0004672347498334401,7.411279871974134e-07,0.00021713669539495865,0.00017274586267297022,5.0333557545281144e-05,1.1235328063870752e-05,4.400118457925303e-06,2.0785170435063726e-06,1.370957206857845e-07,1.8738753836511972e-07,0.00021713669539495865,7.411279871974134e-07,0.0004672347498334401,5.0333557545281144e-05,4.400118457925303e-06
414,0,child,,False,5.7031570707833595e-05,8.349627818261147e-06,3.4808121961114687e-06,6.962256250138369e-07,5.562206273647035e-06,2.01456908529364e-06,0.0004971468444439132,2.3187477504664324e-06,0.00021591692196200267,0.0009056139344932517,2.913700606794303e-05,0.0012476373755339234,4.044814978420809e-05,8.349627818261147e-06,6.962256250138369e-07,2.01456908529364e-06,0.00021591692196200267,2.3187477504664324e-06,0.0004971468444439132,2.913700606794303e-05,4.044814978420809e-05
414,1,child,,True,0.006218150241194113,0.005930115948837481,2.2693385749600554e-05,2.8240807799315707e-05,0.007551459267723239,0.00015011822567369918,0.0074250238768402595,0.00022788290577331583,0.0003486158956375795,0.0028261078542871536,5.112579049909173e-05,0.5178018740654992,0.0024141732699500536,0.005930115948837481,2.8240807799315707e-05,0.00015011822567369918,0.0003486158956375795,0.00022788290577331583,0.0074250238768402595,5.112579049909173e-05,0.0024141732699500536
414,2,child,,False,7.096703991005882e-05,2.305067219931397e-05,2.5071593847983196e-06,1.0451548051737735e-06,7.602479448313689e-06,1.8925148246037342e-06,0.0005773473525620315,2.4682904407607285e-06,0.00023273440348495238,0.002891633743721902,0.00016484829418512883,0.016013605598304635,5.614787461400803e-05,2.305067219931397e-05,1.0451548051737735e-06,1.8925148246037342e-06,0.00023273440348495238,2.4682904407607285e-06,0.0005773473525620315,0.00016484829418512883,5.614787461400803e-05
415,0,daughter,,False,0.0006656335368081451,3.625900662832244e-05,7.368592981140821e-06,1.1843139025979655e-06,5.649793328376294e-06,2.212566909570261e-06,0.0005756969103242991,3.6478537675800286e-06,0.0002581100774188864,0.019428067455041397,0.0003027835024568379,0.010108895647660253,2.868540823874629e-05,3.625900662832244e-05,1.1843139025979655e-06,2.212566909570261e-06,0.0002581100774188864,3.6478537675800286e-06,0.0005756969103242991,0.0003027835024568379,2.868540823874629e-05
415,1,daughter,,False,0.0006844636359260021,0.0007525626282895303,1.941131867789626e-05,4.757645425657629e-06,1.5118199327273332e-05,8.481104172358076e-06,0.0005700699110974512,3.373722476473661e-06,0.00024277179663959579,0.035913158295876775,0.0008187909901696234,0.02302957246214866,0.002427338004813118,0.0007525626282895303,4.757645425657629e-06,8.481104172358076e-06,0.00024277179663959579,3.373722476473661e-06,0.0005700699110974512,0.0008187909901696234,0.002427338004813118
415,2,daughter,,False,2.5315637215092633e-05,5.225226840386988e-06,4.006369222920725e-06,5.955139348629957e-07,3.822911232549001e-06,1.1843139025979655e-06,0.000549034442115133,1.8631746484712008e-06,0.00022951886599524403,0.01985369105236534,0.000433150202056399,0.0005166197289884592,1.7952796934677738e-05,5.225226840386988e-06,5.955139348629957e-07,1.1843139025979655e-06,0.00022951886599524403,1.8631746484712008e-06,0.000549034442115133,0.000433150202056399,1.7952796934677738e-05
416,0,son,,False,2.3413582477639402e-05,3.535625074174432e-06,1.7778551863194697e-06,1.994729721527057e-07,3.2699273422345685e-06,7.411279871974134e-07,0.0005237884557461967,1.8631746484712008e-06,0.00024395884522464894,0.0007397960144200369,0.00011335690050875118,0.0004992412660775476,1.5843621910252592e-05,3.535625074174432e-06,1.994729721527057e-07,7.411279871974134e-07,0.00024395884522464894,1.8631746484712008e-06,0.0005237884557461967,0.00011335690050875118,1.5843621910252592e-05
416,1,son,,False,8.040859356292355e-05,2.0662982488383408e-05,4.98595821272702e-06,1.3846004563753396e-06,2.2827997192887966e-06,1.7778551863194697e-06,0.00047438307922800164,1.2219076020491008e-06,0.00021384334033892964,0.18103306762267232,0.024570736974915422,0.0005569032319691715,3.9204178923762816e-05,2.0662982488383408e-05,1.3846004563753396e-06,1.7778551863194697e-06,0.00021384334033892964,1.2219076020491008e-06,0.00047438307922800164,0.024570736974915422,3.9204178923762816e-05
416,2,son,,False,3.353501304664781e-05,8.888084683809127e-06,2.212566909570261e-06,4.495181578513688e-07,4.757645425657629e-06,1.0129990980873922e-06,0.0005379045088107247,1.8631746484712008e-06,0.00022914444123060576,0.0028779143257728393,0.0002050743539917378,0.0005873034565397543,4.238847419937498e-05,8.888084683809127e-06,4.495181578513688e-07,1.0129990980873922e-06,0.00022914444123060576,1.8631746484712008e-06,0.0005379045088107247,0.0002050743539917378,4.238847419937498e-05
417,0,child,,False,0.0005502683110505684,1.442598644847886e-05,2.840974294610978e-06,4.6378732973537256e-07,4.757645425657629e-06,3.0718185454758057e-06,0.000499852431416165,1.0783312222985275e-06,0.00023273440348495238,6.667023092435894e-05,1.8814207550495463e-05,0.0005508471799444582,8.750299760661308e-06,1.442598644847886e-05,4.6378732973537256e-07,3.0718185454758057e-06,0.00023273440348495238,1.0783312222985275e-06,0.000499852431416165,1.8814207550495463e-05,8.750299760661308e-06
417,1,child,,False,3.569706350376584e-05,5.829126566113866e-06,4.264746818557914e-06,5.255395707074638e-07,2.6688529572628562e-06,1.3007128466476034e-06,0.0005224206102483637,2.01456908529364e-06,0.0002263505449868847,0.021045095855389967,0.001312127112655096,0.000493111798506495,9.915273115920183e-06,5.829126566113866e-06,5.255395707074638e-07,1.3007128466476034e-06,0.0002263505449868847,2.01456908529364e-06,0.0005224206102483637,0.001312127112655096,9.915273115920183e-06
417,2,child,,False,0.0007606237816121799,6.709224499600877e-06,6.014151777699533e-06,2.72647027069593e-07,1.6187581436151335e-06,4.222833444659923e-07,0.0005026766516422264,1.7778551863194697e-06,0.0002363778348378399,5.614787461400803e-05,2.1318756129065198e-05,0.0005256379073836972,1.1235328063870752e-05,6.709224499600877e-06,2.72647027069593e-07,4.222833444659923e-07,0.0002363778348378399,1.7778551863194697e-06,0.0005026766516422264,2.1318756129065198e-05,1.1235328063870752e-05
418,0,daughter,,False,3.740956047302422e-05,5.391084403253366e-06,3.535625074174432e-06,4.936988949458183e-07,2.627477314480822e-06,8.139692624947503e-07,0.0005518659024172754,2.0462932829931794e-06,0.0002344992422345146,0.01038347373249708,0.0003621685478675127,0.0005156936737338665,2.5315637215092633e-05,5.391084403253366e-06,4.936988949458183e-07,8.139692624947503e-07,0.0002344992422345146,2.0462932829931794e-06,0.0005518659024172754,0.0003621685478675127,2.5315637215092633e-05
418,1,daughter,,False,3.9204178923762816e-05,4.98595821272702e-06,1.6187581436151335e-06,2.561282210758673e-07,1.670142184809518e-06,4.0929110499856e-07,0.0006109453119776906,2.4682904407607285e-06,0.000249784072058715,0.0007661644959617213,9.697519677825862e-05,0.00048422495919655346,8.750299760661308e-06,4.98595821272702e-06,2.561282210758673e-07,4.0929110499856e-07,0.000249784072058715,2.4682904407607285e-06,0.0006109453119776906,9.697519677825862e-05,8.750299760661308e-06
418,2,daughter,,False,2.7803096387751555e-05,4.683888424952456e-06,2.931153855960119e-06,3.3931448129766124e-07,4.1335397768930325e-06,1.1843139025979655e-06,0.0005032032942715987,1.4738981974494932e-06,0.0002204804354938449,0.021157478857872898,0.0007121428745735102,0.0004992412660775476,2.0988308820313112e-05,4.683888424952456e-06,3.3931448129766124e-07,1.1843139025979655e-06,0.0002204804354938449,1.4738981974494932e-06,0.0005032032942715987,0.0007121428745735102,2.0988308820313112e-05
419,0,son,,False,3.3015272509780104e-05,6.605214485464791e-06,2.840974294610978e-06,6.748051590048605e-07,2.88571183887091e-06,1.1125607488784412e-06,0.0005171576814344368,1.2219076020491008e-06,0.0002263505449868847,0.003077507246275801,0.0003429603924094487,0.0005584771959849743,2.868540823874629e-05,6.605214485464791e-06,6.748051590048605e-07,1.1125607488784412e-06,0.0002263505449868847,1.2219076020491008e-06,0.0005171576814344368,0.0003429603924094487,2.868540823874629e-05
419,1,son,,False,8.969393236719384e-05,7.2543618230189156e-06,3.2699273422345685e-06,4.936988949458183e-07,1.9833367060283617e-06,5.594337713435001e-07,0.0005006106934840828,1.3211958228877664e-06,0.00021789598759221768,0.0008540336462424981,6.771942330385674e-05,0.0005508471799444582,1.971694219622292e-05,7.2543618230189156e-06,4.936988949458183e-07,5.594337713435001e-07,0.00021789598759221768,1.3211958228877664e-06,0.0005006106934840828,6.771942330385674e-05,1.971694219622292e-05
419,2,son,,False,4.442183589214344e-05,6.605214485464791e-06,3.535625074174432e-06,4.0929110499856e-07,2.710880136557205e-06,8.139692624947503e-07,0.0004901180798892147,1.0616134237448653e-06,0.00022096026380031539,0.01939851507928994,0.0003429603924094487,0.000510430845712912,1.7952796934677738e-05,6.605214485464791e-06,4.0929110499856e-07,8.139692624947503e-07,0.00022096026380031539,1.0616134237448653e-06,0.0004901180798892147,0.0003429603924094487,1.7952796934677738e-05
420,0,child,,False,0.0005431903918374811,1.3552078562406772e-05,8.888084683809127e-06,1.1125607488784412e-06,3.6478537675800286e-06,1.3846004563753396e-06,0.0005410492208568304,2.5466403947055455e-06,0.00022877581864421098,0.01947884562533035,0.0004943689078122551,0.001165830836081277,2.7803096387751555e-05,1.3552078562406772e-05,1.1125607488784412e-06,1.3846004563753396e-06,0.00022877581864421098,2.5466403947055455e-06,0.0005410492208568304,0.0004943689078122551,2.7803096387751555e-05
420,1,child,,False,7.321812616608614e-05,1.8814207550495463e-05,4.264746818557914e-06,1.8342893327886845e-06,1.0229985472581487e-05,3.4268490542555014e-06,0.0046805038875821535,3.169325442919291e-06,0.00026420311802226543,0.019678475359317615,0.0005343255956149591,0.001171840522652869,3.3015272509780104e-05,1.8814207550495463e-05,1.8342893327886845e-06,3.4268490542555014e-06,0.00026420311802226543,3.169325442919291e-06,0.0046805038875821535,0.0005343255956149591,3.3015272509780104e-05
420,2,child,,False,7.096703991005882e-05,2.1318756129065198e-05,5.649793328376294e-06,1.3846004563753396e-06,6.205049602300744e-06,2.4300240743279605e-06,0.014924038627699011,0.0002185240074492738,0.0003602383455953696,0.010170987564578925,0.0004792316673138822,0.010192263297697799,7.321812616608614e-05,2.1318756129065198e-05,1.3846004563753396e-06,2.4300240743279605e-06,0.0003602383455953696,0.0002185240074492738,0.014924038627699011,0.0004792316673138822,7.321812616608614e-05
421,0,daughter,,False,1.15919343186331e-05,1.0783312222985275e-06,1.4285517650093407e-06,8.579235380478509e-08,8.939696304799168e-07,2.123378462433771e-07,0.00046119806894731965,5.173918770225734e-07,0.000211865052952336,5.357805383473943e-05,3.1015598671268335e-05,7.602479448313689e-06,4.832563818725537e-06,1.0783312222985275e-06,8.579235380478509e-08,2.123378462433771e-07,0.000211865052952336,5.173918770225734e-07,0.00046119806894731965,3.1015598671268335e-05,4.832563818725537e-06
421,1,daughter,,False,1.8235460794662427e-05,1.3420013504783412e-06,1.1125607488784412e-06,8.851569304133282e-08,1.0783312222985275e-06,2.0580491096133835e-07,0.0004956018218002171,6.85431721163334e-07,0.00021751041144712992,0.0001048469267161009,4.8785712278226595e-05,1.1061159714638084e-05,5.144221374220898e-06,1.3420013504783412e-06,8.851569304133282e-08,2.0580491096133835e-07,0.00021751041144712992,6.85431721163334e-07,0.0004956018218002171,4.8785712278226595e-05,5.144221374220898e-06
421,2,daughter,,False,2.913700606794303e-05,5.307507822667365e-06,2.4300240743279605e-06,4.6378732973537256e-07,4.264746818557914e-06,1.3420013504783412e-06,0.0005105834393976184,1.9223170236538178e-06,0.00022805562191617214,0.019428067455041397,0.0003976227974475301,0.0005064063866345277,2.0988308820313112e-05,5.307507822667365e-06,4.6378732973537256e-07,1.3420013504783412e-06,0.00022805562191617214,1.9223170236538178e-06,0.0005105834393976184,0.0003976227974475301,2.0988308820313112e-05
422,0,son,,False,2.0342697805520655e-05,4.006369222920725e-06,2.355261854303796e-06,4.936988949458183e-07,4.1335397768930325e-06,1.4738981974494932e-06,0.0005902426366030335,2.4300240743279605e-06,0.0002511935262300754,0.010238988609384374,0.00019267346633274757,0.0005267203585267405,1.442598644847886e-05,4.006369222920725e-06,4.936988949458183e-07,1.4738981974494932e-06,0.0002511935262300754,2.4300240743279605e-06,0.0005902426366030335,0.00019267346633274757,1.442598644847886e-05
422,1,son,,False,7.793660930208434e-05,9.314593042575101e-06,6.502816785764437e-06,7.889262586245034e-07,2.97731143841062e-06,1.1125607488784412e-06,0.0005419801381733364,2.0462932829931794e-06,0.0002207184759315317,0.0199208939961324,0.0003765413784673874,0.0005914388320078819,3.740956047302422e-05,9.314593042575101e-06,7.889262586245034e-07,1.1125607488784412e-06,0.0002207184759315317,2.0462932829931794e-06,0.0005419801381733364,0.0003765413784673874,3.740956047302422e-05
422,2,son,,False,3.3015272509780104e-05,3.8831109868779005e-06,3.2192334497037803e-06,3.3931448129766124e-07,1.7231572752142392e-06,4.936988949458183e-07,0.0004669877403758759,8.664653147910923e-07,0.00021467682920914668,0.01954238285545805,0.0005730246514992079,1.535623976496012e-05,9.314593042575101e-06,3.8831109868779005e-06,3.3931448129766124e-07,4.936988949458183e-07,0.00021467682920914668,8.664653147910923e-07,0.0004669877403758759,0.0005730246514992079,9.314593042575101e-06
423,0,child,,False,7.916296072837432e-05,9.028039015031105e-06,3.4808121961114687e-06,3.500854414401442e-07,2.0785170435063726e-06,7.646537350121258e-07,0.0005506238275354633,1.6442494559854523e-06,0.00022477355484446784,0.003024826125706131,3.9821309061635425e-05,0.001154358460870045,2.234163601827719e-05,9.028039015031105e-06,3.500854414401442e-07,7.646537350121258e-07,0.00022477355484446784,1.6442494559854523e-06,0.0005506238275354633,3.9821309061635425e-05,2.234163601827719e-05
423,1,child,,False,0.0005700198491106524,2.95957113513077e-05,4.53978687024344e-06,2.710880136557205e-06,1.6865275398914433e-05,9.761566060239504e-06,0.004727940217321879,5.307507822667365e-06,0.0002504832985443908,0.0008594156731411163,2.2693385749600554e-05,0.032104456579396104,0.0024246224264761395,2.95957113513077e-05,2.710880136557205e-06,9.761566060239504e-06,0.0002504832985443908,5.307507822667365e-06,0.004727940217321879,2.2693385749600554e-05,0.0024246224264761395
423,2,child,,False,4.955359475635505e-05,6.814872211615988e-06,4.53978687024344e-06,5.955139348629957e-07,1.9525885208642222e-06,1.2606946239951315e-06,0.000534273414922935,2.840974294610978e-06,0.00023028548862477513,0.010450880942532732,0.0003976227974475301,0.0005138843625860062,1.9110431587777674e-05,6.814872211615988e-06,5.955139348629957e-07,1.2606946239951315e-06,0.00023028548862477513,2.840974294610978e-06,0.000534273414922935,0.0003976227974475301,1.9110431587777674e-05
424,0,daughter,,False,0.0005502683110505684,9.610241549947397e-06,4.264746818557914e-06,6.339210403977636e-07,3.0718185454758057e-06,1.1478768127080353e-06,0.0004820365628429435,1.8342893327886845e-06,0.00022170870641199087,0.010351285062782186,0.0006388320909721285,0.0004914519521959942,9.028039015031105e-06,9.610241549947397e-06,6.339210403977636e-07,1.1478768127080353e-06,0.00022170870641199087,1.8342893327886845e-06,0.0004820365628429435,0.0006388320909721285,9.028039015031105e-06
424,1,daughter,,False,3.3015272509780104e-05,9.915273115920183e-06,2.0785170435063726e-06,5.422218970016178e-07,4.683888424952456e-06,8.664653147910923e-07,0.004700013814339364,1.7778551863194697e-06,0.0002533919593552032,0.0009309527809802363,0.00017007224114352882,0.0011435787590044176,2.5315637215092633e-05,9.915273115920183e-06,5.422218970016178e-07,8.664653147910923e-07,0.0002533919593552032,1.7778551863194697e-06,0.004700013814339364,0.00017007224114352882,2.5315637215092633e-05
424,2,daughter,,False,2.868540823874629e-05,4.1335397768930325e-06,2.355261854303796e-06,2.9023119852110973e-07,2.4682904407607285e-06,6.144174602214718e-07,0.0005316112970072217,1.5936620247162786e-06,0.00023589712937775753,0.002809879477103823,0.00019877742123839117,0.00048465588826592415,8.481104172358076e-06,4.1335397768930325e-06,2.9023119852110973e-07,6.144174602214718e-07,0.00023589712937775753,1.5936620247162786e-06,0.0005316112970072217,0.00019877742123839117,8.481104172358076e-06
425,0,son,,False,0.0005558740293833221,6.814872211615988e-06,5.144221374220898e-06,4.222833444659923e-07,2.6688529572628562e-06,8.139692624947503e-07,0.0004897990669672525,1.2606946239951315e-06,0.0002250791783627945,0.0027714383583302433,0.0001597845494017344,0.0005194862076891146,9.028039015031105e-06,6.814872211615988e-06,4.222833444659923e-07,8.139692624947503e-07,0.0002250791783627945,1.2606946239951315e-06,0.0004897990669672525,0.0001597845494017344,9.028039015031105e-06
425,1,son,,False,0.0006383916385367546,2.6947915555885546e-05,5.391084403253366e-06,9.516251694168764e-07,1.9525885208642222e-06,7.889262586245034e-07,0.004699356537988458,4.331903899346328e-06,0.0002679956519775136,0.010211160378759361,4.442183589214344e-05,0.0012048615892203932,2.913700606794303e-05,2.6947915555885546e-05,9.516251694168764e-07,7.889262586245034e-07,0.0002679956519775136,4.331903899346328e-06,0.004699356537988458,4.442183589214344e-05,2.913700606794303e-05
425,2,son,,False,5.527786369235996e-05,1.0071400221737608e-05,2.7535691114583474e-06,3.9669859149467314e-07,2.2827997192887966e-06,6.748051590048605e-07,0.0005827028218956953,3.0718185454758057e-06,0.00022841290836588554,0.0028779143257728393,0.0001206589712246389,0.0005323933551511255,2.5315637215092633e-05,1.0071400221737608e-05,3.9669859149467314e-07,6.748051590048605e-07,0.00022841290836588554,3.0718185454758057e-06,0.0005827028218956953,0.0001206589712246389,2.5315637215092633e-05
426,0,child,,False,4.512106237781923e-05,4.683888424952456e-06,1.8631746484712008e-06,2.8130174840733105e-07,2.1112482331487175e-06,1.0783312222985275e-06,0.0004943247528234358,8.398072034951531e-07,0.00022170870641199087,0.0007397960144200369,3.0061635882429376e-05,0.0005147819588703148,7.2543618230189156e-06,4.683888424952456e-06,2.8130174840733105e-07,1.0783312222985275e-06,0.00022170870641199087,8.398072034951531e-07,0.0004943247528234358,3.0061635882429376e-05,7.2543618230189156e-06
426,1,child,,False,2.3782205064034188e-05,4.1335397768930325e-06,1.2606946239951315e-06,3.1875652166284776e-07,2.4682904407607285e-06,8.139692624947503e-07,0.0004622221322539132,5.862814011886353e-07,6.10885510164857e-06,0.0001597845494017344,6.771942330385674e-05,0.0005166197289884592,1.0889691002655445e-05,4.1335397768930325e-06,3.1875652166284776e-07,8.139692624947503e-07,6.10885510164857e-06,5.862814011886353e-07,0.0004622221322539132,6.771942330385674e-05,1.0889691002655445e-05
426,2,child,,False,3.3015272509780104e-05,1.0071400221737608e-05,3.120191139396651e-06,8.139692624947503e-07,4.61127481426412e-06,1.1125607488784412e-06,0.0005317051269274826,1.2219076020491008e-06,0.00021809334032878513,0.02028109306868244,0.000433150202056399,0.0005794095367164778,2.234163601827719e-05,1.0071400221737608e-05,8.139692624947503e-07,1.1125607488784412e-06,0.00021809334032878513,1.2219076020491008e-06,0.0005317051269274826,0.000433150202056399,2.234163601827719e-05
427,0,daughter,,False,5.527786369235996e-05,1.7952796934677738e-05,3.6478537675800286e-06,1.2606946239951315e-06,5.225226840386988e-06,1.9525885208642222e-06,0.0005248284322550555,1.5206840370677115e-06,0.00022096026380031539,0.06459870755608439,0.0008511303026562553,0.0012195770294839382,3.8596609058077356e-05,1.7952796934677738e-05,1.2606946239951315e-06,1.9525885208642222e-06,0.00022096026380031539,1.5206840370677115e-06,0.0005248284322550555,0.0008511303026562553,3.8596609058077356e-05
427,1,daughter,,False,3.4062932773341e-05,3.6478537675800286e-06,2.01456908529364e-06,2.1907815825757866e-07,1.5689549727726036e-06,4.6378732973537256e-07,0.0004717428775960644,9.223470110117277e-07,0.00021273082914771238,0.0008138567562898873,5.8840881855693875e-05,0.0005079785823772643,1.442598644847886e-05,3.6478537675800286e-06,2.1907815825757866e-07,4.6378732973537256e-07,0.00021273082914771238,9.223470110117277e-07,0.0004717428775960644,5.8840881855693875e-05,1.442598644847886e-05
427,2,daughter,,False,9.399438806628559e-05,3.514382632807918e-05,9.761566060239504e-06,4.069457790466838e-06,8.220189478350845e-06,4.069457790466838e-06,0.004822832676856125,4.61127481426412e-06,0.0002556957937118527,0.020541375440576118,0.0008644177936723585,0.03228898401123889,0.005500923659383607,3.514382632807918e-05,4.069457790466838e-06,4.069457790466838e-06,0.0002556957937118527,4.61127481426412e-06,0.004822832676856125,0.0008644177936723585,0.005500923659383607
428,0,son,,True,0.005763573433908549,0.0011946417267176483,1.535623976496012e-05,7.602479448313689e-06,2.95957113513077e-05,1.6346470245419304e-05,0.0005664444364502636,0.00021221394297262693,0.00022805562191617214,0.0518365080798966,0.0011072160183234296,0.2411052687980464,0.005471381681844389,0.0011946417267176483,7.602479448313689e-06,1.6346470245419304e-05,0.00022805562191617214,0.00021221394297262693,0.0005664444364502636,0.0011072160183234296,0.005471381681844389
428,1,son,,False,1.3552078562406772e-05,2.2827997192887966e-06,2.01456908529364e-06,2.6425858208426533e-07,1.4738981974494932e-06,5.594337713435001e-07,0.0004627493534150243,6.540437226933637e-07,4.757645425657629e-06,0.01978897580689893,0.0008577485413711985,1.9110431587777674e-05,1.442598644847886e-05,2.2827997192887966e-06,2.6425858208426533e-07,5.594337713435001e-07,4.757645425657629e-06,6.540437226933637e-07,0.0004627493534150243,0.0008577485413711985,1.442598644847886e-05
428,2,son,,False,6.166297347617125e-05,5.475976980449466e-06,2.5071593847983196e-06,5.422218970016178e-07,3.6478537675800286e-06,1.0451548051737735e-06,0.00047837179279292826,7.411279871974134e-07,0.0002214553186652644,0.002954895533654995,0.00020829707830458003,0.0005012746277703161,1.3982207564732913e-05,5.475976980449466e-06,5.422218970016178e-07,1.0451548051737735e-06,0.0002214553186652644,7.411279871974134e-07,0.00047837179279292826,0.00020829707830458003,1.3982207564732913e-05
429,0,child,,False,7.916296072837432e-05,5.144221374220898e-06,1.363134508591315e-06,1.6536895860212648e-07,1.1125607488784412e-06,4.356879983467376e-07,0.0005645425087544822,2.0785170435063726e-06,0.00023542387204900095,8.969393236719384e-05,4.469407144215697e-06,0.0005289365944662937,1.0554685795431098e-05,5.144221374220898e-06,1.6536895860212648e-07,4.356879983467376e-07,0.00023542387204900095,2.0785170435063726e-06,0.0005645425087544822,4.469407144215697e-06,1.0554685795431098e-05
429,1,child,,False,8.481104172358076e-06,6.339210403977636e-07,7.889262586245034e-07,6.475947982049267e-08,6.962256250138369e-07,1.4144759985825914e-07,0.0004558265687732626,4.0929110499856e-07,0.00021789598759221768,2.4923252458203565e-05,1.3135179706526775e-05,5.064471653194114e-06,2.586743108135441e-06,6.339210403977636e-07,6.475947982049267e-08,1.4144759985825914e-07,0.00021789598759221768,4.0929110499856e-07,0.0004558265687732626,1.3135179706526775e-05,2.586743108135441e-06
429,2,child,,False,3.353501304664781e-05,6.502816785764437e-06,2.7535691114583474e-06,6.540437226933637e-07,4.264746818557914e-06,1.2606946239951315e-06,0.00047938840401504903,1.5206840370677115e-06,0.00021891431472897835,0.05197181129255562,0.0019419348182448605,0.00048691442776060197,1.2731104162213555e-05,6.502816785764437e-06,6.540437226933637e-07,1.2606946239951315e-06,0.00021891431472897835,1.5206840370677115e-06,0.00047938840401504903,0.0019419348182448605,1.2731104162213555e-05
430,0,daughter,,False,0.0005700198491106524,2.95957113513077e-05,7.0311842669149565e-06,1.670142184809518e-06,4.53978687024344e-06,3.2192334497037803e-06,0.0005564374229060954,2.1112482331487175e-06,0.0002270166411560819,0.03791915805716034,0.0005911068856243796,0.010172201508571337,5.792916699214217e-05,2.95957113513077e-05,1.670142184809518e-06,3.2192334497037803e-06,0.0002270166411560819,2.1112482331487175e-06,0.0005564374229060954,0.0005911068856243796,5.792916699214217e-05
430,1,daughter,,False,8.167381046669487e-05,1.15919343186331e-05,7.0311842669149565e-06,9.516251694168764e-07,4.331903899346328e-06,1.8342893327886845e-06,0.0005807774863289014,2.586743108135441e-06,0.0002504832985443908,0.01966665560720298,0.0004718369255027519,0.0005794095367164778,2.453694805426225e-05,1.15919343186331e-05,9.516251694168764e-07,1.8342893327886845e-06,0.0002504832985443908,2.586743108135441e-06,0.0005807774863289014,0.0004718369255027519,2.453694805426225e-05
430,2,daughter,,False,2.653023768982879e-05,3.8831109868779005e-06,2.1444948420913954e-06,4.495181578513688e-07,2.0462932829931794e-06,7.889262586245034e-07,0.0004677345921664252,8.530321297909616e-07,0.00021625192716922701,0.00015487610942879803,9.850082967450695e-05,0.00048691442776060197,1.0889691002655445e-05,3.8831109868779005e-06,4.495181578513688e-07,7.889262586245034e-07,0.00021625192716922701,8.530321297909616e-07,0.0004677345921664252,9.850082967450695e-05,1.0889691002655445e-05
431,0,son,,False,4.044814978420809e-05,4.400118457925303e-06,2.840974294610978e-06,4.0929110499856e-07,2.0785170435063726e-06,8.398072034951531e-07,0.0005128144417801662,2.1112482331487175e-06,0.00021332953715267472,0.0007868354905725904,2.0988308820313112e-05,0.0005957051194471736,2.737216731838081e-05,4.400118457925303e-06,4.0929110499856e-07,8.398072034951531e-07,0.00021332953715267472,2.1112482331487175e-06,0.0005128144417801662,2.0988308820313112e-05,2.737216731838081e-05
431,1,son,,False,3.353501304664781e-05,4.1335397768930325e-06,1.8925148246037342e-06,2.72647027069593e-07,1.6187581436151335e-06,4.936988949458183e-07,0.00048823171222005674,1.1300808333434096e-06,0.00021497247771651897,0.0008935216182967705,0.00014550629385328434,0.0005079785823772643,1.971694219622292e-05,4.1335397768930325e-06,2.72647027069593e-07,4.936988949458183e-07,0.00021497247771651897,1.1300808333434096e-06,0.00048823171222005674,0.00014550629385328434,1.971694219622292e-05
431,2,son,,False,0.005186223611876415,5.475976980449466e-06,9.610241549947397e-06,2.332074525844782e-07,8.939696304799168e-07,2.4061023397180247e-07,0.000543444557785209,2.3923509443082866e-06,0.00023996139648439313,5.27478412523148e-05,2.01456908529364e-06,2.0027376671813928e-05,8.750299760661308e-06,5.475976980449466e-06,2.332074525844782e-07,2.4061023397180247e-07,0.00023996139648439313,2.3923509443082866e-06,0.000543444557785209,2.01456908529364e-06,8.750299760661308e-06
432,0,child,,False,1.8814207550495463e-05,2.212566909570261e-06,1.3420013504783412e-06,1.7603432133424857e-07,1.2219076020491008e-06,4.78509449489012e-07,0.0005858584795727217,2.2827997192887966e-06,0.0002310764341461493,7.67292412858718e-05,5.649793328376294e-06,0.0005071863494234538,1.5843621910252592e-05,2.212566909570261e-06,1.7603432133424857e-07,4.78509449489012e-07,0.0002310764341461493,2.2827997192887966e-06,0.0005858584795727217,5.649793328376294e-06,1.5843621910252592e-05
432,1,child,,False,3.0061635882429376e-05,5.144221374220898e-06,2.586743108135441e-06,3.6119830612765795e-07,1.0783312222985275e-06,4.78509449489012e-07,0.00047640861561708075,1.4510478554719287e-06,0.00021345499373310768,0.003041982713740955,5.7031570707833595e-05,0.00048738768508935855,9.028039015031105e-06,5.144221374220898e-06,3.6119830612765795e-07,4.78509449489012e-07,0.00021345499373310768,1.4510478554719287e-06,0.00047640861561708075,5.7031570707833595e-05,9.028039015031105e-06
432,2,child,,False,5.527786369235996e-05,6.709224499600877e-06,5.307507822667365e-06,7.183260399857925e-07,3.4268490542555014e-06,1.2219076020491008e-06,0.000509275830259219,1.8631746484712008e-06,0.00021809334032878513,0.02031413728428348,0.0005730246514992079,0.0005451573766566274,2.1654404989510328e-05,6.709224499600877e-06,7.183260399857925e-07,1.2219076020491008e-06,0.00021809334032878513,1.8631746484712008e-06,0.000509275830259219,0.0005730246514992079,2.1654404989510328e-05
433,0,daughter,,False,9.915273115920183e-06,1.8342893327886845e-06,1.6187581436151335e-06,1.370957206857845e-07,2.1112482331487175e-06,4.356879983467376e-07,0.00047393006395888865,4.6378732973537256e-07,5.829126566113866e-06,0.002786458937919142,0.00019877742123839117,0.0004817760443363762,1.6865275398914433e-05,1.8342893327886845e-06,1.370957206857845e-07,4.356879983467376e-07,5.829126566113866e-06,4.6378732973537256e-07,0.00047393006395888865,0.00019877742123839117,1.6865275398914433e-05
433,1,daughter,,False,5.27478412523148e-05,9.761566060239504e-06,3.024195853395102e-06,6.144174602214718e-07,4.198630823683514e-06,1.1478768127080353e-06,0.0005184427898036522,1.4285517650093407e-06,0.0002207184759315317,0.010327781932783636,0.00022518472795030202,0.0011600053574022634,3.459916031782155e-05,9.761566060239504e-06,6.144174602214718e-07,1.1478768127080353e-06,0.0002207184759315317,1.4285517650093407e-06,0.0005184427898036522,0.00022518472795030202,3.459916031782155e-05
433,2,daughter,,False,8.426423087564058e-05,2.95957113513077e-05,6.922183404468203e-06,2.2827997192887966e-06,5.829126566113866e-06,2.4300240743279605e-06,0.0005363182251333737,1.6964426510543331e-06,0.00023360304396588728,0.05200624165211269,0.0015906391711814714,0.016242363925986585,0.0015759078905635787,2.95957113513077e-05,2.2827997192887966e-06,2.4300240743279605e-06,0.00023360304396588728,1.6964426510543331e-06,0.0005363182251333737,0.0015906391711814714,0.0015759078905635787
434,0,son,,False,4.044814978420809e-05,4.264746818557914e-06,4.264746818557914e-06,2.8130174840733105e-07,3.373722476473661e-06,1.3420013504783412e-06,0.00047787234516711696,2.1112482331487175e-06,0.00022388481049310266,0.0027788905419273728,0.0002217013022947387,1.7400543552708932e-05,9.915273115920183e-06,4.264746818557914e-06,2.8130174840733105e-07,1.3420013504783412e-06,0.00022388481049310266,2.1112482331487175e-06,0.00047787234516711696,0.0002217013022947387,9.915273115920183e-06
434,1,son,,False,0.000565819526266333,3.625900662832244e-05,4.264746818557914e-06,1.0953122821495382e-06,1.971694219622292e-05,4.908661889889002e-06,0.09592056420171897,0.00024397371011727485,0.008735608374883021,0.0001206589712246389,3.3015272509780104e-05,0.010220504233857524,5.8840881855693875e-05,3.625900662832244e-05,1.0953122821495382e-06,4.908661889889002e-06,0.008735608374883021,0.00024397371011727485,0.09592056420171897,3.3015272509780104e-05,5.8840881855693875e-05
434,2,son,,False,2.0662982488383408e-05,1.7231572752142392e-06,1.5689549727726036e-06,1.0030140882067352e-07,7.889262586245034e-07,1.602810987828144e-07,0.00046170510307265363,7.646537350121258e-07,0.00021196745065203636,0.0027427567939960506,0.00023781237181166507,7.0311842669149565e-06,3.7636447180974406e-06,1.7231572752142392e-06,1.0030140882067352e-07,1.602810987828144e-07,0.00021196745065203636,7.646537350121258e-07,0.00046170510307265363,0.00023781237181166507,3.7636447180974406e-06
435,0,child,,False,1.5843621910252592e-05,1.6187581436151335e-06,2.2827997192887966e-06,1.4593762210768862e-07,5.064471653194114e-06,7.889262586245034e-07,0.0004558265687732626,5.594337713435001e-07,1.8925148246037342e-06,0.0007293448983675676,2.4923252458203565e-05,0.000480266374355812,1.2339457598623173e-05,1.6187581436151335e-06,1.4593762210768862e-07,7.889262586245034e-07,1.8925148246037342e-06,5.594337713435001e-07,0.0004558265687732626,2.4923252458203565e-05,1.2339457598623173e-05
435,1,child,,False,4.442183589214344e-05,8.220189478350845e-06,2.840974294610978e-06,5.422218970016178e-07,3.944258675190877e-06,8.139692624947503e-07,0.00047546097391956043,8.398072034951531e-07,0.00021332953715267472,0.0030714720454316953,0.00028449096649795007,0.0005398117107140829,1.2339457598623173e-05,8.220189478350845e-06,5.422218970016178e-07,8.139692624947503e-07,0.00021332953715267472,8.398072034951531e-07,0.00047546097391956043,0.00028449096649795007,1.2339457598623173e-05
435,2,child,,False,7.554056327295277e-05,1.2339457598623173e-05,3.8831109868779005e-06,4.356879983467376e-07,4.006369222920725e-06,1.1843139025979655e-06,0.004782366071393884,0.00021428634147831863,0.0003308216841637514,0.002944745327012609,0.00017007224114352882,0.0005523259629862285,2.0988308820313112e-05,1.2339457598623173e-05,4.356879983467376e-07,1.1843139025979655e-06,0.0003308216841637514,0.00021428634147831863,0.004782366071393884,0.00017007224114352882,2.0988308820313112e-05
436,0,daughter,,False,4.512106237781923e-05,4.1335397768930325e-06,2.01456908529364e-06,2.6425858208426533e-07,1.3846004563753396e-06,5.77192003016332e-07,0.0004797325991661444,5.255395707074638e-07,0.00021250413756646795,0.0007067749478525128,1.5118199327273332e-05,0.0005465467242453664,1.6346470245419304e-05,4.1335397768930325e-06,2.6425858208426533e-07,5.77192003016332e-07,0.00021250413756646795,5.255395707074638e-07,0.0004797325991661444,1.5118199327273332e-05,1.6346470245419304e-05
436,1,daughter,,False,0.00010005044009099887,2.5315637215092633e-05,4.264746818557914e-06,1.6187581436151335e-06,8.888084683809127e-06,2.586743108135441e-06,0.0006004929626774692,1.6964426510543331e-06,0.00024395884522464894,0.02102311084576229,0.0008985428752560174,0.010178785450642876,3.9821309061635425e-05,2.5315637215092633e-05,1.6187581436151335e-06,2.586743108135441e-06,0.00024395884522464894,1.6964426510543331e-06,0.0006004929626774692,0.0008985428752560174,3.9821309061635425e-05
436,2,daughter,,False,6.878511550552459e-05,1.1061159714638084e-05,3.4268490542555014e-06,4.356879983467376e-07,4.264746818557914e-06,1.0783312222985275e-06,0.0004624317865236275,9.080474758713811e-07,0.00021196745065203636,0.0028261078542871536,0.00021322616859826855,0.000510430845712912,1.535623976496012e-05,1.1061159714638084e-05,4.356879983467376e-07,1.0783312222985275e-06,0.00021196745065203636,9.080474758713811e-07,0.0004624317865236275,0.00021322616859826855,1.535623976496012e-05
437,0,son,,False,2.3413582477639402e-05,4.264746818557914e-06,1.7778551863194697e-06,3.9669859149467314e-07,3.373722476473661e-06,1.0451548051737735e-06,0.0005764509693321465,6.748051590048605e-07,0.0002306778733816642,0.002924908581036187,0.000138852327569001,0.0005813371220870101,2.1654404989510328e-05,4.264746818557914e-06,3.9669859149467314e-07,1.0451548051737735e-06,0.0002306778733816642,6.748051590048605e-07,0.0005764509693321465,0.000138852327569001,2.1654404989510328e-05
437,1,son,,False,7.793660930208434e-05,1.7952796934677738e-05,2.88571183887091e-06,4.78509449489012e-07,3.120191139396651e-06,7.646537350121258e-07,0.0005792974030770015,3.6478537675800286e-06,0.00026606979421072254,0.0008876146323004368,0.0001064962672055945,0.0011600053574022634,2.0342697805520655e-05,1.7952796934677738e-05,4.78509449489012e-07,7.646537350121258e-07,0.00026606979421072254,3.6478537675800286e-06,0.0005792974030770015,0.0001064962672055945,2.0342697805520655e-05
437,2,son,,False,3.9821309061635425e-05,6.502816785764437e-06,3.120191139396651e-06,5.955139348629957e-07,3.120191139396651e-06,1.1125607488784412e-06,0.0005647944964577889,2.627477314480822e-06,0.00024162124279489402,0.0029970979054966492,0.000275762236739541,0.0005738038183837241,3.0534893211185946e-05,6.502816785764437e-06,5.955139348629957e-07,1.1125607488784412e-06,0.00024162124279489402,2.627477314480822e-06,0.0005647944964577889,0.000275762236739541,3.0534893211185946e-05
438,0,child,,False,8.969393236719384e-05,7.602479448313689e-06,3.4268490542555014e-06,5.422218970016178e-07,2.97731143841062e-06,1.1478768127080353e-06,0.0005050792393572377,1.5446309562386385e-06,0.0002202460844238597,0.002934750458319067,3.9821309061635425e-05,0.0005465467242453664,1.3982207564732913e-05,7.602479448313689e-06,5.422218970016178e-07,1.1478768127080353e-06,0.0002202460844238597,1.5446309562386385e-06,0.0005050792393572377,3.9821309061635425e-05,1.3982207564732913e-05
438,1,child,,False,0.0007709785227189669,0.000760033874770198,1.1235328063870752e-05,3.373722476473661e-06,7.2543618230189156e-06,4.069457790466838e-06,0.004723056757152083,3.169325442919291e-06,0.00023686610557470552,0.0030897177774876707,5.357805383473943e-05,0.12393806127167238,0.005433689475790568,0.000760033874770198,3.373722476473661e-06,4.069457790466838e-06,0.00023686610557470552,3.169325442919291e-06,0.004723056757152083,5.357805383473943e-05,0.005433689475790568
438,2,child,,False,0.00010162440410680168,1.141223854434603e-05,6.205049602300744e-06,1.0129990980873922e-06,3.120191139396651e-06,1.5206840370677115e-06,0.0005784584108333238,2.796930302582677e-06,0.00022249305551005476,0.019801724152056405,6.878511550552459e-05,0.0012584221184095618,4.655269187520153e-05,1.141223854434603e-05,1.0129990980873922e-06,1.5206840370677115e-06,0.00022249305551005476,2.796930302582677e-06,0.0005784584108333238,6.878511550552459e-05,4.655269187520153e-05
439,0,daughter,,False,1.971694219622292e-05,2.586743108135441e-06,1.4738981974494932e-06,1.370957206857845e-07,1.5936620247162786e-06,2.994440981371515e-07,0.0005269452396347513,1.7231572752142392e-06,0.00023273440348495238,0.00015011822567369918,4.8785712278226595e-05,0.0004825669898577503,8.220189478350845e-06,2.586743108135441e-06,1.370957206857845e-07,2.994440981371515e-07,0.00023273440348495238,1.7231572752142392e-06,0.0005269452396347513,4.8785712278226595e-05,8.220189478350845e-06
439,1,daughter,,False,4.655269187520153e-05,7.2543618230189156e-06,2.6688529572628562e-06,5.093705003229987e-07,3.822911232549001e-06,2.0785170435063726e-06,0.0005186048424648466,1.363134508591315e-06,0.00023589712937775753,0.0027641006197803124,0.00014550629385328434,0.0005437895311587944,1.0889691002655445e-05,7.2543618230189156e-06,5.093705003229987e-07,2.0785170435063726e-06,0.00023589712937775753,1.363134508591315e-06,0.0005186048424648466,0.00014550629385328434,1.0889691002655445e-05
439,2,daughter,,False,3.8596609058077356e-05,4.98595821272702e-06,3.535625074174432e-06,3.6119830612765795e-07,2.1112482331487175e-06,5.594337713435001e-07,0.0004993518312321139,1.2029639084557005e-06,0.00022120585807682417,0.01947884562533035,0.0005060332031966209,0.0004810094217068451,7.484622751061123e-06,4.98595821272702e-06,3.6119830612765795e-07,5.594337713435001e-07,0.00022120585807682417,1.2029639084557005e-06,0.0004993518312321139,0.0005060332031966209,7.484622751061123e-06
440,0,son,,False,9.253848866495987e-05,1.3982207564732913e-05,5.144221374220898e-06,5.594337713435001e-07,3.321419494792514e-06,5.77192003016332e-07,0.00047787234516711696,2.1112482331487175e-06,0.00022096026380031539,0.002887025252971318,0.0002182716445345181,0.0004992412660775476,1.0554685795431098e-05,1.3982207564732913e-05,5.594337713435001e-07,5.77192003016332e-07,0.00022096026380031539,2.1112482331487175e-06,0.00047787234516711696,0.0002182716445345181,1.0554685795431098e-05
440,1,son,,False,1.8522574326531083e-05,3.4268490542555014e-06,1.7778551863194697e-06,1.9333584585546466e-07,4.908661889889002e-06,1.1478768127080353e-06,0.0004706276972958211,5.77192003016332e-07,0.00021308442800063956,0.00015731121653489972,0.00011695102650555148,0.0005256379073836972,1.7952796934677738e-05,3.4268490542555014e-06,1.9333584585546466e-07,1.1478768127080353e-06,0.00021308442800063956,5.77192003016332e-07,0.0004706276972958211,0.00011695102650555148,1.7952796934677738e-05
440,2,son,,False,4.108485376346404e-05,1.3765463368900109e-05,3.6478537675800286e-06,1.0451548051737735e-06,5.144221374220898e-06,2.2827997192887966e-06,0.0005328382484260318,1.5206840370677115e-06,0.00022388481049310266,0.019654925031931895,0.00045384317247953825,0.0012742421016188955,3.9821309061635425e-05,1.3765463368900109e-05,1.0451548051737735e-06,2.2827997192887966e-06,0.00022388481049310266,1.5206840370677115e-06,0.0005328382484260318,0.00045384317247953825,3.9821309061635425e-05
441,0,child,,False,3.740956047302422e-05,7.2543618230189156e-06,2.5071593847983196e-06,2.72647027069593e-07,3.2699273422345685e-06,5.255395707074638e-07,0.01851773088904678,0.00022291061988966994,0.0004323091016152656,0.00012255674483830522,3.250358452365473e-05,0.0005411170227538132,2.0988308820313112e-05,7.2543618230189156e-06,2.72647027069593e-07,5.255395707074638e-07,0.0004323091016152656,0.00022291061988966994,0.01851773088904678,3.250358452365473e-05,2.0988308820313112e-05
441,1,child,,False,4.802972318863164e-05,5.144221374220898e-06,2.355261854303796e-06,4.222833444659923e-07,2.1444948420913954e-06,7.646537350121258e-07,0.000485037465724097,6.144174602214718e-07,0.00021575330372933303,0.0001597845494017344,6.771942330385674e-05,0.0005702096923869237,1.7400543552708932e-05,5.144221374220898e-06,4.222833444659923e-07,7.646537350121258e-07,0.00021575330372933303,6.144174602214718e-07,0.000485037465724097,6.771942330385674e-05,1.7400543552708932e-05
441,2,child,,False,2.199533724320648e-05,1.5206840370677115e-06,1.4285517650093407e-06,1.6536895860212648e-07,8.664653147910923e-07,3.3931448129766124e-07,0.00046786077705228494,6.85431721163334e-07,3.373722476473661e-06,0.00015731121653489972,1.1959857805023158e-05,0.00048422495919655346,1.0554685795431098e-05,1.5206840370677115e-06,1.6536895860212648e-07,3.3931448129766124e-07,3.373722476473661e-06,6.85431721163334e-07,0.00046786077705228494,1.1959857805023158e-05,1.0554685795431098e-05
442,0,daughter,,False,1.9110431587777674e-05,3.535625074174432e-06,2.6688529572628562e-06,4.356879983467376e-07,2.3923509443082866e-06,8.939696304799168e-07,0.0004888531552443837,9.972941593827283e-07,0.0002139768867903779,0.010468386335031162,0.0005554924703691103,0.0005156936737338665,2.3782205064034188e-05,3.535625074174432e-06,4.356879983467376e-07,8.939696304799168e-07,0.0002139768867903779,9.972941593827283e-07,0.0004888531552443837,0.0005554924703691103,2.3782205064034188e-05
442,1,daughter,,False,1.2339457598623173e-05,1.9525885208642222e-06,8.939696304799168e-07,8.315280276641321e-08,1.2606946239951315e-06,2.2603242979035749e-07,0.0004929624887242293,7.889262586245034e-07,0.00022170870641199087,0.00011879054941163418,5.7031570707833595e-05,1.535623976496012e-05,4.832563818725537e-06,1.9525885208642222e-06,8.315280276641321e-08,2.2603242979035749e-07,0.00022170870641199087,7.889262586245034e-07,0.0004929624887242293,5.7031570707833595e-05,4.832563818725537e-06
442,2,daughter,,False,3.569706350376584e-05,3.6478537675800286e-06,2.931153855960119e-06,2.6425858208426533e-07,2.0462932829931794e-06,5.422218970016178e-07,0.0005079909722631519,2.0785170435063726e-06,0.00022477355484446784,0.0007470393220393539,0.00013458604012970922,2.0342697805520655e-05,1.1235328063870752e-05,3.6478537675800286e-06,2.6425858208426533e-07,5.422218970016178e-07,0.00022477355484446784,2.0785170435063726e-06,0.0005079909722631519,0.00013458604012970922,1.1235328063870752e-05
443,0,son,,False,3.9204178923762816e-05,6.014151777699533e-06,3.6478537675800286e-06,3.9669859149467314e-07,2.4682904407607285e-06,6.144174602214718e-07,0.0004630706616311211,1.2606946239951315e-06,0.00021332953715267472,0.010391675954438939,0.000498226973042126,0.0005056385041563992,1.535623976496012e-05,6.014151777699533e-06,3.9669859149467314e-07,6.144174602214718e-07,0.00021332953715267472,1.2606946239951315e-06,0.0004630706616311211,0.000498226973042126,1.535623976496012e-05
443,1,son,,False,2.4923252458203565e-05,2.586743108135441e-06,2.586743108135441e-06,1.5534977545950122e-07,4.198630823683514e-06,5.594337713435001e-07,0.000468888187061718,9.223470110117277e-07,6.10885510164857e-06,0.00013458604012970922,6.263341581094202e-05,1.5843621910252592e-05,6.014151777699533e-06,2.586743108135441e-06,1.5534977545950122e-07,5.594337713435001e-07,6.10885510164857e-06,9.223470110117277e-07,0.000468888187061718,6.263341581094202e-05,6.014151777699533e-06
443,2,son,,False,0.000672990371557913,0.0007516926173678823,1.2731104162213555e-05,2.586743108135441e-06,1.0071400221737608e-05,6.40200641038395e-06,0.007422732360563717,4.400118457925303e-06,0.000249784072058715,0.0028962779470040876,7.096703991005882e-05,0.11624738785738178,0.009060893484036875,0.0007516926173678823,2.586743108135441e-06,6.40200641038395e-06,0.000249784072058715,4.400118457925303e-06,0.007422732360563717,7.096703991005882e-05,0.009060893484036875
444,0,child,,False,4.108485376346404e-05,2.355261854303796e-06,3.2192334497037803e-06,3.089494448007139e-07,1.0129990980873922e-06,3.500854414401442e-07,0.000468888187061718,8.530321297909616e-07,0.00021207146066617245,7.916296072837432e-05,7.0311842669149565e-06,0.0005048825150668042,1.3982207564732913e-05,2.355261854303796e-06,3.089494448007139e-07,3.500854414401442e-07,0.00021207146066617245,8.530321297909616e-07,0.000468888187061718,7.0311842669149565e-06,1.3982207564732913e-05
444,1,child,,False,1.535623976496012e-05,2.0785170435063726e-06,1.8342893327886845e-06,1.994729721527057e-07,1.4738981974494932e-06,3.84493505874534e-07,0.0004795601657592521,9.080474758713811e-07,0.00021411253592723288,0.01039994113137539,0.0003123648599853311,1.3342001090985438e-05,4.53978687024344e-06,2.0785170435063726e-06,1.994729721527057e-07,3.84493505874534e-07,0.00021411253592723288,9.080474758713811e-07,0.0004795601657592521,0.0003123648599853311,4.53978687024344e-06
444,2,child,,False,6.986756664856784e-05,4.683888424952456e-06,7.0311842669149565e-06,4.6378732973537256e-07,1.9833367060283617e-06,7.646537350121258e-07,0.0005763822515019245,2.2474089854291757e-06,0.0002323101517224571,0.0008876146323004368,7.67292412858718e-05,0.0004936825844797785,1.3135179706526775e-05,4.683888424952456e-06,4.6378732973537256e-07,7.646537350121258e-07,0.0002323101517224571,2.2474089854291757e-06,0.0005763822515019245,7.67292412858718e-05,1.3135179706526775e-05
445,0,daughter,,False,0.0005539762557696557,2.0988308820313112e-05,6.502816785764437e-06,9.223470110117277e-07,3.944258675190877e-06,1.6187581436151335e-06,0.0005497288249495183,1.9833367060283617e-06,0.00023889724921321938,0.019408290971125827,0.00027791905585136147,0.010250548954466275,5.792916699214217e-05,2.0988308820313112e-05,9.223470110117277e-07,1.6187581436151335e-06,0.00023889724921321938,1.9833367060283617e-06,0.0005497288249495183,0.00027791905585136147,5.792916699214217e-05
445,1,daughter,,False,0.000583435510218716,4.7285443452031076e-05,5.738759521437678e-06,2.7535691114583474e-06,1.0889691002655445e-05,4.61127481426412e-06,0.0005436553962403013,1.8342893327886845e-06,0.00021934444373130447,0.09642161393377469,0.0008187909901696234,0.02293954018722629,0.002388579128368805,4.7285443452031076e-05,2.7535691114583474e-06,4.61127481426412e-06,0.00021934444373130447,1.8342893327886845e-06,0.0005436553962403013,0.0008187909901696234,0.002388579128368805
445,2,daughter,,False,0.009482726215319457,0.0030654119307966447,1.609308249869283e-05,3.4808121961114687e-06,1.3982207564732913e-05,4.98595821272702e-06,0.0005064509108778008,3.321419494792514e-06,0.00022770387218484876,0.0008876146323004368,2.913700606794303e-05,0.10077314272075019,0.0015731933694596465,0.0030654119307966447,3.4808121961114687e-06,4.98595821272702e-06,0.00022770387218484876,3.321419494792514e-06,0.0005064509108778008,2.913700606794303e-05,0.0015731933694596465
446,0,son,,False,7.602479448313689e-06,9.516251694168764e-07,1.2606946239951315e-06,1.7603432133424857e-07,6.962256250138369e-07,2.72647027069593e-07,0.0004615011009150436,4.495181578513688e-07,2.1782649863110498e-06,0.0028344121635247347,0.0003376612381739501,1.177445922838707e-05,8.750299760661308e-06,9.516251694168764e-07,1.7603432133424857e-07,2.72647027069593e-07,2.1782649863110498e-06,4.495181578513688e-07,0.0004615011009150436,0.0003376612381739501,8.750299760661308e-06
446,1,son,,False,0.000595613990691901,0.0007561816907858088,1.0554685795431098e-05,3.120191139396651e-06,7.843789122138342e-06,2.627477314480822e-06,0.0005690239528650791,3.7636447180974406e-06,0.00023686610557470552,0.06531834060013446,0.001196109824980955,0.016242363925986585,5.527786369235996e-05,0.0007561816907858088,3.120191139396651e-06,2.627477314480822e-06,0.00023686610557470552,3.7636447180974406e-06,0.0005690239528650791,0.001196109824980955,5.527786369235996e-05
446,2,son,,False,9.547317110805593e-05,2.737216731838081e-05,4.98595821272702e-06,1.7778551863194697e-06,4.006369222920725e-06,3.321419494792514e-06,0.0005488407714764931,1.7778551863194697e-06,0.00022477355484446784,0.05225419891484907,0.0010818448652863185,0.0230504305160948,0.0016045543322906755,2.737216731838081e-05,1.7778551863194697e-06,3.321419494792514e-06,0.00022477355484446784,1.7778551863194697e-06,0.0005488407714764931,0.0010818448652863185,0.0016045543322906755
447,0,child,,False,0.0005617480965584138,8.750299760661308e-06,5.829126566113866e-06,7.411279871974134e-07,1.7778551863194697e-06,9.818326983657703e-07,0.0005182810528185505,1.7502925788778209e-06,0.0002207184759315317,0.010304812472231823,6.878511550552459e-05,0.0005813371220870101,2.6119031909571944e-05,8.750299760661308e-06,7.411279871974134e-07,9.818326983657703e-07,0.0002207184759315317,1.7502925788778209e-06,0.0005182810528185505,6.878511550552459e-05,2.6119031909571944e-05
447,1,child,,True,0.0006448876246043282,0.0008045862789480817,1.1235328063870752e-05,3.4808121961114687e-06,1.8235460794662427e-05,1.6865275398914433e-05,0.004737996483877519,0.0002192952538064642,0.00024277179663959579,0.0001206589712246389,1.9110431587777674e-05,0.3537767815761053,0.009030440482580518,0.0008045862789480817,3.4808121961114687e-06,1.6865275398914433e-05,0.00024277179663959579,0.0002192952538064642,0.004737996483877519,1.9110431587777674e-05,0.009030440482580518
447,2,child,,False,9.253848866495987e-05,9.915273115920183e-06,5.920916517463734e-06,5.594337713435001e-07,5.649793328376294e-06,1.3007128466476034e-06,0.0005070071141709016,3.0718185454758057e-06,0.00023736206057396741,0.0030080612419204488,0.00025114635138098534,0.0005235230228025316,1.6346470245419304e-05,9.915273115920183e-06,5.594337713435001e-07,1.3007128466476034e-06,0.00023736206057396741,3.0718185454758057e-06,0.0005070071141709016,0.00025114635138098534,1.6346470245419304e-05
448,0,daughter,,False,1.5118199327273332e-05,1.8925148246037342e-06,1.3007128466476034e-06,1.5534977545950122e-07,1.1478768127080353e-06,2.994440981371515e-07,0.00048823171222005674,6.748051590048605e-07,0.00021608311625873148,0.0007259681821955923,0.00012255674483830522,0.00048644850322948033,1.0554685795431098e-05,1.8925148246037342e-06,1.5534977545950122e-07,2.994440981371515e-07,0.00021608311625873148,6.748051590048605e-07,0.00048823171222005674,0.00012255674483830522,1.0554685795431098e-05
448,1,daughter,,False,0.0005578016147538543,4.655269187520153e-05,6.205049602300744e-06,2.212566909570261e-06,1.6865275398914433e-05,8.481104172358076e-06,0.0005827028218956953,3.4268490542555014e-06,0.0002533919593552032,0.037402441553938466,0.0013742320495902368,0.016064368539652724,0.0015655399150872082,4.655269187520153e-05,2.212566909570261e-06,8.481104172358076e-06,0.0002533919593552032,3.4268490542555014e-06,0.0005827028218956953,0.0013742320495902368,0.0015655399150872082
448,2,daughter,,False,5.4421326243255744e-05,1.609308249869283e-05,3.2192334497037803e-06,8.139692624947503e-07,5.064471653194114e-06,1.2219076020491008e-06,0.00048446043160835277,2.1444948420913954e-06,0.00021809334032878513,0.06474459076454867,0.0009859855303538786,0.0005684542178624818,1.9110431587777674e-05,1.609308249869283e-05,8.139692624947503e-07,1.2219076020491008e-06,0.00021809334032878513,2.1444948420913954e-06,0.00048446043160835277,0.0009859855303538786,1.9110431587777674e-05
449,0,son,,False,1.971694219622292e-05,3.535625074174432e-06,2.1444948420913954e-06,2.8130174840733105e-07,7.368592981140821e-06,1.1478768127080353e-06,1.6865275398914433e-05,4.78509449489012e-07,2.931153855960119e-06,0.00015487610942879803,9.850082967450695e-05,0.0004999085000106341,1.0889691002655445e-05,3.535625074174432e-06,2.8130174840733105e-07,1.1478768127080353e-06,2.931153855960119e-06,4.78509449489012e-07,1.6865275398914433e-05,9.850082967450695e-05,1.0889691002655445e-05
449,1,son,,False,5.4421326243255744e-05,4.683888424952456e-06,3.7636447180974406e-06,4.6378732973537256e-07,2.931153855960119e-06,9.818326983657703e-07,0.00046350496863962825,9.818326983657703e-07,0.00021358242564492241,0.019468534921721643,0.000433150202056399,0.0004985843679459446,1.15919343186331e-05,4.683888424952456e-06,4.6378732973537256e-07,9.818326983657703e-07,0.00021358242564492241,9.818326983657703e-07,0.00046350496863962825,0.000433150202056399,1.15919343186331e-05
449,2,son,,False,2.0342697805520655e-05,2.6688529572628562e-06,2.0785170435063726e-06,2.4824800371656586e-07,1.8631746484712008e-06,6.962256250138369e-07,0.004717793440106568,3.2192334497037803e-06,0.0002820914774524434,0.00017546144100994869,4.173157606777201e-05,0.0004893563764018274,6.605214485464791e-06,2.6688529572628562e-06,2.4824800371656586e-07,6.962256250138369e-07,0.0002820914774524434,3.2192334497037803e-06,0.004717793440106568,4.173157606777201e-05,6.605214485464791e-06
450,0,child,,False,0.000596884817468907,2.199533724320648e-05,5.144221374220898e-06,1.0953122821495382e-06,8.888084683809127e-06,3.4808121961114687e-06,0.0005705959542555299,2.5466403947055455e-06,0.0002323101517224571,0.0008186102388378728,2.868540823874629e-05,0.0006093314310007475,1.0554685795431098e-05,2.199533724320648e-05,1.0953122821495382e-06,3.4808121961114687e-06,0.0002323101517224571,2.5466403947055455e-06,0.0005705959542555299,2.868540823874629e-05,1.0554685795431098e-05
450,1,child,,False,2.737216731838081e-05,2.931153855960119e-06,1.8342893327886845e-06,2.4824800371656586e-07,1.4285517650093407e-06,4.222833444659923e-07,0.0004852313165264701,1.1843139025979655e-06,4.331903899346328e-06,0.0006978298516223775,2.0342697805520655e-05,0.0005398117107140829,2.5315637215092633e-05,2.931153855960119e-06,2.4824800371656586e-07,4.222833444659923e-07,4.331903899346328e-06,1.1843139025979655e-06,0.0004852313165264701,2.0342697805520655e-05,2.5315637215092633e-05
450,2,child,,False,0.0006383916385367546,1.0554685795431098e-05,1.7952796934677738e-05,9.223470110117277e-07,3.0718185454758057e-06,1.3420013504783412e-06,0.0005397188950116925,2.7535691114583474e-06,0.0002263505449868847,8.167381046669487e-05,1.4202364022997911e-05,0.000565024317150732,2.1654404989510328e-05,1.0554685795431098e-05,9.223470110117277e-07,1.3420013504783412e-06,0.0002263505449868847,2.7535691114583474e-06,0.0005397188950116925,1.4202364022997911e-05,2.1654404989510328e-05
451,0,daughter,,False,1.6603846953733614e-05,3.120191139396651e-06,1.1478768127080353e-06,4.0929110499856e-07,4.264746818557914e-06,1.2606946239951315e-06,0.0005143384479272069,5.77192003016332e-07,0.0002323101517224571,0.0009118021484241878,0.00018386652876885775,1.8814207550495463e-05,6.014151777699533e-06,3.120191139396651e-06,4.0929110499856e-07,1.2606946239951315e-06,0.0002323101517224571,5.77192003016332e-07,0.0005143384479272069,0.00018386652876885775,6.014151777699533e-06
451,1,daughter,,False,0.004988775444950681,0.0008587114598224063,1.9110431587777674e-05,6.40200641038395e-06,2.913700606794303e-05,1.3982207564732913e-05,0.0005711240507138813,0.00021286690840069392,0.00023316533255432313,0.05190367910806222,0.0013020490113842828,0.07145759580098497,0.0023843788055244856,0.0008587114598224063,6.40200641038395e-06,1.3982207564732913e-05,0.00023316533255432313,0.00021286690840069392,0.0005711240507138813,0.0013020490113842828,0.0023843788055244856
451,2,daughter,,False,0.0005906285010799165,2.4156629828672456e-05,6.502816785764437e-06,2.4682904407607285e-06,1.8814207550495463e-05,8.888084683809127e-06,0.004716421538151353,2.97731143841062e-06,0.00028962646704221216,0.0030080612419204488,0.00023231625226312826,0.01614233951140147,4.583129006350382e-05,2.4156629828672456e-05,2.4682904407607285e-06,8.888084683809127e-06,0.00028962646704221216,2.97731143841062e-06,0.004716421538151353,0.00023231625226312826,4.583129006350382e-05
452,0,son,,False,0.0006033895256885456,2.6119031909571944e-05,7.722191834067996e-06,1.6964426510543331e-06,4.98595821272702e-06,2.3923509443082866e-06,0.000504001002462806,1.9833367060283617e-06,0.00021732209397159474,0.0007433895060961777,2.453694805426225e-05,0.022776984360880336,6.361912109467577e-05,2.6119031909571944e-05,1.6964426510543331e-06,2.3923509443082866e-06,0.00021732209397159474,1.9833367060283617e-06,0.000504001002462806,2.453694805426225e-05,6.361912109467577e-05
452,1,son,,False,3.1999824407395835e-05,3.535625074174432e-06,2.2827997192887966e-06,1.9333584585546466e-07,2.0462932829931794e-06,6.748051590048605e-07,0.0005166809106791167,2.1782649863110498e-06,0.00025491583092292664,0.002722381836565666,7.67292412858718e-05,0.0004883566612863065,7.2543618230189156e-06,3.535625074174432e-06,1.9333584585546466e-07,6.748051590048605e-07,0.00025491583092292664,2.1782649863110498e-06,0.0005166809106791167,7.67292412858718e-05,7.2543618230189156e-06
452,2,son,,False,0.0006115369167816561,1.0889691002655445e-05,3.705296977158347e-06,3.6119830612765795e-07,9.516251694168764e-07,5.255395707074638e-07,0.0004943247528234358,1.0289513485400628e-06,0.0002250791783627945,0.00017821963223663923,1.2731104162213555e-05,0.0006204203248020628,1.1959857805023158e-05,1.0889691002655445e-05,3.6119830612765795e-07,5.255395707074638e-07,0.0002250791783627945,1.0289513485400628e-06,0.0004943247528234358,1.2731104162213555e-05,1.1959857805023158e-05
453,0,child,,False,2.6947915555885546e-05,2.840974294610978e-06,3.321419494792514e-06,4.495181578513688e-07,1.8058518261159955e-06,8.939696304799168e-07,0.000485037465724097,9.818326983657703e-07,0.0002154336363883092,0.0028557432288129287,0.00017546144100994869,0.00048598979794611563,1.1235328063870752e-05,2.840974294610978e-06,4.495181578513688e-07,8.939696304799168e-07,0.0002154336363883092,9.818326983657703e-07,0.000485037465724097,0.00017546144100994869,1.1235328063870752e-05
453,1,child,,False,5.0333557545281144e-05,9.610241549947397e-06,2.5071593847983196e-06,3.84493505874534e-07,1.9525885208642222e-06,5.77192003016332e-07,0.0005592418336034547,1.4971083692627422e-06,0.000218704237257557,0.002954895533654995,0.00018386652876885775,0.0005794095367164778,3.459916031782155e-05,9.610241549947397e-06,3.84493505874534e-07,5.77192003016332e-07,0.000218704237257557,1.4971083692627422e-06,0.0005592418336034547,0.00018386652876885775,3.459916031782155e-05
453,2,child,,False,4.802972318863164e-05,1.141223854434603e-05,3.169325442919291e-06,3.726639284186561e-07,3.6478537675800286e-06,7.889262586245034e-07,0.080397612609163,0.00023957942215403074,0.00808948205842529,8.295891883591029e-05,2.4923252458203565e-05,0.0012158119156463016,4.044814978420809e-05,1.141223854434603e-05,3.726639284186561e-07,7.889262586245034e-07,0.00808948205842529,0.00023957942215403074,0.080397612609163,2.4923252458203565e-05,4.044814978420809e-05
454,0,daughter,,False,3.8596609058077356e-05,6.605214485464791e-06,2.01456908529364e-06,4.6378732973537256e-07,1.8342893327886845e-06,8.939696304799168e-07,0.0005267669413890896,1.0289513485400628e-06,0.0002214553186652644,0.01938881335040798,0.00021489492836254285,0.000602359085731457,2.5315637215092633e-05,6.605214485464791e-06,4.6378732973537256e-07,8.939696304799168e-07,0.0002214553186652644,1.0289513485400628e-06,0.0005267669413890896,0.00021489492836254285,2.5315637215092633e-05
454,1,daughter,,False,3.150386940813393e-05,6.605214485464791e-06,2.2827997192887966e-06,3.9669859149467314e-07,2.627477314480822e-06,5.77192003016332e-07,0.004816789613291528,4.331903899346328e-06,0.00026329140315871374,0.00015247863912257493,5.7031570707833595e-05,0.0005600758955536546,1.0889691002655445e-05,6.605214485464791e-06,3.9669859149467314e-07,5.77192003016332e-07,0.00026329140315871374,4.331903899346328e-06,0.004816789613291528,5.7031570707833595e-05,1.0889691002655445e-05
454,2,daughter,,False,0.0005414888098175762,2.7803096387751555e-05,6.40200641038395e-06,2.1782649863110498e-06,5.475976980449466e-06,3.120191139396651e-06,0.0005258806456436895,1.7778551863194697e-06,0.00022770387218484876,0.09857008883811637,0.0008847355082930385,0.010123047268862772,5.193048644949271e-05,2.7803096387751555e-05,2.1782649863110498e-06,3.120191139396651e-06,0.00022770387218484876,1.7778551863194697e-06,0.0005258806456436895,0.0008847355082930385,5.193048644949271e-05
455,0,son,,False,8.167381046669487e-05,1.609308249869283e-05,6.014151777699533e-06,1.3007128466476034e-06,6.922183404468203e-06,2.586743108135441e-06,0.0004806049333455612,1.363134508591315e-06,0.00021217710837818755,0.01978897580689893,0.0005426943348925353,0.0011844359069379858,2.868540823874629e-05,1.609308249869283e-05,1.3007128466476034e-06,2.586743108135441e-06,0.00021217710837818755,1.363134508591315e-06,0.0004806049333455612,0.0005426943348925353,2.868540823874629e-05
455,1,son,,False,4.373344035182828e-05,8.481104172358076e-06,3.535625074174432e-06,6.540437226933637e-07,5.391084403253366e-06,1.4738981974494932e-06,0.0005572066988894836,2.6688529572628562e-06,0.00021770169376519476,0.01955325677026367,0.0001206589712246389,0.0012885036886187368,7.096703991005882e-05,8.481104172358076e-06,6.540437226933637e-07,1.4738981974494932e-06,0.00021770169376519476,2.6688529572628562e-06,0.0005572066988894836,0.0001206589712246389,7.096703991005882e-05
455,2,son,,False,0.0006143383871652817,3.740956047302422e-05,8.220189478350845e-06,3.944258675190877e-06,6.605214485464791e-06,3.4268490542555014e-06,0.0005721864355333775,2.3187477504664324e-06,0.0002310764341461493,0.0027568755852843594,2.95957113513077e-05,0.07156908272866284,0.0024019947894768686,3.740956047302422e-05,3.944258675190877e-06,3.4268490542555014e-06,0.0002310764341461493,2.3187477504664324e-06,0.0005721864355333775,2.95957113513077e-05,0.0024019947894768686
456,0,child,,False,3.9204178923762816e-05,8.349627818261147e-06,2.6688529572628562e-06,4.936988949458183e-07,9.461262661302227e-06,1.3420013504783412e-06,0.0004677345921664252,1.6442494559854523e-06,0.00021497247771651897,0.0027568755852843594,0.00018102110262026484,0.0004960569708019354,6.205049602300744e-06,8.349627818261147e-06,4.936988949458183e-07,1.3420013504783412e-06,0.00021497247771651897,1.6442494559854523e-06,0.0004677345921664252,0.00018102110262026484,6.205049602300744e-06
456,1,child,,False,6.361912109467577e-05,4.98595821272702e-06,3.4808121961114687e-06,2.6425858208426533e-07,3.5913010679499402e-06,1.0783312222985275e-06,0.004656734630787681,0.00021587874268682574,0.0002564880266656633,0.0006978298516223775,4.044814978420809e-05,0.0004973009416623807,1.6865275398914433e-05,4.98595821272702e-06,2.6425858208426533e-07,1.0783312222985275e-06,0.0002564880266656633,0.00021587874268682574,0.004656734630787681,4.044814978420809e-05,1.6865275398914433e-05
456,2,child,,False,3.799845147518645e-05,4.1335397768930325e-06,1.5206840370677115e-06,2.6425858208426533e-07,2.4682904407607285e-06,4.356879983467376e-07,0.000477215447035514,8.139692624947503e-07,0.00021345499373310768,0.000703746720165797,5.8840881855693875e-05,0.0005019738542559919,8.220189478350845e-06,4.1335397768930325e-06,2.6425858208426533e-07,4.356879983467376e-07,0.00021345499373310768,8.139692624947503e-07,0.000477215447035514,5.8840881855693875e-05,8.220189478350845e-06
457,0,daughter,,False,5.792916699214217e-05,1.7130819343483194e-05,2.7535691114583474e-06,6.144174602214718e-07,5.920916517463734e-06,1.4738981974494932e-06,0.00478461980495233,0.00021370605104414702,0.0003023374329448302,0.0029970979054966492,0.0003765413784673874,0.000565024317150732,2.5315637215092633e-05,1.7130819343483194e-05,6.144174602214718e-07,1.4738981974494932e-06,0.0003023374329448302,0.00021370605104414702,0.00478461980495233,0.0003765413784673874,2.5315637215092633e-05
457,1,daughter,,False,4.373344035182828e-05,3.8831109868779005e-06,2.4300240743279605e-06,3.726639284186561e-07,1.5446309562386385e-06,4.936988949458183e-07,0.00047438307922800164,8.267873072601938e-07,0.00021308442800063956,0.000782571800733567,0.0001048469267161009,0.000493111798506495,1.5843621910252592e-05,3.8831109868779005e-06,3.726639284186561e-07,4.936988949458183e-07,0.00021308442800063956,8.267873072601938e-07,0.00047438307922800164,0.0001048469267161009,1.5843621910252592e-05
457,2,daughter,,False,0.0005857959236675918,3.799845147518645e-05,7.2543618230189156e-06,1.7778551863194697e-06,4.832563818725537e-06,2.5071593847983196e-06,0.004772352425224728,2.88571183887091e-06,0.0002363778348378399,0.0007955642203309994,1.8522574326531083e-05,0.1259290794910243,0.008930102187786186,3.799845147518645e-05,1.7778551863194697e-06,2.5071593847983196e-06,0.0002363778348378399,2.88571183887091e-06,0.004772352425224728,1.8522574326531083e-05,0.008930102187786186
458,0,son,,False,5.112579049909173e-05,2.199533724320648e-05,2.97731143841062e-06,1.7502925788778209e-06,8.481104172358076e-06,4.069457790466838e-06,0.0005542744203793762,1.6442494559854523e-06,0.00023686610557470552,0.00089952090870963,0.00015731121653489972,0.015994371603872917,3.1999824407395835e-05,2.199533724320648e-05,1.7502925788778209e-06,4.069457790466838e-06,0.00023686610557470552,1.6442494559854523e-06,0.0005542744203793762,0.00015731121653489972,3.1999824407395835e-05
458,1,son,,False,0.0008069393428861665,2.571419797957771e-05,5.225226840386988e-06,7.646537350121258e-07,2.01456908529364e-06,8.664653147910923e-07,0.0005081326230993903,1.6442494559854523e-06,0.00023148126807614352,8.830458477845481e-05,6.814872211615988e-06,0.010120172874311722,1.7400543552708932e-05,2.571419797957771e-05,7.646537350121258e-07,8.664653147910923e-07,0.00023148126807614352,1.6442494559854523e-06,0.0005081326230993903,6.814872211615988e-06,1.7400543552708932e-05
458,2,son,,False,5.4421326243255744e-05,6.014151777699533e-06,4.53978687024344e-06,3.84493505874534e-07,4.198630823683514e-06,9.223470110117277e-07,0.0004938671167868664,2.0785170435063726e-06,0.0002202460844238597,0.0007507463408459455,0.00017546144100994869,0.0004942623523511968,1.488384825728813e-05,6.014151777699533e-06,3.84493505874534e-07,9.223470110117277e-07,0.0002202460844238597,2.0785170435063726e-06,0.0004938671167868664,0.00017546144100994869,1.488384825728813e-05
459,0,child,,False,0.0005558740293833221,4.683888424952456e-06,2.1782649863110498e-06,2.0580491096133835e-07,7.889262586245034e-07,3.500854414401442e-07,0.0004914129681922839,1.4064044342149064e-06,0.00023942516893991257,2.737216731838081e-05,2.5071593847983196e-06,0.0004914519521959942,4.400118457925303e-06,4.683888424952456e-06,2.0580491096133835e-07,3.500854414401442e-07,0.00023942516893991257,1.4064044342149064e-06,0.0004914129681922839,2.5071593847983196e-06,4.400118457925303e-06
459,1,child,,False,5.9766937110286536e-05,6.10885510164857e-06,3.024195853395102e-06,6.144174602214718e-07,3.2699273422345685e-06,2.4300240743279605e-06,0.00046954680374108296,5.77192003016332e-07,0.00021695417048520467,0.00012644219446392274,1.535623976496012e-05,0.0005813371220870101,1.9110431587777674e-05,6.10885510164857e-06,6.144174602214718e-07,2.4300240743279605e-06,0.00021695417048520467,5.77192003016332e-07,0.00046954680374108296,1.535623976496012e-05,1.9110431587777674e-05
459,2,child,,False,4.802972318863164e-05,4.264746818557914e-06,1.9525885208642222e-06,3.1875652166284776e-07,9.516251694168764e-07,3.089494448007139e-07,0.0004717428775960644,1.1125607488784412e-06,0.00021239342043348654,8.693673928062173e-05,6.302758756443267e-06,0.0005056385041563992,6.205049602300744e-06,4.264746818557914e-06,3.1875652166284776e-07,3.089494448007139e-07,0.00021239342043348654,1.1125607488784412e-06,0.0004717428775960644,6.302758756443267e-06,6.205049602300744e-06
460,0,daughter,,False,4.8785712278226595e-05,7.967300986103147e-06,2.840974294610978e-06,6.540437226933637e-07,2.97731143841062e-06,8.139692624947503e-07,0.0005710909843788781,2.0785170435063726e-06,0.00023028548862477513,0.010416662243394846,0.00020829707830458003,0.0006093314310007475,2.453694805426225e-05,7.967300986103147e-06,6.540437226933637e-07,8.139692624947503e-07,0.00023028548862477513,2.0785170435063726e-06,0.0005710909843788781,0.00020829707830458003,2.453694805426225e-05
460,1,daughter,,False,4.802972318863164e-05,4.264746818557914e-06,1.670142184809518e-06,2.123378462433771e-07,9.516251694168764e-07,4.222833444659923e-07,0.0004642815183884054,6.339210403977636e-07,4.331903899346328e-06,0.0009118021484241878,2.1654404989510328e-05,0.0005385266023448675,2.0342697805520655e-05,4.264746818557914e-06,2.123378462433771e-07,4.222833444659923e-07,4.331903899346328e-06,6.339210403977636e-07,0.0004642815183884054,2.1654404989510328e-05,2.0342697805520655e-05
460,2,daughter,,False,5.8840881855693875e-05,1.15919343186331e-05,5.144221374220898e-06,8.398072034951531e-07,3.024195853395102e-06,1.3420013504783412e-06,0.01190654145512875,0.00021212635591789767,0.0002964673556066361,0.01971447625851448,0.0006289902136892483,0.0011488846913063758,4.108485376346404e-05,1.15919343186331e-05,8.398072034951531e-07,1.3420013504783412e-06,0.0002964673556066361,0.00021212635591789767,0.01190654145512875,0.0006289902136892483,4.108485376346404e-05
461,0,son,,False,8.167381046669487e-05,5.649793328376294e-06,3.2192334497037803e-06,5.255395707074638e-07,1.9833367060283617e-06,5.77192003016332e-07,0.0004971468444439132,1.0783312222985275e-06,0.0002117642425769555,0.00015011822567369918,1.6865275398914433e-05,0.0005616997185942735,4.373344035182828e-05,5.649793328376294e-06,5.255395707074638e-07,5.77192003016332e-07,0.0002117642425769555,1.0783312222985275e-06,0.0004971468444439132,1.6865275398914433e-05,4.373344035182828e-05
461,1,son,,False,2.913700606794303e-05,4.683888424952456e-06,2.2827997192887966e-06,3.6119830612765795e-07,2.796930302582677e-06,6.962256250138369e-07,0.004738509628340371,3.169325442919291e-06,0.0002709995194100381,0.01971447625851448,0.0003621685478675127,0.0005175603499223236,1.971694219622292e-05,4.683888424952456e-06,3.6119830612765795e-07,6.962256250138369e-07,0.0002709995194100381,3.169325442919291e-06,0.004738509628340371,0.0003621685478675127,1.971694219622292e-05
461,2,son,,False,4.238847419937498e-05,7.368592981140821e-06,3.024195853395102e-06,5.955139348629957e-07,4.61127481426412e-06,1.2219076020491008e-06,0.0005727876744954929,2.3923509443082866e-06,0.00023996139648439313,0.01981456914013987,0.0005179712770357071,0.0005553536215526795,1.7400543552708932e-05,7.368592981140821e-06,5.955139348629957e-07,1.2219076020491008e-06,0.00023996139648439313,2.3923509443082866e-06,0.0005727876744954929,0.0005179712770357071,1.7400543552708932e-05
462,0,child,,False,5.193048644949271e-05,6.814872211615988e-06,3.4268490542555014e-06,5.422218970016178e-07,2.710880136557205e-06,1.3007128466476034e-06,0.0005173172258099599,8.939696304799168e-07,0.00021789598759221768,0.0028179309367027785,6.070755804415097e-05,0.0005852836038915696,1.971694219622292e-05,6.814872211615988e-06,5.422218970016178e-07,1.3007128466476034e-06,0.00021789598759221768,8.939696304799168e-07,0.0005173172258099599,6.070755804415097e-05,1.971694219622292e-05
462,1,child,,False,3.514382632807918e-05,2.931153855960119e-06,1.3846004563753396e-06,1.8738753836511972e-07,8.664653147910923e-07,5.77192003016332e-07,0.0004556682925965673,4.78509449489012e-07,0.00021228441957103978,7.916296072837432e-05,6.10885510164857e-06,0.0004973009416623807,1.2731104162213555e-05,2.931153855960119e-06,1.8738753836511972e-07,5.77192003016332e-07,0.00021228441957103978,4.78509449489012e-07,0.0004556682925965673,6.10885510164857e-06,1.2731104162213555e-05
462,2,child,,False,3.459916031782155e-05,5.475976980449466e-06,2.1444948420913954e-06,5.093705003229987e-07,2.7535691114583474e-06,8.664653147910923e-07,0.000537505615958198,1.8925148246037342e-06,0.00024581038595077964,0.002809879477103823,0.00016743993037101191,0.0005041382353302037,1.488384825728813e-05,5.475976980449466e-06,5.093705003229987e-07,8.664653147910923e-07,0.00024581038595077964,1.8925148246037342e-06,0.000537505615958198,0.00016743993037101191,1.488384825728813e-05
463,0,daughter,,False,4.802972318863164e-05,8.349627818261147e-06,3.2192334497037803e-06,6.144174602214718e-07,2.7535691114583474e-06,9.516251694168764e-07,0.0005421881197907606,1.7778551863194697e-06,0.00022770387218484876,0.01976376624240485,0.0005911068856243796,0.0005508471799444582,2.8240807799315707e-05,8.349627818261147e-06,6.144174602214718e-07,9.516251694168764e-07,0.00022770387218484876,1.7778551863194697e-06,0.0005421881197907606,0.0005911068856243796,2.8240807799315707e-05
463,1,daughter,,False,2.0988308820313112e-05,1.8925148246037342e-06,1.3420013504783412e-06,1.602810987828144e-07,1.8631746484712008e-06,3.089494448007139e-07,0.0004703543012372018,6.643433442159853e-07,0.00021358242564492241,0.0008876146323004368,6.563728324346652e-05,1.7674513810355872e-05,8.750299760661308e-06,1.8925148246037342e-06,1.602810987828144e-07,3.089494448007139e-07,0.00021358242564492241,6.643433442159853e-07,0.0004703543012372018,6.563728324346652e-05,8.750299760661308e-06
463,2,daughter,,False,1.5118199327273332e-05,3.8831109868779005e-06,1.2219076020491008e-06,2.72647027069593e-07,2.4300240743279605e-06,6.748051590048605e-07,0.0005371082750745437,9.223470110117277e-07,0.00022388481049310266,0.0029397286228952666,0.00018675659778932805,0.0005360157526065469,3.514382632807918e-05,3.8831109868779005e-06,2.72647027069593e-07,6.748051590048605e-07,0.00022388481049310266,9.223470110117277e-07,0.0005371082750745437,0.00018675659778932805,3.514382632807918e-05
464,0,son,,False,1.3342001090985438e-05,2.0785170435063726e-06,1.7231572752142392e-06,1.7061832388634166e-07,2.1782649863110498e-06,5.77192003016332e-07,0.0004632869673554935,1.0451548051737735e-06,0.00021345499373310768,0.010145215860635945,0.00029349517447137377,9.028039015031105e-06,9.314593042575101e-06,2.0785170435063726e-06,1.7061832388634166e-07,5.77192003016332e-07,0.00021345499373310768,1.0451548051737735e-06,0.0004632869673554935,0.00029349517447137377,9.314593042575101e-06
464,1,son,,False,9.399438806628559e-05,1.1061159714638084e-05,5.307507822667365e-06,7.889262586245034e-07,3.120191139396651e-06,1.1478768127080353e-06,0.000511914201923901,1.7231572752142392e-06,0.00021512380222681108,0.0030305010247946448,6.667023092435894e-05,0.0012048615892203932,3.799845147518645e-05,1.1061159714638084e-05,7.889262586245034e-07,1.1478768127080353e-06,0.00021512380222681108,1.7231572752142392e-06,0.000511914201923901,6.667023092435894e-05,3.799845147518645e-05
464,2,son,,False,2.8240807799315707e-05,2.586743108135441e-06,2.1444948420913954e-06,1.4144759985825914e-07,1.2606946239951315e-06,3.84493505874534e-07,0.0004737802338585972,1.0129990980873922e-06,0.000226025218654955,0.0007868354905725904,9.399438806628559e-05,1.8235460794662427e-05,4.264746818557914e-06,2.586743108135441e-06,1.4144759985825914e-07,3.84493505874534e-07,0.000226025218654955,1.0129990980873922e-06,0.0004737802338585972,9.399438806628559e-05,4.264746818557914e-06
465,0,child,,False,2.571419797957771e-05,2.4300240743279605e-06,1.4738981974494932e-06,2.0580491096133835e-07,1.1659530314852966e-06,3.726639284186561e-07,0.00045908104511603316,4.356879983467376e-07,5.562206273647035e-06,0.0007129746438779075,7.554056327295277e-05,1.7130819343483194e-05,9.028039015031105e-06,2.4300240743279605e-06,2.0580491096133835e-07,3.726639284186561e-07,5.562206273647035e-06,4.356879983467376e-07,0.00045908104511603316,7.554056327295277e-05,9.028039015031105e-06
465,1,child,,True,0.0006230092919928882,0.0007743513629776067,9.915273115920183e-06,4.198630823683514e-06,1.7674513810355872e-05,1.15919343186331e-05,0.0005996905378880256,3.373722476473661e-06,0.00024775071036594654,0.0008045684283044233,9.697519677825862e-05,0.2048884204174293,0.016203521968047124,0.0007743513629776067,4.198630823683514e-06,1.15919343186331e-05,0.00024775071036594654,3.373722476473661e-06,0.0005996905378880256,9.697519677825862e-05,0.016203521968047124
465,2,child,,False,6.771942330385674e-05,1.0071400221737608e-05,3.944258675190877e-06,1.0451548051737735e-06,4.331903899346328e-06,2.3187477504664324e-06,0.0005613109517168498,2.1112482331487175e-06,0.00022388481049310266,0.0007007652612809208,1.5598027633743823e-05,0.010128863359891537,5.0333557545281144e-05,1.0071400221737608e-05,1.0451548051737735e-06,2.3187477504664324e-06,0.00022388481049310266,2.1112482331487175e-06,0.0005613109517168498,1.5598027633743823e-05,5.0333557545281144e-05
466,0,daughter,,False,7.793660930208434e-05,2.8240807799315707e-05,4.908661889889002e-06,2.627477314480822e-06,6.014151777699533e-06,2.5071593847983196e-06,0.0005566145160189753,1.7231572752142392e-06,0.00025264767961860266,0.0029756715223842765,0.0004070137715896128,0.016318617823120794,0.0015705622246210342,2.8240807799315707e-05,2.627477314480822e-06,2.5071593847983196e-06,0.00025264767961860266,1.7231572752142392e-06,0.0005566145160189753,0.0004070137715896128,0.0015705622246210342
466,1,daughter,,False,3.0061635882429376e-05,5.144221374220898e-06,2.1444948420913954e-06,4.78509449489012e-07,1.8925148246037342e-06,6.339210403977636e-07,0.0005267669413890896,1.2411496080609794e-06,0.00022735757340977805,0.019408290971125827,0.0005865338360797102,0.0004966741009398081,1.3135179706526775e-05,5.144221374220898e-06,4.78509449489012e-07,6.339210403977636e-07,0.00022735757340977805,1.2411496080609794e-06,0.0005267669413890896,0.0005865338360797102,1.3135179706526775e-05
466,2,daughter,,False,4.373344035182828e-05,6.922183404468203e-06,4.069457790466838e-06,6.962256250138369e-07,3.2192334497037803e-06,1.1843139025979655e-06,0.0005884464784447929,2.212566909570261e-06,0.00023495794751787928,0.03606095514154291,0.0007815888789288626,0.0005385266023448675,2.95957113513077e-05,6.922183404468203e-06,6.962256250138369e-07,1.1843139025979655e-06,0.00023495794751787928,2.212566909570261e-06,0.0005884464784447929,0.0007815888789288626,2.95957113513077e-05
467,0,son,,False,3.353501304664781e-05,2.01456908529364e-06,2.4300240743279605e-06,2.4824800371656586e-07,9.223470110117277e-07,4.222833444659923e-07,0.0004748414303188522,7.889262586245034e-07,0.00021217710837818755,4.955359475635505e-05,3.7636447180974406e-06,0.00048738768508935855,4.264746818557914e-06,2.01456908529364e-06,2.4824800371656586e-07,4.222833444659923e-07,0.00021217710837818755,7.889262586245034e-07,0.0004748414303188522,3.7636447180974406e-06,4.264746818557914e-06
467,1,son,,False,2.571419797957771e-05,2.840974294610978e-06,2.2827997192887966e-06,1.6536895860212648e-07,1.8925148246037342e-06,3.288749065460498e-07,0.0004959548957933152,1.4064044342149064e-06,0.00021912769953547168,0.0006949397826019072,4.373344035182828e-05,0.0004806349969422068,6.814872211615988e-06,2.840974294610978e-06,1.6536895860212648e-07,3.288749065460498e-07,0.00021912769953547168,1.4064044342149064e-06,0.0004959548957933152,4.373344035182828e-05,6.814872211615988e-06
467,2,son,,False,4.108485376346404e-05,7.484622751061123e-06,2.88571183887091e-06,3.84493505874534e-07,2.2474089854291757e-06,5.422218970016178e-07,0.004786586354294509,0.0002126730047458992,0.00024162124279489402,0.0001206589712246389,1.2533751425646102e-05,0.0005633490590837672,2.6947915555885546e-05,7.484622751061123e-06,3.84493505874534e-07,5.422218970016178e-07,0.00024162124279489402,0.0002126730047458992,0.004786586354294509,1.2533751425646102e-05,2.6947915555885546e-05
468,0,child,,False,6.46203290719727e-05,4.683888424952456e-06,2.4682904407607285e-06,4.356879983467376e-07,2.627477314480822e-06,1.0129990980873922e-06,0.0005009931654036166,9.368717268777097e-07,0.00021849741587309833,0.0007507463408459455,9.610241549947397e-06,0.0005278198317882314,8.750299760661308e-06,4.683888424952456e-06,4.356879983467376e-07,1.0129990980873922e-06,0.00021849741587309833,9.368717268777097e-07,0.0005009931654036166,9.610241549947397e-06,8.750299760661308e-06
468,1,child,,False,0.0006620400451320043,0.0007707850400531591,1.7400543552708932e-05,5.829126566113866e-06,1.5598027633743823e-05,2.199533724320648e-05,0.00478730800123631,4.069457790466838e-06,0.00023837750867635168,0.010327781932783636,8.693673928062173e-05,0.18465163372564009,0.002473577866097908,0.0007707850400531591,5.829126566113866e-06,2.199533724320648e-05,0.00023837750867635168,4.069457790466838e-06,0.00478730800123631,8.693673928062173e-05,0.002473577866097908
468,2,child,,False,0.000546674185053768,9.915273115920183e-06,4.469407144215697e-06,5.594337713435001e-07,2.01456908529364e-06,1.2606946239951315e-06,0.0005248284322550555,1.4510478554719287e-06,0.00022249305551005476,0.0008283415380815684,2.305067219931397e-05,0.0011944104731679238,2.95957113513077e-05,9.915273115920183e-06,5.594337713435001e-07,1.2606946239951315e-06,0.00022249305551005476,1.4510478554719287e-06,0.0005248284322550555,2.305067219931397e-05,2.95957113513077e-05
469,0,daughter,,False,4.7285443452031076e-05,9.170196905195049e-06,3.321419494792514e-06,5.77192003016332e-07,3.535625074174432e-06,1.3420013504783412e-06,0.0005556730028188441,2.3923509443082866e-06,0.00024162124279489402,0.037402441553938466,0.0014281933925111155,0.0005087832783276653,2.0988308820313112e-05,9.170196905195049e-06,5.77192003016332e-07,1.3420013504783412e-06,0.00024162124279489402,2.3923509443082866e-06,0.0005556730028188441,0.0014281933925111155,2.0988308820313112e-05
469,1,daughter,,False,6.46203290719727e-05,7.0311842669149565e-06,4.683888424952456e-06,6.339210403977636e-07,2.3187477504664324e-06,1.0129990980873922e-06,0.0004935262256922732,1.1300808333434096e-06,0.00021559222163915307,0.02023244423294625,0.0006957608807376379,0.0005256379073836972,2.0342697805520655e-05,7.0311842669149565e-06,6.339210403977636e-07,1.0129990980873922e-06,0.00021559222163915307,1.1300808333434096e-06,0.0004935262256922732,0.0006957608807376379,2.0342697805520655e-05
469,2,daughter,,False,4.7285443452031076e-05,9.461262661302227e-06,2.586743108135441e-06,6.339210403977636e-07,5.064471653194114e-06,1.6187581436151335e-06,0.000604729107408553,3.373722476473661e-06,0.0002533919593552032,0.0028344121635247347,0.00015011822567369918,0.010111682239566159,4.173157606777201e-05,9.461262661302227e-06,6.339210403977636e-07,1.6187581436151335e-06,0.0002533919593552032,3.373722476473661e-06,0.000604729107408553,0.00015011822567369918,4.173157606777201e-05
470,0,son,,False,5.792916699214217e-05,1.3982207564732913e-05,3.2192334497037803e-06,5.594337713435001e-07,5.307507822667365e-06,1.1478768127080353e-06,0.07998240930050227,0.0002311010976985129,0.008154783538611945,0.0008138567562898873,6.263341581094202e-05,0.001154358460870045,4.173157606777201e-05,1.3982207564732913e-05,5.594337713435001e-07,1.1478768127080353e-06,0.008154783538611945,0.0002311010976985129,0.07998240930050227,6.263341581094202e-05,4.173157606777201e-05
470,1,son,,False,2.3413582477639402e-05,2.7535691114583474e-06,2.0785170435063726e-06,2.332074525844782e-07,1.8342893327886845e-06,6.748051590048605e-07,0.000544502871111018,1.0129990980873922e-06,0.00022096026380031539,0.00013045066466158166,5.357805383473943e-05,0.0005185157653543439,2.1654404989510328e-05,2.7535691114583474e-06,2.332074525844782e-07,6.748051590048605e-07,0.00022096026380031539,1.0129990980873922e-06,0.000544502871111018,5.357805383473943e-05,2.1654404989510328e-05
470,2,son,,False,6.563728324346652e-05,3.535625074174432e-06,1.7231572752142392e-06,2.2603242979035749e-07,1.5689549727726036e-06,3.84493505874534e-07,0.0004700830312855635,7.183260399857925e-07,0.00021575330372933303,7.321812616608614e-05,2.305067219931397e-05,0.00048644850322948033,8.750299760661308e-06,3.535625074174432e-06,2.2603242979035749e-07,3.84493505874534e-07,0.00021575330372933303,7.183260399857925e-07,0.0004700830312855635,2.305067219931397e-05,8.750299760661308e-06
471,0,child,,False,6.361912109467577e-05,9.761566060239504e-06,4.264746818557914e-06,9.223470110117277e-07,1.9525885208642222e-06,1.4738981974494932e-06,0.0004682423007537106,8.013499398837462e-07,5.562206273647035e-06,0.0006949397826019072,2.7803096387751555e-05,0.021706620947801056,4.955359475635505e-05,9.761566060239504e-06,9.223470110117277e-07,1.4738981974494932e-06,5.562206273647035e-06,8.013499398837462e-07,0.0004682423007537106,2.7803096387751555e-05,4.955359475635505e-05
471,1,child,,False,5.614787461400803e-05,8.61465062380632e-06,4.400118457925303e-06,1.2219076020491008e-06,4.908661889889002e-06,2.01456908529364e-06,0.0004837014865369547,1.4738981974494932e-06,0.00021912769953547168,0.019520881172689956,0.0003649987031209838,0.0005702096923869237,2.1654404989510328e-05,8.61465062380632e-06,1.2219076020491008e-06,2.01456908529364e-06,0.00021912769953547168,1.4738981974494932e-06,0.0004837014865369547,0.0003649987031209838,2.1654404989510328e-05
471,2,child,,False,3.4062932773341e-05,3.8831109868779005e-06,2.586743108135441e-06,2.332074525844782e-07,1.3846004563753396e-06,3.3931448129766124e-07,0.0004587152898300176,5.093705003229987e-07,5.391084403253366e-06,0.0008091765268185392,0.00015487610942879803,0.0004855382001169189,9.028039015031105e-06,3.8831109868779005e-06,2.332074525844782e-07,3.3931448129766124e-07,5.391084403253366e-06,5.093705003229987e-07,0.0004587152898300176,0.00015487610942879803,9.028039015031105e-06
472,0,daughter,,False,1.535623976496012e-05,2.586743108135441e-06,1.3846004563753396e-06,1.067702870044147e-07,1.4064044342149064e-06,2.9023119852110973e-07,0.0005003569527817763,2.0462932829931794e-06,0.00022735757340977805,0.0008045684283044233,6.878511550552459e-05,1.535623976496012e-05,8.220189478350845e-06,2.586743108135441e-06,1.067702870044147e-07,2.9023119852110973e-07,0.00022735757340977805,2.0462932829931794e-06,0.0005003569527817763,6.878511550552459e-05,8.220189478350845e-06
472,1,daughter,,False,0.0005931018339467512,4.373344035182828e-05,6.10885510164857e-06,2.1112482331487175e-06,2.6119031909571944e-05,8.888084683809127e-06,0.007444044188517096,0.00021428634147831863,0.0002979007248315314,0.002786458937919142,0.00029810327298548977,0.016184590835453178,0.001606393855196758,4.373344035182828e-05,2.1112482331487175e-06,8.888084683809127e-06,0.0002979007248315314,0.00021428634147831863,0.007444044188517096,0.00029810327298548977,0.001606393855196758
472,2,daughter,,False,2.6119031909571944e-05,3.120191139396651e-06,1.9525885208642222e-06,2.6425858208426533e-07,1.7778551863194697e-06,5.093705003229987e-07,0.0004788771226696619,1.2411496080609794e-06,0.00021659756423044233,0.010468386335031162,0.00037362205834114967,0.0004806349969422068,9.028039015031105e-06,3.120191139396651e-06,2.6425858208426533e-07,5.093705003229987e-07,0.00021659756423044233,1.2411496080609794e-06,0.0004788771226696619,0.00037362205834114967,9.028039015031105e-06
473,0,son,,False,2.8240807799315707e-05,3.8831109868779005e-06,3.120191139396651e-06,2.332074525844782e-07,2.355261854303796e-06,7.411279871974134e-07,0.00048407947820627276,1.4738981974494932e-06,0.00023148126807614352,0.0027290685694033377,0.00013670256456563558,0.0004817760443363762,6.814872211615988e-06,3.8831109868779005e-06,2.332074525844782e-07,7.411279871974134e-07,0.00023148126807614352,1.4738981974494932e-06,0.00048407947820627276,0.00013670256456563558,6.814872211615988e-06
473,1,son,,False,9.399438806628559e-05,2.3782205064034188e-05,5.920916517463734e-06,2.2827997192887966e-06,7.484622751061123e-06,3.2699273422345685e-06,0.000496191429011893,1.4738981974494932e-06,0.00022951886599524403,0.010177555173122577,0.00023231625226312826,0.010182115869364874,4.108485376346404e-05,2.3782205064034188e-05,2.2827997192887966e-06,3.2699273422345685e-06,0.00022951886599524403,1.4738981974494932e-06,0.000496191429011893,0.00023231625226312826,4.108485376346404e-05
473,2,son,,False,0.0005765709440160247,3.799845147518645e-05,1.2148175280558357e-05,3.2699273422345685e-06,9.314593042575101e-06,4.006369222920725e-06,0.007428486225203317,4.006369222920725e-06,0.000249784072058715,0.01966665560720298,0.0003765413784673874,0.07180195059877485,0.016224473001677977,3.799845147518645e-05,3.2699273422345685e-06,4.006369222920725e-06,0.000249784072058715,4.006369222920725e-06,0.007428486225203317,0.0003765413784673874,0.016224473001677977
474,0,child,,False,6.46203290719727e-05,6.605214485464791e-06,3.535625074174432e-06,3.3405391543507076e-07,1.9833367060283617e-06,5.093705003229987e-07,0.0006045641888505872,3.120191139396651e-06,0.0002504832985443908,4.108485376346404e-05,3.535625074174432e-06,0.0005832949863420954,1.971694219622292e-05,6.605214485464791e-06,3.3405391543507076e-07,5.093705003229987e-07,0.0002504832985443908,3.120191139396651e-06,0.0006045641888505872,3.535625074174432e-06,1.971694219622292e-05
474,1,child,,False,2.95957113513077e-05,3.6478537675800286e-06,3.120191139396651e-06,3.9669859149467314e-07,1.8342893327886845e-06,7.646537350121258e-07,0.0004866096614668337,9.223470110117277e-07,0.0002219660831203052,0.019575253788077195,0.0006003595796571491,2.234163601827719e-05,1.3982207564732913e-05,3.6478537675800286e-06,3.9669859149467314e-07,7.646537350121258e-07,0.0002219660831203052,9.223470110117277e-07,0.0004866096614668337,0.0006003595796571491,1.3982207564732913e-05
474,2,child,,False,0.0005617480965584138,6.814872211615988e-06,7.14190139989638e-06,6.439037799292652e-07,3.2192334497037803e-06,1.9223170236538178e-06,0.0005116164551572448,1.9223170236538178e-06,0.0002202460844238597,5.527786369235996e-05,5.307507822667365e-06,0.0005873034565397543,2.1654404989510328e-05,6.814872211615988e-06,6.439037799292652e-07,1.9223170236538178e-06,0.0002202460844238597,1.9223170236538178e-06,0.0005116164551572448,5.307507822667365e-06,2.1654404989510328e-05
475,0,daughter,,False,8.481104172358076e-06,1.8925148246037342e-06,1.0451548051737735e-06,1.5057017254045334e-07,1.9223170236538178e-06,4.0929110499856e-07,0.0004730397933324441,5.093705003229987e-07,0.00021358242564492241,0.0007007652612809208,0.00018969200744787138,1.5118199327273332e-05,9.610241549947397e-06,1.8925148246037342e-06,1.5057017254045334e-07,4.0929110499856e-07,0.00021358242564492241,5.093705003229987e-07,0.0004730397933324441,0.00018969200744787138,9.610241549947397e-06
475,1,daughter,,False,2.3782205064034188e-05,2.931153855960119e-06,2.01456908529364e-06,2.4824800371656586e-07,1.6187581436151335e-06,6.144174602214718e-07,0.0005095644298672442,1.4738981974494932e-06,0.000218704237257557,0.010164470205568928,0.0003510649113774665,0.00048465588826592415,1.2731104162213555e-05,2.931153855960119e-06,2.4824800371656586e-07,6.144174602214718e-07,0.000218704237257557,1.4738981974494932e-06,0.0005095644298672442,0.0003510649113774665,1.2731104162213555e-05
475,2,daughter,,True,0.005601642318389957,0.0011609705086471265,3.0061635882429376e-05,1.8522574326531083e-05,3.459916031782155e-05,2.6119031909571944e-05,0.0005064509108778008,4.469407144215697e-06,0.00023736206057396741,0.0028962779470040876,0.00026316739748845797,0.42185591258092386,0.005500923659383607,0.0011609705086471265,1.8522574326531083e-05,2.6119031909571944e-05,0.00023736206057396741,4.469407144215697e-06,0.0005064509108778008,0.00026316739748845797,0.005500923659383607
476,0,son,,False,2.571419797957771e-05,3.535625074174432e-06,1.8925148246037342e-06,2.332074525844782e-07,2.5071593847983196e-06,6.339210403977636e-07,0.0005122131122536138,2.7535691114583474e-06,0.00023404764440531787,0.0027941453403890646,0.00013670256456563558,1.7674513810355872e-05,8.481104172358076e-06,3.535625074174432e-06,2.332074525844782e-07,6.339210403977636e-07,0.00023404764440531787,2.7535691114583474e-06,0.0005122131122536138,0.00013670256456563558,8.481104172358076e-06
476,1,son,,False,2.913700606794303e-05,2.2827997192887966e-06,1.3846004563753396e-06,8.315280276641321e-08,1.5936620247162786e-06,3.500854414401442e-07,0.00047640861561708075,1.3007128466476034e-06,0.00023495794751787928,5.357805383473943e-05,1.6865275398914433e-05,1.0071400221737608e-05,2.6688529572628562e-06,2.2827997192887966e-06,8.315280276641321e-08,3.500854414401442e-07,0.00023495794751787928,1.3007128466476034e-06,0.00047640861561708075,1.6865275398914433e-05,2.6688529572628562e-06
476,2,son,,False,5.9766937110286536e-05,8.750299760661308e-06,6.014151777699533e-06,8.398072034951531e-07,3.7636447180974406e-06,1.4738981974494932e-06,0.0005311435167805096,2.710880136557205e-06,0.00022417644371706703,0.0199624479863192,0.0004905405705722036,0.0005600758955536546,2.453694805426225e-05,8.750299760661308e-06,8.398072034951531e-07,1.4738981974494932e-06,0.00022417644371706703,2.710880136557205e-06,0.0005311435167805096,0.0004905405705722036,2.453694805426225e-05
477,0,child,,True,0.0006767554853955495,0.0007918879247835782,8.481104172358076e-06,3.6478537675800286e-06,2.234163601827719e-05,2.0988308820313112e-05,0.007443843509474713,0.00021728502973641055,0.00026064009985893153,0.0007067749478525128,1.7952796934677738e-05,0.4011329282658333,0.04974304089596747,0.0007918879247835782,3.6478537675800286e-06,2.0988308820313112e-05,0.00026064009985893153,0.00021728502973641055,0.007443843509474713,1.7952796934677738e-05,0.04974304089596747
477,1,child,,False,8.830458477845481e-05,1.488384825728813e-05,4.469407144215697e-06,5.77192003016332e-07,2.5071593847983196e-06,1.1843139025979655e-06,0.004752072335348108,0.00021663554986598826,0.00023996139648439313,0.000703746720165797,1.7952796934677738e-05,0.0006117289013069706,2.0342697805520655e-05,1.488384825728813e-05,5.77192003016332e-07,1.1843139025979655e-06,0.00023996139648439313,0.00021663554986598826,0.004752072335348108,1.7952796934677738e-05,2.0342697805520655e-05
477,2,child,,False,0.0005743531342068192,8.349627818261147e-06,2.0342697805520655e-05,5.955139348629957e-07,2.212566909570261e-06,9.223470110117277e-07,0.0004876175016327878,2.7535691114583474e-06,0.00022417644371706703,9.253848866495987e-05,4.512106237781923e-05,0.0004979376456416367,1.3552078562406772e-05,8.349627818261147e-06,5.955139348629957e-07,9.223470110117277e-07,0.00022417644371706703,2.7535691114583474e-06,0.0004876175016327878,4.512106237781923e-05,1.3552078562406772e-05
478,0,daughter,,False,6.166297347617125e-05,1.3765463368900109e-05,3.822911232549001e-06,1.3007128466476034e-06,4.264746818557914e-06,1.3846004563753396e-06,0.0005284748914586657,1.3211958228877664e-06,0.0002227627797192805,0.01976376624240485,0.00029579027682491573,0.0012476373755339234,3.0061635882429376e-05,1.3765463368900109e-05,1.3007128466476034e-06,1.3846004563753396e-06,0.0002227627797192805,1.3211958228877664e-06,0.0005284748914586657,0.00029579027682491573,3.0061635882429376e-05
478,1,daughter,,False,2.8240807799315707e-05,5.475976980449466e-06,4.264746818557914e-06,3.9669859149467314e-07,2.355261854303796e-06,7.411279871974134e-07,0.0005202428671780048,1.6187581436151335e-06,0.0002270166411560819,0.0199208939961324,0.000568590693522782,0.0004954494009362499,1.0554685795431098e-05,5.475976980449466e-06,3.9669859149467314e-07,7.411279871974134e-07,0.0002270166411560819,1.6187581436151335e-06,0.0005202428671780048,0.000568590693522782,1.0554685795431098e-05
478,2,daughter,,False,3.799845147518645e-05,6.40200641038395e-06,4.264746818557914e-06,6.962256250138369e-07,8.092757566536092e-06,2.586743108135441e-06,0.0004822186797755494,1.4285517650093407e-06,0.00022120585807682417,0.019575253788077195,0.0006050397688214567,0.0005130006664921807,1.7952796934677738e-05,6.40200641038395e-06,6.962256250138369e-07,2.586743108135441e-06,0.00022120585807682417,1.4285517650093407e-06,0.0004822186797755494,0.0006050397688214567,1.7952796934677738e-05
479,0,son,,False,1.2731104162213555e-05,1.5689549727726036e-06,1.1125607488784412e-06,5.368750039367665e-08,1.0129990980873922e-06,2.4824800371656586e-07,0.00047245775800492507,9.080474758713811e-07,0.00021978822261505042,3.682979260160596e-05,1.609308249869283e-05,1.0229985472581487e-05,2.840974294610978e-06,1.5689549727726036e-06,5.368750039367665e-08,2.4824800371656586e-07,0.00021978822261505042,9.080474758713811e-07,0.00047245775800492507,1.609308249869283e-05,2.840974294610978e-06
479,1,son,,False,2.5315637215092633e-05,2.931153855960119e-06,1.7231572752142392e-06,1.816222403812674e-07,2.2474089854291757e-06,4.6378732973537256e-07,0.00046180770305806804,8.139692624947503e-07,6.014151777699533e-06,0.010151584727374874,0.0003483424193080668,1.6346470245419304e-05,1.2731104162213555e-05,2.931153855960119e-06,1.816222403812674e-07,4.6378732973537256e-07,6.014151777699533e-06,8.139692624947503e-07,0.00046180770305806804,0.0003483424193080668,1.2731104162213555e-05
479,2,son,,False,3.150386940813393e-05,5.144221374220898e-06,3.024195853395102e-06,3.288749065460498e-07,2.627477314480822e-06,1.0129990980873922e-06,0.0005458941861772792,2.1782649863110498e-06,0.00024050606249465076,0.003077507246275801,0.00018102110262026484,0.0005012746277703161,1.0554685795431098e-05,5.144221374220898e-06,3.288749065460498e-07,1.0129990980873922e-06,0.00024050606249465076,2.1782649863110498e-06,0.0005458941861772792,0.00018102110262026484,1.0554685795431098e-05
480,0,child,,False,0.0005431903918374811,1.442598644847886e-05,4.908661889889002e-06,8.664653147910923e-07,4.331903899346328e-06,1.6187581436151335e-06,0.000529112152743343,1.8925148246037342e-06,0.0002344992422345146,0.010253226208557755,0.00022518472795030202,0.001223401144296883,2.1654404989510328e-05,1.442598644847886e-05,8.664653147910923e-07,1.6187581436151335e-06,0.0002344992422345146,1.8925148246037342e-06,0.000529112152743343,0.00022518472795030202,2.1654404989510328e-05
480,1,child,,False,1.8235460794662427e-05,1.8342893327886845e-06,1.5206840370677115e-06,8.315280276641321e-08,8.939696304799168e-07,2.0580491096133835e-07,0.00047217013049174436,1.0616134237448653e-06,0.00021250413756646795,0.000924470062878294,0.0001206589712246389,8.220189478350845e-06,4.683888424952456e-06,1.8342893327886845e-06,8.315280276641321e-08,2.0580491096133835e-07,0.00021250413756646795,1.0616134237448653e-06,0.00047217013049174436,0.0001206589712246389,4.683888424952456e-06
480,2,child,,False,0.000815765649008738,2.0662982488383408e-05,6.302758756443267e-06,8.139692624947503e-07,1.8342893327886845e-06,7.646537350121258e-07,0.0005227605740569567,1.8925148246037342e-06,0.00023589712937775753,0.00017274586267297022,8.61465062380632e-06,0.010143804341987866,1.7400543552708932e-05,2.0662982488383408e-05,8.139692624947503e-07,7.646537350121258e-07,0.00023589712937775753,1.8925148246037342e-06,0.0005227605740569567,8.61465062380632e-06,1.7400543552708932e-05
481,0,daughter,,False,5.792916699214217e-05,4.400118457925303e-06,2.627477314480822e-06,4.222833444659923e-07,1.6187581436151335e-06,7.646537350121258e-07,0.000503600981444604,1.2219076020491008e-06,0.00021789598759221768,0.0008045684283044233,1.8235460794662427e-05,0.0005156936737338665,1.2731104162213555e-05,4.400118457925303e-06,4.222833444659923e-07,7.646537350121258e-07,0.00021789598759221768,1.2219076020491008e-06,0.000503600981444604,1.8235460794662427e-05,1.2731104162213555e-05
481,1,daughter,,False,0.0006416143628495969,1.9110431587777674e-05,4.400118457925303e-06,8.139692624947503e-07,1.9525885208642222e-06,9.818326983657703e-07,0.0005475216032074356,3.120191139396651e-06,0.0002323101517224571,0.00013670256456563558,1.3982207564732913e-05,0.001283675813638229,1.7400543552708932e-05,1.9110431587777674e-05,8.139692624947503e-07,9.818326983657703e-07,0.0002323101517224571,3.120191139396651e-06,0.0005475216032074356,1.3982207564732913e-05,1.7400543552708932e-05
481,2,daughter,,False,9.399438806628559e-05,1.0889691002655445e-05,9.028039015031105e-06,1.3846004563753396e-06,4.683888424952456e-06,2.7535691114583474e-06,0.0004971468444439132,1.5936620247162786e-06,0.00022477355484446784,0.01999067660234523,0.00037072528743862214,0.0011516002696433543,1.6865275398914433e-05,1.0889691002655445e-05,1.3846004563753396e-06,2.7535691114583474e-06,0.00022477355484446784,1.5936620247162786e-06,0.0004971468444439132,0.00037072528743862214,1.6865275398914433e-05
482,0,son,,False,9.761566060239504e-06,1.6187581436151335e-06,1.0129990980873922e-06,1.3287773439792038e-07,1.670142184809518e-06,4.495181578513688e-07,0.000563414619251184,2.931153855960119e-06,0.0002615101107805796,5.614787461400803e-05,2.5315637215092633e-05,7.368592981140821e-06,2.931153855960119e-06,1.6187581436151335e-06,1.3287773439792038e-07,4.495181578513688e-07,0.0002615101107805796,2.931153855960119e-06,0.000563414619251184,2.5315637215092633e-05,2.931153855960119e-06
482,1,son,,False,2.6119031909571944e-05,3.8831109868779005e-06,2.586743108135441e-06,3.3931448129766124e-07,1.7231572752142392e-06,7.183260399857925e-07,0.0005068676562889376,7.646537350121258e-07,0.00021891431472897835,0.0030536424941330197,0.00029349517447137377,0.0005079785823772643,2.0988308820313112e-05,3.8831109868779005e-06,3.3931448129766124e-07,7.183260399857925e-07,0.00021891431472897835,7.646537350121258e-07,0.0005068676562889376,0.00029349517447137377,2.0988308820313112e-05
482,2,son,,False,0.0006200738823343449,0.0008228569481394451,2.3782205064034188e-05,1.0720880092159908e-05,2.7803096387751555e-05,2.3782205064034188e-05,0.0048300175412925115,0.00022396469319695958,0.00023404764440531787,0.020123091547173705,0.0012336100420869754,0.08321057488849773,0.005433689475790568,0.0008228569481394451,1.0720880092159908e-05,2.3782205064034188e-05,0.00023404764440531787,0.00022396469319695958,0.0048300175412925115,0.0012336100420869754,0.005433689475790568
483,0,child,,False,5.0333557545281144e-05,4.1335397768930325e-06,2.0785170435063726e-06,2.8130174840733105e-07,1.4285517650093407e-06,5.093705003229987e-07,0.00047160156818198664,7.889262586245034e-07,0.00021166499492301485,0.0009056139344932517,2.7803096387751555e-05,0.0005012746277703161,6.605214485464791e-06,4.1335397768930325e-06,2.8130174840733105e-07,5.093705003229987e-07,0.00021166499492301485,7.889262586245034e-07,0.00047160156818198664,2.7803096387751555e-05,6.605214485464791e-06
483,1,child,,False,5.4421326243255744e-05,4.832563818725537e-06,3.705296977158347e-06,5.594337713435001e-07,2.4682904407607285e-06,9.818326983657703e-07,0.0005229310537330542,9.972941593827283e-07,0.00022805562191617214,0.002934750458319067,6.563728324346652e-05,0.0005569032319691715,1.2339457598623173e-05,4.832563818725537e-06,5.594337713435001e-07,9.818326983657703e-07,0.00022805562191617214,9.972941593827283e-07,0.0005229310537330542,6.563728324346652e-05,1.2339457598623173e-05
483,2,child,,False,0.0006290189785644802,0.0007459683484318774,1.0391067562761452e-05,4.908661889889002e-06,1.177445922838707e-05,8.220189478350845e-06,0.0005449290924233987,2.586743108135441e-06,0.00023942516893991257,0.0196317288104485,0.0006097562192575309,0.07079552838916982,0.0024475782578226328,0.0007459683484318774,4.908661889889002e-06,8.220189478350845e-06,0.00023942516893991257,2.586743108135441e-06,0.0005449290924233987,0.0006097562192575309,0.0024475782578226328
484,0,daughter,,False,2.7803096387751555e-05,3.8831109868779005e-06,3.321419494792514e-06,3.84493505874534e-07,2.1782649863110498e-06,7.183260399857925e-07,0.0004880261759260436,1.3007128466476034e-06,0.00021956460018956949,0.019379185236452084,0.00039148236056371676,0.00048786839054944096,9.915273115920183e-06,3.8831109868779005e-06,3.84493505874534e-07,7.183260399857925e-07,0.00021956460018956949,1.3007128466476034e-06,0.0004880261759260436,0.00039148236056371676,9.915273115920183e-06
484,1,daughter,,False,3.9821309061635425e-05,1.6865275398914433e-05,2.4300240743279605e-06,4.6378732973537256e-07,8.220189478350845e-06,1.8058518261159955e-06,0.0005801413114985695,2.4300240743279605e-06,0.00026064009985893153,0.0007098506750714406,0.0001064962672055945,0.0006166373412799071,3.1999824407395835e-05,1.6865275398914433e-05,4.6378732973537256e-07,1.8058518261159955e-06,0.00026064009985893153,2.4300240743279605e-06,0.0005801413114985695,0.0001064962672055945,3.1999824407395835e-05
484,2,daughter,,False,1.7130819343483194e-05,2.212566909570261e-06,1.4738981974494932e-06,1.2878952156558146e-07,1.2411496080609794e-06,2.6425858208426533e-07,0.0004959548957933152,1.1843139025979655e-06,0.0002233150331012493,0.00014779429802159512,7.096703991005882e-05,1.0554685795431098e-05,4.1335397768930325e-06,2.212566909570261e-06,1.2878952156558146e-07,2.6425858208426533e-07,0.0002233150331012493,1.1843139025979655e-06,0.0004959548957933152,7.096703991005882e-05,4.1335397768930325e-06
485,0,son,,False,3.799845147518645e-05,6.605214485464791e-06,2.840974294610978e-06,3.726639284186561e-07,2.4300240743279605e-06,1.0129990980873922e-06,0.0004852313165264701,1.2219076020491008e-06,0.0002182938001211795,0.01018417341183752,0.0002673006032788653,0.0005130006664921807,1.488384825728813e-05,6.605214485464791e-06,3.726639284186561e-07,1.0129990980873922e-06,0.0002182938001211795,1.2219076020491008e-06,0.0004852313165264701,0.0002673006032788653,1.488384825728813e-05
485,1,son,,False,2.3413582477639402e-05,6.40200641038395e-06,1.2219076020491008e-06,3.500854414401442e-07,3.4808121961114687e-06,9.516251694168764e-07,0.0005001042000397146,2.2474089854291757e-06,0.00021625192716922701,0.0028689430188461465,0.00025909793644293347,0.0005224900751216392,1.7952796934677738e-05,6.40200641038395e-06,3.500854414401442e-07,9.516251694168764e-07,0.00021625192716922701,2.2474089854291757e-06,0.0005001042000397146,0.00025909793644293347,1.7952796934677738e-05
485,2,son,,False,6.46203290719727e-05,1.6346470245419304e-05,2.7535691114583474e-06,6.540437226933637e-07,3.169325442919291e-06,1.0451548051737735e-06,0.0004802539556557626,1.363134508591315e-06,0.00021296471561488525,0.002887025252971318,0.00020829707830458003,0.010178785450642876,6.263341581094202e-05,1.6346470245419304e-05,6.540437226933637e-07,1.0451548051737735e-06,0.00021296471561488525,1.363134508591315e-06,0.0004802539556557626,0.00020829707830458003,6.263341581094202e-05
486,0,child,,False,0.0006692833527513213,0.0007651998691810468,9.761566060239504e-06,3.7636447180974406e-06,3.0061635882429376e-05,1.15919343186331e-05,0.014814265997222874,0.00022342942504316508,0.0003508685300198559,0.019341398102757146,0.0003273064970671631,0.023211506050101773,0.0015861041354596308,0.0007651998691810468,3.7636447180974406e-06,1.15919343186331e-05,0.0003508685300198559,0.00022342942504316508,0.014814265997222874,0.0003273064970671631,0.0015861041354596308
486,1,child,,False,2.653023768982879e-05,4.832563818725537e-06,1.7778551863194697e-06,2.8130174840733105e-07,1.5936620247162786e-06,3.3931448129766124e-07,0.0004874143574172347,1.1300808333434096e-06,0.00022303674997692745,0.0030536424941330197,0.0003765413784673874,0.00048598979794611563,1.2339457598623173e-05,4.832563818725537e-06,2.8130174840733105e-07,3.3931448129766124e-07,0.00022303674997692745,1.1300808333434096e-06,0.0004874143574172347,0.0003765413784673874,1.2339457598623173e-05
486,2,child,,False,3.250358452365473e-05,1.1235328063870752e-05,2.355261854303796e-06,5.594337713435001e-07,5.649793328376294e-06,1.5689549727726036e-06,0.00478326559670161,5.225226840386988e-06,0.0002699825652385443,0.020330845522620287,0.0007937994101407321,0.0012121048968397102,4.802972318863164e-05,1.1235328063870752e-05,5.594337713435001e-07,1.5689549727726036e-06,0.0002699825652385443,5.225226840386988e-06,0.00478326559670161,0.0007937994101407321,4.802972318863164e-05
487,0,daughter,,False,0.000565819526266333,2.199533724320648e-05,6.014151777699533e-06,1.3846004563753396e-06,4.264746818557914e-06,1.670142184809518e-06,0.0004907617346601019,1.4738981974494932e-06,0.0002219660831203052,0.02028109306868244,0.0004645557549716042,0.010307814451793261,0.0015619735921627608,2.199533724320648e-05,1.3846004563753396e-06,1.670142184809518e-06,0.0002219660831203052,1.4738981974494932e-06,0.0004907617346601019,0.0004645557549716042,0.0015619735921627608
487,1,daughter,,False,3.514382632807918e-05,1.1235328063870752e-05,3.535625074174432e-06,1.0451548051737735e-06,1.0720880092159908e-05,2.6688529572628562e-06,0.0005538118479178527,2.4300240743279605e-06,0.00023942516893991257,0.01939851507928994,0.0009783876017655003,0.0006046470898997678,4.583129006350382e-05,1.1235328063870752e-05,1.0451548051737735e-06,2.6688529572628562e-06,0.00023942516893991257,2.4300240743279605e-06,0.0005538118479178527,0.0009783876017655003,4.583129006350382e-05
487,2,daughter,,False,5.792916699214217e-05,2.5315637215092633e-05,3.8831109868779005e-06,1.4738981974494932e-06,6.40200641038395e-06,1.8342893327886845e-06,0.004670244877660871,1.6964426510543331e-06,0.00023837750867635168,0.020330845522620287,0.000831577847747413,0.010095282373833598,2.737216731838081e-05,2.5315637215092633e-05,1.4738981974494932e-06,1.8342893327886845e-06,0.00023837750867635168,1.6964426510543331e-06,0.004670244877660871,0.000831577847747413,2.737216731838081e-05
488,0,son,,False,0.0001048469267161009,2.5315637215092633e-05,4.400118457925303e-06,1.670142184809518e-06,6.014151777699533e-06,2.355261854303796e-06,0.0005629165001064694,1.8058518261159955e-06,0.00022914444123060576,0.010253226208557755,0.00044683842664911206,0.01611352314297458,5.112579049909173e-05,2.5315637215092633e-05,1.670142184809518e-06,2.355261854303796e-06,0.00022914444123060576,1.8058518261159955e-06,0.0005629165001064694,0.00044683842664911206,5.112579049909173e-05
488,1,son,,False,4.173157606777201e-05,1.0391067562761452e-05,2.1444948420913954e-06,3.1875652166284776e-07,7.967300986103147e-06,1.6187581436151335e-06,0.0005363182251333737,4.1335397768930325e-06,0.0002445664150903344,0.0008704335119750585,0.00011335690050875118,0.0005437895311587944,2.6119031909571944e-05,1.0391067562761452e-05,3.1875652166284776e-07,1.6187581436151335e-06,0.0002445664150903344,4.1335397768930325e-06,0.0005363182251333737,0.00011335690050875118,2.6119031909571944e-05
488,2,son,,False,0.000567903324674726,2.3782205064034188e-05,6.10885510164857e-06,9.666109404131067e-07,5.649793328376294e-06,2.01456908529364e-06,0.0048034124155769565,5.225226840386988e-06,0.0002464470899300356,0.002749761539826477,4.373344035182828e-05,0.015944440246081378,4.108485376346404e-05,2.3782205064034188e-05,9.666109404131067e-07,2.01456908529364e-06,0.0002464470899300356,5.225226840386988e-06,0.0048034124155769565,4.373344035182828e-05,4.108485376346404e-05
489,0,child,,False,1.8814207550495463e-05,2.01456908529364e-06,1.2219076020491008e-06,1.9333584585546466e-07,1.1125607488784412e-06,4.495181578513688e-07,0.00046462087703568497,4.356879983467376e-07,0.00021912769953547168,0.00017821963223663923,5.4421326243255744e-05,0.0004903878049248205,1.3982207564732913e-05,2.01456908529364e-06,1.9333584585546466e-07,4.495181578513688e-07,0.00021912769953547168,4.356879983467376e-07,0.00046462087703568497,5.4421326243255744e-05,1.3982207564732913e-05
489,1,child,,False,3.150386940813393e-05,2.355261854303796e-06,1.6187581436151335e-06,1.602810987828144e-07,6.748051590048605e-07,2.8130174840733105e-07,0.00048446043160835277,8.664653147910923e-07,0.0002154336363883092,0.00013670256456563558,1.0391067562761452e-05,0.0005064063866345277,1.15919343186331e-05,2.355261854303796e-06,1.602810987828144e-07,2.8130174840733105e-07,0.0002154336363883092,8.664653147910923e-07,0.00048446043160835277,1.0391067562761452e-05,1.15919343186331e-05
489,2,child,,False,5.792916699214217e-05,7.368592981140821e-06,2.355261854303796e-06,4.356879983467376e-07,3.169325442919291e-06,1.0783312222985275e-06,0.0005387069746432239,1.363134508591315e-06,0.00022096026380031539,0.0008487344920069995,6.46203290719727e-05,0.0005893550335994887,2.0342697805520655e-05,7.368592981140821e-06,4.356879983467376e-07,1.0783312222985275e-06,0.00022096026380031539,1.363134508591315e-06,0.0005387069746432239,6.46203290719727e-05,2.0342697805520655e-05
490,0,daughter,,False,7.793660930208434e-05,1.488384825728813e-05,3.822911232549001e-06,7.411279871974134e-07,3.8831109868779005e-06,8.398072034951531e-07,0.0005430241115911696,1.4971083692627422e-06,0.000226025218654955,0.003041982713740955,9.547317110805593e-05,0.0012195770294839382,2.0988308820313112e-05,1.488384825728813e-05,7.411279871974134e-07,8.398072034951531e-07,0.000226025218654955,1.4971083692627422e-06,0.0005430241115911696,9.547317110805593e-05,2.0988308820313112e-05
490,1,daughter,,False,6.46203290719727e-05,1.488384825728813e-05,3.321419494792514e-06,8.398072034951531e-07,4.331903899346328e-06,1.1843139025979655e-06,0.0005197481018433826,2.5466403947055455e-06,0.00022249305551005476,0.11928556117363974,0.0233587107580805,0.0005553536215526795,2.95957113513077e-05,1.488384825728813e-05,8.398072034951531e-07,1.1843139025979655e-06,0.00022249305551005476,2.5466403947055455e-06,0.0005197481018433826,0.0233587107580805,2.95957113513077e-05
490,2,daughter,,False,3.250358452365473e-05,5.307507822667365e-06,2.6688529572628562e-06,4.356879983467376e-07,5.144221374220898e-06,1.1843139025979655e-06,0.0005111720067998537,1.5206840370677115e-06,0.00022914444123060576,0.019418141577792924,0.00041987952714718686,0.0004903878049248205,1.1235328063870752e-05,5.307507822667365e-06,4.356879983467376e-07,1.1843139025979655e-06,0.00022914444123060576,1.5206840370677115e-06,0.0005111720067998537,0.00041987952714718686,1.1235328063870752e-05
491,0,son,,False,3.150386940813393e-05,4.683888424952456e-06,2.7535691114583474e-06,3.288749065460498e-07,2.1444948420913954e-06,5.77192003016332e-07,0.0005501754542225053,1.6442494559854523e-06,0.00021934444373130447,0.010218037575753522,0.0003678508928875723,0.0005479579113182372,2.6119031909571944e-05,4.683888424952456e-06,3.288749065460498e-07,5.77192003016332e-07,0.00021934444373130447,1.6442494559854523e-06,0.0005501754542225053,0.0003678508928875723,2.6119031909571944e-05
491,1,son,,False,5.8840881855693875e-05,6.502816785764437e-06,1.8925148246037342e-06,3.500854414401442e-07,1.6187581436151335e-06,8.664653147910923e-07,0.0004866096614668337,1.1300808333434096e-06,6.10885510164857e-06,0.0007583355694965269,2.1318756129065198e-05,0.0005398117107140829,1.3552078562406772e-05,6.502816785764437e-06,3.500854414401442e-07,8.664653147910923e-07,6.10885510164857e-06,1.1300808333434096e-06,0.0004866096614668337,2.1318756129065198e-05,1.3552078562406772e-05
491,2,son,,False,2.5315637215092633e-05,3.120191139396651e-06,1.8925148246037342e-06,3.3931448129766124e-07,1.5689549727726036e-06,7.646537350121258e-07,0.0004730397933324441,7.183260399857925e-07,2.97731143841062e-06,0.0007507463408459455,2.234163601827719e-05,0.0005398117107140829,1.8522574326531083e-05,3.120191139396651e-06,3.3931448129766124e-07,7.646537350121258e-07,2.97731143841062e-06,7.183260399857925e-07,0.0004730397933324441,2.234163601827719e-05,1.8522574326531083e-05
492,0,child,,False,0.0006230092919928882,1.1061159714638084e-05,1.3765463368900109e-05,6.144174602214718e-07,2.0785170435063726e-06,7.183260399857925e-07,0.0005667001327988594,3.944258675190877e-06,0.00024277179663959579,0.0007397960144200369,6.46203290719727e-05,0.0004966741009398081,1.7400543552708932e-05,1.1061159714638084e-05,6.144174602214718e-07,7.183260399857925e-07,0.00024277179663959579,3.944258675190877e-06,0.0005667001327988594,6.46203290719727e-05,1.7400543552708932e-05
492,1,child,,False,0.0005539762557696557,3.0534893211185946e-05,7.602479448313689e-06,1.8631746484712008e-06,1.1959857805023158e-05,5.829126566113866e-06,0.0047237832398522375,5.064471653194114e-06,0.00023542387204900095,0.0008935216182967705,3.625900662832244e-05,0.04713056472521023,0.0015940995729907183,3.0534893211185946e-05,1.8631746484712008e-06,5.829126566113866e-06,0.00023542387204900095,5.064471653194114e-06,0.0047237832398522375,3.625900662832244e-05,0.0015940995729907183
492,2,child,,False,4.955359475635505e-05,6.302758756443267e-06,5.225226840386988e-06,3.6119830612765795e-07,2.840974294610978e-06,6.962256250138369e-07,0.007441442925786725,4.469407144215697e-06,0.0003169636621508807,0.0007293448983675676,6.986756664856784e-05,0.0004914519521959942,9.915273115920183e-06,6.302758756443267e-06,3.6119830612765795e-07,6.962256250138369e-07,0.0003169636621508807,4.469407144215697e-06,0.007441442925786725,6.986756664856784e-05,9.915273115920183e-06
493,0,daughter,,False,2.913700606794303e-05,5.829126566113866e-06,3.2192334497037803e-06,4.936988949458183e-07,3.535625074174432e-06,9.223470110117277e-07,0.0004969065909538815,1.8058518261159955e-06,0.00022447266775434924,0.019776323402749808,0.0006003595796571491,0.0005026840819416764,1.3552078562406772e-05,5.829126566113866e-06,4.936988949458183e-07,9.223470110117277e-07,0.00022447266775434924,1.8058518261159955e-06,0.0004969065909538815,0.0006003595796571491,1.3552078562406772e-05
493,1,daughter,,False,3.799845147518645e-05,9.314593042575101e-06,2.0785170435063726e-06,4.6378732973537256e-07,4.006369222920725e-06,1.3007128466476034e-06,0.0005205743222328088,1.7231572752142392e-06,0.00022735757340977805,0.019586378120271697,0.00030994155155094483,0.0005756433412898068,2.305067219931397e-05,9.314593042575101e-06,4.6378732973537256e-07,1.3007128466476034e-06,0.00022735757340977805,1.7231572752142392e-06,0.0005205743222328088,0.00030994155155094483,2.305067219931397e-05
493,2,daughter,,False,0.005089963170947138,4.583129006350382e-05,4.98595821272702e-06,6.962256250138369e-07,2.0785170435063726e-06,7.411279871974134e-07,0.0005853096219832726,3.535625074174432e-06,0.00023360304396588728,0.0006949397826019072,9.761566060239504e-06,0.0159621083699598,2.868540823874629e-05,4.583129006350382e-05,6.962256250138369e-07,7.411279871974134e-07,0.00023360304396588728,3.535625074174432e-06,0.0005853096219832726,9.761566060239504e-06,2.868540823874629e-05
494,0,son,,False,0.000635218674589875,4.305570813246149e-05,1.5843621910252592e-05,3.944258675190877e-06,1.5118199327273332e-05,5.829126566113866e-06,0.0005506238275354633,3.535625074174432e-06,0.0002323101517224571,0.03776883679259123,0.0013742320495902368,0.016148237034082108,6.986756664856784e-05,4.305570813246149e-05,3.944258675190877e-06,5.829126566113866e-06,0.0002323101517224571,3.535625074174432e-06,0.0005506238275354633,0.0013742320495902368,6.986756664856784e-05
494,1,son,,False,4.442183589214344e-05,5.920916517463734e-06,2.840974294610978e-06,4.222833444659923e-07,2.6688529572628562e-06,6.748051590048605e-07,0.000497388037097586,1.0783312222985275e-06,0.00021891431472897835,0.01022496774572234,0.0003765413784673874,0.0005633490590837672,3.682979260160596e-05,5.920916517463734e-06,4.222833444659923e-07,6.748051590048605e-07,0.00021891431472897835,1.0783312222985275e-06,0.000497388037097586,0.0003765413784673874,3.682979260160596e-05
494,2,son,,False,3.150386940813393e-05,7.602479448313689e-06,3.4268490542555014e-06,6.748051590048605e-07,9.610241549947397e-06,2.1782649863110498e-06,0.00046201410865757075,7.646537350121258e-07,3.7636447180974406e-06,0.01973893488772363,0.00046095721793742083,0.0005121306555705326,2.6119031909571944e-05,7.602479448313689e-06,6.748051590048605e-07,2.1782649863110498e-06,3.7636447180974406e-06,7.646537350121258e-07,0.00046201410865757075,0.00046095721793742083,2.6119031909571944e-05
495,0,child,,False,1.8522574326531083e-05,1.1478768127080353e-06,1.8925148246037342e-06,1.3287773439792038e-07,8.664653147910923e-07,2.72647027069593e-07,0.00046901888401438977,6.339210403977636e-07,0.0002126165979895905,0.0007911659505451469,0.0001064962672055945,6.814872211615988e-06,3.2192334497037803e-06,1.1478768127080353e-06,1.3287773439792038e-07,2.72647027069593e-07,0.0002126165979895905,6.339210403977636e-07,0.00046901888401438977,0.0001064962672055945,3.2192334497037803e-06
495,1,child,,False,5.792916699214217e-05,4.832563818725537e-06,3.535625074174432e-06,4.356879983467376e-07,2.840974294610978e-06,6.339210403977636e-07,0.0004726024159923188,1.3846004563753396e-06,0.0002214553186652644,0.0008333216862332929,0.00014325365947100792,0.00048297182378774457,9.028039015031105e-06,4.832563818725537e-06,4.356879983467376e-07,6.339210403977636e-07,0.0002214553186652644,1.3846004563753396e-06,0.0004726024159923188,0.00014325365947100792,9.028039015031105e-06
495,2,child,,False,3.8596609058077356e-05,2.355261854303796e-06,1.7778551863194697e-06,2.4061023397180247e-07,1.1843139025979655e-06,3.84493505874534e-07,0.000468757999308423,3.288749065460498e-07,0.00021239342043348654,3.682979260160596e-05,3.4268490542555014e-06,0.0005166197289884592,1.2339457598623173e-05,2.355261854303796e-06,2.4061023397180247e-07,3.84493505874534e-07,0.00021239342043348654,3.288749065460498e-07,0.000468757999308423,3.4268490542555014e-06,1.2339457598623173e-05
496,0,daughter,,False,1.4653129390717958e-05,4.1335397768930325e-06,2.355261854303796e-06,4.222833444659923e-07,3.5913010679499402e-06,9.818326983657703e-07,0.00047438307922800164,9.516251694168764e-07,0.00021250413756646795,0.020541375440576118,0.001098694263059318,0.0005156936737338665,1.971694219622292e-05,4.1335397768930325e-06,4.222833444659923e-07,9.818326983657703e-07,0.00021250413756646795,9.516251694168764e-07,0.00047438307922800164,0.001098694263059318,1.971694219622292e-05
496,1,daughter,,False,1.4653129390717958e-05,1.5689549727726036e-06,1.0129990980873922e-06,1.2878952156558146e-07,1.1300808333434096e-06,3.089494448007139e-07,0.0004753051800293774,6.240930669504435e-07,0.00021411253592723288,0.00010817152527255935,4.512106237781923e-05,1.1959857805023158e-05,3.120191139396651e-06,1.5689549727726036e-06,1.2878952156558146e-07,3.089494448007139e-07,0.00021411253592723288,6.240930669504435e-07,0.0004753051800293774,4.512106237781923e-05,3.120191139396651e-06
496,2,daughter,,False,3.4062932773341e-05,4.006369222920725e-06,1.9525885208642222e-06,2.994440981371515e-07,2.01456908529364e-06,6.339210403977636e-07,0.00047348232244292843,7.889262586245034e-07,0.00021978822261505042,0.00012644219446392274,3.682979260160596e-05,0.0005185157653543439,1.7400543552708932e-05,4.006369222920725e-06,2.994440981371515e-07,6.339210403977636e-07,0.00021978822261505042,7.889262586245034e-07,0.00047348232244292843,3.682979260160596e-05,1.7400543552708932e-05
497,0,son,,False,2.653023768982879e-05,2.931153855960119e-06,1.670142184809518e-06,3.089494448007139e-07,1.5206840370677115e-06,5.594337713435001e-07,0.0004884380521100645,8.530321297909616e-07,0.0002202460844238597,0.0007911659505451469,7.096703991005882e-05,2.1318756129065198e-05,5.829126566113866e-06,2.931153855960119e-06,3.089494448007139e-07,5.594337713435001e-07,0.0002202460844238597,8.530321297909616e-07,0.0004884380521100645,7.096703991005882e-05,5.829126566113866e-06
497,1,son,,False,3.1999824407395835e-05,5.307507822667365e-06,1.9833367060283617e-06,6.540437226933637e-07,3.944258675190877e-06,1.7231572752142392e-06,0.0005123630051727004,4.495181578513688e-07,0.0002233150331012493,0.0008138567562898873,7.793660930208434e-05,0.0011812131826251435,3.1015598671268335e-05,5.307507822667365e-06,6.540437226933637e-07,1.7231572752142392e-06,0.0002233150331012493,4.495181578513688e-07,0.0005123630051727004,7.793660930208434e-05,3.1015598671268335e-05
497,2,son,,False,8.040859356292355e-05,8.220189478350845e-06,3.5913010679499402e-06,7.646537350121258e-07,1.5206840370677115e-06,7.411279871974134e-07,0.0005497288249495183,1.1659530314852966e-06,0.00023189247385640036,0.0027358596836205874,0.00011160142598430911,0.0012013235565837077,3.150386940813393e-05,8.220189478350845e-06,7.646537350121258e-07,7.411279871974134e-07,0.00023189247385640036,1.1659530314852966e-06,0.0005497288249495183,0.00011160142598430911,3.150386940813393e-05
498,0,child,,False,3.569706350376584e-05,3.4268490542555014e-06,3.169325442919291e-06,2.9023119852110973e-07,1.0129990980873922e-06,3.500854414401442e-07,0.0005081326230993903,1.2606946239951315e-06,0.0002202460844238597,7.096703991005882e-05,4.006369222920725e-06,0.0005493912805431325,1.7400543552708932e-05,3.4268490542555014e-06,2.9023119852110973e-07,3.500854414401442e-07,0.0002202460844238597,1.2606946239951315e-06,0.0005081326230993903,4.006369222920725e-06,1.7400543552708932e-05
498,1,child,,False,8.295891883591029e-05,8.750299760661308e-06,5.829126566113866e-06,9.516251694168764e-07,2.931153855960119e-06,1.6187581436151335e-06,0.0005054879354350698,2.1782649863110498e-06,0.00021891431472897835,0.010459600223602468,6.263341581094202e-05,0.0005756433412898068,2.4923252458203565e-05,8.750299760661308e-06,9.516251694168764e-07,1.6187581436151335e-06,0.00021891431472897835,2.1782649863110498e-06,0.0005054879354350698,6.263341581094202e-05,2.4923252458203565e-05
498,2,child,,False,0.0005906285010799165,2.6947915555885546e-05,5.738759521437678e-06,2.212566909570261e-06,5.307507822667365e-06,2.2827997192887966e-06,0.0047082798146515096,4.908661889889002e-06,0.0002979007248315314,0.0007622196052140348,1.8814207550495463e-05,0.031987071396040206,0.0034482292367455166,2.6947915555885546e-05,2.212566909570261e-06,2.2827997192887966e-06,0.0002979007248315314,4.908661889889002e-06,0.0047082798146515096,1.8814207550495463e-05,0.0034482292367455166
499,0,daughter,,False,0.0005700198491106524,3.9821309061635425e-05,4.757645425657629e-06,1.0783312222985275e-06,6.302758756443267e-06,2.2827997192887966e-06,0.004774971018513231,4.069457790466838e-06,0.00024775071036594654,0.0007161476078247872,7.208380258812108e-05,0.0712897388002727,0.0024701482083376875,3.9821309061635425e-05,1.0783312222985275e-06,2.2827997192887966e-06,0.00024775071036594654,4.069457790466838e-06,0.004774971018513231,7.208380258812108e-05,0.0024701482083376875
499,1,daughter,,False,3.8596609058077356e-05,7.14190139989638e-06,2.931153855960119e-06,5.255395707074638e-07,3.6478537675800286e-06,1.0451548051737735e-06,0.0005588200756561362,2.1782649863110498e-06,0.000245183545228207,0.019776323402749808,0.00039148236056371676,0.0005267203585267405,1.2339457598623173e-05,7.14190139989638e-06,5.255395707074638e-07,1.0451548051737735e-06,0.000245183545228207,2.1782649863110498e-06,0.0005588200756561362,0.00039148236056371676,1.2339457598623173e-05
499,2,daughter,,False,0.0006805796002084943,3.740956047302422e-05,1.3982207564732913e-05,2.4682904407607285e-06,1.488384825728813e-05,5.307507822667365e-06,0.000563414619251184,4.53978687024344e-06,0.0002511935262300754,0.010211160378759361,0.00037072528743862214,0.01013775836411532,4.173157606777201e-05,3.740956047302422e-05,2.4682904407607285e-06,5.307507822667365e-06,0.0002511935262300754,4.53978687024344e-06,0.000563414619251184,0.00037072528743862214,4.173157606777201e-05
500,0,son,,False,2.0988308820313112e-05,2.4300240743279605e-06,2.0785170435063726e-06,2.0580491096133835e-07,3.024195853395102e-06,7.889262586245034e-07,0.000485037465724097,8.939696304799168e-07,0.00021250413756646795,0.0008540336462424981,0.0002182716445345181,0.0004925498553819385,1.7400543552708932e-05,2.4300240743279605e-06,2.0580491096133835e-07,7.889262586245034e-07,0.00021250413756646795,8.939696304799168e-07,0.000485037465724097,0.0002182716445345181,1.7400543552708932e-05
500,1,son,,False,0.00497789573738535,2.737216731838081e-05,9.761566060239504e-06,1.2805474213228684e-06,2.2827997192887966e-06,1.3420013504783412e-06,0.0005379045088107247,2.931153855960119e-06,0.00023942516893991257,0.0029970979054966492,2.653023768982879e-05,0.010254436976187381,1.3765463368900109e-05,2.737216731838081e-05,1.2805474213228684e-06,1.3420013504783412e-06,0.00023942516893991257,2.931153855960119e-06,0.0005379045088107247,2.653023768982879e-05,1.3765463368900109e-05
500,2,son,,False,6.361912109467577e-05,3.2192334497037803e-06,3.6478537675800286e-06,3.1875652166284776e-07,1.1478768127080353e-06,4.222833444659923e-07,0.0004717428775960644,6.339210403977636e-07,0.00021239342043348654,9.110511944006454e-05,8.888084683809127e-06,0.0005096006331304874,9.028039015031105e-06,3.2192334497037803e-06,3.1875652166284776e-07,4.222833444659923e-07,0.00021239342043348654,6.339210403977636e-07,0.0004717428775960644,8.888084683809127e-06,9.028039015031105e-06
501,0,child,,False,1.0554685795431098e-05,9.818326983657703e-07,8.664653147910923e-07,8.851569304133282e-08,8.664653147910923e-07,2.123378462433771e-07,1.7130819343483194e-05,5.255395707074638e-07,0.0002126165979895905,0.00014779429802159512,8.426423087564058e-05,4.53978687024344e-06,2.6688529572628562e-06,9.818326983657703e-07,8.851569304133282e-08,2.123378462433771e-07,0.0002126165979895905,5.255395707074638e-07,1.7130819343483194e-05,8.426423087564058e-05,2.6688529572628562e-06
501,1,child,,False,0.0007657609737105806,1.15919343186331e-05,1.177445922838707e-05,6.962256250138369e-07,2.4682904407607285e-06,5.955139348629957e-07,0.0005077084980278276,1.9223170236538178e-06,0.00023736206057396741,0.002965203459775424,0.00017007224114352882,0.0005026840819416764,6.40200641038395e-06,1.15919343186331e-05,6.962256250138369e-07,5.955139348629957e-07,0.00023736206057396741,1.9223170236538178e-06,0.0005077084980278276,0.00017007224114352882,6.40200641038395e-06
501,2,child,,False,5.7031570707833595e-05,4.683888424952456e-06,1.8925148246037342e-06,2.72647027069593e-07,1.2606946239951315e-06,6.748051590048605e-07,0.0004656631292580584,6.048918580418918e-07,5.307507822667365e-06,0.00012255674483830522,8.349627818261147e-06,0.0005508471799444582,9.915273115920183e-06,4.683888424952456e-06,2.72647027069593e-07,6.748051590048605e-07,5.307507822667365e-06,6.048918580418918e-07,0.0004656631292580584,8.349627818261147e-06,9.915273115920183e-06
502,0,daughter,,False,1.7952796934677738e-05,3.321419494792514e-06,1.1478768127080353e-06,2.4061023397180247e-07,3.2699273422345685e-06,7.411279871974134e-07,0.0005174770815890978,1.5689549727726036e-06,0.000223597696961234,0.0001597845494017344,0.00014325365947100792,0.00048644850322948033,1.2731104162213555e-05,3.321419494792514e-06,2.4061023397180247e-07,7.411279871974134e-07,0.000223597696961234,1.5689549727726036e-06,0.0005174770815890978,0.00014325365947100792,1.2731104162213555e-05
502,1,daughter,,False,3.799845147518645e-05,4.98595821272702e-06,2.0785170435063726e-06,2.72647027069593e-07,1.9223170236538178e-06,4.78509449489012e-07,0.0004957192836172622,1.4285517650093407e-06,0.00021912769953547168,0.002851410837716049,2.868540823874629e-05,0.0004893563764018274,9.610241549947397e-06,4.98595821272702e-06,2.72647027069593e-07,4.78509449489012e-07,0.00021912769953547168,1.4285517650093407e-06,0.0004957192836172622,2.868540823874629e-05,9.610241549947397e-06
502,2,daughter,,False,0.0007361007870018547,4.512106237781923e-05,1.2339457598623173e-05,1.5689549727726036e-06,5.649793328376294e-06,2.5466403947055455e-06,0.0005391105597924047,3.822911232549001e-06,0.000223597696961234,0.0029970979054966492,0.00029810327298548977,0.01614233951140147,0.0015619735921627608,4.512106237781923e-05,1.5689549727726036e-06,2.5466403947055455e-06,0.000223597696961234,3.822911232549001e-06,0.0005391105597924047,0.00029810327298548977,0.0015619735921627608
503,0,son,,False,0.00010162440410680168,7.484622751061123e-06,1.2731104162213555e-05,7.646537350121258e-07,2.5466403947055455e-06,1.0783312222985275e-06,0.0005078495974182844,1.7778551863194697e-06,0.00022303674997692745,0.0027941453403890646,0.00015487610942879803,0.0005194862076891146,1.3982207564732913e-05,7.484622751061123e-06,7.646537350121258e-07,1.0783312222985275e-06,0.00022303674997692745,1.7778551863194697e-06,0.0005078495974182844,0.00015487610942879803,1.3982207564732913e-05
503,1,son,,False,7.793660930208434e-05,1.0391067562761452e-05,4.331903899346328e-06,7.183260399857925e-07,1.8342893327886845e-06,1.0451548051737735e-06,0.0005401264324566355,1.8631746484712008e-06,0.00022170870641199087,0.0028261078542871536,2.571419797957771e-05,0.0011812131826251435,2.8240807799315707e-05,1.0391067562761452e-05,7.183260399857925e-07,1.0451548051737735e-06,0.00022170870641199087,1.8631746484712008e-06,0.0005401264324566355,2.571419797957771e-05,2.8240807799315707e-05
503,2,son,,False,0.0005617480965584138,1.5118199327273332e-05,6.10885510164857e-06,9.223470110117277e-07,3.321419494792514e-06,1.9525885208642222e-06,0.0005347564852921493,1.7502925788778209e-06,0.0002214553186652644,0.01040826973575264,7.67292412858718e-05,0.0011516002696433543,2.0988308820313112e-05,1.5118199327273332e-05,9.223470110117277e-07,1.9525885208642222e-06,0.0002214553186652644,1.7502925788778209e-06,0.0005347564852921493,7.67292412858718e-05,2.0988308820313112e-05
504,0,child,,False,0.0006620400451320043,0.0007949155833500293,1.535623976496012e-05,6.814872211615988e-06,1.2148175280558357e-05,8.349627818261147e-06,0.004828035688948182,0.000214407938766389,0.0002679956519775136,0.09828692585378465,0.002211658880207952,0.12370950172237773,0.0024475782578226328,0.0007949155833500293,6.814872211615988e-06,8.349627818261147e-06,0.0002679956519775136,0.000214407938766389,0.004828035688948182,0.002211658880207952,0.0024475782578226328
504,1,child,,False,8.830458477845481e-05,2.0342697805520655e-05,3.822911232549001e-06,3.9054837391123835e-07,2.2827997192887966e-06,3.9669859149467314e-07,0.014877492707612166,0.00022216217727799445,0.0003835818684032108,0.00013250224172131609,7.722191834067996e-06,0.0011812131826251435,3.569706350376584e-05,2.0342697805520655e-05,3.9054837391123835e-07,3.9669859149467314e-07,0.0003835818684032108,0.00022216217727799445,0.014877492707612166,7.722191834067996e-06,3.569706350376584e-05
504,2,child,,False,3.150386940813393e-05,4.683888424952456e-06,3.8831109868779005e-06,5.422218970016178e-07,3.2699273422345685e-06,1.1125607488784412e-06,0.0005146468316961163,1.4510478554719287e-06,0.00022805562191617214,0.0030305010247946448,0.00023596606820630445,0.0005026840819416764,1.3135179706526775e-05,4.683888424952456e-06,5.422218970016178e-07,1.1125607488784412e-06,0.00022805562191617214,1.4510478554719287e-06,0.0005146468316961163,0.00023596606820630445,1.3135179706526775e-05
505,0,daughter,,False,5.527786369235996e-05,9.170196905195049e-06,3.6478537675800286e-06,6.540437226933637e-07,3.2699273422345685e-06,1.5206840370677115e-06,0.000499852431416165,1.8631746484712008e-06,0.0002263505449868847,0.019369630193220477,0.000433150202056399,0.0005493912805431325,2.453694805426225e-05,9.170196905195049e-06,6.540437226933637e-07,1.5206840370677115e-06,0.0002263505449868847,1.8631746484712008e-06,0.000499852431416165,0.000433150202056399,2.453694805426225e-05
505,1,daughter,,False,1.971694219622292e-05,2.4300240743279605e-06,1.5206840370677115e-06,1.2878952156558146e-07,1.4738981974494932e-06,3.500854414401442e-07,0.0004669877403758759,9.666109404131067e-07,0.00021250413756646795,0.0028344121635247347,0.00025114635138098534,9.170196905195049e-06,7.0311842669149565e-06,2.4300240743279605e-06,1.2878952156558146e-07,3.500854414401442e-07,0.00021250413756646795,9.666109404131067e-07,0.0004669877403758759,0.00025114635138098534,7.0311842669149565e-06
505,2,daughter,,False,3.1015598671268335e-05,6.922183404468203e-06,2.4300240743279605e-06,5.77192003016332e-07,3.024195853395102e-06,1.3007128466476034e-06,0.0005070071141709016,9.818326983657703e-07,0.00022668099229563676,0.010238988609384374,0.00023967308701289605,0.0005166197289884592,1.6865275398914433e-05,6.922183404468203e-06,5.77192003016332e-07,1.3007128466476034e-06,0.00022668099229563676,9.818326983657703e-07,0.0005070071141709016,0.00023967308701289605,1.6865275398914433e-05
506,0,son,,False,6.563728324346652e-05,6.709224499600877e-06,1.6187581436151335e-06,2.6425858208426533e-07,1.3007128466476034e-06,4.0929110499856e-07,0.0005552049907809147,1.5936620247162786e-06,0.000249784072058715,0.0007507463408459455,6.771942330385674e-05,0.0005398117107140829,1.7952796934677738e-05,6.709224499600877e-06,2.6425858208426533e-07,4.0929110499856e-07,0.000249784072058715,1.5936620247162786e-06,0.0005552049907809147,6.771942330385674e-05,1.7952796934677738e-05
506,1,son,,False,2.653023768982879e-05,4.1335397768930325e-06,2.931153855960119e-06,2.994440981371515e-07,2.2474089854291757e-06,7.646537350121258e-07,0.0005516390793719279,1.2606946239951315e-06,0.00023273440348495238,0.010145215860635945,0.0003027835024568379,0.0004948512433533591,1.2339457598623173e-05,4.1335397768930325e-06,2.994440981371515e-07,7.646537350121258e-07,0.00023273440348495238,1.2606946239951315e-06,0.0005516390793719279,0.0003027835024568379,1.2339457598623173e-05
506,2,son,,False,4.802972318863164e-05,8.092757566536092e-06,3.8831109868779005e-06,4.6378732973537256e-07,3.7636447180974406e-06,8.939696304799168e-07,0.00481778947879851,5.225226840386988e-06,0.0004323091016152656,0.0008648818595419032,6.667023092435894e-05,0.0005569032319691715,1.2731104162213555e-05,8.092757566536092e-06,4.6378732973537256e-07,8.939696304799168e-07,0.0004323091016152656,5.225226840386988e-06,0.00481778947879851,6.667023092435894e-05,1.2731104162213555e-05
507,0,child,,False,5.357805383473943e-05,1.5843621910252592e-05,7.14190139989638e-06,1.4285517650093407e-06,5.225226840386988e-06,3.6478537675800286e-06,0.01190982544200116,0.0002135953339111656,0.0002699825652385443,0.01982751147780615,0.0005021149947632315,0.016085794922765097,0.0015830764768931798,1.5843621910252592e-05,1.4285517650093407e-06,3.6478537675800286e-06,0.0002699825652385443,0.0002135953339111656,0.01190982544200116,0.0005021149947632315,0.0015830764768931798
507,1,child,,False,3.250358452365473e-05,3.7636447180974406e-06,1.6187581436151335e-06,2.0580491096133835e-07,2.0462932829931794e-06,3.9669859149467314e-07,0.0005113198674311622,1.1843139025979655e-06,0.00022222751156548602,0.0007327745561277882,5.8840881855693875e-05,0.0005041382353302037,1.442598644847886e-05,3.7636447180974406e-06,2.0580491096133835e-07,3.9669859149467314e-07,0.00022222751156548602,1.1843139025979655e-06,0.0005113198674311622,5.8840881855693875e-05,1.442598644847886e-05
507,2,child,,False,5.357805383473943e-05,8.61465062380632e-06,2.0785170435063726e-06,4.356879983467376e-07,2.3187477504664324e-06,5.955139348629957e-07,0.0005473032375160875,1.6187581436151335e-06,0.000223597696961234,0.003002558463671854,0.00021489492836254285,0.0006117289013069706,3.9821309061635425e-05,8.61465062380632e-06,4.356879983467376e-07,5.955139348629957e-07,0.000223597696961234,1.6187581436151335e-06,0.0005473032375160875,0.00021489492836254285,3.9821309061635425e-05
508,0,daughter,,False,1.7674513810355872e-05,2.212566909570261e-06,1.1125607488784412e-06,1.0348531401872454e-07,1.6442494559854523e-06,2.1907815825757866e-07,0.0004788771226696619,9.368717268777097e-07,0.0002263505449868847,0.0007470393220393539,0.00011160142598430911,1.0071400221737608e-05,4.53978687024344e-06,2.212566909570261e-06,1.0348531401872454e-07,2.1907815825757866e-07,0.0002263505449868847,9.368717268777097e-07,0.0004788771226696619,0.00011160142598430911,4.53978687024344e-06
508,1,daughter,,False,6.986756664856784e-05,2.199533724320648e-05,4.400118457925303e-06,1.1478768127080353e-06,6.40200641038395e-06,1.670142184809518e-06,0.004740960725364183,5.144221374220898e-06,0.00027744603875469264,0.02007795496937836,0.000498226973042126,0.01014076963630073,5.9766937110286536e-05,2.199533724320648e-05,1.1478768127080353e-06,1.670142184809518e-06,0.00027744603875469264,5.144221374220898e-06,0.004740960725364183,0.000498226973042126,5.9766937110286536e-05
508,2,daughter,,False,0.0005414888098175762,1.8522574326531083e-05,4.53978687024344e-06,1.2219076020491008e-06,4.61127481426412e-06,1.7778551863194697e-06,0.0005003569527817763,1.2805474213228684e-06,0.0002204804354938449,0.0029970979054966492,0.0002434382008505326,0.021638226489493314,0.0015787084252251885,1.8522574326531083e-05,1.2219076020491008e-06,1.7778551863194697e-06,0.0002204804354938449,1.2805474213228684e-06,0.0005003569527817763,0.0002434382008505326,0.0015787084252251885
509,0,son,,False,4.583129006350382e-05,5.475976980449466e-06,3.822911232549001e-06,4.6378732973537256e-07,2.01456908529364e-06,9.818326983657703e-07,0.0005190929006620051,1.0129990980873922e-06,0.00022417644371706703,0.0065976353770408145,0.00046095721793742083,0.00048465588826592415,7.722191834067996e-06,5.475976980449466e-06,4.6378732973537256e-07,9.818326983657703e-07,0.00022417644371706703,1.0129990980873922e-06,0.0005190929006620051,0.00046095721793742083,7.722191834067996e-06
509,1,son,,False,6.771942330385674e-05,8.481104172358076e-06,4.264746818557914e-06,6.962256250138369e-07,4.61127481426412e-06,1.1125607488784412e-06,0.004669342266206734,2.6688529572628562e-06,0.0002651291732768581,0.01022496774572234,0.0003123648599853311,0.0005347894011802569,2.95957113513077e-05,8.481104172358076e-06,6.962256250138369e-07,1.1125607488784412e-06,0.0002651291732768581,2.6688529572628562e-06,0.004669342266206734,0.0003123648599853311,2.95957113513077e-05
509,2,son,,False,3.1999824407395835e-05,5.064471653194114e-06,2.1444948420913954e-06,4.0929110499856e-07,2.2827997192887966e-06,9.516251694168764e-07,0.0005116164551572448,2.796930302582677e-06,0.00022170870641199087,0.010260427308971731,0.00041339680904524455,0.0005026840819416764,1.1959857805023158e-05,5.064471653194114e-06,4.0929110499856e-07,9.516251694168764e-07,0.00022170870641199087,2.796930302582677e-06,0.0005116164551572448,0.00041339680904524455,1.1959857805023158e-05
510,0,child,,False,5.614787461400803e-05,8.220189478350845e-06,3.321419494792514e-06,6.339210403977636e-07,2.6688529572628562e-06,9.223470110117277e-07,0.00046201410865757075,5.594337713435001e-07,5.738759521437678e-06,0.0027358596836205874,0.00013045066466158166,0.0005437895311587944,1.0229985472581487e-05,8.220189478350845e-06,6.339210403977636e-07,9.223470110117277e-07,5.738759521437678e-06,5.594337713435001e-07,0.00046201410865757075,0.00013045066466158166,1.0229985472581487e-05
510,1,child,,False,8.167381046669487e-05,2.0988308820313112e-05,6.922183404468203e-06,2.5071593847983196e-06,6.10885510164857e-06,1.8925148246037342e-06,0.004777760020480364,3.120191139396651e-06,0.0002679956519775136,0.010367256280573566,0.0003429603924094487,0.016085794922765097,0.0015892277098919255,2.0988308820313112e-05,2.5071593847983196e-06,1.8925148246037342e-06,0.0002679956519775136,3.120191139396651e-06,0.004777760020480364,0.0003429603924094487,0.0015892277098919255
510,2,child,,False,4.655269187520153e-05,5.649793328376294e-06,2.5071593847983196e-06,5.77192003016332e-07,1.8342893327886845e-06,6.339210403977636e-07,0.00047737871137815444,1.1125607488784412e-06,0.00021642339588120966,0.01981456914013987,0.00026112476034906567,0.0005071863494234538,2.0988308820313112e-05,5.649793328376294e-06,5.77192003016332e-07,6.339210403977636e-07,0.00021642339588120966,1.1125607488784412e-06,0.00047737871137815444,0.00026112476034906567,2.0988308820313112e-05
511,0,daughter,,False,0.0005449187105293259,2.305067219931397e-05,1.5598027633743823e-05,2.5466403947055455e-06,3.705296977158347e-06,1.4285517650093407e-06,0.0005283842085654113,2.4682904407607285e-06,0.00024162124279489402,0.019948492225580365,0.0006538824977235005,0.001208455080896534,3.9821309061635425e-05,2.305067219931397e-05,2.5466403947055455e-06,1.4285517650093407e-06,0.00024162124279489402,2.4682904407607285e-06,0.0005283842085654113,0.0006538824977235005,3.9821309061635425e-05
511,1,daughter,,False,0.0005931018339467512,0.0007534463243833559,3.1015598671268335e-05,7.967300986103147e-06,7.484622751061123e-06,3.024195853395102e-06,0.014641957657085284,0.0002135953339111656,0.00041693257622588294,0.01939851507928994,0.00035936025814200905,0.023444435314685402,0.0024141732699500536,0.0007534463243833559,7.967300986103147e-06,3.024195853395102e-06,0.00041693257622588294,0.0002135953339111656,0.014641957657085284,0.00035936025814200905,0.0024141732699500536
511,2,daughter,,False,2.0988308820313112e-05,3.4268490542555014e-06,2.840974294610978e-06,2.6425858208426533e-07,1.9833367060283617e-06,6.339210403977636e-07,0.0004820365628429435,1.3846004563753396e-06,0.00022096026380031539,0.019438069162517783,0.0005099818302953418,0.000480266374355812,8.481104172358076e-06,3.4268490542555014e-06,2.6425858208426533e-07,6.339210403977636e-07,0.00022096026380031539,1.3846004563753396e-06,0.0004820365628429435,0.0005099818302953418,8.481104172358076e-06
512,0,son,,False,5.614787461400803e-05,9.761566060239504e-06,1.2731104162213555e-05,1.6187581436151335e-06,3.120191139396651e-06,1.0783312222985275e-06,0.0005234444916153969,1.4064044342149064e-06,0.00022805562191617214,0.010145215860635945,0.0003027835024568379,0.000571992748445894,3.740956047302422e-05,9.761566060239504e-06,1.6187581436151335e-06,1.0783312222985275e-06,0.00022805562191617214,1.4064044342149064e-06,0.0005234444916153969,0.0003027835024568379,3.740956047302422e-05
512,1,son,,False,0.0007505855687935357,0.0007743513629776067,3.514382632807918e-05,6.302758756443267e-06,7.843789122138342e-06,5.475976980449466e-06,0.014897698570583323,0.00021990615073523608,0.0003728021665375835,0.01932293225576745,0.000439941316273649,0.023019261758539952,0.0023951302232741774,0.0007743513629776067,6.302758756443267e-06,5.475976980449466e-06,0.0003728021665375835,0.00021990615073523608,0.014897698570583323,0.000439941316273649,0.0023951302232741774
512,2,son,,False,1.6865275398914433e-05,2.840974294610978e-06,1.7231572752142392e-06,1.5534977545950122e-07,2.97731143841062e-06,5.422218970016178e-07,0.000474995410586757,7.296379465971514e-07,0.00021196745065203636,0.0008760719569540332,0.00014325365947100792,0.0004909157246515137,1.6346470245419304e-05,2.840974294610978e-06,1.5534977545950122e-07,5.422218970016178e-07,0.00021196745065203636,7.296379465971514e-07,0.000474995410586757,0.00014325365947100792,1.6346470245419304e-05
513,0,child,,False,1.6603846953733614e-05,3.321419494792514e-06,3.535625074174432e-06,4.222833444659923e-07,6.709224499600877e-06,1.2606946239951315e-06,8.682210299865954e-06,3.726639284186561e-07,1.9833367060283617e-06,0.0007259681821955923,0.00013670256456563558,1.941131867789626e-05,8.750299760661308e-06,3.321419494792514e-06,4.222833444659923e-07,1.2606946239951315e-06,1.9833367060283617e-06,3.726639284186561e-07,8.682210299865954e-06,0.00013670256456563558,8.750299760661308e-06
513,1,child,,False,7.554056327295277e-05,1.0720880092159908e-05,3.120191139396651e-06,3.6119830612765795e-07,2.5071593847983196e-06,4.356879983467376e-07,0.0004950179375921885,2.586743108135441e-06,0.0002154336363883092,0.01962026187455833,0.00035936025814200905,0.0005335820331640444,2.453694805426225e-05,1.0720880092159908e-05,3.6119830612765795e-07,4.356879983467376e-07,0.0002154336363883092,2.586743108135441e-06,0.0004950179375921885,0.00035936025814200905,2.453694805426225e-05
513,2,child,,False,6.166297347617125e-05,1.0889691002655445e-05,3.321419494792514e-06,7.646537350121258e-07,3.535625074174432e-06,1.5206840370677115e-06,0.0005303997940927048,1.3007128466476034e-06,0.00023360304396588728,0.01960888153610577,0.0004573864277626819,0.0011435787590044176,4.373344035182828e-05,1.0889691002655445e-05,7.646537350121258e-07,1.5206840370677115e-06,0.00023360304396588728,1.3007128466476034e-06,0.0005303997940927048,0.0004573864277626819,4.373344035182828e-05
514,0,daughter,,False,2.571419797957771e-05,4.53978687024344e-06,4.006369222920725e-06,4.78509449489012e-07,2.931153855960119e-06,1.0451548051737735e-06,0.000502807927345848,1.3007128466476034e-06,0.00022249305551005476,0.019332129976114457,0.00034564096680654295,0.0005034054837533741,1.0554685795431098e-05,4.53978687024344e-06,4.78509449489012e-07,1.0451548051737735e-06,0.00022249305551005476,1.3007128466476034e-06,0.000502807927345848,0.00034564096680654295,1.0554685795431098e-05
514,1,daughter,,False,4.238847419937498e-05,1.3342001090985438e-05,4.1335397768930325e-06,1.3007128466476034e-06,3.535625074174432e-06,1.3420013504783412e-06,0.004734305853407978,2.5071593847983196e-06,0.00024581038595077964,0.02031413728428348,0.0010489091259938018,0.010120172874311722,7.321812616608614e-05,1.3342001090985438e-05,1.3007128466476034e-06,1.3420013504783412e-06,0.00024581038595077964,2.5071593847983196e-06,0.004734305853407978,0.0010489091259938018,7.321812616608614e-05
514,2,daughter,,False,3.569706350376584e-05,6.10885510164857e-06,1.7778551863194697e-06,2.8130174840733105e-07,4.908661889889002e-06,7.646537350121258e-07,0.0004799057068598854,1.2219076020491008e-06,0.00022096026380031539,0.0007622196052140348,0.00014325365947100792,0.00048465588826592415,7.967300986103147e-06,6.10885510164857e-06,2.8130174840733105e-07,7.646537350121258e-07,0.00022096026380031539,1.2219076020491008e-06,0.0004799057068598854,0.00014325365947100792,7.967300986103147e-06
515,0,son,,False,1.6603846953733614e-05,3.2192334497037803e-06,1.5206840370677115e-06,1.4144759985825914e-07,1.6442494559854523e-06,5.093705003229987e-07,0.000477215447035514,1.1300808333434096e-06,0.0002270166411560819,0.00013458604012970922,5.4421326243255744e-05,0.0004914519521959942,8.220189478350845e-06,3.2192334497037803e-06,1.4144759985825914e-07,5.093705003229987e-07,0.0002270166411560819,1.1300808333434096e-06,0.000477215447035514,5.4421326243255744e-05,8.220189478350845e-06
515,1,son,,True,0.0008217649394215974,0.0009014891076672601,5.7031570707833595e-05,2.0342697805520655e-05,1.971694219622292e-05,1.971694219622292e-05,0.007445451666096224,0.00021871232492480899,0.00029095229984109426,0.020731755870913186,0.00029810327298548977,0.42063049147949594,0.04982331838289875,0.0009014891076672601,2.0342697805520655e-05,1.971694219622292e-05,0.00029095229984109426,0.00021871232492480899,0.007445451666096224,0.00029810327298548977,0.04982331838289875
515,2,son,,False,7.916296072837432e-05,1.3342001090985438e-05,5.475976980449466e-06,1.3420013504783412e-06,6.205049602300744e-06,2.5071593847983196e-06,0.0005251778033349358,1.8925148246037342e-06,0.00022668099229563676,0.020347679031341454,0.0006903838071221878,0.0006191494980250567,3.0534893211185946e-05,1.3342001090985438e-05,1.3420013504783412e-06,2.5071593847983196e-06,0.00022668099229563676,1.8925148246037342e-06,0.0005251778033349358,0.0006903838071221878,3.0534893211185946e-05
516,0,child,,False,0.0005449187105293259,2.571419797957771e-05,5.562206273647035e-06,1.5446309562386385e-06,3.822911232549001e-06,1.7231572752142392e-06,0.0005988920088332695,2.840974294610978e-06,0.00023889724921321938,0.02007795496937836,0.00035380860570885373,0.010095282373833598,4.044814978420809e-05,2.571419797957771e-05,1.5446309562386385e-06,1.7231572752142392e-06,0.00023889724921321938,2.840974294610978e-06,0.0005988920088332695,0.00035380860570885373,4.044814978420809e-05
516,1,child,,False,0.0005700198491106524,3.514382632807918e-05,2.1654404989510328e-05,6.709224499600877e-06,7.722191834067996e-06,3.2192334497037803e-06,0.004700233332789922,2.796930302582677e-06,0.00026064009985893153,0.01960888153610577,0.00037072528743862214,0.0216605028205612,0.0015845785025633825,3.514382632807918e-05,6.709224499600877e-06,3.2192334497037803e-06,0.00026064009985893153,2.796930302582677e-06,0.004700233332789922,0.00037072528743862214,0.0015845785025633825
516,2,child,,False,5.614787461400803e-05,1.7674513810355872e-05,4.264746818557914e-06,1.0129990980873922e-06,4.400118457925303e-06,1.7231572752142392e-06,0.004721009853274992,5.064471653194114e-06,0.0002581100774188864,0.09675188012545072,0.0024609928625961945,0.0006117289013069706,5.112579049909173e-05,1.7674513810355872e-05,1.0129990980873922e-06,1.7231572752142392e-06,0.0002581100774188864,5.064471653194114e-06,0.004721009853274992,0.0024609928625961945,5.112579049909173e-05
517,0,daughter,,False,0.000804042571983639,0.000764134176979379,1.1061159714638084e-05,2.4300240743279605e-06,7.2543618230189156e-06,3.169325442919291e-06,0.0004866096614668337,2.7535691114583474e-06,0.00023360304396588728,0.00018102110262026484,0.00010005044009099887,0.022735656113945613,5.7031570707833595e-05,0.000764134176979379,2.4300240743279605e-06,3.169325442919291e-06,0.00023360304396588728,2.7535691114583474e-06,0.0004866096614668337,0.00010005044009099887,5.7031570707833595e-05
517,1,daughter,,False,0.005063865979317829,0.0007980391577823239,9.915273115920183e-06,3.2699273422345685e-06,6.709224499600877e-06,3.2699273422345685e-06,0.0004838901135969594,1.4738981974494932e-06,0.00021713669539495865,0.02102311084576229,0.0007937994101407321,0.01632587434337637,5.9766937110286536e-05,0.0007980391577823239,3.2699273422345685e-06,3.2699273422345685e-06,0.00021713669539495865,1.4738981974494932e-06,0.0004838901135969594,0.0007937994101407321,5.9766937110286536e-05
517,2,daughter,,False,0.0006259907508777644,3.625900662832244e-05,1.0554685795431098e-05,2.6688529572628562e-06,9.170196905195049e-06,5.144221374220898e-06,0.004663047677396701,3.373722476473661e-06,0.00024050606249465076,0.021089554080243978,0.0009708476481474067,0.022873659092585756,0.0015940995729907183,3.625900662832244e-05,2.6688529572628562e-06,5.144221374220898e-06,0.00024050606249465076,3.373722476473661e-06,0.004663047677396701,0.0009708476481474067,0.0015940995729907183
518,0,son,,False,2.6119031909571944e-05,4.400118457925303e-06,1.7778551863194697e-06,2.4824800371656586e-07,1.5689549727726036e-06,5.422218970016178e-07,0.0005960492704574502,3.705296977158347e-06,0.00028577082972949515,3.1999824407395835e-05,1.3765463368900109e-05,0.0005079785823772643,1.3982207564732913e-05,4.400118457925303e-06,2.4824800371656586e-07,5.422218970016178e-07,0.00028577082972949515,3.705296977158347e-06,0.0005960492704574502,1.3765463368900109e-05,1.3982207564732913e-05
518,1,son,,False,4.955359475635505e-05,9.461262661302227e-06,3.321419494792514e-06,7.183260399857925e-07,2.840974294610978e-06,1.3007128466476034e-06,0.0005430241115911696,1.6964426510543331e-06,0.000226025218654955,0.01973893488772363,0.000530189486940215,0.0006117289013069706,2.868540823874629e-05,9.461262661302227e-06,7.183260399857925e-07,1.3007128466476034e-06,0.000226025218654955,1.6964426510543331e-06,0.0005430241115911696,0.000530189486940215,2.868540823874629e-05
518,2,son,,False,5.4421326243255744e-05,5.225226840386988e-06,3.169325442919291e-06,2.332074525844782e-07,2.355261854303796e-06,4.78509449489012e-07,0.0016243392434562558,4.198630823683514e-06,0.0002763292760766304,0.0007259681821955923,4.7285443452031076e-05,0.0004883566612863065,9.314593042575101e-06,5.225226840386988e-06,2.332074525844782e-07,4.78509449489012e-07,0.0002763292760766304,4.198630823683514e-06,0.0016243392434562558,4.7285443452031076e-05,9.314593042575101e-06
519,0,child,,False,0.0007762776769544655,0.000782004817350045,8.349627818261147e-06,4.264746818557914e-06,2.6947915555885546e-05,1.3552078562406772e-05,0.004672062660465443,0.0002120401266247001,0.0002709995194100381,0.00012644219446392274,2.453694805426225e-05,0.18495430728407947,0.005500923659383607,0.000782004817350045,4.264746818557914e-06,1.3552078562406772e-05,0.0002709995194100381,0.0002120401266247001,0.004672062660465443,2.453694805426225e-05,0.005500923659383607
519,1,child,,False,1.9110431587777674e-05,1.7231572752142392e-06,1.5446309562386385e-06,2.2603242979035749e-07,9.223470110117277e-07,4.78509449489012e-07,0.0004612986854919548,4.0929110499856e-07,3.7636447180974406e-06,3.514382632807918e-05,3.535625074174432e-06,0.0004999085000106341,8.750299760661308e-06,1.7231572752142392e-06,2.2603242979035749e-07,4.78509449489012e-07,3.7636447180974406e-06,4.0929110499856e-07,0.0004612986854919548,3.535625074174432e-06,8.750299760661308e-06
519,2,child,,False,0.000595613990691901,0.0007499928075102617,5.562206273647035e-06,2.710880136557205e-06,6.205049602300744e-06,4.1335397768930325e-06,0.004725486624590418,3.169325442919291e-06,0.0002581100774188864,0.00015247863912257493,5.112579049909173e-05,0.07121183447751929,0.0015787084252251885,0.0007499928075102617,2.710880136557205e-06,4.1335397768930325e-06,0.0002581100774188864,3.169325442919291e-06,0.004725486624590418,5.112579049909173e-05,0.0015787084252251885
520,0,daughter,,False,9.399438806628559e-05,3.9821309061635425e-05,4.331903899346328e-06,2.355261854303796e-06,1.5598027633743823e-05,8.750299760661308e-06,0.014602325440725985,0.00021276919924655138,0.0003508685300198559,0.010477239776896663,0.0006692850924284856,0.12506732236137327,0.016024052137333433,3.9821309061635425e-05,2.355261854303796e-06,8.750299760661308e-06,0.0003508685300198559,0.00021276919924655138,0.014602325440725985,0.0006692850924284856,0.016024052137333433
520,1,daughter,,False,2.868540823874629e-05,4.832563818725537e-06,2.586743108135441e-06,4.78509449489012e-07,1.8058518261159955e-06,6.962256250138369e-07,0.0004813151610312458,7.889262586245034e-07,0.0002219660831203052,0.0030654830851861575,0.00024726231566347745,0.000510430845712912,1.6346470245419304e-05,4.832563818725537e-06,4.78509449489012e-07,6.962256250138369e-07,0.0002219660831203052,7.889262586245034e-07,0.0004813151610312458,0.00024726231566347745,1.6346470245419304e-05
520,2,daughter,,False,1.8814207550495463e-05,2.2827997192887966e-06,1.0129990980873922e-06,1.2878952156558146e-07,1.0129990980873922e-06,2.6425858208426533e-07,0.00048680965944992766,6.144174602214718e-07,0.00021695417048520467,0.0007397960144200369,8.559006367452268e-05,0.00048738768508935855,9.314593042575101e-06,2.2827997192887966e-06,1.2878952156558146e-07,2.6425858208426533e-07,0.00021695417048520467,6.144174602214718e-07,0.00048680965944992766,8.559006367452268e-05,9.314593042575101e-06
521,0,son,,False,4.583129006350382e-05,7.722191834067996e-06,2.7535691114583474e-06,5.77192003016332e-07,2.97731143841062e-06,1.0451548051737735e-06,0.0005135727299760099,1.8058518261159955e-06,0.0002323101517224571,0.020634799610223534,0.0007518718061432194,0.0005633490590837672,3.353501304664781e-05,7.722191834067996e-06,5.77192003016332e-07,1.0451548051737735e-06,0.0002323101517224571,1.8058518261159955e-06,0.0005135727299760099,0.0007518718061432194,3.353501304664781e-05
521,1,son,,False,0.0006416143628495969,3.9821309061635425e-05,9.610241549947397e-06,1.8058518261159955e-06,4.832563818725537e-06,3.4268490542555014e-06,0.004750591323128602,4.757645425657629e-06,0.00024709381223434357,0.0007193703321376295,3.4062932773341e-05,0.1529430175917454,0.002480599324390157,3.9821309061635425e-05,1.8058518261159955e-06,3.4268490542555014e-06,0.00024709381223434357,4.757645425657629e-06,0.004750591323128602,3.4062932773341e-05,0.002480599324390157
521,2,son,,False,2.1654404989510328e-05,4.006369222920725e-06,2.2827997192887966e-06,2.4061023397180247e-07,3.4268490542555014e-06,8.939696304799168e-07,0.0006032506028415528,2.710880136557205e-06,0.00030698664027337325,0.0008540336462424981,9.850082967450695e-05,0.0004999085000106341,8.750299760661308e-06,4.006369222920725e-06,2.4061023397180247e-07,8.939696304799168e-07,0.00030698664027337325,2.710880136557205e-06,0.0006032506028415528,9.850082967450695e-05,8.750299760661308e-06
522,0,child,,False,4.7285443452031076e-05,4.908661889889002e-06,4.331903899346328e-06,4.0929110499856e-07,1.0783312222985275e-06,3.726639284186561e-07,0.000492738529130986,1.363134508591315e-06,0.00021439027518160267,8.167381046669487e-05,8.349627818261147e-06,0.0005538279886564313,1.7952796934677738e-05,4.908661889889002e-06,4.0929110499856e-07,3.726639284186561e-07,0.00021439027518160267,1.363134508591315e-06,0.000492738529130986,8.349627818261147e-06,1.7952796934677738e-05
522,1,child,,False,0.0005484572411127382,2.4156629828672456e-05,4.006369222920725e-06,7.071895057311757e-07,4.61127481426412e-06,1.2606946239951315e-06,0.08030313005011983,0.00022628109184047356,0.008154783538611945,0.0007259681821955923,2.453694805426225e-05,0.0012860803801843506,2.7803096387751555e-05,2.4156629828672456e-05,7.071895057311757e-07,1.2606946239951315e-06,0.008154783538611945,0.00022628109184047356,0.08030313005011983,2.453694805426225e-05,2.7803096387751555e-05
522,2,child,,False,0.0005788235783983012,2.95957113513077e-05,6.709224499600877e-06,1.8342893327886845e-06,5.225226840386988e-06,2.796930302582677e-06,0.0005283842085654113,1.5446309562386385e-06,0.00022096026380031539,0.010442227995274726,0.00035380860570885373,0.015984974964272536,5.9766937110286536e-05,2.95957113513077e-05,1.8342893327886845e-06,2.796930302582677e-06,0.00022096026380031539,1.5446309562386385e-06,0.0005283842085654113,0.00035380860570885373,5.9766937110286536e-05
